jurisdictionId,state,printedPathwayIn,drawnPathwayIn,classification
"al-jefferson-birmingham","AL","36","36","SAME_VALUE_DIFFERENT_SOURCE"
"al-mobile-mobile","AL","36","36","SAME_VALUE_DIFFERENT_SOURCE"
"al-madison-huntsville","AL","36","36","SAME_VALUE_DIFFERENT_SOURCE"
"az-maricopa-phoenix","AZ","36","18","DIFFERENT_VALUE_DIFFERENT_SOURCE"
"az-maricopa-scottsdale","AZ","36","18","DIFFERENT_VALUE_DIFFERENT_SOURCE"
"az-maricopa-mesa","AZ","36","18","DIFFERENT_VALUE_DIFFERENT_SOURCE"
"az-maricopa-chandler","AZ","36","18","DIFFERENT_VALUE_DIFFERENT_SOURCE"
"az-maricopa-tempe","AZ","36","18","DIFFERENT_VALUE_DIFFERENT_SOURCE"
"az-pima-tucson","AZ","36","18","DIFFERENT_VALUE_DIFFERENT_SOURCE"
"az-pima-county","AZ","36","18","DIFFERENT_VALUE_DIFFERENT_SOURCE"
"ca-los-angeles-la","CA","36","36","SAME_VALUE_DIFFERENT_SOURCE"
"ca-los-angeles-long-beach","CA","36","36","SAME_VALUE_DIFFERENT_SOURCE"
"ca-los-angeles-county","CA","36","36","SAME_VALUE_DIFFERENT_SOURCE"
"ca-san-diego-san-diego","CA","36","36","SAME_VALUE_DIFFERENT_SOURCE"
"ca-san-diego-county","CA","36","36","SAME_VALUE_DIFFERENT_SOURCE"
"ca-orange-anaheim","CA","36","36","SAME_VALUE_DIFFERENT_SOURCE"
"ca-orange-irvine","CA","36","36","SAME_VALUE_DIFFERENT_SOURCE"
"ca-riverside-riverside","CA","36","36","SAME_VALUE_DIFFERENT_SOURCE"
"ca-sacramento-sacramento","CA","36","36","SAME_VALUE_DIFFERENT_SOURCE"
"ca-santa-clara-san-jose","CA","36","36","SAME_VALUE_DIFFERENT_SOURCE"
"ca-alameda-oakland","CA","36","36","SAME_VALUE_DIFFERENT_SOURCE"
"ca-fresno-fresno","CA","36","36","SAME_VALUE_DIFFERENT_SOURCE"
"co-denver-denver","CO","36","36","SAME_VALUE_DIFFERENT_SOURCE"
"co-jefferson-lakewood","CO","36","36","SAME_VALUE_DIFFERENT_SOURCE"
"co-boulder-boulder","CO","36","36","SAME_VALUE_DIFFERENT_SOURCE"
"fl-miami-dade-miami","FL","36","36","SAME_VALUE_DIFFERENT_SOURCE"
"fl-broward-fort-lauderdale","FL","36","36","SAME_VALUE_DIFFERENT_SOURCE"
"fl-palm-beach-west-palm-beach","FL","36","36","SAME_VALUE_DIFFERENT_SOURCE"
"fl-hillsborough-tampa","FL","36","36","SAME_VALUE_DIFFERENT_SOURCE"
"fl-orange-orlando","FL","36","36","SAME_VALUE_DIFFERENT_SOURCE"
"fl-duval-jacksonville","FL","36","36","SAME_VALUE_DIFFERENT_SOURCE"
"ga-fulton-atlanta","GA","36","36","SAME_VALUE_DIFFERENT_SOURCE"
"ga-gwinnett-county","GA","36","36","SAME_VALUE_DIFFERENT_SOURCE"
"il-cook-chicago","IL","36","36","SAME_VALUE_DIFFERENT_SOURCE"
"il-cook-county","IL","36","36","SAME_VALUE_DIFFERENT_SOURCE"
"il-madison-granite-city","IL","36","36","SAME_VALUE_DIFFERENT_SOURCE"
"il-madison-county","IL","36","36","SAME_VALUE_DIFFERENT_SOURCE"
"il-madison-edwardsville","IL","36","36","SAME_VALUE_DIFFERENT_SOURCE"
"il-st-clair-belleville","IL","36","36","SAME_VALUE_DIFFERENT_SOURCE"
"il-sangamon-springfield","IL","36","36","SAME_VALUE_DIFFERENT_SOURCE"
"il-winnebago-rockford","IL","36","36","SAME_VALUE_DIFFERENT_SOURCE"
"il-kane-aurora","IL","36","36","SAME_VALUE_DIFFERENT_SOURCE"
"il-dupage-naperville","IL","36","36","SAME_VALUE_DIFFERENT_SOURCE"
"il-state","IL","36","36","SAME_VALUE_DIFFERENT_SOURCE"
"nv-clark-las-vegas","NV","36","18","DIFFERENT_VALUE_DIFFERENT_SOURCE"
"nv-clark-henderson","NV","36","18","DIFFERENT_VALUE_DIFFERENT_SOURCE"
"nv-clark-north-las-vegas","NV","36","18","DIFFERENT_VALUE_DIFFERENT_SOURCE"
"nv-washoe-reno","NV","36","18","DIFFERENT_VALUE_DIFFERENT_SOURCE"
"nj-bergen-county","NJ","36","36","SAME_VALUE_DIFFERENT_SOURCE"
"nj-essex-newark","NJ","36","36","SAME_VALUE_DIFFERENT_SOURCE"
"nj-middlesex-county","NJ","36","36","SAME_VALUE_DIFFERENT_SOURCE"
"ny-new-york-nyc","NY","36","36","SAME_VALUE_DIFFERENT_SOURCE"
"ny-suffolk-county","NY","36","36","SAME_VALUE_DIFFERENT_SOURCE"
"ny-westchester-county","NY","36","36","SAME_VALUE_DIFFERENT_SOURCE"
"nc-mecklenburg-charlotte","NC","36","36","SAME_VALUE_DIFFERENT_SOURCE"
"nc-wake-raleigh","NC","36","36","SAME_VALUE_DIFFERENT_SOURCE"
"tx-harris-houston","TX","36","18","DIFFERENT_VALUE_DIFFERENT_SOURCE"
"tx-dallas-dallas","TX","36","18","DIFFERENT_VALUE_DIFFERENT_SOURCE"
"tx-travis-austin","TX","36","18","DIFFERENT_VALUE_DIFFERENT_SOURCE"
"tx-bexar-san-antonio","TX","36","18","DIFFERENT_VALUE_DIFFERENT_SOURCE"
"tx-tarrant-fort-worth","TX","36","18","DIFFERENT_VALUE_DIFFERENT_SOURCE"
"tx-collin-plano","TX","36","18","DIFFERENT_VALUE_DIFFERENT_SOURCE"
"va-fairfax-county","VA","36","36","SAME_VALUE_DIFFERENT_SOURCE"
"va-arlington-county","VA","36","36","SAME_VALUE_DIFFERENT_SOURCE"
"va-richmond-richmond","VA","36","36","SAME_VALUE_DIFFERENT_SOURCE"
"wa-king-seattle","WA","36","36","SAME_VALUE_DIFFERENT_SOURCE"
"wa-king-county","WA","36","36","SAME_VALUE_DIFFERENT_SOURCE"
"wa-pierce-tacoma","WA","36","36","SAME_VALUE_DIFFERENT_SOURCE"
"ma-suffolk-boston","MA","36","36","SAME_VALUE_DIFFERENT_SOURCE"
"ma-middlesex-cambridge","MA","36","36","SAME_VALUE_DIFFERENT_SOURCE"
"md-prince-georges-county","MD","36","36","SAME_VALUE_DIFFERENT_SOURCE"
"md-baltimore-baltimore","MD","36","36","SAME_VALUE_DIFFERENT_SOURCE"
"mn-ramsey-saint-paul","MN","36","36","SAME_VALUE_DIFFERENT_SOURCE"
"or-multnomah-portland","OR","36","36","SAME_VALUE_DIFFERENT_SOURCE"
"or-washington-hillsboro","OR","36","36","SAME_VALUE_DIFFERENT_SOURCE"
"sc-charleston-charleston","SC","36","36","SAME_VALUE_DIFFERENT_SOURCE"
"sc-richland-columbia","SC","36","36","SAME_VALUE_DIFFERENT_SOURCE"
"ut-salt-lake-salt-lake-city","UT","36","18","DIFFERENT_VALUE_DIFFERENT_SOURCE"
"ut-utah-provo","UT","36","18","DIFFERENT_VALUE_DIFFERENT_SOURCE"
"hi-honolulu-honolulu","HI","36","36","SAME_VALUE_DIFFERENT_SOURCE"
"hi-maui-kahului","HI","36","36","SAME_VALUE_DIFFERENT_SOURCE"
"hi-hawaii-hilo","HI","36","36","SAME_VALUE_DIFFERENT_SOURCE"
"id-ada-boise","ID","36","36","SAME_VALUE_DIFFERENT_SOURCE"
"id-bonneville-idaho-falls","ID","36","36","SAME_VALUE_DIFFERENT_SOURCE"
"id-canyon-nampa","ID","36","36","SAME_VALUE_DIFFERENT_SOURCE"
"nm-bernalillo-albuquerque","NM","36","18","DIFFERENT_VALUE_DIFFERENT_SOURCE"
"nm-santa-fe-santa-fe","NM","36","18","DIFFERENT_VALUE_DIFFERENT_SOURCE"
"nm-dona-ana-las-cruces","NM","36","18","DIFFERENT_VALUE_DIFFERENT_SOURCE"
"la-orleans-new-orleans","LA","36","36","SAME_VALUE_DIFFERENT_SOURCE"
"la-east-baton-rouge-baton-rouge","LA","36","36","SAME_VALUE_DIFFERENT_SOURCE"
"ky-jefferson-louisville","KY","36","36","SAME_VALUE_DIFFERENT_SOURCE"
"wi-milwaukee-milwaukee","WI","36","36","SAME_VALUE_DIFFERENT_SOURCE"
"wi-dane-madison","WI","36","36","SAME_VALUE_DIFFERENT_SOURCE"
"mo-st-louis-st-louis","MO","36","36","SAME_VALUE_DIFFERENT_SOURCE"
"ks-sedgwick-wichita","KS","36","36","SAME_VALUE_DIFFERENT_SOURCE"
"ok-oklahoma-oklahoma-city","OK","36","36","SAME_VALUE_DIFFERENT_SOURCE"
"ok-tulsa-tulsa","OK","36","36","SAME_VALUE_DIFFERENT_SOURCE"
"ar-pulaski-little-rock","AR","36","36","SAME_VALUE_DIFFERENT_SOURCE"
"ms-hinds-jackson","MS","36","36","SAME_VALUE_DIFFERENT_SOURCE"
"ia-polk-des-moines","IA","36","36","SAME_VALUE_DIFFERENT_SOURCE"
"ne-douglas-omaha","NE","36","36","SAME_VALUE_DIFFERENT_SOURCE"
"sd-minnehaha-sioux-falls","SD","36","36","SAME_VALUE_DIFFERENT_SOURCE"
"nd-cass-fargo","ND","36","36","SAME_VALUE_DIFFERENT_SOURCE"
"mt-yellowstone-billings","MT","36","36","SAME_VALUE_DIFFERENT_SOURCE"
"wy-laramie-cheyenne","WY","36","36","SAME_VALUE_DIFFERENT_SOURCE"
"ak-anchorage-anchorage","AK","36","36","SAME_VALUE_DIFFERENT_SOURCE"
"ri-providence-providence","RI","36","36","SAME_VALUE_DIFFERENT_SOURCE"
"nh-hillsborough-manchester","NH","36","36","SAME_VALUE_DIFFERENT_SOURCE"
"vt-chittenden-burlington","VT","36","36","SAME_VALUE_DIFFERENT_SOURCE"
"me-cumberland-portland","ME","36","36","SAME_VALUE_DIFFERENT_SOURCE"
"de-new-castle-wilmington","DE","36","36","SAME_VALUE_DIFFERENT_SOURCE"
"wv-kanawha-charleston","WV","36","36","SAME_VALUE_DIFFERENT_SOURCE"
"dc-dc-washington","DC","36","36","SAME_VALUE_DIFFERENT_SOURCE"
"ca-san-bernardino-san-bernardino","CA","36","36","SAME_VALUE_DIFFERENT_SOURCE"
"ca-san-bernardino-county","CA","36","36","SAME_VALUE_DIFFERENT_SOURCE"
"ca-riverside-county","CA","36","36","SAME_VALUE_DIFFERENT_SOURCE"
"ca-kern-bakersfield","CA","36","36","SAME_VALUE_DIFFERENT_SOURCE"
"ca-san-joaquin-stockton","CA","36","36","SAME_VALUE_DIFFERENT_SOURCE"
"ca-stanislaus-modesto","CA","36","36","SAME_VALUE_DIFFERENT_SOURCE"
"ca-san-diego-chula-vista","CA","36","36","SAME_VALUE_DIFFERENT_SOURCE"
"ca-contra-costa-county","CA","36","36","SAME_VALUE_DIFFERENT_SOURCE"
"ca-ventura-county","CA","36","36","SAME_VALUE_DIFFERENT_SOURCE"
"tx-collin-mckinney","TX","36","18","DIFFERENT_VALUE_DIFFERENT_SOURCE"
"tx-denton-county","TX","36","18","DIFFERENT_VALUE_DIFFERENT_SOURCE"
"tx-travis-round-rock","TX","36","18","DIFFERENT_VALUE_DIFFERENT_SOURCE"
"tx-el-paso-el-paso","TX","36","18","DIFFERENT_VALUE_DIFFERENT_SOURCE"
"tx-nueces-corpus-christi","TX","36","18","DIFFERENT_VALUE_DIFFERENT_SOURCE"
"fl-pinellas-st-pete","FL","36","36","SAME_VALUE_DIFFERENT_SOURCE"
"fl-pinellas-clearwater","FL","36","36","SAME_VALUE_DIFFERENT_SOURCE"
"fl-miami-dade-county","FL","36","36","SAME_VALUE_DIFFERENT_SOURCE"
"fl-broward-pembroke-pines","FL","36","36","SAME_VALUE_DIFFERENT_SOURCE"
"fl-lee-cape-coral","FL","36","36","SAME_VALUE_DIFFERENT_SOURCE"
"fl-volusia-daytona-beach","FL","36","36","SAME_VALUE_DIFFERENT_SOURCE"
"fl-seminole-county","FL","36","36","SAME_VALUE_DIFFERENT_SOURCE"
"nc-guilford-greensboro","NC","36","36","SAME_VALUE_DIFFERENT_SOURCE"
"nc-forsyth-winston-salem","NC","36","36","SAME_VALUE_DIFFERENT_SOURCE"
"nc-durham-durham","NC","36","36","SAME_VALUE_DIFFERENT_SOURCE"
"nc-buncombe-asheville","NC","36","36","SAME_VALUE_DIFFERENT_SOURCE"
"ga-dekalb-county","GA","36","36","SAME_VALUE_DIFFERENT_SOURCE"
"ga-cobb-county","GA","36","36","SAME_VALUE_DIFFERENT_SOURCE"
"ga-chatham-savannah","GA","36","36","SAME_VALUE_DIFFERENT_SOURCE"
"ga-richmond-augusta","GA","36","36","SAME_VALUE_DIFFERENT_SOURCE"
"sc-greenville-greenville","SC","36","36","SAME_VALUE_DIFFERENT_SOURCE"
"sc-horry-myrtle-beach","SC","36","36","SAME_VALUE_DIFFERENT_SOURCE"
"nj-hudson-jersey-city","NJ","36","36","SAME_VALUE_DIFFERENT_SOURCE"
"nj-monmouth-county","NJ","36","36","SAME_VALUE_DIFFERENT_SOURCE"
"nj-ocean-county","NJ","36","36","SAME_VALUE_DIFFERENT_SOURCE"
"nj-camden-county","NJ","36","36","SAME_VALUE_DIFFERENT_SOURCE"
"ny-erie-buffalo","NY","36","36","SAME_VALUE_DIFFERENT_SOURCE"
"ny-nassau-county","NY","36","36","SAME_VALUE_DIFFERENT_SOURCE"
"ny-albany-albany","NY","36","36","SAME_VALUE_DIFFERENT_SOURCE"
"ny-monroe-rochester","NY","36","36","SAME_VALUE_DIFFERENT_SOURCE"
"mi-wayne-detroit","MI","36","36","SAME_VALUE_DIFFERENT_SOURCE"
"mi-kent-grand-rapids","MI","36","36","SAME_VALUE_DIFFERENT_SOURCE"
"oh-franklin-columbus","OH","36","36","SAME_VALUE_DIFFERENT_SOURCE"
"oh-cuyahoga-cleveland","OH","36","36","SAME_VALUE_DIFFERENT_SOURCE"
"pa-philadelphia-philadelphia","PA","36","36","SAME_VALUE_DIFFERENT_SOURCE"
"pa-allegheny-pittsburgh","PA","36","36","SAME_VALUE_DIFFERENT_SOURCE"
"mn-hennepin-minneapolis","MN","36","36","SAME_VALUE_DIFFERENT_SOURCE"
"va-virginia-beach-city","VA","36","36","SAME_VALUE_DIFFERENT_SOURCE"
"va-chesterfield-county","VA","36","36","SAME_VALUE_DIFFERENT_SOURCE"
"co-el-paso-colorado-springs","CO","36","36","SAME_VALUE_DIFFERENT_SOURCE"
"co-arapahoe-aurora","CO","36","36","SAME_VALUE_DIFFERENT_SOURCE"
"co-jefferson-county","CO","36","36","SAME_VALUE_DIFFERENT_SOURCE"
"md-montgomery-county","MD","36","36","SAME_VALUE_DIFFERENT_SOURCE"
"md-anne-arundel-county","MD","36","36","SAME_VALUE_DIFFERENT_SOURCE"
"ma-worcester-worcester","MA","36","36","SAME_VALUE_DIFFERENT_SOURCE"
"ma-essex-lowell","MA","36","36","SAME_VALUE_DIFFERENT_SOURCE"
"ct-fairfield-bridgeport","CT","36","36","SAME_VALUE_DIFFERENT_SOURCE"
"ct-hartford-hartford","CT","36","36","SAME_VALUE_DIFFERENT_SOURCE"
"tn-davidson-nashville","TN","36","36","SAME_VALUE_DIFFERENT_SOURCE"
"tn-shelby-memphis","TN","36","36","SAME_VALUE_DIFFERENT_SOURCE"
"in-marion-indianapolis","IN","36","36","SAME_VALUE_DIFFERENT_SOURCE"
"mo-jackson-kansas-city","MO","36","36","SAME_VALUE_DIFFERENT_SOURCE"
"ak-aleutians-east-aleutians-east-county","AK","36","36","SAME_VALUE_DIFFERENT_SOURCE"
"ak-aleutians-west-aleutians-west-county","AK","36","36","SAME_VALUE_DIFFERENT_SOURCE"
"ak-anchorage-anchorage-county","AK","36","36","SAME_VALUE_DIFFERENT_SOURCE"
"ak-bethel-bethel-county","AK","36","36","SAME_VALUE_DIFFERENT_SOURCE"
"ak-bristol-bay-bristol-bay-county","AK","36","36","SAME_VALUE_DIFFERENT_SOURCE"
"ak-denali-denali-county","AK","36","36","SAME_VALUE_DIFFERENT_SOURCE"
"ak-dillingham-dillingham-county","AK","36","36","SAME_VALUE_DIFFERENT_SOURCE"
"ak-fairbanks-north-star-fairbanks","AK","36","36","SAME_VALUE_DIFFERENT_SOURCE"
"ak-fairbanks-north-star-fairbanks-north-star-county","AK","36","36","SAME_VALUE_DIFFERENT_SOURCE"
"ak-haines-haines-county","AK","36","36","SAME_VALUE_DIFFERENT_SOURCE"
"ak-hoonah-angoon-hoonah-angoon-county","AK","36","36","SAME_VALUE_DIFFERENT_SOURCE"
"ak-juneau-juneau","AK","36","36","SAME_VALUE_DIFFERENT_SOURCE"
"ak-juneau-juneau-county","AK","36","36","SAME_VALUE_DIFFERENT_SOURCE"
"ak-kenai-peninsula-kenai-peninsula-county","AK","36","36","SAME_VALUE_DIFFERENT_SOURCE"
"ak-ketchikan-gateway-ketchikan","AK","36","36","SAME_VALUE_DIFFERENT_SOURCE"
"ak-ketchikan-gateway-ketchikan-gateway-county","AK","36","36","SAME_VALUE_DIFFERENT_SOURCE"
"ak-kodiak-island-kodiak-island-county","AK","36","36","SAME_VALUE_DIFFERENT_SOURCE"
"ak-lake-and-peninsula-lake-and-peninsula-county","AK","36","36","SAME_VALUE_DIFFERENT_SOURCE"
"ak-matanuska-susitna-matanuska-susitna-county","AK","36","36","SAME_VALUE_DIFFERENT_SOURCE"
"ak-matanuska-susitna-wasilla","AK","36","36","SAME_VALUE_DIFFERENT_SOURCE"
"ak-nome-nome-county","AK","36","36","SAME_VALUE_DIFFERENT_SOURCE"
"ak-north-slope-north-slope-county","AK","36","36","SAME_VALUE_DIFFERENT_SOURCE"
"ak-northwest-arctic-northwest-arctic-county","AK","36","36","SAME_VALUE_DIFFERENT_SOURCE"
"ak-petersburg-petersburg-county","AK","36","36","SAME_VALUE_DIFFERENT_SOURCE"
"ak-prince-of-wales-hyder-prince-of-wales-hyder-county","AK","36","36","SAME_VALUE_DIFFERENT_SOURCE"
"ak-sitka-sitka","AK","36","36","SAME_VALUE_DIFFERENT_SOURCE"
"ak-sitka-sitka-county","AK","36","36","SAME_VALUE_DIFFERENT_SOURCE"
"ak-skagway-skagway-county","AK","36","36","SAME_VALUE_DIFFERENT_SOURCE"
"ak-southeast-fairbanks-southeast-fairbanks-county","AK","36","36","SAME_VALUE_DIFFERENT_SOURCE"
"ak-valdez-cordova-valdez-cordova-county","AK","36","36","SAME_VALUE_DIFFERENT_SOURCE"
"ak-wrangell-wrangell-county","AK","36","36","SAME_VALUE_DIFFERENT_SOURCE"
"ak-yakutat-yakutat-county","AK","36","36","SAME_VALUE_DIFFERENT_SOURCE"
"ak-yukon-koyukuk-yukon-koyukuk-county","AK","36","36","SAME_VALUE_DIFFERENT_SOURCE"
"al-autauga-prattville","AL","36","36","SAME_VALUE_DIFFERENT_SOURCE"
"al-autauga-autauga-county","AL","36","36","SAME_VALUE_DIFFERENT_SOURCE"
"al-baldwin-baldwin-county","AL","36","36","SAME_VALUE_DIFFERENT_SOURCE"
"al-barbour-barbour-county","AL","36","36","SAME_VALUE_DIFFERENT_SOURCE"
"al-bibb-bibb-county","AL","36","36","SAME_VALUE_DIFFERENT_SOURCE"
"al-blount-blount-county","AL","36","36","SAME_VALUE_DIFFERENT_SOURCE"
"al-bullock-bullock-county","AL","36","36","SAME_VALUE_DIFFERENT_SOURCE"
"al-butler-butler-county","AL","36","36","SAME_VALUE_DIFFERENT_SOURCE"
"al-calhoun-calhoun-county","AL","36","36","SAME_VALUE_DIFFERENT_SOURCE"
"al-chambers-chambers-county","AL","36","36","SAME_VALUE_DIFFERENT_SOURCE"
"al-cherokee-cherokee-county","AL","36","36","SAME_VALUE_DIFFERENT_SOURCE"
"al-chilton-chilton-county","AL","36","36","SAME_VALUE_DIFFERENT_SOURCE"
"al-choctaw-choctaw-county","AL","36","36","SAME_VALUE_DIFFERENT_SOURCE"
"al-clarke-clarke-county","AL","36","36","SAME_VALUE_DIFFERENT_SOURCE"
"al-clay-clay-county","AL","36","36","SAME_VALUE_DIFFERENT_SOURCE"
"al-cleburne-cleburne-county","AL","36","36","SAME_VALUE_DIFFERENT_SOURCE"
"al-coffee-coffee-county","AL","36","36","SAME_VALUE_DIFFERENT_SOURCE"
"al-colbert-colbert-county","AL","36","36","SAME_VALUE_DIFFERENT_SOURCE"
"al-conecuh-conecuh-county","AL","36","36","SAME_VALUE_DIFFERENT_SOURCE"
"al-coosa-coosa-county","AL","36","36","SAME_VALUE_DIFFERENT_SOURCE"
"al-covington-covington-county","AL","36","36","SAME_VALUE_DIFFERENT_SOURCE"
"al-crenshaw-crenshaw-county","AL","36","36","SAME_VALUE_DIFFERENT_SOURCE"
"al-cullman-cullman-county","AL","36","36","SAME_VALUE_DIFFERENT_SOURCE"
"al-dale-dale-county","AL","36","36","SAME_VALUE_DIFFERENT_SOURCE"
"al-dallas-dallas-county","AL","36","36","SAME_VALUE_DIFFERENT_SOURCE"
"al-dekalb-dekalb-county","AL","36","36","SAME_VALUE_DIFFERENT_SOURCE"
"al-elmore-elmore-county","AL","36","36","SAME_VALUE_DIFFERENT_SOURCE"
"al-escambia-escambia-county","AL","36","36","SAME_VALUE_DIFFERENT_SOURCE"
"al-etowah-gadsden","AL","36","36","SAME_VALUE_DIFFERENT_SOURCE"
"al-etowah-etowah-county","AL","36","36","SAME_VALUE_DIFFERENT_SOURCE"
"al-fayette-fayette-county","AL","36","36","SAME_VALUE_DIFFERENT_SOURCE"
"al-franklin-franklin-county","AL","36","36","SAME_VALUE_DIFFERENT_SOURCE"
"al-geneva-geneva-county","AL","36","36","SAME_VALUE_DIFFERENT_SOURCE"
"al-greene-greene-county","AL","36","36","SAME_VALUE_DIFFERENT_SOURCE"
"al-hale-hale-county","AL","36","36","SAME_VALUE_DIFFERENT_SOURCE"
"al-henry-henry-county","AL","36","36","SAME_VALUE_DIFFERENT_SOURCE"
"al-houston-dothan","AL","36","36","SAME_VALUE_DIFFERENT_SOURCE"
"al-houston-houston-county","AL","36","36","SAME_VALUE_DIFFERENT_SOURCE"
"al-jackson-jackson-county","AL","36","36","SAME_VALUE_DIFFERENT_SOURCE"
"al-jefferson-hoover","AL","36","36","SAME_VALUE_DIFFERENT_SOURCE"
"al-jefferson-jefferson-county","AL","36","36","SAME_VALUE_DIFFERENT_SOURCE"
"al-jefferson-vestavia-hills","AL","36","36","SAME_VALUE_DIFFERENT_SOURCE"
"al-jeffersonshelby-hoover","AL","36","36","SAME_VALUE_DIFFERENT_SOURCE"
"al-lamar-lamar-county","AL","36","36","SAME_VALUE_DIFFERENT_SOURCE"
"al-lauderdale-florence","AL","36","36","SAME_VALUE_DIFFERENT_SOURCE"
"al-lauderdale-lauderdale-county","AL","36","36","SAME_VALUE_DIFFERENT_SOURCE"
"al-lawrence-lawrence-county","AL","36","36","SAME_VALUE_DIFFERENT_SOURCE"
"al-lee-auburn","AL","36","36","SAME_VALUE_DIFFERENT_SOURCE"
"al-lee-opelika","AL","36","36","SAME_VALUE_DIFFERENT_SOURCE"
"al-lee-lee-county","AL","36","36","SAME_VALUE_DIFFERENT_SOURCE"
"al-limestone-limestone-county","AL","36","36","SAME_VALUE_DIFFERENT_SOURCE"
"al-lowndes-lowndes-county","AL","36","36","SAME_VALUE_DIFFERENT_SOURCE"
"al-macon-macon-county","AL","36","36","SAME_VALUE_DIFFERENT_SOURCE"
"al-madison-madison","AL","36","36","SAME_VALUE_DIFFERENT_SOURCE"
"al-madison-madison-county","AL","36","36","SAME_VALUE_DIFFERENT_SOURCE"
"al-marengo-marengo-county","AL","36","36","SAME_VALUE_DIFFERENT_SOURCE"
"al-marion-marion-county","AL","36","36","SAME_VALUE_DIFFERENT_SOURCE"
"al-marshall-marshall-county","AL","36","36","SAME_VALUE_DIFFERENT_SOURCE"
"al-mobile-mobile-county","AL","36","36","SAME_VALUE_DIFFERENT_SOURCE"
"al-monroe-monroe-county","AL","36","36","SAME_VALUE_DIFFERENT_SOURCE"
"al-montgomery-montgomery","AL","36","36","SAME_VALUE_DIFFERENT_SOURCE"
"al-montgomery-montgomery-county","AL","36","36","SAME_VALUE_DIFFERENT_SOURCE"
"al-morgan-decatur","AL","36","36","SAME_VALUE_DIFFERENT_SOURCE"
"al-morgan-morgan-county","AL","36","36","SAME_VALUE_DIFFERENT_SOURCE"
"al-perry-perry-county","AL","36","36","SAME_VALUE_DIFFERENT_SOURCE"
"al-pickens-pickens-county","AL","36","36","SAME_VALUE_DIFFERENT_SOURCE"
"al-pike-pike-county","AL","36","36","SAME_VALUE_DIFFERENT_SOURCE"
"al-randolph-randolph-county","AL","36","36","SAME_VALUE_DIFFERENT_SOURCE"
"al-russell-phenix-city","AL","36","36","SAME_VALUE_DIFFERENT_SOURCE"
"al-russell-russell-county","AL","36","36","SAME_VALUE_DIFFERENT_SOURCE"
"al-shelby-alabaster","AL","36","36","SAME_VALUE_DIFFERENT_SOURCE"
"al-shelby-shelby-county","AL","36","36","SAME_VALUE_DIFFERENT_SOURCE"
"al-st-clair-st-clair-county","AL","36","36","SAME_VALUE_DIFFERENT_SOURCE"
"al-sumter-sumter-county","AL","36","36","SAME_VALUE_DIFFERENT_SOURCE"
"al-talladega-talladega-county","AL","36","36","SAME_VALUE_DIFFERENT_SOURCE"
"al-tallapoosa-tallapoosa-county","AL","36","36","SAME_VALUE_DIFFERENT_SOURCE"
"al-tuscaloosa-tuscaloosa","AL","36","36","SAME_VALUE_DIFFERENT_SOURCE"
"al-tuscaloosa-tuscaloosa-county","AL","36","36","SAME_VALUE_DIFFERENT_SOURCE"
"al-walker-walker-county","AL","36","36","SAME_VALUE_DIFFERENT_SOURCE"
"al-washington-washington-county","AL","36","36","SAME_VALUE_DIFFERENT_SOURCE"
"al-wilcox-wilcox-county","AL","36","36","SAME_VALUE_DIFFERENT_SOURCE"
"al-winston-winston-county","AL","36","36","SAME_VALUE_DIFFERENT_SOURCE"
"ar-arkansas-arkansas-county","AR","36","36","SAME_VALUE_DIFFERENT_SOURCE"
"ar-ashley-ashley-county","AR","36","36","SAME_VALUE_DIFFERENT_SOURCE"
"ar-baxter-baxter-county","AR","36","36","SAME_VALUE_DIFFERENT_SOURCE"
"ar-benton-bentonville","AR","36","36","SAME_VALUE_DIFFERENT_SOURCE"
"ar-benton-rogers","AR","36","36","SAME_VALUE_DIFFERENT_SOURCE"
"ar-benton-benton-county","AR","36","36","SAME_VALUE_DIFFERENT_SOURCE"
"ar-boone-boone-county","AR","36","36","SAME_VALUE_DIFFERENT_SOURCE"
"ar-bradley-bradley-county","AR","36","36","SAME_VALUE_DIFFERENT_SOURCE"
"ar-calhoun-calhoun-county","AR","36","36","SAME_VALUE_DIFFERENT_SOURCE"
"ar-carroll-carroll-county","AR","36","36","SAME_VALUE_DIFFERENT_SOURCE"
"ar-chicot-chicot-county","AR","36","36","SAME_VALUE_DIFFERENT_SOURCE"
"ar-clark-clark-county","AR","36","36","SAME_VALUE_DIFFERENT_SOURCE"
"ar-clay-clay-county","AR","36","36","SAME_VALUE_DIFFERENT_SOURCE"
"ar-cleburne-cleburne-county","AR","36","36","SAME_VALUE_DIFFERENT_SOURCE"
"ar-cleveland-cleveland-county","AR","36","36","SAME_VALUE_DIFFERENT_SOURCE"
"ar-columbia-columbia-county","AR","36","36","SAME_VALUE_DIFFERENT_SOURCE"
"ar-conway-conway-county","AR","36","36","SAME_VALUE_DIFFERENT_SOURCE"
"ar-craighead-jonesboro","AR","36","36","SAME_VALUE_DIFFERENT_SOURCE"
"ar-craighead-craighead-county","AR","36","36","SAME_VALUE_DIFFERENT_SOURCE"
"ar-crawford-crawford-county","AR","36","36","SAME_VALUE_DIFFERENT_SOURCE"
"ar-crittenden-crittenden-county","AR","36","36","SAME_VALUE_DIFFERENT_SOURCE"
"ar-cross-cross-county","AR","36","36","SAME_VALUE_DIFFERENT_SOURCE"
"ar-dallas-dallas-county","AR","36","36","SAME_VALUE_DIFFERENT_SOURCE"
"ar-desha-desha-county","AR","36","36","SAME_VALUE_DIFFERENT_SOURCE"
"ar-drew-drew-county","AR","36","36","SAME_VALUE_DIFFERENT_SOURCE"
"ar-faulkner-conway","AR","36","36","SAME_VALUE_DIFFERENT_SOURCE"
"ar-faulkner-faulkner-county","AR","36","36","SAME_VALUE_DIFFERENT_SOURCE"
"ar-franklin-franklin-county","AR","36","36","SAME_VALUE_DIFFERENT_SOURCE"
"ar-fulton-fulton-county","AR","36","36","SAME_VALUE_DIFFERENT_SOURCE"
"ar-garland-hot-springs","AR","36","36","SAME_VALUE_DIFFERENT_SOURCE"
"ar-garland-garland-county","AR","36","36","SAME_VALUE_DIFFERENT_SOURCE"
"ar-grant-grant-county","AR","36","36","SAME_VALUE_DIFFERENT_SOURCE"
"ar-greene-greene-county","AR","36","36","SAME_VALUE_DIFFERENT_SOURCE"
"ar-hempstead-hempstead-county","AR","36","36","SAME_VALUE_DIFFERENT_SOURCE"
"ar-hot-spring-hot-spring-county","AR","36","36","SAME_VALUE_DIFFERENT_SOURCE"
"ar-howard-howard-county","AR","36","36","SAME_VALUE_DIFFERENT_SOURCE"
"ar-independence-independence-county","AR","36","36","SAME_VALUE_DIFFERENT_SOURCE"
"ar-izard-izard-county","AR","36","36","SAME_VALUE_DIFFERENT_SOURCE"
"ar-jackson-jackson-county","AR","36","36","SAME_VALUE_DIFFERENT_SOURCE"
"ar-jefferson-pine-bluff","AR","36","36","SAME_VALUE_DIFFERENT_SOURCE"
"ar-jefferson-jefferson-county","AR","36","36","SAME_VALUE_DIFFERENT_SOURCE"
"ar-johnson-johnson-county","AR","36","36","SAME_VALUE_DIFFERENT_SOURCE"
"ar-lafayette-lafayette-county","AR","36","36","SAME_VALUE_DIFFERENT_SOURCE"
"ar-lawrence-lawrence-county","AR","36","36","SAME_VALUE_DIFFERENT_SOURCE"
"ar-lee-lee-county","AR","36","36","SAME_VALUE_DIFFERENT_SOURCE"
"ar-lincoln-lincoln-county","AR","36","36","SAME_VALUE_DIFFERENT_SOURCE"
"ar-little-river-little-river-county","AR","36","36","SAME_VALUE_DIFFERENT_SOURCE"
"ar-logan-logan-county","AR","36","36","SAME_VALUE_DIFFERENT_SOURCE"
"ar-lonoke-lonoke-county","AR","36","36","SAME_VALUE_DIFFERENT_SOURCE"
"ar-madison-madison-county","AR","36","36","SAME_VALUE_DIFFERENT_SOURCE"
"ar-marion-marion-county","AR","36","36","SAME_VALUE_DIFFERENT_SOURCE"
"ar-miller-texarkana","AR","36","36","SAME_VALUE_DIFFERENT_SOURCE"
"ar-miller-miller-county","AR","36","36","SAME_VALUE_DIFFERENT_SOURCE"
"ar-mississippi-mississippi-county","AR","36","36","SAME_VALUE_DIFFERENT_SOURCE"
"ar-monroe-monroe-county","AR","36","36","SAME_VALUE_DIFFERENT_SOURCE"
"ar-montgomery-montgomery-county","AR","36","36","SAME_VALUE_DIFFERENT_SOURCE"
"ar-nevada-nevada-county","AR","36","36","SAME_VALUE_DIFFERENT_SOURCE"
"ar-newton-newton-county","AR","36","36","SAME_VALUE_DIFFERENT_SOURCE"
"ar-ouachita-ouachita-county","AR","36","36","SAME_VALUE_DIFFERENT_SOURCE"
"ar-perry-perry-county","AR","36","36","SAME_VALUE_DIFFERENT_SOURCE"
"ar-phillips-phillips-county","AR","36","36","SAME_VALUE_DIFFERENT_SOURCE"
"ar-pike-pike-county","AR","36","36","SAME_VALUE_DIFFERENT_SOURCE"
"ar-poinsett-poinsett-county","AR","36","36","SAME_VALUE_DIFFERENT_SOURCE"
"ar-polk-polk-county","AR","36","36","SAME_VALUE_DIFFERENT_SOURCE"
"ar-pope-pope-county","AR","36","36","SAME_VALUE_DIFFERENT_SOURCE"
"ar-prairie-prairie-county","AR","36","36","SAME_VALUE_DIFFERENT_SOURCE"
"ar-pulaski-north-little-rock","AR","36","36","SAME_VALUE_DIFFERENT_SOURCE"
"ar-pulaski-pulaski-county","AR","36","36","SAME_VALUE_DIFFERENT_SOURCE"
"ar-randolph-randolph-county","AR","36","36","SAME_VALUE_DIFFERENT_SOURCE"
"ar-saline-saline-county","AR","36","36","SAME_VALUE_DIFFERENT_SOURCE"
"ar-scott-scott-county","AR","36","36","SAME_VALUE_DIFFERENT_SOURCE"
"ar-searcy-searcy-county","AR","36","36","SAME_VALUE_DIFFERENT_SOURCE"
"ar-sebastian-fort-smith","AR","36","36","SAME_VALUE_DIFFERENT_SOURCE"
"ar-sebastian-sebastian-county","AR","36","36","SAME_VALUE_DIFFERENT_SOURCE"
"ar-sevier-sevier-county","AR","36","36","SAME_VALUE_DIFFERENT_SOURCE"
"ar-sharp-sharp-county","AR","36","36","SAME_VALUE_DIFFERENT_SOURCE"
"ar-st-francis-st-francis-county","AR","36","36","SAME_VALUE_DIFFERENT_SOURCE"
"ar-stone-stone-county","AR","36","36","SAME_VALUE_DIFFERENT_SOURCE"
"ar-union-union-county","AR","36","36","SAME_VALUE_DIFFERENT_SOURCE"
"ar-van-buren-van-buren-county","AR","36","36","SAME_VALUE_DIFFERENT_SOURCE"
"ar-washington-fayetteville","AR","36","36","SAME_VALUE_DIFFERENT_SOURCE"
"ar-washington-springdale","AR","36","36","SAME_VALUE_DIFFERENT_SOURCE"
"ar-washington-washington-county","AR","36","36","SAME_VALUE_DIFFERENT_SOURCE"
"ar-white-white-county","AR","36","36","SAME_VALUE_DIFFERENT_SOURCE"
"ar-woodruff-woodruff-county","AR","36","36","SAME_VALUE_DIFFERENT_SOURCE"
"ar-yell-yell-county","AR","36","36","SAME_VALUE_DIFFERENT_SOURCE"
"as-eastern-eastern-county","AS","36","36","SAME_VALUE_DIFFERENT_SOURCE"
"as-manua-manua-county","AS","36","36","SAME_VALUE_DIFFERENT_SOURCE"
"as-rose-island-rose-island-county","AS","36","36","SAME_VALUE_DIFFERENT_SOURCE"
"as-swains-island-swains-island-county","AS","36","36","SAME_VALUE_DIFFERENT_SOURCE"
"as-western-western-county","AS","36","36","SAME_VALUE_DIFFERENT_SOURCE"
"az-apache-apache-county","AZ","36","18","DIFFERENT_VALUE_DIFFERENT_SOURCE"
"az-cochise-sierra-vista","AZ","36","18","DIFFERENT_VALUE_DIFFERENT_SOURCE"
"az-cochise-cochise-county","AZ","36","18","DIFFERENT_VALUE_DIFFERENT_SOURCE"
"az-coconino-flagstaff","AZ","36","18","DIFFERENT_VALUE_DIFFERENT_SOURCE"
"az-coconino-sedona","AZ","36","18","DIFFERENT_VALUE_DIFFERENT_SOURCE"
"az-coconino-coconino-county","AZ","36","18","DIFFERENT_VALUE_DIFFERENT_SOURCE"
"az-gila-payson","AZ","36","18","DIFFERENT_VALUE_DIFFERENT_SOURCE"
"az-gila-gila-county","AZ","36","18","DIFFERENT_VALUE_DIFFERENT_SOURCE"
"az-graham-graham-county","AZ","36","18","DIFFERENT_VALUE_DIFFERENT_SOURCE"
"az-greenlee-greenlee-county","AZ","36","18","DIFFERENT_VALUE_DIFFERENT_SOURCE"
"az-la-paz-la-paz-county","AZ","36","18","DIFFERENT_VALUE_DIFFERENT_SOURCE"
"az-maricopa-gilbert","AZ","36","18","DIFFERENT_VALUE_DIFFERENT_SOURCE"
"az-maricopa-glendale","AZ","36","18","DIFFERENT_VALUE_DIFFERENT_SOURCE"
"az-maricopa-goodyear","AZ","36","18","DIFFERENT_VALUE_DIFFERENT_SOURCE"
"az-maricopa-peoria","AZ","36","18","DIFFERENT_VALUE_DIFFERENT_SOURCE"
"az-maricopa-queen-creek","AZ","36","18","DIFFERENT_VALUE_DIFFERENT_SOURCE"
"az-maricopa-surprise","AZ","36","18","DIFFERENT_VALUE_DIFFERENT_SOURCE"
"az-maricopa-maricopa-county","AZ","36","18","DIFFERENT_VALUE_DIFFERENT_SOURCE"
"az-mohave-bullhead-city","AZ","36","18","DIFFERENT_VALUE_DIFFERENT_SOURCE"
"az-mohave-kingman","AZ","36","18","DIFFERENT_VALUE_DIFFERENT_SOURCE"
"az-mohave-lake-havasu-city","AZ","36","18","DIFFERENT_VALUE_DIFFERENT_SOURCE"
"az-mohave-mohave-county","AZ","36","18","DIFFERENT_VALUE_DIFFERENT_SOURCE"
"az-navajo-show-low","AZ","36","18","DIFFERENT_VALUE_DIFFERENT_SOURCE"
"az-navajo-navajo-county","AZ","36","18","DIFFERENT_VALUE_DIFFERENT_SOURCE"
"az-pinal-apache-junction","AZ","36","18","DIFFERENT_VALUE_DIFFERENT_SOURCE"
"az-pinal-casa-grande","AZ","36","18","DIFFERENT_VALUE_DIFFERENT_SOURCE"
"az-pinal-maricopa","AZ","36","18","DIFFERENT_VALUE_DIFFERENT_SOURCE"
"az-pinal-pinal-county","AZ","36","18","DIFFERENT_VALUE_DIFFERENT_SOURCE"
"az-santa-cruz-nogales","AZ","36","18","DIFFERENT_VALUE_DIFFERENT_SOURCE"
"az-santa-cruz-santa-cruz-county","AZ","36","18","DIFFERENT_VALUE_DIFFERENT_SOURCE"
"az-yavapai-prescott","AZ","36","18","DIFFERENT_VALUE_DIFFERENT_SOURCE"
"az-yavapai-prescott-valley","AZ","36","18","DIFFERENT_VALUE_DIFFERENT_SOURCE"
"az-yavapai-yavapai-county","AZ","36","18","DIFFERENT_VALUE_DIFFERENT_SOURCE"
"az-yuma-yuma-county","AZ","36","18","DIFFERENT_VALUE_DIFFERENT_SOURCE"
"az-yuma-yuma","AZ","36","18","DIFFERENT_VALUE_DIFFERENT_SOURCE"
"ca-alameda-berkeley","CA","36","36","SAME_VALUE_DIFFERENT_SOURCE"
"ca-alameda-fremont","CA","36","36","SAME_VALUE_DIFFERENT_SOURCE"
"ca-alameda-hayward","CA","36","36","SAME_VALUE_DIFFERENT_SOURCE"
"ca-alameda-alameda-county","CA","36","36","SAME_VALUE_DIFFERENT_SOURCE"
"ca-alpine-alpine-county","CA","36","36","SAME_VALUE_DIFFERENT_SOURCE"
"ca-amador-amador-county","CA","36","36","SAME_VALUE_DIFFERENT_SOURCE"
"ca-butte-butte-county","CA","36","36","SAME_VALUE_DIFFERENT_SOURCE"
"ca-calaveras-calaveras-county","CA","36","36","SAME_VALUE_DIFFERENT_SOURCE"
"ca-colusa-colusa-county","CA","36","36","SAME_VALUE_DIFFERENT_SOURCE"
"ca-contra-costa-antioch","CA","36","36","SAME_VALUE_DIFFERENT_SOURCE"
"ca-contra-costa-concord","CA","36","36","SAME_VALUE_DIFFERENT_SOURCE"
"ca-contra-costa-richmond","CA","36","36","SAME_VALUE_DIFFERENT_SOURCE"
"ca-del-norte-del-norte-county","CA","36","36","SAME_VALUE_DIFFERENT_SOURCE"
"ca-el-dorado-el-dorado-county","CA","36","36","SAME_VALUE_DIFFERENT_SOURCE"
"ca-fresno-clovis","CA","36","36","SAME_VALUE_DIFFERENT_SOURCE"
"ca-fresno-fresno-county","CA","36","36","SAME_VALUE_DIFFERENT_SOURCE"
"ca-glenn-glenn-county","CA","36","36","SAME_VALUE_DIFFERENT_SOURCE"
"ca-humboldt-humboldt-county","CA","36","36","SAME_VALUE_DIFFERENT_SOURCE"
"ca-imperial-imperial-county","CA","36","36","SAME_VALUE_DIFFERENT_SOURCE"
"ca-inyo-inyo-county","CA","36","36","SAME_VALUE_DIFFERENT_SOURCE"
"ca-kern-kern-county","CA","36","36","SAME_VALUE_DIFFERENT_SOURCE"
"ca-kings-kings-county","CA","36","36","SAME_VALUE_DIFFERENT_SOURCE"
"ca-lake-lake-county","CA","36","36","SAME_VALUE_DIFFERENT_SOURCE"
"ca-lassen-lassen-county","CA","36","36","SAME_VALUE_DIFFERENT_SOURCE"
"ca-los-angeles-glendale","CA","36","36","SAME_VALUE_DIFFERENT_SOURCE"
"ca-los-angeles-lancaster","CA","36","36","SAME_VALUE_DIFFERENT_SOURCE"
"ca-los-angeles-palmdale","CA","36","36","SAME_VALUE_DIFFERENT_SOURCE"
"ca-los-angeles-pasadena","CA","36","36","SAME_VALUE_DIFFERENT_SOURCE"
"ca-los-angeles-santa-clarita","CA","36","36","SAME_VALUE_DIFFERENT_SOURCE"
"ca-madera-madera-county","CA","36","36","SAME_VALUE_DIFFERENT_SOURCE"
"ca-marin-marin-county","CA","36","36","SAME_VALUE_DIFFERENT_SOURCE"
"ca-mariposa-mariposa-county","CA","36","36","SAME_VALUE_DIFFERENT_SOURCE"
"ca-mendocino-mendocino-county","CA","36","36","SAME_VALUE_DIFFERENT_SOURCE"
"ca-merced-merced","CA","36","36","SAME_VALUE_DIFFERENT_SOURCE"
"ca-merced-merced-county","CA","36","36","SAME_VALUE_DIFFERENT_SOURCE"
"ca-modoc-modoc-county","CA","36","36","SAME_VALUE_DIFFERENT_SOURCE"
"ca-mono-mono-county","CA","36","36","SAME_VALUE_DIFFERENT_SOURCE"
"ca-monterey-salinas","CA","36","36","SAME_VALUE_DIFFERENT_SOURCE"
"ca-monterey-monterey-county","CA","36","36","SAME_VALUE_DIFFERENT_SOURCE"
"ca-napa-napa-county","CA","36","36","SAME_VALUE_DIFFERENT_SOURCE"
"ca-nevada-nevada-county","CA","36","36","SAME_VALUE_DIFFERENT_SOURCE"
"ca-orange-fullerton","CA","36","36","SAME_VALUE_DIFFERENT_SOURCE"
"ca-orange-huntington-beach","CA","36","36","SAME_VALUE_DIFFERENT_SOURCE"
"ca-orange-orange","CA","36","36","SAME_VALUE_DIFFERENT_SOURCE"
"ca-orange-santa-ana","CA","36","36","SAME_VALUE_DIFFERENT_SOURCE"
"ca-orange-orange-county","CA","36","36","SAME_VALUE_DIFFERENT_SOURCE"
"ca-placer-placer-county","CA","36","36","SAME_VALUE_DIFFERENT_SOURCE"
"ca-plumas-plumas-county","CA","36","36","SAME_VALUE_DIFFERENT_SOURCE"
"ca-sacramento-sacramento-county","CA","36","36","SAME_VALUE_DIFFERENT_SOURCE"
"ca-san-benito-san-benito-county","CA","36","36","SAME_VALUE_DIFFERENT_SOURCE"
"ca-san-francisco-san-francisco","CA","36","36","SAME_VALUE_DIFFERENT_SOURCE"
"ca-san-francisco-san-francisco-county","CA","36","36","SAME_VALUE_DIFFERENT_SOURCE"
"ca-san-joaquin-san-joaquin-county","CA","36","36","SAME_VALUE_DIFFERENT_SOURCE"
"ca-san-luis-obispo-san-luis-obispo-county","CA","36","36","SAME_VALUE_DIFFERENT_SOURCE"
"ca-san-mateo-redwood-city","CA","36","36","SAME_VALUE_DIFFERENT_SOURCE"
"ca-san-mateo-san-mateo","CA","36","36","SAME_VALUE_DIFFERENT_SOURCE"
"ca-san-mateo-san-mateo-county","CA","36","36","SAME_VALUE_DIFFERENT_SOURCE"
"ca-santa-barbara-santa-barbara-county","CA","36","36","SAME_VALUE_DIFFERENT_SOURCE"
"ca-santa-clara-mountain-view","CA","36","36","SAME_VALUE_DIFFERENT_SOURCE"
"ca-santa-clara-palo-alto","CA","36","36","SAME_VALUE_DIFFERENT_SOURCE"
"ca-santa-clara-sunnyvale","CA","36","36","SAME_VALUE_DIFFERENT_SOURCE"
"ca-santa-clara-santa-clara-county","CA","36","36","SAME_VALUE_DIFFERENT_SOURCE"
"ca-santa-cruz-santa-cruz-county","CA","36","36","SAME_VALUE_DIFFERENT_SOURCE"
"ca-shasta-shasta-county","CA","36","36","SAME_VALUE_DIFFERENT_SOURCE"
"ca-sierra-sierra-county","CA","36","36","SAME_VALUE_DIFFERENT_SOURCE"
"ca-siskiyou-siskiyou-county","CA","36","36","SAME_VALUE_DIFFERENT_SOURCE"
"ca-solano-solano-county","CA","36","36","SAME_VALUE_DIFFERENT_SOURCE"
"ca-sonoma-sonoma-county","CA","36","36","SAME_VALUE_DIFFERENT_SOURCE"
"ca-stanislaus-stanislaus-county","CA","36","36","SAME_VALUE_DIFFERENT_SOURCE"
"ca-sutter-sutter-county","CA","36","36","SAME_VALUE_DIFFERENT_SOURCE"
"ca-tehama-tehama-county","CA","36","36","SAME_VALUE_DIFFERENT_SOURCE"
"ca-trinity-trinity-county","CA","36","36","SAME_VALUE_DIFFERENT_SOURCE"
"ca-tulare-tulare-county","CA","36","36","SAME_VALUE_DIFFERENT_SOURCE"
"ca-tulare-visalia","CA","36","36","SAME_VALUE_DIFFERENT_SOURCE"
"ca-tuolumne-tuolumne-county","CA","36","36","SAME_VALUE_DIFFERENT_SOURCE"
"ca-ventura-oxnard","CA","36","36","SAME_VALUE_DIFFERENT_SOURCE"
"ca-ventura-simi-valley","CA","36","36","SAME_VALUE_DIFFERENT_SOURCE"
"ca-ventura-thousand-oaks","CA","36","36","SAME_VALUE_DIFFERENT_SOURCE"
"ca-ventura-ventura","CA","36","36","SAME_VALUE_DIFFERENT_SOURCE"
"ca-yolo-yolo-county","CA","36","36","SAME_VALUE_DIFFERENT_SOURCE"
"ca-yuba-yuba-county","CA","36","36","SAME_VALUE_DIFFERENT_SOURCE"
"co-adams-thornton","CO","36","36","SAME_VALUE_DIFFERENT_SOURCE"
"co-adams-adams-county","CO","36","36","SAME_VALUE_DIFFERENT_SOURCE"
"co-adams-westminster","CO","36","36","SAME_VALUE_DIFFERENT_SOURCE"
"co-alamosa-alamosa-county","CO","36","36","SAME_VALUE_DIFFERENT_SOURCE"
"co-arapahoe-englewood","CO","36","36","SAME_VALUE_DIFFERENT_SOURCE"
"co-arapahoe-littleton","CO","36","36","SAME_VALUE_DIFFERENT_SOURCE"
"co-arapahoe-arapahoe-county","CO","36","36","SAME_VALUE_DIFFERENT_SOURCE"
"co-archuleta-archuleta-county","CO","36","36","SAME_VALUE_DIFFERENT_SOURCE"
"co-baca-baca-county","CO","36","36","SAME_VALUE_DIFFERENT_SOURCE"
"co-bent-bent-county","CO","36","36","SAME_VALUE_DIFFERENT_SOURCE"
"co-boulder-longmont","CO","36","36","SAME_VALUE_DIFFERENT_SOURCE"
"co-boulder-boulder-county","CO","36","36","SAME_VALUE_DIFFERENT_SOURCE"
"co-broomfield-broomfield-county","CO","36","36","SAME_VALUE_DIFFERENT_SOURCE"
"co-chaffee-chaffee-county","CO","36","36","SAME_VALUE_DIFFERENT_SOURCE"
"co-cheyenne-cheyenne-county","CO","36","36","SAME_VALUE_DIFFERENT_SOURCE"
"co-clear-creek-clear-creek-county","CO","36","36","SAME_VALUE_DIFFERENT_SOURCE"
"co-conejos-conejos-county","CO","36","36","SAME_VALUE_DIFFERENT_SOURCE"
"co-costilla-costilla-county","CO","36","36","SAME_VALUE_DIFFERENT_SOURCE"
"co-crowley-crowley-county","CO","36","36","SAME_VALUE_DIFFERENT_SOURCE"
"co-custer-custer-county","CO","36","36","SAME_VALUE_DIFFERENT_SOURCE"
"co-delta-delta-county","CO","36","36","SAME_VALUE_DIFFERENT_SOURCE"
"co-denver-denver-county","CO","36","36","SAME_VALUE_DIFFERENT_SOURCE"
"co-dolores-dolores-county","CO","36","36","SAME_VALUE_DIFFERENT_SOURCE"
"co-douglas-castle-rock","CO","36","36","SAME_VALUE_DIFFERENT_SOURCE"
"co-douglas-parker","CO","36","36","SAME_VALUE_DIFFERENT_SOURCE"
"co-douglas-douglas-county","CO","36","36","SAME_VALUE_DIFFERENT_SOURCE"
"co-eagle-eagle-county","CO","36","36","SAME_VALUE_DIFFERENT_SOURCE"
"co-el-paso-el-paso-county","CO","36","36","SAME_VALUE_DIFFERENT_SOURCE"
"co-elbert-elbert-county","CO","36","36","SAME_VALUE_DIFFERENT_SOURCE"
"co-fremont-fremont-county","CO","36","36","SAME_VALUE_DIFFERENT_SOURCE"
"co-garfield-garfield-county","CO","36","36","SAME_VALUE_DIFFERENT_SOURCE"
"co-gilpin-gilpin-county","CO","36","36","SAME_VALUE_DIFFERENT_SOURCE"
"co-grand-grand-county","CO","36","36","SAME_VALUE_DIFFERENT_SOURCE"
"co-gunnison-gunnison-county","CO","36","36","SAME_VALUE_DIFFERENT_SOURCE"
"co-hinsdale-hinsdale-county","CO","36","36","SAME_VALUE_DIFFERENT_SOURCE"
"co-huerfano-huerfano-county","CO","36","36","SAME_VALUE_DIFFERENT_SOURCE"
"co-jackson-jackson-county","CO","36","36","SAME_VALUE_DIFFERENT_SOURCE"
"co-jefferson-arvada","CO","36","36","SAME_VALUE_DIFFERENT_SOURCE"
"co-kiowa-kiowa-county","CO","36","36","SAME_VALUE_DIFFERENT_SOURCE"
"co-kit-carson-kit-carson-county","CO","36","36","SAME_VALUE_DIFFERENT_SOURCE"
"co-la-plata-durango","CO","36","36","SAME_VALUE_DIFFERENT_SOURCE"
"co-la-plata-la-plata-county","CO","36","36","SAME_VALUE_DIFFERENT_SOURCE"
"co-lake-lake-county","CO","36","36","SAME_VALUE_DIFFERENT_SOURCE"
"co-larimer-fort-collins","CO","36","36","SAME_VALUE_DIFFERENT_SOURCE"
"co-larimer-loveland","CO","36","36","SAME_VALUE_DIFFERENT_SOURCE"
"co-larimer-larimer-county","CO","36","36","SAME_VALUE_DIFFERENT_SOURCE"
"co-las-animas-las-animas-county","CO","36","36","SAME_VALUE_DIFFERENT_SOURCE"
"co-lincoln-lincoln-county","CO","36","36","SAME_VALUE_DIFFERENT_SOURCE"
"co-logan-logan-county","CO","36","36","SAME_VALUE_DIFFERENT_SOURCE"
"co-mesa-grand-junction","CO","36","36","SAME_VALUE_DIFFERENT_SOURCE"
"co-mesa-mesa-county","CO","36","36","SAME_VALUE_DIFFERENT_SOURCE"
"co-mineral-mineral-county","CO","36","36","SAME_VALUE_DIFFERENT_SOURCE"
"co-moffat-moffat-county","CO","36","36","SAME_VALUE_DIFFERENT_SOURCE"
"co-montezuma-montezuma-county","CO","36","36","SAME_VALUE_DIFFERENT_SOURCE"
"co-montrose-montrose-county","CO","36","36","SAME_VALUE_DIFFERENT_SOURCE"
"co-morgan-morgan-county","CO","36","36","SAME_VALUE_DIFFERENT_SOURCE"
"co-otero-otero-county","CO","36","36","SAME_VALUE_DIFFERENT_SOURCE"
"co-ouray-ouray-county","CO","36","36","SAME_VALUE_DIFFERENT_SOURCE"
"co-park-park-county","CO","36","36","SAME_VALUE_DIFFERENT_SOURCE"
"co-phillips-phillips-county","CO","36","36","SAME_VALUE_DIFFERENT_SOURCE"
"co-pitkin-aspen","CO","36","36","SAME_VALUE_DIFFERENT_SOURCE"
"co-pitkin-pitkin-county","CO","36","36","SAME_VALUE_DIFFERENT_SOURCE"
"co-prowers-prowers-county","CO","36","36","SAME_VALUE_DIFFERENT_SOURCE"
"co-pueblo-pueblo","CO","36","36","SAME_VALUE_DIFFERENT_SOURCE"
"co-pueblo-pueblo-county","CO","36","36","SAME_VALUE_DIFFERENT_SOURCE"
"co-rio-blanco-rio-blanco-county","CO","36","36","SAME_VALUE_DIFFERENT_SOURCE"
"co-rio-grande-rio-grande-county","CO","36","36","SAME_VALUE_DIFFERENT_SOURCE"
"co-routt-routt-county","CO","36","36","SAME_VALUE_DIFFERENT_SOURCE"
"co-saguache-saguache-county","CO","36","36","SAME_VALUE_DIFFERENT_SOURCE"
"co-san-juan-san-juan-county","CO","36","36","SAME_VALUE_DIFFERENT_SOURCE"
"co-san-miguel-san-miguel-county","CO","36","36","SAME_VALUE_DIFFERENT_SOURCE"
"co-sedgwick-sedgwick-county","CO","36","36","SAME_VALUE_DIFFERENT_SOURCE"
"co-summit-summit-county","CO","36","36","SAME_VALUE_DIFFERENT_SOURCE"
"co-teller-teller-county","CO","36","36","SAME_VALUE_DIFFERENT_SOURCE"
"co-washington-washington-county","CO","36","36","SAME_VALUE_DIFFERENT_SOURCE"
"co-weld-greeley","CO","36","36","SAME_VALUE_DIFFERENT_SOURCE"
"co-weld-weld-county","CO","36","36","SAME_VALUE_DIFFERENT_SOURCE"
"co-yuma-yuma-county","CO","36","36","SAME_VALUE_DIFFERENT_SOURCE"
"ct-fairfield-danbury","CT","36","36","SAME_VALUE_DIFFERENT_SOURCE"
"ct-fairfield-norwalk","CT","36","36","SAME_VALUE_DIFFERENT_SOURCE"
"ct-fairfield-stamford","CT","36","36","SAME_VALUE_DIFFERENT_SOURCE"
"ct-fairfield-fairfield-county","CT","36","36","SAME_VALUE_DIFFERENT_SOURCE"
"ct-hartford-bristol","CT","36","36","SAME_VALUE_DIFFERENT_SOURCE"
"ct-hartford-new-britain","CT","36","36","SAME_VALUE_DIFFERENT_SOURCE"
"ct-hartford-hartford-county","CT","36","36","SAME_VALUE_DIFFERENT_SOURCE"
"ct-litchfield-litchfield-county","CT","36","36","SAME_VALUE_DIFFERENT_SOURCE"
"ct-middlesex-middlesex-county","CT","36","36","SAME_VALUE_DIFFERENT_SOURCE"
"ct-new-haven-meriden","CT","36","36","SAME_VALUE_DIFFERENT_SOURCE"
"ct-new-haven-new-haven","CT","36","36","SAME_VALUE_DIFFERENT_SOURCE"
"ct-new-haven-new-haven-county","CT","36","36","SAME_VALUE_DIFFERENT_SOURCE"
"ct-new-haven-waterbury","CT","36","36","SAME_VALUE_DIFFERENT_SOURCE"
"ct-new-london-new-london-county","CT","36","36","SAME_VALUE_DIFFERENT_SOURCE"
"ct-tolland-tolland-county","CT","36","36","SAME_VALUE_DIFFERENT_SOURCE"
"ct-windham-windham-county","CT","36","36","SAME_VALUE_DIFFERENT_SOURCE"
"de-kent-dover","DE","36","36","SAME_VALUE_DIFFERENT_SOURCE"
"de-kent-smyrna","DE","36","36","SAME_VALUE_DIFFERENT_SOURCE"
"de-kent-kent-county","DE","36","36","SAME_VALUE_DIFFERENT_SOURCE"
"de-new-castle-middletown","DE","36","36","SAME_VALUE_DIFFERENT_SOURCE"
"de-new-castle-newark","DE","36","36","SAME_VALUE_DIFFERENT_SOURCE"
"de-new-castle-new-castle-county","DE","36","36","SAME_VALUE_DIFFERENT_SOURCE"
"de-sussex-milford","DE","36","36","SAME_VALUE_DIFFERENT_SOURCE"
"de-sussex-rehoboth-beach","DE","36","36","SAME_VALUE_DIFFERENT_SOURCE"
"de-sussex-sussex-county","DE","36","36","SAME_VALUE_DIFFERENT_SOURCE"
"fl-alachua-gainesville","FL","36","36","SAME_VALUE_DIFFERENT_SOURCE"
"fl-alachua-alachua-county","FL","36","36","SAME_VALUE_DIFFERENT_SOURCE"
"fl-baker-baker-county","FL","36","36","SAME_VALUE_DIFFERENT_SOURCE"
"fl-bay-panama-city","FL","36","36","SAME_VALUE_DIFFERENT_SOURCE"
"fl-bay-bay-county","FL","36","36","SAME_VALUE_DIFFERENT_SOURCE"
"fl-bradford-bradford-county","FL","36","36","SAME_VALUE_DIFFERENT_SOURCE"
"fl-brevard-melbourne","FL","36","36","SAME_VALUE_DIFFERENT_SOURCE"
"fl-brevard-palm-bay","FL","36","36","SAME_VALUE_DIFFERENT_SOURCE"
"fl-brevard-brevard-county","FL","36","36","SAME_VALUE_DIFFERENT_SOURCE"
"fl-broward-hollywood","FL","36","36","SAME_VALUE_DIFFERENT_SOURCE"
"fl-broward-broward-county","FL","36","36","SAME_VALUE_DIFFERENT_SOURCE"
"fl-calhoun-calhoun-county","FL","36","36","SAME_VALUE_DIFFERENT_SOURCE"
"fl-charlotte-charlotte-county","FL","36","36","SAME_VALUE_DIFFERENT_SOURCE"
"fl-citrus-citrus-county","FL","36","36","SAME_VALUE_DIFFERENT_SOURCE"
"fl-clay-clay-county","FL","36","36","SAME_VALUE_DIFFERENT_SOURCE"
"fl-collier-collier-county","FL","36","36","SAME_VALUE_DIFFERENT_SOURCE"
"fl-columbia-columbia-county","FL","36","36","SAME_VALUE_DIFFERENT_SOURCE"
"fl-desoto-desoto-county","FL","36","36","SAME_VALUE_DIFFERENT_SOURCE"
"fl-dixie-dixie-county","FL","36","36","SAME_VALUE_DIFFERENT_SOURCE"
"fl-duval-duval-county","FL","36","36","SAME_VALUE_DIFFERENT_SOURCE"
"fl-escambia-pensacola","FL","36","36","SAME_VALUE_DIFFERENT_SOURCE"
"fl-escambia-escambia-county","FL","36","36","SAME_VALUE_DIFFERENT_SOURCE"
"fl-flagler-flagler-county","FL","36","36","SAME_VALUE_DIFFERENT_SOURCE"
"fl-franklin-franklin-county","FL","36","36","SAME_VALUE_DIFFERENT_SOURCE"
"fl-gadsden-gadsden-county","FL","36","36","SAME_VALUE_DIFFERENT_SOURCE"
"fl-gilchrist-gilchrist-county","FL","36","36","SAME_VALUE_DIFFERENT_SOURCE"
"fl-glades-glades-county","FL","36","36","SAME_VALUE_DIFFERENT_SOURCE"
"fl-gulf-gulf-county","FL","36","36","SAME_VALUE_DIFFERENT_SOURCE"
"fl-hamilton-hamilton-county","FL","36","36","SAME_VALUE_DIFFERENT_SOURCE"
"fl-hardee-hardee-county","FL","36","36","SAME_VALUE_DIFFERENT_SOURCE"
"fl-hendry-hendry-county","FL","36","36","SAME_VALUE_DIFFERENT_SOURCE"
"fl-hernando-hernando-county","FL","36","36","SAME_VALUE_DIFFERENT_SOURCE"
"fl-highlands-highlands-county","FL","36","36","SAME_VALUE_DIFFERENT_SOURCE"
"fl-hillsborough-hillsborough-county","FL","36","36","SAME_VALUE_DIFFERENT_SOURCE"
"fl-holmes-holmes-county","FL","36","36","SAME_VALUE_DIFFERENT_SOURCE"
"fl-indian-river-indian-river-county","FL","36","36","SAME_VALUE_DIFFERENT_SOURCE"
"fl-indian-river-vero-beach","FL","36","36","SAME_VALUE_DIFFERENT_SOURCE"
"fl-jackson-jackson-county","FL","36","36","SAME_VALUE_DIFFERENT_SOURCE"
"fl-jefferson-jefferson-county","FL","36","36","SAME_VALUE_DIFFERENT_SOURCE"
"fl-lafayette-lafayette-county","FL","36","36","SAME_VALUE_DIFFERENT_SOURCE"
"fl-lake-lake-county","FL","36","36","SAME_VALUE_DIFFERENT_SOURCE"
"fl-lee-lee-county","FL","36","36","SAME_VALUE_DIFFERENT_SOURCE"
"fl-leon-tallahassee","FL","36","36","SAME_VALUE_DIFFERENT_SOURCE"
"fl-leon-leon-county","FL","36","36","SAME_VALUE_DIFFERENT_SOURCE"
"fl-levy-levy-county","FL","36","36","SAME_VALUE_DIFFERENT_SOURCE"
"fl-liberty-liberty-county","FL","36","36","SAME_VALUE_DIFFERENT_SOURCE"
"fl-madison-madison-county","FL","36","36","SAME_VALUE_DIFFERENT_SOURCE"
"fl-manatee-manatee-county","FL","36","36","SAME_VALUE_DIFFERENT_SOURCE"
"fl-marion-ocala","FL","36","36","SAME_VALUE_DIFFERENT_SOURCE"
"fl-marion-marion-county","FL","36","36","SAME_VALUE_DIFFERENT_SOURCE"
"fl-martin-martin-county","FL","36","36","SAME_VALUE_DIFFERENT_SOURCE"
"fl-miami-dade-hialeah","FL","36","36","SAME_VALUE_DIFFERENT_SOURCE"
"fl-monroe-monroe-county","FL","36","36","SAME_VALUE_DIFFERENT_SOURCE"
"fl-nassau-nassau-county","FL","36","36","SAME_VALUE_DIFFERENT_SOURCE"
"fl-okaloosa-okaloosa-county","FL","36","36","SAME_VALUE_DIFFERENT_SOURCE"
"fl-okeechobee-okeechobee-county","FL","36","36","SAME_VALUE_DIFFERENT_SOURCE"
"fl-orange-orange-county","FL","36","36","SAME_VALUE_DIFFERENT_SOURCE"
"fl-osceola-kissimmee","FL","36","36","SAME_VALUE_DIFFERENT_SOURCE"
"fl-osceola-osceola-county","FL","36","36","SAME_VALUE_DIFFERENT_SOURCE"
"fl-palm-beach-palm-beach-county","FL","36","36","SAME_VALUE_DIFFERENT_SOURCE"
"fl-pasco-pasco-county","FL","36","36","SAME_VALUE_DIFFERENT_SOURCE"
"fl-pinellas-pinellas-county","FL","36","36","SAME_VALUE_DIFFERENT_SOURCE"
"fl-polk-lakeland","FL","36","36","SAME_VALUE_DIFFERENT_SOURCE"
"fl-polk-polk-county","FL","36","36","SAME_VALUE_DIFFERENT_SOURCE"
"fl-putnam-putnam-county","FL","36","36","SAME_VALUE_DIFFERENT_SOURCE"
"fl-santa-rosa-santa-rosa-county","FL","36","36","SAME_VALUE_DIFFERENT_SOURCE"
"fl-sarasota-sarasota-county","FL","36","36","SAME_VALUE_DIFFERENT_SOURCE"
"fl-st-johns-st-augustine","FL","36","36","SAME_VALUE_DIFFERENT_SOURCE"
"fl-st-johns-st-johns-county","FL","36","36","SAME_VALUE_DIFFERENT_SOURCE"
"fl-st-lucie-port-st-lucie","FL","36","36","SAME_VALUE_DIFFERENT_SOURCE"
"fl-st-lucie-st-lucie-county","FL","36","36","SAME_VALUE_DIFFERENT_SOURCE"
"fl-sumter-sumter-county","FL","36","36","SAME_VALUE_DIFFERENT_SOURCE"
"fl-suwannee-suwannee-county","FL","36","36","SAME_VALUE_DIFFERENT_SOURCE"
"fl-taylor-taylor-county","FL","36","36","SAME_VALUE_DIFFERENT_SOURCE"
"fl-union-union-county","FL","36","36","SAME_VALUE_DIFFERENT_SOURCE"
"fl-volusia-deltona","FL","36","36","SAME_VALUE_DIFFERENT_SOURCE"
"fl-volusia-volusia-county","FL","36","36","SAME_VALUE_DIFFERENT_SOURCE"
"fl-wakulla-wakulla-county","FL","36","36","SAME_VALUE_DIFFERENT_SOURCE"
"fl-walton-walton-county","FL","36","36","SAME_VALUE_DIFFERENT_SOURCE"
"fl-washington-washington-county","FL","36","36","SAME_VALUE_DIFFERENT_SOURCE"
"ga-appling-appling-county","GA","36","36","SAME_VALUE_DIFFERENT_SOURCE"
"ga-atkinson-atkinson-county","GA","36","36","SAME_VALUE_DIFFERENT_SOURCE"
"ga-bacon-bacon-county","GA","36","36","SAME_VALUE_DIFFERENT_SOURCE"
"ga-baker-baker-county","GA","36","36","SAME_VALUE_DIFFERENT_SOURCE"
"ga-baldwin-baldwin-county","GA","36","36","SAME_VALUE_DIFFERENT_SOURCE"
"ga-banks-banks-county","GA","36","36","SAME_VALUE_DIFFERENT_SOURCE"
"ga-barrow-barrow-county","GA","36","36","SAME_VALUE_DIFFERENT_SOURCE"
"ga-bartow-cartersville","GA","36","36","SAME_VALUE_DIFFERENT_SOURCE"
"ga-bartow-bartow-county","GA","36","36","SAME_VALUE_DIFFERENT_SOURCE"
"ga-ben-hill-ben-hill-county","GA","36","36","SAME_VALUE_DIFFERENT_SOURCE"
"ga-berrien-berrien-county","GA","36","36","SAME_VALUE_DIFFERENT_SOURCE"
"ga-bibb-macon","GA","36","36","SAME_VALUE_DIFFERENT_SOURCE"
"ga-bibb-bibb-county","GA","36","36","SAME_VALUE_DIFFERENT_SOURCE"
"ga-bleckley-bleckley-county","GA","36","36","SAME_VALUE_DIFFERENT_SOURCE"
"ga-brantley-brantley-county","GA","36","36","SAME_VALUE_DIFFERENT_SOURCE"
"ga-brooks-brooks-county","GA","36","36","SAME_VALUE_DIFFERENT_SOURCE"
"ga-bryan-bryan-county","GA","36","36","SAME_VALUE_DIFFERENT_SOURCE"
"ga-bulloch-statesboro","GA","36","36","SAME_VALUE_DIFFERENT_SOURCE"
"ga-bulloch-bulloch-county","GA","36","36","SAME_VALUE_DIFFERENT_SOURCE"
"ga-burke-burke-county","GA","36","36","SAME_VALUE_DIFFERENT_SOURCE"
"ga-butts-butts-county","GA","36","36","SAME_VALUE_DIFFERENT_SOURCE"
"ga-calhoun-calhoun-county","GA","36","36","SAME_VALUE_DIFFERENT_SOURCE"
"ga-camden-camden-county","GA","36","36","SAME_VALUE_DIFFERENT_SOURCE"
"ga-candler-candler-county","GA","36","36","SAME_VALUE_DIFFERENT_SOURCE"
"ga-carroll-carroll-county","GA","36","36","SAME_VALUE_DIFFERENT_SOURCE"
"ga-catoosa-catoosa-county","GA","36","36","SAME_VALUE_DIFFERENT_SOURCE"
"ga-charlton-charlton-county","GA","36","36","SAME_VALUE_DIFFERENT_SOURCE"
"ga-chatham-pooler","GA","36","36","SAME_VALUE_DIFFERENT_SOURCE"
"ga-chatham-chatham-county","GA","36","36","SAME_VALUE_DIFFERENT_SOURCE"
"ga-chattahoochee-chattahoochee-county","GA","36","36","SAME_VALUE_DIFFERENT_SOURCE"
"ga-chattooga-chattooga-county","GA","36","36","SAME_VALUE_DIFFERENT_SOURCE"
"ga-cherokee-canton","GA","36","36","SAME_VALUE_DIFFERENT_SOURCE"
"ga-cherokee-cherokee-county","GA","36","36","SAME_VALUE_DIFFERENT_SOURCE"
"ga-cherokee-woodstock","GA","36","36","SAME_VALUE_DIFFERENT_SOURCE"
"ga-clarke-athens","GA","36","36","SAME_VALUE_DIFFERENT_SOURCE"
"ga-clarke-clarke-county","GA","36","36","SAME_VALUE_DIFFERENT_SOURCE"
"ga-clay-clay-county","GA","36","36","SAME_VALUE_DIFFERENT_SOURCE"
"ga-clayton-clayton-county","GA","36","36","SAME_VALUE_DIFFERENT_SOURCE"
"ga-clinch-clinch-county","GA","36","36","SAME_VALUE_DIFFERENT_SOURCE"
"ga-cobb-kennesaw","GA","36","36","SAME_VALUE_DIFFERENT_SOURCE"
"ga-cobb-marietta","GA","36","36","SAME_VALUE_DIFFERENT_SOURCE"
"ga-cobb-smyrna","GA","36","36","SAME_VALUE_DIFFERENT_SOURCE"
"ga-coffee-coffee-county","GA","36","36","SAME_VALUE_DIFFERENT_SOURCE"
"ga-colquitt-colquitt-county","GA","36","36","SAME_VALUE_DIFFERENT_SOURCE"
"ga-columbia-columbia-county","GA","36","36","SAME_VALUE_DIFFERENT_SOURCE"
"ga-cook-cook-county","GA","36","36","SAME_VALUE_DIFFERENT_SOURCE"
"ga-coweta-newnan","GA","36","36","SAME_VALUE_DIFFERENT_SOURCE"
"ga-coweta-coweta-county","GA","36","36","SAME_VALUE_DIFFERENT_SOURCE"
"ga-crawford-crawford-county","GA","36","36","SAME_VALUE_DIFFERENT_SOURCE"
"ga-crisp-crisp-county","GA","36","36","SAME_VALUE_DIFFERENT_SOURCE"
"ga-dade-dade-county","GA","36","36","SAME_VALUE_DIFFERENT_SOURCE"
"ga-dawson-dawson-county","GA","36","36","SAME_VALUE_DIFFERENT_SOURCE"
"ga-decatur-decatur-county","GA","36","36","SAME_VALUE_DIFFERENT_SOURCE"
"ga-dekalb-brookhaven","GA","36","36","SAME_VALUE_DIFFERENT_SOURCE"
"ga-dekalb-decatur","GA","36","36","SAME_VALUE_DIFFERENT_SOURCE"
"ga-dekalb-dunwoody","GA","36","36","SAME_VALUE_DIFFERENT_SOURCE"
"ga-dodge-dodge-county","GA","36","36","SAME_VALUE_DIFFERENT_SOURCE"
"ga-dooly-dooly-county","GA","36","36","SAME_VALUE_DIFFERENT_SOURCE"
"ga-dougherty-albany","GA","36","36","SAME_VALUE_DIFFERENT_SOURCE"
"ga-dougherty-dougherty-county","GA","36","36","SAME_VALUE_DIFFERENT_SOURCE"
"ga-douglas-douglas-county","GA","36","36","SAME_VALUE_DIFFERENT_SOURCE"
"ga-early-early-county","GA","36","36","SAME_VALUE_DIFFERENT_SOURCE"
"ga-echols-echols-county","GA","36","36","SAME_VALUE_DIFFERENT_SOURCE"
"ga-effingham-effingham-county","GA","36","36","SAME_VALUE_DIFFERENT_SOURCE"
"ga-elbert-elbert-county","GA","36","36","SAME_VALUE_DIFFERENT_SOURCE"
"ga-emanuel-emanuel-county","GA","36","36","SAME_VALUE_DIFFERENT_SOURCE"
"ga-evans-evans-county","GA","36","36","SAME_VALUE_DIFFERENT_SOURCE"
"ga-fannin-fannin-county","GA","36","36","SAME_VALUE_DIFFERENT_SOURCE"
"ga-fayette-fayetteville","GA","36","36","SAME_VALUE_DIFFERENT_SOURCE"
"ga-fayette-peachtree-city","GA","36","36","SAME_VALUE_DIFFERENT_SOURCE"
"ga-fayette-fayette-county","GA","36","36","SAME_VALUE_DIFFERENT_SOURCE"
"ga-floyd-rome","GA","36","36","SAME_VALUE_DIFFERENT_SOURCE"
"ga-floyd-floyd-county","GA","36","36","SAME_VALUE_DIFFERENT_SOURCE"
"ga-forsyth-cumming","GA","36","36","SAME_VALUE_DIFFERENT_SOURCE"
"ga-forsyth-forsyth-county","GA","36","36","SAME_VALUE_DIFFERENT_SOURCE"
"ga-franklin-franklin-county","GA","36","36","SAME_VALUE_DIFFERENT_SOURCE"
"ga-fulton-alpharetta","GA","36","36","SAME_VALUE_DIFFERENT_SOURCE"
"ga-fulton-johns-creek","GA","36","36","SAME_VALUE_DIFFERENT_SOURCE"
"ga-fulton-milton","GA","36","36","SAME_VALUE_DIFFERENT_SOURCE"
"ga-fulton-roswell","GA","36","36","SAME_VALUE_DIFFERENT_SOURCE"
"ga-fulton-sandy-springs","GA","36","36","SAME_VALUE_DIFFERENT_SOURCE"
"ga-fulton-fulton-county","GA","36","36","SAME_VALUE_DIFFERENT_SOURCE"
"ga-gilmer-gilmer-county","GA","36","36","SAME_VALUE_DIFFERENT_SOURCE"
"ga-glascock-glascock-county","GA","36","36","SAME_VALUE_DIFFERENT_SOURCE"
"ga-glynn-glynn-county","GA","36","36","SAME_VALUE_DIFFERENT_SOURCE"
"ga-gordon-gordon-county","GA","36","36","SAME_VALUE_DIFFERENT_SOURCE"
"ga-grady-grady-county","GA","36","36","SAME_VALUE_DIFFERENT_SOURCE"
"ga-greene-greene-county","GA","36","36","SAME_VALUE_DIFFERENT_SOURCE"
"ga-gwinnett-duluth","GA","36","36","SAME_VALUE_DIFFERENT_SOURCE"
"ga-gwinnett-lawrenceville","GA","36","36","SAME_VALUE_DIFFERENT_SOURCE"
"ga-gwinnett-peachtree-corners","GA","36","36","SAME_VALUE_DIFFERENT_SOURCE"
"ga-gwinnett-snellville","GA","36","36","SAME_VALUE_DIFFERENT_SOURCE"
"ga-gwinnett-suwanee","GA","36","36","SAME_VALUE_DIFFERENT_SOURCE"
"ga-habersham-habersham-county","GA","36","36","SAME_VALUE_DIFFERENT_SOURCE"
"ga-hall-gainesville","GA","36","36","SAME_VALUE_DIFFERENT_SOURCE"
"ga-hall-hall-county","GA","36","36","SAME_VALUE_DIFFERENT_SOURCE"
"ga-hancock-hancock-county","GA","36","36","SAME_VALUE_DIFFERENT_SOURCE"
"ga-haralson-haralson-county","GA","36","36","SAME_VALUE_DIFFERENT_SOURCE"
"ga-harris-harris-county","GA","36","36","SAME_VALUE_DIFFERENT_SOURCE"
"ga-hart-hart-county","GA","36","36","SAME_VALUE_DIFFERENT_SOURCE"
"ga-heard-heard-county","GA","36","36","SAME_VALUE_DIFFERENT_SOURCE"
"ga-henry-stockbridge","GA","36","36","SAME_VALUE_DIFFERENT_SOURCE"
"ga-henry-henry-county","GA","36","36","SAME_VALUE_DIFFERENT_SOURCE"
"ga-houston-houston-county","GA","36","36","SAME_VALUE_DIFFERENT_SOURCE"
"ga-houston-warner-robins","GA","36","36","SAME_VALUE_DIFFERENT_SOURCE"
"ga-irwin-irwin-county","GA","36","36","SAME_VALUE_DIFFERENT_SOURCE"
"ga-jackson-jackson-county","GA","36","36","SAME_VALUE_DIFFERENT_SOURCE"
"ga-jasper-jasper-county","GA","36","36","SAME_VALUE_DIFFERENT_SOURCE"
"ga-jeff-davis-jeff-davis-county","GA","36","36","SAME_VALUE_DIFFERENT_SOURCE"
"ga-jefferson-jefferson-county","GA","36","36","SAME_VALUE_DIFFERENT_SOURCE"
"ga-jenkins-jenkins-county","GA","36","36","SAME_VALUE_DIFFERENT_SOURCE"
"ga-johnson-johnson-county","GA","36","36","SAME_VALUE_DIFFERENT_SOURCE"
"ga-jones-jones-county","GA","36","36","SAME_VALUE_DIFFERENT_SOURCE"
"ga-lamar-lamar-county","GA","36","36","SAME_VALUE_DIFFERENT_SOURCE"
"ga-lanier-lanier-county","GA","36","36","SAME_VALUE_DIFFERENT_SOURCE"
"ga-laurens-laurens-county","GA","36","36","SAME_VALUE_DIFFERENT_SOURCE"
"ga-lee-lee-county","GA","36","36","SAME_VALUE_DIFFERENT_SOURCE"
"ga-liberty-hinesville","GA","36","36","SAME_VALUE_DIFFERENT_SOURCE"
"ga-liberty-liberty-county","GA","36","36","SAME_VALUE_DIFFERENT_SOURCE"
"ga-lincoln-lincoln-county","GA","36","36","SAME_VALUE_DIFFERENT_SOURCE"
"ga-long-long-county","GA","36","36","SAME_VALUE_DIFFERENT_SOURCE"
"ga-lowndes-lowndes-county","GA","36","36","SAME_VALUE_DIFFERENT_SOURCE"
"ga-lowndes-valdosta","GA","36","36","SAME_VALUE_DIFFERENT_SOURCE"
"ga-lumpkin-lumpkin-county","GA","36","36","SAME_VALUE_DIFFERENT_SOURCE"
"ga-macon-macon-county","GA","36","36","SAME_VALUE_DIFFERENT_SOURCE"
"ga-madison-madison-county","GA","36","36","SAME_VALUE_DIFFERENT_SOURCE"
"ga-marion-marion-county","GA","36","36","SAME_VALUE_DIFFERENT_SOURCE"
"ga-mcduffie-mcduffie-county","GA","36","36","SAME_VALUE_DIFFERENT_SOURCE"
"ga-mcintosh-mcintosh-county","GA","36","36","SAME_VALUE_DIFFERENT_SOURCE"
"ga-meriwether-meriwether-county","GA","36","36","SAME_VALUE_DIFFERENT_SOURCE"
"ga-miller-miller-county","GA","36","36","SAME_VALUE_DIFFERENT_SOURCE"
"ga-mitchell-mitchell-county","GA","36","36","SAME_VALUE_DIFFERENT_SOURCE"
"ga-monroe-monroe-county","GA","36","36","SAME_VALUE_DIFFERENT_SOURCE"
"ga-montgomery-montgomery-county","GA","36","36","SAME_VALUE_DIFFERENT_SOURCE"
"ga-morgan-morgan-county","GA","36","36","SAME_VALUE_DIFFERENT_SOURCE"
"ga-murray-murray-county","GA","36","36","SAME_VALUE_DIFFERENT_SOURCE"
"ga-muscogee-columbus","GA","36","36","SAME_VALUE_DIFFERENT_SOURCE"
"ga-muscogee-muscogee-county","GA","36","36","SAME_VALUE_DIFFERENT_SOURCE"
"ga-newton-covington","GA","36","36","SAME_VALUE_DIFFERENT_SOURCE"
"ga-newton-newton-county","GA","36","36","SAME_VALUE_DIFFERENT_SOURCE"
"ga-oconee-oconee-county","GA","36","36","SAME_VALUE_DIFFERENT_SOURCE"
"ga-oglethorpe-oglethorpe-county","GA","36","36","SAME_VALUE_DIFFERENT_SOURCE"
"ga-paulding-dallas","GA","36","36","SAME_VALUE_DIFFERENT_SOURCE"
"ga-paulding-paulding-county","GA","36","36","SAME_VALUE_DIFFERENT_SOURCE"
"ga-peach-peach-county","GA","36","36","SAME_VALUE_DIFFERENT_SOURCE"
"ga-pickens-pickens-county","GA","36","36","SAME_VALUE_DIFFERENT_SOURCE"
"ga-pierce-pierce-county","GA","36","36","SAME_VALUE_DIFFERENT_SOURCE"
"ga-pike-pike-county","GA","36","36","SAME_VALUE_DIFFERENT_SOURCE"
"ga-polk-polk-county","GA","36","36","SAME_VALUE_DIFFERENT_SOURCE"
"ga-pulaski-pulaski-county","GA","36","36","SAME_VALUE_DIFFERENT_SOURCE"
"ga-putnam-putnam-county","GA","36","36","SAME_VALUE_DIFFERENT_SOURCE"
"ga-quitman-quitman-county","GA","36","36","SAME_VALUE_DIFFERENT_SOURCE"
"ga-rabun-rabun-county","GA","36","36","SAME_VALUE_DIFFERENT_SOURCE"
"ga-randolph-randolph-county","GA","36","36","SAME_VALUE_DIFFERENT_SOURCE"
"ga-richmond-richmond-county","GA","36","36","SAME_VALUE_DIFFERENT_SOURCE"
"ga-rockdale-conyers","GA","36","36","SAME_VALUE_DIFFERENT_SOURCE"
"ga-rockdale-rockdale-county","GA","36","36","SAME_VALUE_DIFFERENT_SOURCE"
"ga-schley-schley-county","GA","36","36","SAME_VALUE_DIFFERENT_SOURCE"
"ga-screven-screven-county","GA","36","36","SAME_VALUE_DIFFERENT_SOURCE"
"ga-seminole-seminole-county","GA","36","36","SAME_VALUE_DIFFERENT_SOURCE"
"ga-spalding-spalding-county","GA","36","36","SAME_VALUE_DIFFERENT_SOURCE"
"ga-stephens-stephens-county","GA","36","36","SAME_VALUE_DIFFERENT_SOURCE"
"ga-stewart-stewart-county","GA","36","36","SAME_VALUE_DIFFERENT_SOURCE"
"ga-sumter-sumter-county","GA","36","36","SAME_VALUE_DIFFERENT_SOURCE"
"ga-talbot-talbot-county","GA","36","36","SAME_VALUE_DIFFERENT_SOURCE"
"ga-taliaferro-taliaferro-county","GA","36","36","SAME_VALUE_DIFFERENT_SOURCE"
"ga-tattnall-tattnall-county","GA","36","36","SAME_VALUE_DIFFERENT_SOURCE"
"ga-taylor-taylor-county","GA","36","36","SAME_VALUE_DIFFERENT_SOURCE"
"ga-telfair-telfair-county","GA","36","36","SAME_VALUE_DIFFERENT_SOURCE"
"ga-terrell-terrell-county","GA","36","36","SAME_VALUE_DIFFERENT_SOURCE"
"ga-thomas-thomas-county","GA","36","36","SAME_VALUE_DIFFERENT_SOURCE"
"ga-tift-tift-county","GA","36","36","SAME_VALUE_DIFFERENT_SOURCE"
"ga-toombs-toombs-county","GA","36","36","SAME_VALUE_DIFFERENT_SOURCE"
"ga-towns-towns-county","GA","36","36","SAME_VALUE_DIFFERENT_SOURCE"
"ga-treutlen-treutlen-county","GA","36","36","SAME_VALUE_DIFFERENT_SOURCE"
"ga-troup-troup-county","GA","36","36","SAME_VALUE_DIFFERENT_SOURCE"
"ga-turner-turner-county","GA","36","36","SAME_VALUE_DIFFERENT_SOURCE"
"ga-twiggs-twiggs-county","GA","36","36","SAME_VALUE_DIFFERENT_SOURCE"
"ga-union-union-county","GA","36","36","SAME_VALUE_DIFFERENT_SOURCE"
"ga-upson-upson-county","GA","36","36","SAME_VALUE_DIFFERENT_SOURCE"
"ga-walker-walker-county","GA","36","36","SAME_VALUE_DIFFERENT_SOURCE"
"ga-walton-walton-county","GA","36","36","SAME_VALUE_DIFFERENT_SOURCE"
"ga-ware-ware-county","GA","36","36","SAME_VALUE_DIFFERENT_SOURCE"
"ga-warren-warren-county","GA","36","36","SAME_VALUE_DIFFERENT_SOURCE"
"ga-washington-washington-county","GA","36","36","SAME_VALUE_DIFFERENT_SOURCE"
"ga-wayne-wayne-county","GA","36","36","SAME_VALUE_DIFFERENT_SOURCE"
"ga-webster-webster-county","GA","36","36","SAME_VALUE_DIFFERENT_SOURCE"
"ga-wheeler-wheeler-county","GA","36","36","SAME_VALUE_DIFFERENT_SOURCE"
"ga-white-white-county","GA","36","36","SAME_VALUE_DIFFERENT_SOURCE"
"ga-whitfield-whitfield-county","GA","36","36","SAME_VALUE_DIFFERENT_SOURCE"
"ga-wilcox-wilcox-county","GA","36","36","SAME_VALUE_DIFFERENT_SOURCE"
"ga-wilkes-wilkes-county","GA","36","36","SAME_VALUE_DIFFERENT_SOURCE"
"ga-wilkinson-wilkinson-county","GA","36","36","SAME_VALUE_DIFFERENT_SOURCE"
"ga-worth-worth-county","GA","36","36","SAME_VALUE_DIFFERENT_SOURCE"
"gu-guam-guam-county","GU","36","36","SAME_VALUE_DIFFERENT_SOURCE"
"hi-hawaii-hawaii-county","HI","36","36","SAME_VALUE_DIFFERENT_SOURCE"
"hi-honolulu-kailua","HI","36","36","SAME_VALUE_DIFFERENT_SOURCE"
"hi-honolulu-pearl-city","HI","36","36","SAME_VALUE_DIFFERENT_SOURCE"
"hi-honolulu-honolulu-county","HI","36","36","SAME_VALUE_DIFFERENT_SOURCE"
"hi-honolulu-wahiawa","HI","36","36","SAME_VALUE_DIFFERENT_SOURCE"
"hi-kalawao-kalawao-county","HI","36","36","SAME_VALUE_DIFFERENT_SOURCE"
"hi-kauai-lihue","HI","36","36","SAME_VALUE_DIFFERENT_SOURCE"
"hi-kauai-kauai-county","HI","36","36","SAME_VALUE_DIFFERENT_SOURCE"
"hi-maui-maui-county","HI","36","36","SAME_VALUE_DIFFERENT_SOURCE"
"ia-adair-adair-county","IA","36","36","SAME_VALUE_DIFFERENT_SOURCE"
"ia-adams-adams-county","IA","36","36","SAME_VALUE_DIFFERENT_SOURCE"
"ia-allamakee-allamakee-county","IA","36","36","SAME_VALUE_DIFFERENT_SOURCE"
"ia-appanoose-appanoose-county","IA","36","36","SAME_VALUE_DIFFERENT_SOURCE"
"ia-audubon-audubon-county","IA","36","36","SAME_VALUE_DIFFERENT_SOURCE"
"ia-benton-benton-county","IA","36","36","SAME_VALUE_DIFFERENT_SOURCE"
"ia-black-hawk-cedar-falls","IA","36","36","SAME_VALUE_DIFFERENT_SOURCE"
"ia-black-hawk-black-hawk-county","IA","36","36","SAME_VALUE_DIFFERENT_SOURCE"
"ia-black-hawk-waterloo","IA","36","36","SAME_VALUE_DIFFERENT_SOURCE"
"ia-boone-boone-county","IA","36","36","SAME_VALUE_DIFFERENT_SOURCE"
"ia-bremer-bremer-county","IA","36","36","SAME_VALUE_DIFFERENT_SOURCE"
"ia-buchanan-buchanan-county","IA","36","36","SAME_VALUE_DIFFERENT_SOURCE"
"ia-buena-vista-buena-vista-county","IA","36","36","SAME_VALUE_DIFFERENT_SOURCE"
"ia-butler-butler-county","IA","36","36","SAME_VALUE_DIFFERENT_SOURCE"
"ia-calhoun-calhoun-county","IA","36","36","SAME_VALUE_DIFFERENT_SOURCE"
"ia-carroll-carroll-county","IA","36","36","SAME_VALUE_DIFFERENT_SOURCE"
"ia-cass-cass-county","IA","36","36","SAME_VALUE_DIFFERENT_SOURCE"
"ia-cedar-cedar-county","IA","36","36","SAME_VALUE_DIFFERENT_SOURCE"
"ia-cerro-gordo-mason-city","IA","36","36","SAME_VALUE_DIFFERENT_SOURCE"
"ia-cerro-gordo-cerro-gordo-county","IA","36","36","SAME_VALUE_DIFFERENT_SOURCE"
"ia-cherokee-cherokee-county","IA","36","36","SAME_VALUE_DIFFERENT_SOURCE"
"ia-chickasaw-chickasaw-county","IA","36","36","SAME_VALUE_DIFFERENT_SOURCE"
"ia-clarke-clarke-county","IA","36","36","SAME_VALUE_DIFFERENT_SOURCE"
"ia-clay-clay-county","IA","36","36","SAME_VALUE_DIFFERENT_SOURCE"
"ia-clayton-clayton-county","IA","36","36","SAME_VALUE_DIFFERENT_SOURCE"
"ia-clinton-clinton-county","IA","36","36","SAME_VALUE_DIFFERENT_SOURCE"
"ia-crawford-crawford-county","IA","36","36","SAME_VALUE_DIFFERENT_SOURCE"
"ia-dallas-dallas-county","IA","36","36","SAME_VALUE_DIFFERENT_SOURCE"
"ia-davis-davis-county","IA","36","36","SAME_VALUE_DIFFERENT_SOURCE"
"ia-decatur-decatur-county","IA","36","36","SAME_VALUE_DIFFERENT_SOURCE"
"ia-delaware-delaware-county","IA","36","36","SAME_VALUE_DIFFERENT_SOURCE"
"ia-des-moines-burlington","IA","36","36","SAME_VALUE_DIFFERENT_SOURCE"
"ia-des-moines-des-moines-county","IA","36","36","SAME_VALUE_DIFFERENT_SOURCE"
"ia-dickinson-dickinson-county","IA","36","36","SAME_VALUE_DIFFERENT_SOURCE"
"ia-dubuque-dubuque","IA","36","36","SAME_VALUE_DIFFERENT_SOURCE"
"ia-dubuque-dubuque-county","IA","36","36","SAME_VALUE_DIFFERENT_SOURCE"
"ia-emmet-emmet-county","IA","36","36","SAME_VALUE_DIFFERENT_SOURCE"
"ia-fayette-fayette-county","IA","36","36","SAME_VALUE_DIFFERENT_SOURCE"
"ia-floyd-floyd-county","IA","36","36","SAME_VALUE_DIFFERENT_SOURCE"
"ia-franklin-franklin-county","IA","36","36","SAME_VALUE_DIFFERENT_SOURCE"
"ia-fremont-fremont-county","IA","36","36","SAME_VALUE_DIFFERENT_SOURCE"
"ia-greene-greene-county","IA","36","36","SAME_VALUE_DIFFERENT_SOURCE"
"ia-grundy-grundy-county","IA","36","36","SAME_VALUE_DIFFERENT_SOURCE"
"ia-guthrie-guthrie-county","IA","36","36","SAME_VALUE_DIFFERENT_SOURCE"
"ia-hamilton-hamilton-county","IA","36","36","SAME_VALUE_DIFFERENT_SOURCE"
"ia-hancock-hancock-county","IA","36","36","SAME_VALUE_DIFFERENT_SOURCE"
"ia-hardin-hardin-county","IA","36","36","SAME_VALUE_DIFFERENT_SOURCE"
"ia-harrison-harrison-county","IA","36","36","SAME_VALUE_DIFFERENT_SOURCE"
"ia-henry-henry-county","IA","36","36","SAME_VALUE_DIFFERENT_SOURCE"
"ia-howard-howard-county","IA","36","36","SAME_VALUE_DIFFERENT_SOURCE"
"ia-humboldt-humboldt-county","IA","36","36","SAME_VALUE_DIFFERENT_SOURCE"
"ia-ida-ida-county","IA","36","36","SAME_VALUE_DIFFERENT_SOURCE"
"ia-iowa-iowa-county","IA","36","36","SAME_VALUE_DIFFERENT_SOURCE"
"ia-jackson-jackson-county","IA","36","36","SAME_VALUE_DIFFERENT_SOURCE"
"ia-jasper-jasper-county","IA","36","36","SAME_VALUE_DIFFERENT_SOURCE"
"ia-jefferson-jefferson-county","IA","36","36","SAME_VALUE_DIFFERENT_SOURCE"
"ia-johnson-iowa-city","IA","36","36","SAME_VALUE_DIFFERENT_SOURCE"
"ia-johnson-johnson-county","IA","36","36","SAME_VALUE_DIFFERENT_SOURCE"
"ia-jones-jones-county","IA","36","36","SAME_VALUE_DIFFERENT_SOURCE"
"ia-keokuk-keokuk-county","IA","36","36","SAME_VALUE_DIFFERENT_SOURCE"
"ia-kossuth-kossuth-county","IA","36","36","SAME_VALUE_DIFFERENT_SOURCE"
"ia-lee-lee-county","IA","36","36","SAME_VALUE_DIFFERENT_SOURCE"
"ia-linn-cedar-rapids","IA","36","36","SAME_VALUE_DIFFERENT_SOURCE"
"ia-linn-linn-county","IA","36","36","SAME_VALUE_DIFFERENT_SOURCE"
"ia-louisa-louisa-county","IA","36","36","SAME_VALUE_DIFFERENT_SOURCE"
"ia-lucas-lucas-county","IA","36","36","SAME_VALUE_DIFFERENT_SOURCE"
"ia-lyon-lyon-county","IA","36","36","SAME_VALUE_DIFFERENT_SOURCE"
"ia-madison-madison-county","IA","36","36","SAME_VALUE_DIFFERENT_SOURCE"
"ia-mahaska-mahaska-county","IA","36","36","SAME_VALUE_DIFFERENT_SOURCE"
"ia-marion-marion-county","IA","36","36","SAME_VALUE_DIFFERENT_SOURCE"
"ia-marshall-marshalltown","IA","36","36","SAME_VALUE_DIFFERENT_SOURCE"
"ia-marshall-marshall-county","IA","36","36","SAME_VALUE_DIFFERENT_SOURCE"
"ia-mills-mills-county","IA","36","36","SAME_VALUE_DIFFERENT_SOURCE"
"ia-mitchell-mitchell-county","IA","36","36","SAME_VALUE_DIFFERENT_SOURCE"
"ia-monona-monona-county","IA","36","36","SAME_VALUE_DIFFERENT_SOURCE"
"ia-monroe-monroe-county","IA","36","36","SAME_VALUE_DIFFERENT_SOURCE"
"ia-montgomery-montgomery-county","IA","36","36","SAME_VALUE_DIFFERENT_SOURCE"
"ia-muscatine-muscatine-county","IA","36","36","SAME_VALUE_DIFFERENT_SOURCE"
"ia-obrien-obrien-county","IA","36","36","SAME_VALUE_DIFFERENT_SOURCE"
"ia-osceola-osceola-county","IA","36","36","SAME_VALUE_DIFFERENT_SOURCE"
"ia-page-page-county","IA","36","36","SAME_VALUE_DIFFERENT_SOURCE"
"ia-palo-alto-palo-alto-county","IA","36","36","SAME_VALUE_DIFFERENT_SOURCE"
"ia-plymouth-plymouth-county","IA","36","36","SAME_VALUE_DIFFERENT_SOURCE"
"ia-pocahontas-pocahontas-county","IA","36","36","SAME_VALUE_DIFFERENT_SOURCE"
"ia-polk-ankeny","IA","36","36","SAME_VALUE_DIFFERENT_SOURCE"
"ia-polk-polk-county","IA","36","36","SAME_VALUE_DIFFERENT_SOURCE"
"ia-polk-urbandale","IA","36","36","SAME_VALUE_DIFFERENT_SOURCE"
"ia-polk-west-des-moines","IA","36","36","SAME_VALUE_DIFFERENT_SOURCE"
"ia-pottawattamie-council-bluffs","IA","36","36","SAME_VALUE_DIFFERENT_SOURCE"
"ia-pottawattamie-pottawattamie-county","IA","36","36","SAME_VALUE_DIFFERENT_SOURCE"
"ia-poweshiek-poweshiek-county","IA","36","36","SAME_VALUE_DIFFERENT_SOURCE"
"ia-ringgold-ringgold-county","IA","36","36","SAME_VALUE_DIFFERENT_SOURCE"
"ia-sac-sac-county","IA","36","36","SAME_VALUE_DIFFERENT_SOURCE"
"ia-scott-davenport","IA","36","36","SAME_VALUE_DIFFERENT_SOURCE"
"ia-scott-scott-county","IA","36","36","SAME_VALUE_DIFFERENT_SOURCE"
"ia-shelby-shelby-county","IA","36","36","SAME_VALUE_DIFFERENT_SOURCE"
"ia-sioux-sioux-county","IA","36","36","SAME_VALUE_DIFFERENT_SOURCE"
"ia-story-ames","IA","36","36","SAME_VALUE_DIFFERENT_SOURCE"
"ia-story-story-county","IA","36","36","SAME_VALUE_DIFFERENT_SOURCE"
"ia-tama-tama-county","IA","36","36","SAME_VALUE_DIFFERENT_SOURCE"
"ia-taylor-taylor-county","IA","36","36","SAME_VALUE_DIFFERENT_SOURCE"
"ia-union-union-county","IA","36","36","SAME_VALUE_DIFFERENT_SOURCE"
"ia-van-buren-van-buren-county","IA","36","36","SAME_VALUE_DIFFERENT_SOURCE"
"ia-wapello-wapello-county","IA","36","36","SAME_VALUE_DIFFERENT_SOURCE"
"ia-warren-warren-county","IA","36","36","SAME_VALUE_DIFFERENT_SOURCE"
"ia-washington-washington-county","IA","36","36","SAME_VALUE_DIFFERENT_SOURCE"
"ia-wayne-wayne-county","IA","36","36","SAME_VALUE_DIFFERENT_SOURCE"
"ia-webster-fort-dodge","IA","36","36","SAME_VALUE_DIFFERENT_SOURCE"
"ia-webster-webster-county","IA","36","36","SAME_VALUE_DIFFERENT_SOURCE"
"ia-winnebago-winnebago-county","IA","36","36","SAME_VALUE_DIFFERENT_SOURCE"
"ia-winneshiek-winneshiek-county","IA","36","36","SAME_VALUE_DIFFERENT_SOURCE"
"ia-woodbury-sioux-city","IA","36","36","SAME_VALUE_DIFFERENT_SOURCE"
"ia-woodbury-woodbury-county","IA","36","36","SAME_VALUE_DIFFERENT_SOURCE"
"ia-worth-worth-county","IA","36","36","SAME_VALUE_DIFFERENT_SOURCE"
"ia-wright-wright-county","IA","36","36","SAME_VALUE_DIFFERENT_SOURCE"
"id-ada-eagle","ID","36","36","SAME_VALUE_DIFFERENT_SOURCE"
"id-ada-kuna","ID","36","36","SAME_VALUE_DIFFERENT_SOURCE"
"id-ada-meridian","ID","36","36","SAME_VALUE_DIFFERENT_SOURCE"
"id-ada-ada-county","ID","36","36","SAME_VALUE_DIFFERENT_SOURCE"
"id-adams-adams-county","ID","36","36","SAME_VALUE_DIFFERENT_SOURCE"
"id-bannock-pocatello","ID","36","36","SAME_VALUE_DIFFERENT_SOURCE"
"id-bannock-bannock-county","ID","36","36","SAME_VALUE_DIFFERENT_SOURCE"
"id-bear-lake-bear-lake-county","ID","36","36","SAME_VALUE_DIFFERENT_SOURCE"
"id-benewah-benewah-county","ID","36","36","SAME_VALUE_DIFFERENT_SOURCE"
"id-bingham-bingham-county","ID","36","36","SAME_VALUE_DIFFERENT_SOURCE"
"id-blaine-blaine-county","ID","36","36","SAME_VALUE_DIFFERENT_SOURCE"
"id-boise-boise-county","ID","36","36","SAME_VALUE_DIFFERENT_SOURCE"
"id-bonner-bonner-county","ID","36","36","SAME_VALUE_DIFFERENT_SOURCE"
"id-bonneville-ammon","ID","36","36","SAME_VALUE_DIFFERENT_SOURCE"
"id-bonneville-bonneville-county","ID","36","36","SAME_VALUE_DIFFERENT_SOURCE"
"id-boundary-boundary-county","ID","36","36","SAME_VALUE_DIFFERENT_SOURCE"
"id-butte-butte-county","ID","36","36","SAME_VALUE_DIFFERENT_SOURCE"
"id-camas-camas-county","ID","36","36","SAME_VALUE_DIFFERENT_SOURCE"
"id-canyon-canyon-county","ID","36","36","SAME_VALUE_DIFFERENT_SOURCE"
"id-caribou-caribou-county","ID","36","36","SAME_VALUE_DIFFERENT_SOURCE"
"id-cassia-cassia-county","ID","36","36","SAME_VALUE_DIFFERENT_SOURCE"
"id-clark-clark-county","ID","36","36","SAME_VALUE_DIFFERENT_SOURCE"
"id-clearwater-clearwater-county","ID","36","36","SAME_VALUE_DIFFERENT_SOURCE"
"id-custer-custer-county","ID","36","36","SAME_VALUE_DIFFERENT_SOURCE"
"id-elmore-elmore-county","ID","36","36","SAME_VALUE_DIFFERENT_SOURCE"
"id-franklin-franklin-county","ID","36","36","SAME_VALUE_DIFFERENT_SOURCE"
"id-fremont-fremont-county","ID","36","36","SAME_VALUE_DIFFERENT_SOURCE"
"id-gem-gem-county","ID","36","36","SAME_VALUE_DIFFERENT_SOURCE"
"id-gooding-gooding-county","ID","36","36","SAME_VALUE_DIFFERENT_SOURCE"
"id-idaho-idaho-county","ID","36","36","SAME_VALUE_DIFFERENT_SOURCE"
"id-jefferson-jefferson-county","ID","36","36","SAME_VALUE_DIFFERENT_SOURCE"
"id-jerome-jerome-county","ID","36","36","SAME_VALUE_DIFFERENT_SOURCE"
"id-kootenai-coeur-dalene","ID","36","36","SAME_VALUE_DIFFERENT_SOURCE"
"id-kootenai-post-falls","ID","36","36","SAME_VALUE_DIFFERENT_SOURCE"
"id-kootenai-kootenai-county","ID","36","36","SAME_VALUE_DIFFERENT_SOURCE"
"id-latah-latah-county","ID","36","36","SAME_VALUE_DIFFERENT_SOURCE"
"id-lemhi-lemhi-county","ID","36","36","SAME_VALUE_DIFFERENT_SOURCE"
"id-lewis-lewis-county","ID","36","36","SAME_VALUE_DIFFERENT_SOURCE"
"id-lincoln-lincoln-county","ID","36","36","SAME_VALUE_DIFFERENT_SOURCE"
"id-madison-madison-county","ID","36","36","SAME_VALUE_DIFFERENT_SOURCE"
"id-minidoka-minidoka-county","ID","36","36","SAME_VALUE_DIFFERENT_SOURCE"
"id-nez-perce-lewiston","ID","36","36","SAME_VALUE_DIFFERENT_SOURCE"
"id-nez-perce-nez-perce-county","ID","36","36","SAME_VALUE_DIFFERENT_SOURCE"
"id-oneida-oneida-county","ID","36","36","SAME_VALUE_DIFFERENT_SOURCE"
"id-owyhee-owyhee-county","ID","36","36","SAME_VALUE_DIFFERENT_SOURCE"
"id-payette-payette-county","ID","36","36","SAME_VALUE_DIFFERENT_SOURCE"
"id-power-power-county","ID","36","36","SAME_VALUE_DIFFERENT_SOURCE"
"id-shoshone-shoshone-county","ID","36","36","SAME_VALUE_DIFFERENT_SOURCE"
"id-teton-teton-county","ID","36","36","SAME_VALUE_DIFFERENT_SOURCE"
"id-twin-falls-twin-falls","ID","36","36","SAME_VALUE_DIFFERENT_SOURCE"
"id-twin-falls-twin-falls-county","ID","36","36","SAME_VALUE_DIFFERENT_SOURCE"
"id-valley-valley-county","ID","36","36","SAME_VALUE_DIFFERENT_SOURCE"
"id-washington-washington-county","ID","36","36","SAME_VALUE_DIFFERENT_SOURCE"
"il-adams-adams-county","IL","36","36","SAME_VALUE_DIFFERENT_SOURCE"
"il-alexander-alexander-county","IL","36","36","SAME_VALUE_DIFFERENT_SOURCE"
"il-bond-bond-county","IL","36","36","SAME_VALUE_DIFFERENT_SOURCE"
"il-boone-boone-county","IL","36","36","SAME_VALUE_DIFFERENT_SOURCE"
"il-brown-brown-county","IL","36","36","SAME_VALUE_DIFFERENT_SOURCE"
"il-bureau-bureau-county","IL","36","36","SAME_VALUE_DIFFERENT_SOURCE"
"il-calhoun-calhoun-county","IL","36","36","SAME_VALUE_DIFFERENT_SOURCE"
"il-carroll-carroll-county","IL","36","36","SAME_VALUE_DIFFERENT_SOURCE"
"il-cass-cass-county","IL","36","36","SAME_VALUE_DIFFERENT_SOURCE"
"il-champaign-champaign","IL","36","36","SAME_VALUE_DIFFERENT_SOURCE"
"il-champaign-champaign-county","IL","36","36","SAME_VALUE_DIFFERENT_SOURCE"
"il-christian-christian-county","IL","36","36","SAME_VALUE_DIFFERENT_SOURCE"
"il-clark-clark-county","IL","36","36","SAME_VALUE_DIFFERENT_SOURCE"
"il-clay-clay-county","IL","36","36","SAME_VALUE_DIFFERENT_SOURCE"
"il-clinton-clinton-county","IL","36","36","SAME_VALUE_DIFFERENT_SOURCE"
"il-coles-coles-county","IL","36","36","SAME_VALUE_DIFFERENT_SOURCE"
"il-cook-arlington-heights","IL","36","36","SAME_VALUE_DIFFERENT_SOURCE"
"il-cook-evanston","IL","36","36","SAME_VALUE_DIFFERENT_SOURCE"
"il-cook-oak-lawn","IL","36","36","SAME_VALUE_DIFFERENT_SOURCE"
"il-cook-schaumburg","IL","36","36","SAME_VALUE_DIFFERENT_SOURCE"
"il-crawford-crawford-county","IL","36","36","SAME_VALUE_DIFFERENT_SOURCE"
"il-cumberland-cumberland-county","IL","36","36","SAME_VALUE_DIFFERENT_SOURCE"
"il-de-witt-de-witt-county","IL","36","36","SAME_VALUE_DIFFERENT_SOURCE"
"il-dekalb-dekalb-county","IL","36","36","SAME_VALUE_DIFFERENT_SOURCE"
"il-douglas-douglas-county","IL","36","36","SAME_VALUE_DIFFERENT_SOURCE"
"il-dupage-dupage-county","IL","36","36","SAME_VALUE_DIFFERENT_SOURCE"
"il-edgar-edgar-county","IL","36","36","SAME_VALUE_DIFFERENT_SOURCE"
"il-edwards-edwards-county","IL","36","36","SAME_VALUE_DIFFERENT_SOURCE"
"il-effingham-effingham-county","IL","36","36","SAME_VALUE_DIFFERENT_SOURCE"
"il-fayette-fayette-county","IL","36","36","SAME_VALUE_DIFFERENT_SOURCE"
"il-ford-ford-county","IL","36","36","SAME_VALUE_DIFFERENT_SOURCE"
"il-franklin-franklin-county","IL","36","36","SAME_VALUE_DIFFERENT_SOURCE"
"il-fulton-fulton-county","IL","36","36","SAME_VALUE_DIFFERENT_SOURCE"
"il-gallatin-gallatin-county","IL","36","36","SAME_VALUE_DIFFERENT_SOURCE"
"il-greene-greene-county","IL","36","36","SAME_VALUE_DIFFERENT_SOURCE"
"il-grundy-grundy-county","IL","36","36","SAME_VALUE_DIFFERENT_SOURCE"
"il-hamilton-hamilton-county","IL","36","36","SAME_VALUE_DIFFERENT_SOURCE"
"il-hancock-hancock-county","IL","36","36","SAME_VALUE_DIFFERENT_SOURCE"
"il-hardin-hardin-county","IL","36","36","SAME_VALUE_DIFFERENT_SOURCE"
"il-henderson-henderson-county","IL","36","36","SAME_VALUE_DIFFERENT_SOURCE"
"il-henry-henry-county","IL","36","36","SAME_VALUE_DIFFERENT_SOURCE"
"il-iroquois-iroquois-county","IL","36","36","SAME_VALUE_DIFFERENT_SOURCE"
"il-jackson-carbondale","IL","36","36","SAME_VALUE_DIFFERENT_SOURCE"
"il-jackson-jackson-county","IL","36","36","SAME_VALUE_DIFFERENT_SOURCE"
"il-jasper-jasper-county","IL","36","36","SAME_VALUE_DIFFERENT_SOURCE"
"il-jefferson-jefferson-county","IL","36","36","SAME_VALUE_DIFFERENT_SOURCE"
"il-jersey-jersey-county","IL","36","36","SAME_VALUE_DIFFERENT_SOURCE"
"il-jo-daviess-jo-daviess-county","IL","36","36","SAME_VALUE_DIFFERENT_SOURCE"
"il-johnson-johnson-county","IL","36","36","SAME_VALUE_DIFFERENT_SOURCE"
"il-kane-kane-county","IL","36","36","SAME_VALUE_DIFFERENT_SOURCE"
"il-kankakee-kankakee-county","IL","36","36","SAME_VALUE_DIFFERENT_SOURCE"
"il-kendall-kendall-county","IL","36","36","SAME_VALUE_DIFFERENT_SOURCE"
"il-knox-knox-county","IL","36","36","SAME_VALUE_DIFFERENT_SOURCE"
"il-lake-lake-county","IL","36","36","SAME_VALUE_DIFFERENT_SOURCE"
"il-lasalle-lasalle-county","IL","36","36","SAME_VALUE_DIFFERENT_SOURCE"
"il-lawrence-lawrence-county","IL","36","36","SAME_VALUE_DIFFERENT_SOURCE"
"il-lee-lee-county","IL","36","36","SAME_VALUE_DIFFERENT_SOURCE"
"il-livingston-livingston-county","IL","36","36","SAME_VALUE_DIFFERENT_SOURCE"
"il-logan-logan-county","IL","36","36","SAME_VALUE_DIFFERENT_SOURCE"
"il-macon-decatur","IL","36","36","SAME_VALUE_DIFFERENT_SOURCE"
"il-macon-macon-county","IL","36","36","SAME_VALUE_DIFFERENT_SOURCE"
"il-macoupin-macoupin-county","IL","36","36","SAME_VALUE_DIFFERENT_SOURCE"
"il-marion-marion-county","IL","36","36","SAME_VALUE_DIFFERENT_SOURCE"
"il-marshall-marshall-county","IL","36","36","SAME_VALUE_DIFFERENT_SOURCE"
"il-mason-mason-county","IL","36","36","SAME_VALUE_DIFFERENT_SOURCE"
"il-massac-massac-county","IL","36","36","SAME_VALUE_DIFFERENT_SOURCE"
"il-mcdonough-mcdonough-county","IL","36","36","SAME_VALUE_DIFFERENT_SOURCE"
"il-mchenry-mchenry-county","IL","36","36","SAME_VALUE_DIFFERENT_SOURCE"
"il-mclean-bloomington","IL","36","36","SAME_VALUE_DIFFERENT_SOURCE"
"il-mclean-normal","IL","36","36","SAME_VALUE_DIFFERENT_SOURCE"
"il-mclean-mclean-county","IL","36","36","SAME_VALUE_DIFFERENT_SOURCE"
"il-menard-menard-county","IL","36","36","SAME_VALUE_DIFFERENT_SOURCE"
"il-mercer-mercer-county","IL","36","36","SAME_VALUE_DIFFERENT_SOURCE"
"il-monroe-monroe-county","IL","36","36","SAME_VALUE_DIFFERENT_SOURCE"
"il-montgomery-montgomery-county","IL","36","36","SAME_VALUE_DIFFERENT_SOURCE"
"il-morgan-morgan-county","IL","36","36","SAME_VALUE_DIFFERENT_SOURCE"
"il-moultrie-moultrie-county","IL","36","36","SAME_VALUE_DIFFERENT_SOURCE"
"il-ogle-ogle-county","IL","36","36","SAME_VALUE_DIFFERENT_SOURCE"
"il-peoria-peoria","IL","36","36","SAME_VALUE_DIFFERENT_SOURCE"
"il-peoria-peoria-county","IL","36","36","SAME_VALUE_DIFFERENT_SOURCE"
"il-perry-perry-county","IL","36","36","SAME_VALUE_DIFFERENT_SOURCE"
"il-piatt-piatt-county","IL","36","36","SAME_VALUE_DIFFERENT_SOURCE"
"il-pike-pike-county","IL","36","36","SAME_VALUE_DIFFERENT_SOURCE"
"il-pope-pope-county","IL","36","36","SAME_VALUE_DIFFERENT_SOURCE"
"il-pulaski-pulaski-county","IL","36","36","SAME_VALUE_DIFFERENT_SOURCE"
"il-putnam-putnam-county","IL","36","36","SAME_VALUE_DIFFERENT_SOURCE"
"il-randolph-randolph-county","IL","36","36","SAME_VALUE_DIFFERENT_SOURCE"
"il-richland-richland-county","IL","36","36","SAME_VALUE_DIFFERENT_SOURCE"
"il-rock-island-rock-island-county","IL","36","36","SAME_VALUE_DIFFERENT_SOURCE"
"il-saline-saline-county","IL","36","36","SAME_VALUE_DIFFERENT_SOURCE"
"il-sangamon-sangamon-county","IL","36","36","SAME_VALUE_DIFFERENT_SOURCE"
"il-schuyler-schuyler-county","IL","36","36","SAME_VALUE_DIFFERENT_SOURCE"
"il-scott-scott-county","IL","36","36","SAME_VALUE_DIFFERENT_SOURCE"
"il-shelby-shelby-county","IL","36","36","SAME_VALUE_DIFFERENT_SOURCE"
"il-st-clair-st-clair-county","IL","36","36","SAME_VALUE_DIFFERENT_SOURCE"
"il-stark-stark-county","IL","36","36","SAME_VALUE_DIFFERENT_SOURCE"
"il-stephenson-stephenson-county","IL","36","36","SAME_VALUE_DIFFERENT_SOURCE"
"il-tazewell-tazewell-county","IL","36","36","SAME_VALUE_DIFFERENT_SOURCE"
"il-union-union-county","IL","36","36","SAME_VALUE_DIFFERENT_SOURCE"
"il-vermilion-vermilion-county","IL","36","36","SAME_VALUE_DIFFERENT_SOURCE"
"il-wabash-wabash-county","IL","36","36","SAME_VALUE_DIFFERENT_SOURCE"
"il-warren-warren-county","IL","36","36","SAME_VALUE_DIFFERENT_SOURCE"
"il-washington-washington-county","IL","36","36","SAME_VALUE_DIFFERENT_SOURCE"
"il-wayne-wayne-county","IL","36","36","SAME_VALUE_DIFFERENT_SOURCE"
"il-white-white-county","IL","36","36","SAME_VALUE_DIFFERENT_SOURCE"
"il-whiteside-whiteside-county","IL","36","36","SAME_VALUE_DIFFERENT_SOURCE"
"il-will-bolingbrook","IL","36","36","SAME_VALUE_DIFFERENT_SOURCE"
"il-will-romeoville","IL","36","36","SAME_VALUE_DIFFERENT_SOURCE"
"il-will-will-county","IL","36","36","SAME_VALUE_DIFFERENT_SOURCE"
"il-williamson-williamson-county","IL","36","36","SAME_VALUE_DIFFERENT_SOURCE"
"il-winnebago-winnebago-county","IL","36","36","SAME_VALUE_DIFFERENT_SOURCE"
"il-woodford-woodford-county","IL","36","36","SAME_VALUE_DIFFERENT_SOURCE"
"in-adams-adams-county","IN","36","36","SAME_VALUE_DIFFERENT_SOURCE"
"in-allen-fort-wayne","IN","36","36","SAME_VALUE_DIFFERENT_SOURCE"
"in-allen-allen-county","IN","36","36","SAME_VALUE_DIFFERENT_SOURCE"
"in-bartholomew-columbus","IN","36","36","SAME_VALUE_DIFFERENT_SOURCE"
"in-bartholomew-bartholomew-county","IN","36","36","SAME_VALUE_DIFFERENT_SOURCE"
"in-benton-benton-county","IN","36","36","SAME_VALUE_DIFFERENT_SOURCE"
"in-blackford-blackford-county","IN","36","36","SAME_VALUE_DIFFERENT_SOURCE"
"in-boone-boone-county","IN","36","36","SAME_VALUE_DIFFERENT_SOURCE"
"in-boone-zionsville","IN","36","36","SAME_VALUE_DIFFERENT_SOURCE"
"in-brown-brown-county","IN","36","36","SAME_VALUE_DIFFERENT_SOURCE"
"in-carroll-carroll-county","IN","36","36","SAME_VALUE_DIFFERENT_SOURCE"
"in-cass-cass-county","IN","36","36","SAME_VALUE_DIFFERENT_SOURCE"
"in-clark-clark-county","IN","36","36","SAME_VALUE_DIFFERENT_SOURCE"
"in-clay-clay-county","IN","36","36","SAME_VALUE_DIFFERENT_SOURCE"
"in-clinton-clinton-county","IN","36","36","SAME_VALUE_DIFFERENT_SOURCE"
"in-crawford-crawford-county","IN","36","36","SAME_VALUE_DIFFERENT_SOURCE"
"in-daviess-daviess-county","IN","36","36","SAME_VALUE_DIFFERENT_SOURCE"
"in-dearborn-dearborn-county","IN","36","36","SAME_VALUE_DIFFERENT_SOURCE"
"in-decatur-decatur-county","IN","36","36","SAME_VALUE_DIFFERENT_SOURCE"
"in-dekalb-dekalb-county","IN","36","36","SAME_VALUE_DIFFERENT_SOURCE"
"in-delaware-muncie","IN","36","36","SAME_VALUE_DIFFERENT_SOURCE"
"in-delaware-delaware-county","IN","36","36","SAME_VALUE_DIFFERENT_SOURCE"
"in-dubois-dubois-county","IN","36","36","SAME_VALUE_DIFFERENT_SOURCE"
"in-elkhart-elkhart","IN","36","36","SAME_VALUE_DIFFERENT_SOURCE"
"in-elkhart-elkhart-county","IN","36","36","SAME_VALUE_DIFFERENT_SOURCE"
"in-fayette-fayette-county","IN","36","36","SAME_VALUE_DIFFERENT_SOURCE"
"in-floyd-floyd-county","IN","36","36","SAME_VALUE_DIFFERENT_SOURCE"
"in-fountain-fountain-county","IN","36","36","SAME_VALUE_DIFFERENT_SOURCE"
"in-franklin-franklin-county","IN","36","36","SAME_VALUE_DIFFERENT_SOURCE"
"in-fulton-fulton-county","IN","36","36","SAME_VALUE_DIFFERENT_SOURCE"
"in-gibson-gibson-county","IN","36","36","SAME_VALUE_DIFFERENT_SOURCE"
"in-grant-grant-county","IN","36","36","SAME_VALUE_DIFFERENT_SOURCE"
"in-greene-greene-county","IN","36","36","SAME_VALUE_DIFFERENT_SOURCE"
"in-hamilton-carmel","IN","36","36","SAME_VALUE_DIFFERENT_SOURCE"
"in-hamilton-fishers","IN","36","36","SAME_VALUE_DIFFERENT_SOURCE"
"in-hamilton-noblesville","IN","36","36","SAME_VALUE_DIFFERENT_SOURCE"
"in-hamilton-hamilton-county","IN","36","36","SAME_VALUE_DIFFERENT_SOURCE"
"in-hamilton-westfield","IN","36","36","SAME_VALUE_DIFFERENT_SOURCE"
"in-hancock-hancock-county","IN","36","36","SAME_VALUE_DIFFERENT_SOURCE"
"in-harrison-harrison-county","IN","36","36","SAME_VALUE_DIFFERENT_SOURCE"
"in-hendricks-plainfield","IN","36","36","SAME_VALUE_DIFFERENT_SOURCE"
"in-hendricks-hendricks-county","IN","36","36","SAME_VALUE_DIFFERENT_SOURCE"
"in-henry-henry-county","IN","36","36","SAME_VALUE_DIFFERENT_SOURCE"
"in-howard-howard-county","IN","36","36","SAME_VALUE_DIFFERENT_SOURCE"
"in-huntington-huntington-county","IN","36","36","SAME_VALUE_DIFFERENT_SOURCE"
"in-jackson-jackson-county","IN","36","36","SAME_VALUE_DIFFERENT_SOURCE"
"in-jasper-jasper-county","IN","36","36","SAME_VALUE_DIFFERENT_SOURCE"
"in-jay-jay-county","IN","36","36","SAME_VALUE_DIFFERENT_SOURCE"
"in-jefferson-jefferson-county","IN","36","36","SAME_VALUE_DIFFERENT_SOURCE"
"in-jennings-jennings-county","IN","36","36","SAME_VALUE_DIFFERENT_SOURCE"
"in-johnson-greenwood","IN","36","36","SAME_VALUE_DIFFERENT_SOURCE"
"in-johnson-johnson-county","IN","36","36","SAME_VALUE_DIFFERENT_SOURCE"
"in-knox-knox-county","IN","36","36","SAME_VALUE_DIFFERENT_SOURCE"
"in-kosciusko-kosciusko-county","IN","36","36","SAME_VALUE_DIFFERENT_SOURCE"
"in-lagrange-lagrange-county","IN","36","36","SAME_VALUE_DIFFERENT_SOURCE"
"in-lake-lake-county","IN","36","36","SAME_VALUE_DIFFERENT_SOURCE"
"in-laporte-laporte-county","IN","36","36","SAME_VALUE_DIFFERENT_SOURCE"
"in-lawrence-lawrence-county","IN","36","36","SAME_VALUE_DIFFERENT_SOURCE"
"in-madison-anderson","IN","36","36","SAME_VALUE_DIFFERENT_SOURCE"
"in-madison-madison-county","IN","36","36","SAME_VALUE_DIFFERENT_SOURCE"
"in-marion-marion-county","IN","36","36","SAME_VALUE_DIFFERENT_SOURCE"
"in-marshall-marshall-county","IN","36","36","SAME_VALUE_DIFFERENT_SOURCE"
"in-martin-martin-county","IN","36","36","SAME_VALUE_DIFFERENT_SOURCE"
"in-miami-miami-county","IN","36","36","SAME_VALUE_DIFFERENT_SOURCE"
"in-monroe-bloomington","IN","36","36","SAME_VALUE_DIFFERENT_SOURCE"
"in-monroe-monroe-county","IN","36","36","SAME_VALUE_DIFFERENT_SOURCE"
"in-montgomery-montgomery-county","IN","36","36","SAME_VALUE_DIFFERENT_SOURCE"
"in-morgan-morgan-county","IN","36","36","SAME_VALUE_DIFFERENT_SOURCE"
"in-newton-newton-county","IN","36","36","SAME_VALUE_DIFFERENT_SOURCE"
"in-noble-noble-county","IN","36","36","SAME_VALUE_DIFFERENT_SOURCE"
"in-ohio-ohio-county","IN","36","36","SAME_VALUE_DIFFERENT_SOURCE"
"in-orange-orange-county","IN","36","36","SAME_VALUE_DIFFERENT_SOURCE"
"in-owen-owen-county","IN","36","36","SAME_VALUE_DIFFERENT_SOURCE"
"in-parke-parke-county","IN","36","36","SAME_VALUE_DIFFERENT_SOURCE"
"in-perry-perry-county","IN","36","36","SAME_VALUE_DIFFERENT_SOURCE"
"in-pike-pike-county","IN","36","36","SAME_VALUE_DIFFERENT_SOURCE"
"in-porter-porter-county","IN","36","36","SAME_VALUE_DIFFERENT_SOURCE"
"in-posey-posey-county","IN","36","36","SAME_VALUE_DIFFERENT_SOURCE"
"in-pulaski-pulaski-county","IN","36","36","SAME_VALUE_DIFFERENT_SOURCE"
"in-putnam-putnam-county","IN","36","36","SAME_VALUE_DIFFERENT_SOURCE"
"in-randolph-randolph-county","IN","36","36","SAME_VALUE_DIFFERENT_SOURCE"
"in-ripley-ripley-county","IN","36","36","SAME_VALUE_DIFFERENT_SOURCE"
"in-rush-rush-county","IN","36","36","SAME_VALUE_DIFFERENT_SOURCE"
"in-scott-scott-county","IN","36","36","SAME_VALUE_DIFFERENT_SOURCE"
"in-shelby-shelby-county","IN","36","36","SAME_VALUE_DIFFERENT_SOURCE"
"in-spencer-spencer-county","IN","36","36","SAME_VALUE_DIFFERENT_SOURCE"
"in-st-joseph-mishawaka","IN","36","36","SAME_VALUE_DIFFERENT_SOURCE"
"in-st-joseph-south-bend","IN","36","36","SAME_VALUE_DIFFERENT_SOURCE"
"in-st-joseph-st-joseph-county","IN","36","36","SAME_VALUE_DIFFERENT_SOURCE"
"in-starke-starke-county","IN","36","36","SAME_VALUE_DIFFERENT_SOURCE"
"in-steuben-steuben-county","IN","36","36","SAME_VALUE_DIFFERENT_SOURCE"
"in-sullivan-sullivan-county","IN","36","36","SAME_VALUE_DIFFERENT_SOURCE"
"in-switzerland-switzerland-county","IN","36","36","SAME_VALUE_DIFFERENT_SOURCE"
"in-tippecanoe-lafayette","IN","36","36","SAME_VALUE_DIFFERENT_SOURCE"
"in-tippecanoe-tippecanoe-county","IN","36","36","SAME_VALUE_DIFFERENT_SOURCE"
"in-tipton-tipton-county","IN","36","36","SAME_VALUE_DIFFERENT_SOURCE"
"in-union-union-county","IN","36","36","SAME_VALUE_DIFFERENT_SOURCE"
"in-vanderburgh-evansville","IN","36","36","SAME_VALUE_DIFFERENT_SOURCE"
"in-vanderburgh-vanderburgh-county","IN","36","36","SAME_VALUE_DIFFERENT_SOURCE"
"in-vermillion-vermillion-county","IN","36","36","SAME_VALUE_DIFFERENT_SOURCE"
"in-vigo-vigo-county","IN","36","36","SAME_VALUE_DIFFERENT_SOURCE"
"in-wabash-wabash-county","IN","36","36","SAME_VALUE_DIFFERENT_SOURCE"
"in-warren-warren-county","IN","36","36","SAME_VALUE_DIFFERENT_SOURCE"
"in-warrick-warrick-county","IN","36","36","SAME_VALUE_DIFFERENT_SOURCE"
"in-washington-washington-county","IN","36","36","SAME_VALUE_DIFFERENT_SOURCE"
"in-wayne-wayne-county","IN","36","36","SAME_VALUE_DIFFERENT_SOURCE"
"in-wells-wells-county","IN","36","36","SAME_VALUE_DIFFERENT_SOURCE"
"in-white-white-county","IN","36","36","SAME_VALUE_DIFFERENT_SOURCE"
"in-whitley-whitley-county","IN","36","36","SAME_VALUE_DIFFERENT_SOURCE"
"ks-allen-allen-county","KS","36","36","SAME_VALUE_DIFFERENT_SOURCE"
"ks-anderson-anderson-county","KS","36","36","SAME_VALUE_DIFFERENT_SOURCE"
"ks-atchison-atchison-county","KS","36","36","SAME_VALUE_DIFFERENT_SOURCE"
"ks-barber-barber-county","KS","36","36","SAME_VALUE_DIFFERENT_SOURCE"
"ks-barton-barton-county","KS","36","36","SAME_VALUE_DIFFERENT_SOURCE"
"ks-bourbon-bourbon-county","KS","36","36","SAME_VALUE_DIFFERENT_SOURCE"
"ks-brown-brown-county","KS","36","36","SAME_VALUE_DIFFERENT_SOURCE"
"ks-butler-butler-county","KS","36","36","SAME_VALUE_DIFFERENT_SOURCE"
"ks-chase-chase-county","KS","36","36","SAME_VALUE_DIFFERENT_SOURCE"
"ks-chautauqua-chautauqua-county","KS","36","36","SAME_VALUE_DIFFERENT_SOURCE"
"ks-cherokee-cherokee-county","KS","36","36","SAME_VALUE_DIFFERENT_SOURCE"
"ks-cheyenne-cheyenne-county","KS","36","36","SAME_VALUE_DIFFERENT_SOURCE"
"ks-clark-clark-county","KS","36","36","SAME_VALUE_DIFFERENT_SOURCE"
"ks-clay-clay-county","KS","36","36","SAME_VALUE_DIFFERENT_SOURCE"
"ks-cloud-cloud-county","KS","36","36","SAME_VALUE_DIFFERENT_SOURCE"
"ks-coffey-coffey-county","KS","36","36","SAME_VALUE_DIFFERENT_SOURCE"
"ks-comanche-comanche-county","KS","36","36","SAME_VALUE_DIFFERENT_SOURCE"
"ks-cowley-cowley-county","KS","36","36","SAME_VALUE_DIFFERENT_SOURCE"
"ks-crawford-crawford-county","KS","36","36","SAME_VALUE_DIFFERENT_SOURCE"
"ks-decatur-decatur-county","KS","36","36","SAME_VALUE_DIFFERENT_SOURCE"
"ks-dickinson-dickinson-county","KS","36","36","SAME_VALUE_DIFFERENT_SOURCE"
"ks-doniphan-doniphan-county","KS","36","36","SAME_VALUE_DIFFERENT_SOURCE"
"ks-douglas-lawrence","KS","36","36","SAME_VALUE_DIFFERENT_SOURCE"
"ks-douglas-douglas-county","KS","36","36","SAME_VALUE_DIFFERENT_SOURCE"
"ks-edwards-edwards-county","KS","36","36","SAME_VALUE_DIFFERENT_SOURCE"
"ks-elk-elk-county","KS","36","36","SAME_VALUE_DIFFERENT_SOURCE"
"ks-ellis-hays","KS","36","36","SAME_VALUE_DIFFERENT_SOURCE"
"ks-ellis-ellis-county","KS","36","36","SAME_VALUE_DIFFERENT_SOURCE"
"ks-ellsworth-ellsworth-county","KS","36","36","SAME_VALUE_DIFFERENT_SOURCE"
"ks-finney-garden-city","KS","36","36","SAME_VALUE_DIFFERENT_SOURCE"
"ks-finney-finney-county","KS","36","36","SAME_VALUE_DIFFERENT_SOURCE"
"ks-ford-dodge-city","KS","36","36","SAME_VALUE_DIFFERENT_SOURCE"
"ks-ford-ford-county","KS","36","36","SAME_VALUE_DIFFERENT_SOURCE"
"ks-franklin-franklin-county","KS","36","36","SAME_VALUE_DIFFERENT_SOURCE"
"ks-geary-geary-county","KS","36","36","SAME_VALUE_DIFFERENT_SOURCE"
"ks-gove-gove-county","KS","36","36","SAME_VALUE_DIFFERENT_SOURCE"
"ks-graham-graham-county","KS","36","36","SAME_VALUE_DIFFERENT_SOURCE"
"ks-grant-grant-county","KS","36","36","SAME_VALUE_DIFFERENT_SOURCE"
"ks-gray-gray-county","KS","36","36","SAME_VALUE_DIFFERENT_SOURCE"
"ks-greeley-greeley-county","KS","36","36","SAME_VALUE_DIFFERENT_SOURCE"
"ks-greenwood-greenwood-county","KS","36","36","SAME_VALUE_DIFFERENT_SOURCE"
"ks-hamilton-hamilton-county","KS","36","36","SAME_VALUE_DIFFERENT_SOURCE"
"ks-harper-harper-county","KS","36","36","SAME_VALUE_DIFFERENT_SOURCE"
"ks-harvey-harvey-county","KS","36","36","SAME_VALUE_DIFFERENT_SOURCE"
"ks-haskell-haskell-county","KS","36","36","SAME_VALUE_DIFFERENT_SOURCE"
"ks-hodgeman-hodgeman-county","KS","36","36","SAME_VALUE_DIFFERENT_SOURCE"
"ks-jackson-jackson-county","KS","36","36","SAME_VALUE_DIFFERENT_SOURCE"
"ks-jefferson-jefferson-county","KS","36","36","SAME_VALUE_DIFFERENT_SOURCE"
"ks-jewell-jewell-county","KS","36","36","SAME_VALUE_DIFFERENT_SOURCE"
"ks-johnson-leawood","KS","36","36","SAME_VALUE_DIFFERENT_SOURCE"
"ks-johnson-lenexa","KS","36","36","SAME_VALUE_DIFFERENT_SOURCE"
"ks-johnson-olathe","KS","36","36","SAME_VALUE_DIFFERENT_SOURCE"
"ks-johnson-overland-park","KS","36","36","SAME_VALUE_DIFFERENT_SOURCE"
"ks-johnson-shawnee","KS","36","36","SAME_VALUE_DIFFERENT_SOURCE"
"ks-johnson-johnson-county","KS","36","36","SAME_VALUE_DIFFERENT_SOURCE"
"ks-kearny-kearny-county","KS","36","36","SAME_VALUE_DIFFERENT_SOURCE"
"ks-kingman-kingman-county","KS","36","36","SAME_VALUE_DIFFERENT_SOURCE"
"ks-kiowa-kiowa-county","KS","36","36","SAME_VALUE_DIFFERENT_SOURCE"
"ks-labette-labette-county","KS","36","36","SAME_VALUE_DIFFERENT_SOURCE"
"ks-lane-lane-county","KS","36","36","SAME_VALUE_DIFFERENT_SOURCE"
"ks-leavenworth-leavenworth","KS","36","36","SAME_VALUE_DIFFERENT_SOURCE"
"ks-leavenworth-leavenworth-county","KS","36","36","SAME_VALUE_DIFFERENT_SOURCE"
"ks-lincoln-lincoln-county","KS","36","36","SAME_VALUE_DIFFERENT_SOURCE"
"ks-linn-linn-county","KS","36","36","SAME_VALUE_DIFFERENT_SOURCE"
"ks-logan-logan-county","KS","36","36","SAME_VALUE_DIFFERENT_SOURCE"
"ks-lyon-emporia","KS","36","36","SAME_VALUE_DIFFERENT_SOURCE"
"ks-lyon-lyon-county","KS","36","36","SAME_VALUE_DIFFERENT_SOURCE"
"ks-marion-marion-county","KS","36","36","SAME_VALUE_DIFFERENT_SOURCE"
"ks-marshall-marshall-county","KS","36","36","SAME_VALUE_DIFFERENT_SOURCE"
"ks-mcpherson-mcpherson-county","KS","36","36","SAME_VALUE_DIFFERENT_SOURCE"
"ks-meade-meade-county","KS","36","36","SAME_VALUE_DIFFERENT_SOURCE"
"ks-miami-miami-county","KS","36","36","SAME_VALUE_DIFFERENT_SOURCE"
"ks-mitchell-mitchell-county","KS","36","36","SAME_VALUE_DIFFERENT_SOURCE"
"ks-montgomery-montgomery-county","KS","36","36","SAME_VALUE_DIFFERENT_SOURCE"
"ks-morris-morris-county","KS","36","36","SAME_VALUE_DIFFERENT_SOURCE"
"ks-morton-morton-county","KS","36","36","SAME_VALUE_DIFFERENT_SOURCE"
"ks-nemaha-nemaha-county","KS","36","36","SAME_VALUE_DIFFERENT_SOURCE"
"ks-neosho-neosho-county","KS","36","36","SAME_VALUE_DIFFERENT_SOURCE"
"ks-ness-ness-county","KS","36","36","SAME_VALUE_DIFFERENT_SOURCE"
"ks-norton-norton-county","KS","36","36","SAME_VALUE_DIFFERENT_SOURCE"
"ks-osage-osage-county","KS","36","36","SAME_VALUE_DIFFERENT_SOURCE"
"ks-osborne-osborne-county","KS","36","36","SAME_VALUE_DIFFERENT_SOURCE"
"ks-ottawa-ottawa-county","KS","36","36","SAME_VALUE_DIFFERENT_SOURCE"
"ks-pawnee-pawnee-county","KS","36","36","SAME_VALUE_DIFFERENT_SOURCE"
"ks-phillips-phillips-county","KS","36","36","SAME_VALUE_DIFFERENT_SOURCE"
"ks-pottawatomie-pottawatomie-county","KS","36","36","SAME_VALUE_DIFFERENT_SOURCE"
"ks-pratt-pratt-county","KS","36","36","SAME_VALUE_DIFFERENT_SOURCE"
"ks-rawlins-rawlins-county","KS","36","36","SAME_VALUE_DIFFERENT_SOURCE"
"ks-reno-reno-county","KS","36","36","SAME_VALUE_DIFFERENT_SOURCE"
"ks-republic-republic-county","KS","36","36","SAME_VALUE_DIFFERENT_SOURCE"
"ks-rice-rice-county","KS","36","36","SAME_VALUE_DIFFERENT_SOURCE"
"ks-riley-manhattan","KS","36","36","SAME_VALUE_DIFFERENT_SOURCE"
"ks-riley-riley-county","KS","36","36","SAME_VALUE_DIFFERENT_SOURCE"
"ks-rooks-rooks-county","KS","36","36","SAME_VALUE_DIFFERENT_SOURCE"
"ks-rush-rush-county","KS","36","36","SAME_VALUE_DIFFERENT_SOURCE"
"ks-russell-russell-county","KS","36","36","SAME_VALUE_DIFFERENT_SOURCE"
"ks-saline-saline-county","KS","36","36","SAME_VALUE_DIFFERENT_SOURCE"
"ks-scott-scott-county","KS","36","36","SAME_VALUE_DIFFERENT_SOURCE"
"ks-sedgwick-sedgwick-county","KS","36","36","SAME_VALUE_DIFFERENT_SOURCE"
"ks-seward-seward-county","KS","36","36","SAME_VALUE_DIFFERENT_SOURCE"
"ks-shawnee-topeka","KS","36","36","SAME_VALUE_DIFFERENT_SOURCE"
"ks-shawnee-shawnee-county","KS","36","36","SAME_VALUE_DIFFERENT_SOURCE"
"ks-sheridan-sheridan-county","KS","36","36","SAME_VALUE_DIFFERENT_SOURCE"
"ks-sherman-sherman-county","KS","36","36","SAME_VALUE_DIFFERENT_SOURCE"
"ks-smith-smith-county","KS","36","36","SAME_VALUE_DIFFERENT_SOURCE"
"ks-stafford-stafford-county","KS","36","36","SAME_VALUE_DIFFERENT_SOURCE"
"ks-stanton-stanton-county","KS","36","36","SAME_VALUE_DIFFERENT_SOURCE"
"ks-stevens-stevens-county","KS","36","36","SAME_VALUE_DIFFERENT_SOURCE"
"ks-sumner-sumner-county","KS","36","36","SAME_VALUE_DIFFERENT_SOURCE"
"ks-thomas-thomas-county","KS","36","36","SAME_VALUE_DIFFERENT_SOURCE"
"ks-trego-trego-county","KS","36","36","SAME_VALUE_DIFFERENT_SOURCE"
"ks-wabaunsee-wabaunsee-county","KS","36","36","SAME_VALUE_DIFFERENT_SOURCE"
"ks-wallace-wallace-county","KS","36","36","SAME_VALUE_DIFFERENT_SOURCE"
"ks-washington-washington-county","KS","36","36","SAME_VALUE_DIFFERENT_SOURCE"
"ks-wichita-wichita-county","KS","36","36","SAME_VALUE_DIFFERENT_SOURCE"
"ks-wilson-wilson-county","KS","36","36","SAME_VALUE_DIFFERENT_SOURCE"
"ks-woodson-woodson-county","KS","36","36","SAME_VALUE_DIFFERENT_SOURCE"
"ks-wyandotte-kansas-city","KS","36","36","SAME_VALUE_DIFFERENT_SOURCE"
"ks-wyandotte-wyandotte-county","KS","36","36","SAME_VALUE_DIFFERENT_SOURCE"
"ky-adair-adair-county","KY","36","36","SAME_VALUE_DIFFERENT_SOURCE"
"ky-allen-allen-county","KY","36","36","SAME_VALUE_DIFFERENT_SOURCE"
"ky-anderson-anderson-county","KY","36","36","SAME_VALUE_DIFFERENT_SOURCE"
"ky-ballard-ballard-county","KY","36","36","SAME_VALUE_DIFFERENT_SOURCE"
"ky-barren-barren-county","KY","36","36","SAME_VALUE_DIFFERENT_SOURCE"
"ky-bath-bath-county","KY","36","36","SAME_VALUE_DIFFERENT_SOURCE"
"ky-bell-bell-county","KY","36","36","SAME_VALUE_DIFFERENT_SOURCE"
"ky-boone-florence","KY","36","36","SAME_VALUE_DIFFERENT_SOURCE"
"ky-boone-boone-county","KY","36","36","SAME_VALUE_DIFFERENT_SOURCE"
"ky-bourbon-bourbon-county","KY","36","36","SAME_VALUE_DIFFERENT_SOURCE"
"ky-boyd-ashland","KY","36","36","SAME_VALUE_DIFFERENT_SOURCE"
"ky-boyd-boyd-county","KY","36","36","SAME_VALUE_DIFFERENT_SOURCE"
"ky-boyle-danville","KY","36","36","SAME_VALUE_DIFFERENT_SOURCE"
"ky-boyle-boyle-county","KY","36","36","SAME_VALUE_DIFFERENT_SOURCE"
"ky-bracken-bracken-county","KY","36","36","SAME_VALUE_DIFFERENT_SOURCE"
"ky-breathitt-breathitt-county","KY","36","36","SAME_VALUE_DIFFERENT_SOURCE"
"ky-breckinridge-breckinridge-county","KY","36","36","SAME_VALUE_DIFFERENT_SOURCE"
"ky-bullitt-bullitt-county","KY","36","36","SAME_VALUE_DIFFERENT_SOURCE"
"ky-butler-butler-county","KY","36","36","SAME_VALUE_DIFFERENT_SOURCE"
"ky-caldwell-caldwell-county","KY","36","36","SAME_VALUE_DIFFERENT_SOURCE"
"ky-calloway-calloway-county","KY","36","36","SAME_VALUE_DIFFERENT_SOURCE"
"ky-campbell-campbell-county","KY","36","36","SAME_VALUE_DIFFERENT_SOURCE"
"ky-carlisle-carlisle-county","KY","36","36","SAME_VALUE_DIFFERENT_SOURCE"
"ky-carroll-carroll-county","KY","36","36","SAME_VALUE_DIFFERENT_SOURCE"
"ky-carter-carter-county","KY","36","36","SAME_VALUE_DIFFERENT_SOURCE"
"ky-casey-casey-county","KY","36","36","SAME_VALUE_DIFFERENT_SOURCE"
"ky-christian-hopkinsville","KY","36","36","SAME_VALUE_DIFFERENT_SOURCE"
"ky-christian-christian-county","KY","36","36","SAME_VALUE_DIFFERENT_SOURCE"
"ky-clark-clark-county","KY","36","36","SAME_VALUE_DIFFERENT_SOURCE"
"ky-clay-clay-county","KY","36","36","SAME_VALUE_DIFFERENT_SOURCE"
"ky-clinton-clinton-county","KY","36","36","SAME_VALUE_DIFFERENT_SOURCE"
"ky-crittenden-crittenden-county","KY","36","36","SAME_VALUE_DIFFERENT_SOURCE"
"ky-cumberland-cumberland-county","KY","36","36","SAME_VALUE_DIFFERENT_SOURCE"
"ky-daviess-owensboro","KY","36","36","SAME_VALUE_DIFFERENT_SOURCE"
"ky-daviess-daviess-county","KY","36","36","SAME_VALUE_DIFFERENT_SOURCE"
"ky-edmonson-edmonson-county","KY","36","36","SAME_VALUE_DIFFERENT_SOURCE"
"ky-elliott-elliott-county","KY","36","36","SAME_VALUE_DIFFERENT_SOURCE"
"ky-estill-estill-county","KY","36","36","SAME_VALUE_DIFFERENT_SOURCE"
"ky-fayette-lexington","KY","36","36","SAME_VALUE_DIFFERENT_SOURCE"
"ky-fayette-fayette-county","KY","36","36","SAME_VALUE_DIFFERENT_SOURCE"
"ky-fleming-fleming-county","KY","36","36","SAME_VALUE_DIFFERENT_SOURCE"
"ky-floyd-floyd-county","KY","36","36","SAME_VALUE_DIFFERENT_SOURCE"
"ky-franklin-frankfort","KY","36","36","SAME_VALUE_DIFFERENT_SOURCE"
"ky-franklin-franklin-county","KY","36","36","SAME_VALUE_DIFFERENT_SOURCE"
"ky-fulton-fulton-county","KY","36","36","SAME_VALUE_DIFFERENT_SOURCE"
"ky-gallatin-gallatin-county","KY","36","36","SAME_VALUE_DIFFERENT_SOURCE"
"ky-garrard-garrard-county","KY","36","36","SAME_VALUE_DIFFERENT_SOURCE"
"ky-grant-grant-county","KY","36","36","SAME_VALUE_DIFFERENT_SOURCE"
"ky-graves-graves-county","KY","36","36","SAME_VALUE_DIFFERENT_SOURCE"
"ky-grayson-grayson-county","KY","36","36","SAME_VALUE_DIFFERENT_SOURCE"
"ky-green-green-county","KY","36","36","SAME_VALUE_DIFFERENT_SOURCE"
"ky-greenup-greenup-county","KY","36","36","SAME_VALUE_DIFFERENT_SOURCE"
"ky-hancock-hancock-county","KY","36","36","SAME_VALUE_DIFFERENT_SOURCE"
"ky-hardin-elizabethtown","KY","36","36","SAME_VALUE_DIFFERENT_SOURCE"
"ky-hardin-hardin-county","KY","36","36","SAME_VALUE_DIFFERENT_SOURCE"
"ky-harlan-harlan-county","KY","36","36","SAME_VALUE_DIFFERENT_SOURCE"
"ky-harrison-harrison-county","KY","36","36","SAME_VALUE_DIFFERENT_SOURCE"
"ky-hart-hart-county","KY","36","36","SAME_VALUE_DIFFERENT_SOURCE"
"ky-henderson-henderson","KY","36","36","SAME_VALUE_DIFFERENT_SOURCE"
"ky-henderson-henderson-county","KY","36","36","SAME_VALUE_DIFFERENT_SOURCE"
"ky-henry-henry-county","KY","36","36","SAME_VALUE_DIFFERENT_SOURCE"
"ky-hickman-hickman-county","KY","36","36","SAME_VALUE_DIFFERENT_SOURCE"
"ky-hopkins-hopkins-county","KY","36","36","SAME_VALUE_DIFFERENT_SOURCE"
"ky-jackson-jackson-county","KY","36","36","SAME_VALUE_DIFFERENT_SOURCE"
"ky-jefferson-jefferson-county","KY","36","36","SAME_VALUE_DIFFERENT_SOURCE"
"ky-jessamine-nicholasville","KY","36","36","SAME_VALUE_DIFFERENT_SOURCE"
"ky-jessamine-jessamine-county","KY","36","36","SAME_VALUE_DIFFERENT_SOURCE"
"ky-johnson-johnson-county","KY","36","36","SAME_VALUE_DIFFERENT_SOURCE"
"ky-kenton-covington","KY","36","36","SAME_VALUE_DIFFERENT_SOURCE"
"ky-kenton-kenton-county","KY","36","36","SAME_VALUE_DIFFERENT_SOURCE"
"ky-knott-knott-county","KY","36","36","SAME_VALUE_DIFFERENT_SOURCE"
"ky-knox-knox-county","KY","36","36","SAME_VALUE_DIFFERENT_SOURCE"
"ky-larue-larue-county","KY","36","36","SAME_VALUE_DIFFERENT_SOURCE"
"ky-laurel-laurel-county","KY","36","36","SAME_VALUE_DIFFERENT_SOURCE"
"ky-lawrence-lawrence-county","KY","36","36","SAME_VALUE_DIFFERENT_SOURCE"
"ky-lee-lee-county","KY","36","36","SAME_VALUE_DIFFERENT_SOURCE"
"ky-leslie-leslie-county","KY","36","36","SAME_VALUE_DIFFERENT_SOURCE"
"ky-letcher-letcher-county","KY","36","36","SAME_VALUE_DIFFERENT_SOURCE"
"ky-lewis-lewis-county","KY","36","36","SAME_VALUE_DIFFERENT_SOURCE"
"ky-lincoln-lincoln-county","KY","36","36","SAME_VALUE_DIFFERENT_SOURCE"
"ky-livingston-livingston-county","KY","36","36","SAME_VALUE_DIFFERENT_SOURCE"
"ky-logan-logan-county","KY","36","36","SAME_VALUE_DIFFERENT_SOURCE"
"ky-lyon-lyon-county","KY","36","36","SAME_VALUE_DIFFERENT_SOURCE"
"ky-madison-richmond","KY","36","36","SAME_VALUE_DIFFERENT_SOURCE"
"ky-madison-madison-county","KY","36","36","SAME_VALUE_DIFFERENT_SOURCE"
"ky-magoffin-magoffin-county","KY","36","36","SAME_VALUE_DIFFERENT_SOURCE"
"ky-marion-marion-county","KY","36","36","SAME_VALUE_DIFFERENT_SOURCE"
"ky-marshall-marshall-county","KY","36","36","SAME_VALUE_DIFFERENT_SOURCE"
"ky-martin-martin-county","KY","36","36","SAME_VALUE_DIFFERENT_SOURCE"
"ky-mason-mason-county","KY","36","36","SAME_VALUE_DIFFERENT_SOURCE"
"ky-mccracken-paducah","KY","36","36","SAME_VALUE_DIFFERENT_SOURCE"
"ky-mccracken-mccracken-county","KY","36","36","SAME_VALUE_DIFFERENT_SOURCE"
"ky-mccreary-mccreary-county","KY","36","36","SAME_VALUE_DIFFERENT_SOURCE"
"ky-mclean-mclean-county","KY","36","36","SAME_VALUE_DIFFERENT_SOURCE"
"ky-meade-meade-county","KY","36","36","SAME_VALUE_DIFFERENT_SOURCE"
"ky-menifee-menifee-county","KY","36","36","SAME_VALUE_DIFFERENT_SOURCE"
"ky-mercer-mercer-county","KY","36","36","SAME_VALUE_DIFFERENT_SOURCE"
"ky-metcalfe-metcalfe-county","KY","36","36","SAME_VALUE_DIFFERENT_SOURCE"
"ky-monroe-monroe-county","KY","36","36","SAME_VALUE_DIFFERENT_SOURCE"
"ky-montgomery-montgomery-county","KY","36","36","SAME_VALUE_DIFFERENT_SOURCE"
"ky-morgan-morgan-county","KY","36","36","SAME_VALUE_DIFFERENT_SOURCE"
"ky-muhlenberg-muhlenberg-county","KY","36","36","SAME_VALUE_DIFFERENT_SOURCE"
"ky-nelson-nelson-county","KY","36","36","SAME_VALUE_DIFFERENT_SOURCE"
"ky-nicholas-nicholas-county","KY","36","36","SAME_VALUE_DIFFERENT_SOURCE"
"ky-ohio-ohio-county","KY","36","36","SAME_VALUE_DIFFERENT_SOURCE"
"ky-oldham-oldham-county","KY","36","36","SAME_VALUE_DIFFERENT_SOURCE"
"ky-owen-owen-county","KY","36","36","SAME_VALUE_DIFFERENT_SOURCE"
"ky-owsley-owsley-county","KY","36","36","SAME_VALUE_DIFFERENT_SOURCE"
"ky-pendleton-pendleton-county","KY","36","36","SAME_VALUE_DIFFERENT_SOURCE"
"ky-perry-perry-county","KY","36","36","SAME_VALUE_DIFFERENT_SOURCE"
"ky-pike-pikeville","KY","36","36","SAME_VALUE_DIFFERENT_SOURCE"
"ky-pike-pike-county","KY","36","36","SAME_VALUE_DIFFERENT_SOURCE"
"ky-powell-powell-county","KY","36","36","SAME_VALUE_DIFFERENT_SOURCE"
"ky-pulaski-somerset","KY","36","36","SAME_VALUE_DIFFERENT_SOURCE"
"ky-pulaski-pulaski-county","KY","36","36","SAME_VALUE_DIFFERENT_SOURCE"
"ky-robertson-robertson-county","KY","36","36","SAME_VALUE_DIFFERENT_SOURCE"
"ky-rockcastle-rockcastle-county","KY","36","36","SAME_VALUE_DIFFERENT_SOURCE"
"ky-rowan-morehead","KY","36","36","SAME_VALUE_DIFFERENT_SOURCE"
"ky-rowan-rowan-county","KY","36","36","SAME_VALUE_DIFFERENT_SOURCE"
"ky-russell-russell-county","KY","36","36","SAME_VALUE_DIFFERENT_SOURCE"
"ky-scott-georgetown","KY","36","36","SAME_VALUE_DIFFERENT_SOURCE"
"ky-scott-scott-county","KY","36","36","SAME_VALUE_DIFFERENT_SOURCE"
"ky-shelby-shelby-county","KY","36","36","SAME_VALUE_DIFFERENT_SOURCE"
"ky-simpson-simpson-county","KY","36","36","SAME_VALUE_DIFFERENT_SOURCE"
"ky-spencer-spencer-county","KY","36","36","SAME_VALUE_DIFFERENT_SOURCE"
"ky-taylor-taylor-county","KY","36","36","SAME_VALUE_DIFFERENT_SOURCE"
"ky-todd-todd-county","KY","36","36","SAME_VALUE_DIFFERENT_SOURCE"
"ky-trigg-trigg-county","KY","36","36","SAME_VALUE_DIFFERENT_SOURCE"
"ky-trimble-trimble-county","KY","36","36","SAME_VALUE_DIFFERENT_SOURCE"
"ky-union-union-county","KY","36","36","SAME_VALUE_DIFFERENT_SOURCE"
"ky-warren-bowling-green","KY","36","36","SAME_VALUE_DIFFERENT_SOURCE"
"ky-warren-warren-county","KY","36","36","SAME_VALUE_DIFFERENT_SOURCE"
"ky-washington-washington-county","KY","36","36","SAME_VALUE_DIFFERENT_SOURCE"
"ky-wayne-wayne-county","KY","36","36","SAME_VALUE_DIFFERENT_SOURCE"
"ky-webster-webster-county","KY","36","36","SAME_VALUE_DIFFERENT_SOURCE"
"ky-whitley-whitley-county","KY","36","36","SAME_VALUE_DIFFERENT_SOURCE"
"ky-wolfe-wolfe-county","KY","36","36","SAME_VALUE_DIFFERENT_SOURCE"
"ky-woodford-woodford-county","KY","36","36","SAME_VALUE_DIFFERENT_SOURCE"
"la-ascension-prairieville","LA","36","36","SAME_VALUE_DIFFERENT_SOURCE"
"la-bossier-bossier-city","LA","36","36","SAME_VALUE_DIFFERENT_SOURCE"
"la-caddo-shreveport","LA","36","36","SAME_VALUE_DIFFERENT_SOURCE"
"la-calcasieu-lake-charles","LA","36","36","SAME_VALUE_DIFFERENT_SOURCE"
"la-jefferson-kenner","LA","36","36","SAME_VALUE_DIFFERENT_SOURCE"
"la-lafayette-lafayette","LA","36","36","SAME_VALUE_DIFFERENT_SOURCE"
"la-ouachita-monroe","LA","36","36","SAME_VALUE_DIFFERENT_SOURCE"
"la-rapides-alexandria","LA","36","36","SAME_VALUE_DIFFERENT_SOURCE"
"la-st-tammany-slidell","LA","36","36","SAME_VALUE_DIFFERENT_SOURCE"
"la-terrebonne-houma","LA","36","36","SAME_VALUE_DIFFERENT_SOURCE"
"ma-barnstable-barnstable-county","MA","36","36","SAME_VALUE_DIFFERENT_SOURCE"
"ma-berkshire-berkshire-county","MA","36","36","SAME_VALUE_DIFFERENT_SOURCE"
"ma-bristol-fall-river","MA","36","36","SAME_VALUE_DIFFERENT_SOURCE"
"ma-bristol-new-bedford","MA","36","36","SAME_VALUE_DIFFERENT_SOURCE"
"ma-bristol-bristol-county","MA","36","36","SAME_VALUE_DIFFERENT_SOURCE"
"ma-dukes-dukes-county","MA","36","36","SAME_VALUE_DIFFERENT_SOURCE"
"ma-essex-haverhill","MA","36","36","SAME_VALUE_DIFFERENT_SOURCE"
"ma-essex-lynn","MA","36","36","SAME_VALUE_DIFFERENT_SOURCE"
"ma-essex-essex-county","MA","36","36","SAME_VALUE_DIFFERENT_SOURCE"
"ma-franklin-franklin-county","MA","36","36","SAME_VALUE_DIFFERENT_SOURCE"
"ma-hampden-springfield","MA","36","36","SAME_VALUE_DIFFERENT_SOURCE"
"ma-hampden-hampden-county","MA","36","36","SAME_VALUE_DIFFERENT_SOURCE"
"ma-hampshire-hampshire-county","MA","36","36","SAME_VALUE_DIFFERENT_SOURCE"
"ma-middlesex-newton","MA","36","36","SAME_VALUE_DIFFERENT_SOURCE"
"ma-middlesex-somerville","MA","36","36","SAME_VALUE_DIFFERENT_SOURCE"
"ma-middlesex-middlesex-county","MA","36","36","SAME_VALUE_DIFFERENT_SOURCE"
"ma-middlesex-waltham","MA","36","36","SAME_VALUE_DIFFERENT_SOURCE"
"ma-nantucket-nantucket-county","MA","36","36","SAME_VALUE_DIFFERENT_SOURCE"
"ma-norfolk-quincy","MA","36","36","SAME_VALUE_DIFFERENT_SOURCE"
"ma-norfolk-norfolk-county","MA","36","36","SAME_VALUE_DIFFERENT_SOURCE"
"ma-plymouth-brockton","MA","36","36","SAME_VALUE_DIFFERENT_SOURCE"
"ma-plymouth-plymouth-county","MA","36","36","SAME_VALUE_DIFFERENT_SOURCE"
"ma-suffolk-suffolk-county","MA","36","36","SAME_VALUE_DIFFERENT_SOURCE"
"ma-worcester-worcester-county","MA","36","36","SAME_VALUE_DIFFERENT_SOURCE"
"md-allegany-allegany-county","MD","36","36","SAME_VALUE_DIFFERENT_SOURCE"
"md-anne-arundel-annapolis","MD","36","36","SAME_VALUE_DIFFERENT_SOURCE"
"md-baltimore-baltimore-county","MD","36","36","SAME_VALUE_DIFFERENT_SOURCE"
"md-calvert-calvert-county","MD","36","36","SAME_VALUE_DIFFERENT_SOURCE"
"md-caroline-caroline-county","MD","36","36","SAME_VALUE_DIFFERENT_SOURCE"
"md-carroll-carroll-county","MD","36","36","SAME_VALUE_DIFFERENT_SOURCE"
"md-cecil-cecil-county","MD","36","36","SAME_VALUE_DIFFERENT_SOURCE"
"md-charles-charles-county","MD","36","36","SAME_VALUE_DIFFERENT_SOURCE"
"md-charles-waldorf","MD","36","36","SAME_VALUE_DIFFERENT_SOURCE"
"md-dorchester-dorchester-county","MD","36","36","SAME_VALUE_DIFFERENT_SOURCE"
"md-frederick-frederick","MD","36","36","SAME_VALUE_DIFFERENT_SOURCE"
"md-frederick-frederick-county","MD","36","36","SAME_VALUE_DIFFERENT_SOURCE"
"md-garrett-garrett-county","MD","36","36","SAME_VALUE_DIFFERENT_SOURCE"
"md-harford-harford-county","MD","36","36","SAME_VALUE_DIFFERENT_SOURCE"
"md-howard-columbia","MD","36","36","SAME_VALUE_DIFFERENT_SOURCE"
"md-howard-ellicott-city","MD","36","36","SAME_VALUE_DIFFERENT_SOURCE"
"md-howard-howard-county","MD","36","36","SAME_VALUE_DIFFERENT_SOURCE"
"md-kent-kent-county","MD","36","36","SAME_VALUE_DIFFERENT_SOURCE"
"md-montgomery-gaithersburg","MD","36","36","SAME_VALUE_DIFFERENT_SOURCE"
"md-montgomery-germantown","MD","36","36","SAME_VALUE_DIFFERENT_SOURCE"
"md-montgomery-rockville","MD","36","36","SAME_VALUE_DIFFERENT_SOURCE"
"md-montgomery-silver-spring","MD","36","36","SAME_VALUE_DIFFERENT_SOURCE"
"md-queen-annes-queen-annes-county","MD","36","36","SAME_VALUE_DIFFERENT_SOURCE"
"md-somerset-somerset-county","MD","36","36","SAME_VALUE_DIFFERENT_SOURCE"
"md-st-marys-st-marys-county","MD","36","36","SAME_VALUE_DIFFERENT_SOURCE"
"md-talbot-talbot-county","MD","36","36","SAME_VALUE_DIFFERENT_SOURCE"
"md-washington-washington-county","MD","36","36","SAME_VALUE_DIFFERENT_SOURCE"
"md-wicomico-wicomico-county","MD","36","36","SAME_VALUE_DIFFERENT_SOURCE"
"md-worcester-worcester-county","MD","36","36","SAME_VALUE_DIFFERENT_SOURCE"
"me-androscoggin-auburn","ME","36","36","SAME_VALUE_DIFFERENT_SOURCE"
"me-androscoggin-lewiston","ME","36","36","SAME_VALUE_DIFFERENT_SOURCE"
"me-androscoggin-androscoggin-county","ME","36","36","SAME_VALUE_DIFFERENT_SOURCE"
"me-aroostook-aroostook-county","ME","36","36","SAME_VALUE_DIFFERENT_SOURCE"
"me-cumberland-south-portland","ME","36","36","SAME_VALUE_DIFFERENT_SOURCE"
"me-cumberland-cumberland-county","ME","36","36","SAME_VALUE_DIFFERENT_SOURCE"
"me-franklin-franklin-county","ME","36","36","SAME_VALUE_DIFFERENT_SOURCE"
"me-hancock-hancock-county","ME","36","36","SAME_VALUE_DIFFERENT_SOURCE"
"me-kennebec-augusta","ME","36","36","SAME_VALUE_DIFFERENT_SOURCE"
"me-kennebec-kennebec-county","ME","36","36","SAME_VALUE_DIFFERENT_SOURCE"
"me-knox-knox-county","ME","36","36","SAME_VALUE_DIFFERENT_SOURCE"
"me-lincoln-lincoln-county","ME","36","36","SAME_VALUE_DIFFERENT_SOURCE"
"me-oxford-oxford-county","ME","36","36","SAME_VALUE_DIFFERENT_SOURCE"
"me-penobscot-bangor","ME","36","36","SAME_VALUE_DIFFERENT_SOURCE"
"me-penobscot-penobscot-county","ME","36","36","SAME_VALUE_DIFFERENT_SOURCE"
"me-piscataquis-piscataquis-county","ME","36","36","SAME_VALUE_DIFFERENT_SOURCE"
"me-sagadahoc-sagadahoc-county","ME","36","36","SAME_VALUE_DIFFERENT_SOURCE"
"me-somerset-somerset-county","ME","36","36","SAME_VALUE_DIFFERENT_SOURCE"
"me-waldo-waldo-county","ME","36","36","SAME_VALUE_DIFFERENT_SOURCE"
"me-washington-washington-county","ME","36","36","SAME_VALUE_DIFFERENT_SOURCE"
"me-york-york-county","ME","36","36","SAME_VALUE_DIFFERENT_SOURCE"
"mi-alcona-alcona-county","MI","36","36","SAME_VALUE_DIFFERENT_SOURCE"
"mi-alger-alger-county","MI","36","36","SAME_VALUE_DIFFERENT_SOURCE"
"mi-allegan-allegan-county","MI","36","36","SAME_VALUE_DIFFERENT_SOURCE"
"mi-alpena-alpena-county","MI","36","36","SAME_VALUE_DIFFERENT_SOURCE"
"mi-antrim-antrim-county","MI","36","36","SAME_VALUE_DIFFERENT_SOURCE"
"mi-arenac-arenac-county","MI","36","36","SAME_VALUE_DIFFERENT_SOURCE"
"mi-baraga-baraga-county","MI","36","36","SAME_VALUE_DIFFERENT_SOURCE"
"mi-barry-barry-county","MI","36","36","SAME_VALUE_DIFFERENT_SOURCE"
"mi-bay-bay-city","MI","36","36","SAME_VALUE_DIFFERENT_SOURCE"
"mi-bay-bay-county","MI","36","36","SAME_VALUE_DIFFERENT_SOURCE"
"mi-benzie-benzie-county","MI","36","36","SAME_VALUE_DIFFERENT_SOURCE"
"mi-berrien-berrien-county","MI","36","36","SAME_VALUE_DIFFERENT_SOURCE"
"mi-branch-branch-county","MI","36","36","SAME_VALUE_DIFFERENT_SOURCE"
"mi-calhoun-battle-creek","MI","36","36","SAME_VALUE_DIFFERENT_SOURCE"
"mi-calhoun-calhoun-county","MI","36","36","SAME_VALUE_DIFFERENT_SOURCE"
"mi-cass-cass-county","MI","36","36","SAME_VALUE_DIFFERENT_SOURCE"
"mi-charlevoix-charlevoix-county","MI","36","36","SAME_VALUE_DIFFERENT_SOURCE"
"mi-cheboygan-cheboygan-county","MI","36","36","SAME_VALUE_DIFFERENT_SOURCE"
"mi-chippewa-chippewa-county","MI","36","36","SAME_VALUE_DIFFERENT_SOURCE"
"mi-clare-clare-county","MI","36","36","SAME_VALUE_DIFFERENT_SOURCE"
"mi-clinton-clinton-county","MI","36","36","SAME_VALUE_DIFFERENT_SOURCE"
"mi-crawford-crawford-county","MI","36","36","SAME_VALUE_DIFFERENT_SOURCE"
"mi-delta-delta-county","MI","36","36","SAME_VALUE_DIFFERENT_SOURCE"
"mi-dickinson-dickinson-county","MI","36","36","SAME_VALUE_DIFFERENT_SOURCE"
"mi-eaton-eaton-county","MI","36","36","SAME_VALUE_DIFFERENT_SOURCE"
"mi-emmet-emmet-county","MI","36","36","SAME_VALUE_DIFFERENT_SOURCE"
"mi-genesee-flint","MI","36","36","SAME_VALUE_DIFFERENT_SOURCE"
"mi-genesee-genesee-county","MI","36","36","SAME_VALUE_DIFFERENT_SOURCE"
"mi-gladwin-gladwin-county","MI","36","36","SAME_VALUE_DIFFERENT_SOURCE"
"mi-gogebic-gogebic-county","MI","36","36","SAME_VALUE_DIFFERENT_SOURCE"
"mi-grand-traverse-grand-traverse-county","MI","36","36","SAME_VALUE_DIFFERENT_SOURCE"
"mi-gratiot-gratiot-county","MI","36","36","SAME_VALUE_DIFFERENT_SOURCE"
"mi-hillsdale-hillsdale-county","MI","36","36","SAME_VALUE_DIFFERENT_SOURCE"
"mi-houghton-houghton-county","MI","36","36","SAME_VALUE_DIFFERENT_SOURCE"
"mi-huron-huron-county","MI","36","36","SAME_VALUE_DIFFERENT_SOURCE"
"mi-ingham-lansing","MI","36","36","SAME_VALUE_DIFFERENT_SOURCE"
"mi-ingham-ingham-county","MI","36","36","SAME_VALUE_DIFFERENT_SOURCE"
"mi-ionia-ionia-county","MI","36","36","SAME_VALUE_DIFFERENT_SOURCE"
"mi-iosco-iosco-county","MI","36","36","SAME_VALUE_DIFFERENT_SOURCE"
"mi-iron-iron-county","MI","36","36","SAME_VALUE_DIFFERENT_SOURCE"
"mi-isabella-isabella-county","MI","36","36","SAME_VALUE_DIFFERENT_SOURCE"
"mi-jackson-jackson","MI","36","36","SAME_VALUE_DIFFERENT_SOURCE"
"mi-jackson-jackson-county","MI","36","36","SAME_VALUE_DIFFERENT_SOURCE"
"mi-kalamazoo-kalamazoo","MI","36","36","SAME_VALUE_DIFFERENT_SOURCE"
"mi-kalamazoo-portage","MI","36","36","SAME_VALUE_DIFFERENT_SOURCE"
"mi-kalamazoo-kalamazoo-county","MI","36","36","SAME_VALUE_DIFFERENT_SOURCE"
"mi-kalkaska-kalkaska-county","MI","36","36","SAME_VALUE_DIFFERENT_SOURCE"
"mi-kent-kent-county","MI","36","36","SAME_VALUE_DIFFERENT_SOURCE"
"mi-keweenaw-keweenaw-county","MI","36","36","SAME_VALUE_DIFFERENT_SOURCE"
"mi-lake-lake-county","MI","36","36","SAME_VALUE_DIFFERENT_SOURCE"
"mi-lapeer-lapeer-county","MI","36","36","SAME_VALUE_DIFFERENT_SOURCE"
"mi-leelanau-leelanau-county","MI","36","36","SAME_VALUE_DIFFERENT_SOURCE"
"mi-lenawee-lenawee-county","MI","36","36","SAME_VALUE_DIFFERENT_SOURCE"
"mi-livingston-livingston-county","MI","36","36","SAME_VALUE_DIFFERENT_SOURCE"
"mi-luce-luce-county","MI","36","36","SAME_VALUE_DIFFERENT_SOURCE"
"mi-mackinac-mackinac-county","MI","36","36","SAME_VALUE_DIFFERENT_SOURCE"
"mi-macomb-sterling-heights","MI","36","36","SAME_VALUE_DIFFERENT_SOURCE"
"mi-macomb-macomb-county","MI","36","36","SAME_VALUE_DIFFERENT_SOURCE"
"mi-macomb-warren","MI","36","36","SAME_VALUE_DIFFERENT_SOURCE"
"mi-manistee-manistee-county","MI","36","36","SAME_VALUE_DIFFERENT_SOURCE"
"mi-marquette-marquette","MI","36","36","SAME_VALUE_DIFFERENT_SOURCE"
"mi-marquette-marquette-county","MI","36","36","SAME_VALUE_DIFFERENT_SOURCE"
"mi-mason-mason-county","MI","36","36","SAME_VALUE_DIFFERENT_SOURCE"
"mi-mecosta-mecosta-county","MI","36","36","SAME_VALUE_DIFFERENT_SOURCE"
"mi-menominee-menominee-county","MI","36","36","SAME_VALUE_DIFFERENT_SOURCE"
"mi-midland-midland-county","MI","36","36","SAME_VALUE_DIFFERENT_SOURCE"
"mi-missaukee-missaukee-county","MI","36","36","SAME_VALUE_DIFFERENT_SOURCE"
"mi-monroe-monroe-county","MI","36","36","SAME_VALUE_DIFFERENT_SOURCE"
"mi-montcalm-montcalm-county","MI","36","36","SAME_VALUE_DIFFERENT_SOURCE"
"mi-montmorency-montmorency-county","MI","36","36","SAME_VALUE_DIFFERENT_SOURCE"
"mi-muskegon-muskegon","MI","36","36","SAME_VALUE_DIFFERENT_SOURCE"
"mi-muskegon-muskegon-county","MI","36","36","SAME_VALUE_DIFFERENT_SOURCE"
"mi-newaygo-newaygo-county","MI","36","36","SAME_VALUE_DIFFERENT_SOURCE"
"mi-oakland-troy","MI","36","36","SAME_VALUE_DIFFERENT_SOURCE"
"mi-oakland-oakland-county","MI","36","36","SAME_VALUE_DIFFERENT_SOURCE"
"mi-oceana-oceana-county","MI","36","36","SAME_VALUE_DIFFERENT_SOURCE"
"mi-ogemaw-ogemaw-county","MI","36","36","SAME_VALUE_DIFFERENT_SOURCE"
"mi-ontonagon-ontonagon-county","MI","36","36","SAME_VALUE_DIFFERENT_SOURCE"
"mi-osceola-osceola-county","MI","36","36","SAME_VALUE_DIFFERENT_SOURCE"
"mi-oscoda-oscoda-county","MI","36","36","SAME_VALUE_DIFFERENT_SOURCE"
"mi-otsego-otsego-county","MI","36","36","SAME_VALUE_DIFFERENT_SOURCE"
"mi-ottawa-ottawa-county","MI","36","36","SAME_VALUE_DIFFERENT_SOURCE"
"mi-presque-isle-presque-isle-county","MI","36","36","SAME_VALUE_DIFFERENT_SOURCE"
"mi-roscommon-roscommon-county","MI","36","36","SAME_VALUE_DIFFERENT_SOURCE"
"mi-saginaw-saginaw","MI","36","36","SAME_VALUE_DIFFERENT_SOURCE"
"mi-saginaw-saginaw-county","MI","36","36","SAME_VALUE_DIFFERENT_SOURCE"
"mi-sanilac-sanilac-county","MI","36","36","SAME_VALUE_DIFFERENT_SOURCE"
"mi-schoolcraft-schoolcraft-county","MI","36","36","SAME_VALUE_DIFFERENT_SOURCE"
"mi-shiawassee-shiawassee-county","MI","36","36","SAME_VALUE_DIFFERENT_SOURCE"
"mi-st-clair-st-clair-county","MI","36","36","SAME_VALUE_DIFFERENT_SOURCE"
"mi-st-joseph-st-joseph-county","MI","36","36","SAME_VALUE_DIFFERENT_SOURCE"
"mi-tuscola-tuscola-county","MI","36","36","SAME_VALUE_DIFFERENT_SOURCE"
"mi-van-buren-van-buren-county","MI","36","36","SAME_VALUE_DIFFERENT_SOURCE"
"mi-washtenaw-ann-arbor","MI","36","36","SAME_VALUE_DIFFERENT_SOURCE"
"mi-washtenaw-washtenaw-county","MI","36","36","SAME_VALUE_DIFFERENT_SOURCE"
"mi-wayne-dearborn","MI","36","36","SAME_VALUE_DIFFERENT_SOURCE"
"mi-wayne-livonia","MI","36","36","SAME_VALUE_DIFFERENT_SOURCE"
"mi-wayne-wayne-county","MI","36","36","SAME_VALUE_DIFFERENT_SOURCE"
"mi-wexford-wexford-county","MI","36","36","SAME_VALUE_DIFFERENT_SOURCE"
"mn-aitkin-aitkin-county","MN","36","36","SAME_VALUE_DIFFERENT_SOURCE"
"mn-anoka-coon-rapids","MN","36","36","SAME_VALUE_DIFFERENT_SOURCE"
"mn-anoka-anoka-county","MN","36","36","SAME_VALUE_DIFFERENT_SOURCE"
"mn-becker-becker-county","MN","36","36","SAME_VALUE_DIFFERENT_SOURCE"
"mn-beltrami-beltrami-county","MN","36","36","SAME_VALUE_DIFFERENT_SOURCE"
"mn-benton-benton-county","MN","36","36","SAME_VALUE_DIFFERENT_SOURCE"
"mn-big-stone-big-stone-county","MN","36","36","SAME_VALUE_DIFFERENT_SOURCE"
"mn-blue-earth-mankato","MN","36","36","SAME_VALUE_DIFFERENT_SOURCE"
"mn-blue-earth-blue-earth-county","MN","36","36","SAME_VALUE_DIFFERENT_SOURCE"
"mn-brown-brown-county","MN","36","36","SAME_VALUE_DIFFERENT_SOURCE"
"mn-carlton-carlton-county","MN","36","36","SAME_VALUE_DIFFERENT_SOURCE"
"mn-carver-carver-county","MN","36","36","SAME_VALUE_DIFFERENT_SOURCE"
"mn-cass-cass-county","MN","36","36","SAME_VALUE_DIFFERENT_SOURCE"
"mn-chippewa-chippewa-county","MN","36","36","SAME_VALUE_DIFFERENT_SOURCE"
"mn-chisago-chisago-county","MN","36","36","SAME_VALUE_DIFFERENT_SOURCE"
"mn-clay-clay-county","MN","36","36","SAME_VALUE_DIFFERENT_SOURCE"
"mn-clearwater-clearwater-county","MN","36","36","SAME_VALUE_DIFFERENT_SOURCE"
"mn-cook-cook-county","MN","36","36","SAME_VALUE_DIFFERENT_SOURCE"
"mn-cottonwood-cottonwood-county","MN","36","36","SAME_VALUE_DIFFERENT_SOURCE"
"mn-crow-wing-crow-wing-county","MN","36","36","SAME_VALUE_DIFFERENT_SOURCE"
"mn-dakota-burnsville","MN","36","36","SAME_VALUE_DIFFERENT_SOURCE"
"mn-dakota-eagan","MN","36","36","SAME_VALUE_DIFFERENT_SOURCE"
"mn-dakota-dakota-county","MN","36","36","SAME_VALUE_DIFFERENT_SOURCE"
"mn-dodge-dodge-county","MN","36","36","SAME_VALUE_DIFFERENT_SOURCE"
"mn-douglas-douglas-county","MN","36","36","SAME_VALUE_DIFFERENT_SOURCE"
"mn-faribault-faribault-county","MN","36","36","SAME_VALUE_DIFFERENT_SOURCE"
"mn-fillmore-fillmore-county","MN","36","36","SAME_VALUE_DIFFERENT_SOURCE"
"mn-freeborn-freeborn-county","MN","36","36","SAME_VALUE_DIFFERENT_SOURCE"
"mn-goodhue-goodhue-county","MN","36","36","SAME_VALUE_DIFFERENT_SOURCE"
"mn-grant-grant-county","MN","36","36","SAME_VALUE_DIFFERENT_SOURCE"
"mn-hennepin-bloomington","MN","36","36","SAME_VALUE_DIFFERENT_SOURCE"
"mn-hennepin-brooklyn-park","MN","36","36","SAME_VALUE_DIFFERENT_SOURCE"
"mn-hennepin-eden-prairie","MN","36","36","SAME_VALUE_DIFFERENT_SOURCE"
"mn-hennepin-maple-grove","MN","36","36","SAME_VALUE_DIFFERENT_SOURCE"
"mn-hennepin-plymouth","MN","36","36","SAME_VALUE_DIFFERENT_SOURCE"
"mn-hennepin-hennepin-county","MN","36","36","SAME_VALUE_DIFFERENT_SOURCE"
"mn-houston-houston-county","MN","36","36","SAME_VALUE_DIFFERENT_SOURCE"
"mn-hubbard-hubbard-county","MN","36","36","SAME_VALUE_DIFFERENT_SOURCE"
"mn-isanti-isanti-county","MN","36","36","SAME_VALUE_DIFFERENT_SOURCE"
"mn-itasca-itasca-county","MN","36","36","SAME_VALUE_DIFFERENT_SOURCE"
"mn-jackson-jackson-county","MN","36","36","SAME_VALUE_DIFFERENT_SOURCE"
"mn-kanabec-kanabec-county","MN","36","36","SAME_VALUE_DIFFERENT_SOURCE"
"mn-kandiyohi-kandiyohi-county","MN","36","36","SAME_VALUE_DIFFERENT_SOURCE"
"mn-kittson-kittson-county","MN","36","36","SAME_VALUE_DIFFERENT_SOURCE"
"mn-koochiching-koochiching-county","MN","36","36","SAME_VALUE_DIFFERENT_SOURCE"
"mn-lac-qui-parle-lac-qui-parle-county","MN","36","36","SAME_VALUE_DIFFERENT_SOURCE"
"mn-lake-lake-county","MN","36","36","SAME_VALUE_DIFFERENT_SOURCE"
"mn-lake-of-the-woods-lake-of-the-woods-county","MN","36","36","SAME_VALUE_DIFFERENT_SOURCE"
"mn-le-sueur-le-sueur-county","MN","36","36","SAME_VALUE_DIFFERENT_SOURCE"
"mn-lincoln-lincoln-county","MN","36","36","SAME_VALUE_DIFFERENT_SOURCE"
"mn-lyon-lyon-county","MN","36","36","SAME_VALUE_DIFFERENT_SOURCE"
"mn-mahnomen-mahnomen-county","MN","36","36","SAME_VALUE_DIFFERENT_SOURCE"
"mn-marshall-marshall-county","MN","36","36","SAME_VALUE_DIFFERENT_SOURCE"
"mn-martin-martin-county","MN","36","36","SAME_VALUE_DIFFERENT_SOURCE"
"mn-mcleod-mcleod-county","MN","36","36","SAME_VALUE_DIFFERENT_SOURCE"
"mn-meeker-meeker-county","MN","36","36","SAME_VALUE_DIFFERENT_SOURCE"
"mn-mille-lacs-mille-lacs-county","MN","36","36","SAME_VALUE_DIFFERENT_SOURCE"
"mn-morrison-morrison-county","MN","36","36","SAME_VALUE_DIFFERENT_SOURCE"
"mn-mower-mower-county","MN","36","36","SAME_VALUE_DIFFERENT_SOURCE"
"mn-murray-murray-county","MN","36","36","SAME_VALUE_DIFFERENT_SOURCE"
"mn-nicollet-nicollet-county","MN","36","36","SAME_VALUE_DIFFERENT_SOURCE"
"mn-nobles-nobles-county","MN","36","36","SAME_VALUE_DIFFERENT_SOURCE"
"mn-norman-norman-county","MN","36","36","SAME_VALUE_DIFFERENT_SOURCE"
"mn-olmsted-rochester","MN","36","36","SAME_VALUE_DIFFERENT_SOURCE"
"mn-olmsted-olmsted-county","MN","36","36","SAME_VALUE_DIFFERENT_SOURCE"
"mn-otter-tail-otter-tail-county","MN","36","36","SAME_VALUE_DIFFERENT_SOURCE"
"mn-pennington-pennington-county","MN","36","36","SAME_VALUE_DIFFERENT_SOURCE"
"mn-pine-pine-county","MN","36","36","SAME_VALUE_DIFFERENT_SOURCE"
"mn-pipestone-pipestone-county","MN","36","36","SAME_VALUE_DIFFERENT_SOURCE"
"mn-polk-polk-county","MN","36","36","SAME_VALUE_DIFFERENT_SOURCE"
"mn-pope-pope-county","MN","36","36","SAME_VALUE_DIFFERENT_SOURCE"
"mn-ramsey-ramsey-county","MN","36","36","SAME_VALUE_DIFFERENT_SOURCE"
"mn-red-lake-red-lake-county","MN","36","36","SAME_VALUE_DIFFERENT_SOURCE"
"mn-redwood-redwood-county","MN","36","36","SAME_VALUE_DIFFERENT_SOURCE"
"mn-renville-renville-county","MN","36","36","SAME_VALUE_DIFFERENT_SOURCE"
"mn-rice-rice-county","MN","36","36","SAME_VALUE_DIFFERENT_SOURCE"
"mn-rock-rock-county","MN","36","36","SAME_VALUE_DIFFERENT_SOURCE"
"mn-roseau-roseau-county","MN","36","36","SAME_VALUE_DIFFERENT_SOURCE"
"mn-scott-scott-county","MN","36","36","SAME_VALUE_DIFFERENT_SOURCE"
"mn-sherburne-sherburne-county","MN","36","36","SAME_VALUE_DIFFERENT_SOURCE"
"mn-sibley-sibley-county","MN","36","36","SAME_VALUE_DIFFERENT_SOURCE"
"mn-st-louis-duluth","MN","36","36","SAME_VALUE_DIFFERENT_SOURCE"
"mn-st-louis-st-louis-county","MN","36","36","SAME_VALUE_DIFFERENT_SOURCE"
"mn-stearns-st-cloud","MN","36","36","SAME_VALUE_DIFFERENT_SOURCE"
"mn-stearns-stearns-county","MN","36","36","SAME_VALUE_DIFFERENT_SOURCE"
"mn-steele-steele-county","MN","36","36","SAME_VALUE_DIFFERENT_SOURCE"
"mn-stevens-stevens-county","MN","36","36","SAME_VALUE_DIFFERENT_SOURCE"
"mn-swift-swift-county","MN","36","36","SAME_VALUE_DIFFERENT_SOURCE"
"mn-todd-todd-county","MN","36","36","SAME_VALUE_DIFFERENT_SOURCE"
"mn-traverse-traverse-county","MN","36","36","SAME_VALUE_DIFFERENT_SOURCE"
"mn-wabasha-wabasha-county","MN","36","36","SAME_VALUE_DIFFERENT_SOURCE"
"mn-wadena-wadena-county","MN","36","36","SAME_VALUE_DIFFERENT_SOURCE"
"mn-waseca-waseca-county","MN","36","36","SAME_VALUE_DIFFERENT_SOURCE"
"mn-washington-washington-county","MN","36","36","SAME_VALUE_DIFFERENT_SOURCE"
"mn-washington-woodbury","MN","36","36","SAME_VALUE_DIFFERENT_SOURCE"
"mn-watonwan-watonwan-county","MN","36","36","SAME_VALUE_DIFFERENT_SOURCE"
"mn-wilkin-wilkin-county","MN","36","36","SAME_VALUE_DIFFERENT_SOURCE"
"mn-winona-winona-county","MN","36","36","SAME_VALUE_DIFFERENT_SOURCE"
"mn-wright-wright-county","MN","36","36","SAME_VALUE_DIFFERENT_SOURCE"
"mn-yellow-medicine-yellow-medicine-county","MN","36","36","SAME_VALUE_DIFFERENT_SOURCE"
"mo-adair-adair-county","MO","36","36","SAME_VALUE_DIFFERENT_SOURCE"
"mo-andrew-andrew-county","MO","36","36","SAME_VALUE_DIFFERENT_SOURCE"
"mo-atchison-atchison-county","MO","36","36","SAME_VALUE_DIFFERENT_SOURCE"
"mo-audrain-audrain-county","MO","36","36","SAME_VALUE_DIFFERENT_SOURCE"
"mo-barry-barry-county","MO","36","36","SAME_VALUE_DIFFERENT_SOURCE"
"mo-barton-barton-county","MO","36","36","SAME_VALUE_DIFFERENT_SOURCE"
"mo-bates-bates-county","MO","36","36","SAME_VALUE_DIFFERENT_SOURCE"
"mo-benton-benton-county","MO","36","36","SAME_VALUE_DIFFERENT_SOURCE"
"mo-bollinger-bollinger-county","MO","36","36","SAME_VALUE_DIFFERENT_SOURCE"
"mo-boone-columbia","MO","36","36","SAME_VALUE_DIFFERENT_SOURCE"
"mo-boone-boone-county","MO","36","36","SAME_VALUE_DIFFERENT_SOURCE"
"mo-buchanan-st-joseph","MO","36","36","SAME_VALUE_DIFFERENT_SOURCE"
"mo-buchanan-buchanan-county","MO","36","36","SAME_VALUE_DIFFERENT_SOURCE"
"mo-butler-butler-county","MO","36","36","SAME_VALUE_DIFFERENT_SOURCE"
"mo-caldwell-caldwell-county","MO","36","36","SAME_VALUE_DIFFERENT_SOURCE"
"mo-callaway-callaway-county","MO","36","36","SAME_VALUE_DIFFERENT_SOURCE"
"mo-camden-camden-county","MO","36","36","SAME_VALUE_DIFFERENT_SOURCE"
"mo-cape-girardeau-cape-girardeau","MO","36","36","SAME_VALUE_DIFFERENT_SOURCE"
"mo-cape-girardeau-cape-girardeau-county","MO","36","36","SAME_VALUE_DIFFERENT_SOURCE"
"mo-carroll-carroll-county","MO","36","36","SAME_VALUE_DIFFERENT_SOURCE"
"mo-carter-carter-county","MO","36","36","SAME_VALUE_DIFFERENT_SOURCE"
"mo-cass-cass-county","MO","36","36","SAME_VALUE_DIFFERENT_SOURCE"
"mo-cedar-cedar-county","MO","36","36","SAME_VALUE_DIFFERENT_SOURCE"
"mo-chariton-chariton-county","MO","36","36","SAME_VALUE_DIFFERENT_SOURCE"
"mo-christian-nixa","MO","36","36","SAME_VALUE_DIFFERENT_SOURCE"
"mo-christian-christian-county","MO","36","36","SAME_VALUE_DIFFERENT_SOURCE"
"mo-clark-clark-county","MO","36","36","SAME_VALUE_DIFFERENT_SOURCE"
"mo-clay-clay-county","MO","36","36","SAME_VALUE_DIFFERENT_SOURCE"
"mo-clinton-clinton-county","MO","36","36","SAME_VALUE_DIFFERENT_SOURCE"
"mo-cole-jefferson-city","MO","36","36","SAME_VALUE_DIFFERENT_SOURCE"
"mo-cole-cole-county","MO","36","36","SAME_VALUE_DIFFERENT_SOURCE"
"mo-cooper-cooper-county","MO","36","36","SAME_VALUE_DIFFERENT_SOURCE"
"mo-crawford-crawford-county","MO","36","36","SAME_VALUE_DIFFERENT_SOURCE"
"mo-dade-dade-county","MO","36","36","SAME_VALUE_DIFFERENT_SOURCE"
"mo-dallas-dallas-county","MO","36","36","SAME_VALUE_DIFFERENT_SOURCE"
"mo-daviess-daviess-county","MO","36","36","SAME_VALUE_DIFFERENT_SOURCE"
"mo-dekalb-dekalb-county","MO","36","36","SAME_VALUE_DIFFERENT_SOURCE"
"mo-dent-dent-county","MO","36","36","SAME_VALUE_DIFFERENT_SOURCE"
"mo-douglas-douglas-county","MO","36","36","SAME_VALUE_DIFFERENT_SOURCE"
"mo-dunklin-dunklin-county","MO","36","36","SAME_VALUE_DIFFERENT_SOURCE"
"mo-franklin-franklin-county","MO","36","36","SAME_VALUE_DIFFERENT_SOURCE"
"mo-gasconade-gasconade-county","MO","36","36","SAME_VALUE_DIFFERENT_SOURCE"
"mo-gentry-gentry-county","MO","36","36","SAME_VALUE_DIFFERENT_SOURCE"
"mo-greene-springfield","MO","36","36","SAME_VALUE_DIFFERENT_SOURCE"
"mo-greene-greene-county","MO","36","36","SAME_VALUE_DIFFERENT_SOURCE"
"mo-grundy-grundy-county","MO","36","36","SAME_VALUE_DIFFERENT_SOURCE"
"mo-harrison-harrison-county","MO","36","36","SAME_VALUE_DIFFERENT_SOURCE"
"mo-henry-henry-county","MO","36","36","SAME_VALUE_DIFFERENT_SOURCE"
"mo-hickory-hickory-county","MO","36","36","SAME_VALUE_DIFFERENT_SOURCE"
"mo-holt-holt-county","MO","36","36","SAME_VALUE_DIFFERENT_SOURCE"
"mo-howard-howard-county","MO","36","36","SAME_VALUE_DIFFERENT_SOURCE"
"mo-howell-howell-county","MO","36","36","SAME_VALUE_DIFFERENT_SOURCE"
"mo-iron-iron-county","MO","36","36","SAME_VALUE_DIFFERENT_SOURCE"
"mo-jackson-blue-springs","MO","36","36","SAME_VALUE_DIFFERENT_SOURCE"
"mo-jackson-independence","MO","36","36","SAME_VALUE_DIFFERENT_SOURCE"
"mo-jackson-lees-summit","MO","36","36","SAME_VALUE_DIFFERENT_SOURCE"
"mo-jackson-raytown","MO","36","36","SAME_VALUE_DIFFERENT_SOURCE"
"mo-jackson-jackson-county","MO","36","36","SAME_VALUE_DIFFERENT_SOURCE"
"mo-jasper-joplin","MO","36","36","SAME_VALUE_DIFFERENT_SOURCE"
"mo-jasper-jasper-county","MO","36","36","SAME_VALUE_DIFFERENT_SOURCE"
"mo-jefferson-jefferson-county","MO","36","36","SAME_VALUE_DIFFERENT_SOURCE"
"mo-johnson-johnson-county","MO","36","36","SAME_VALUE_DIFFERENT_SOURCE"
"mo-knox-knox-county","MO","36","36","SAME_VALUE_DIFFERENT_SOURCE"
"mo-laclede-laclede-county","MO","36","36","SAME_VALUE_DIFFERENT_SOURCE"
"mo-lafayette-lafayette-county","MO","36","36","SAME_VALUE_DIFFERENT_SOURCE"
"mo-lawrence-lawrence-county","MO","36","36","SAME_VALUE_DIFFERENT_SOURCE"
"mo-lewis-lewis-county","MO","36","36","SAME_VALUE_DIFFERENT_SOURCE"
"mo-lincoln-lincoln-county","MO","36","36","SAME_VALUE_DIFFERENT_SOURCE"
"mo-linn-linn-county","MO","36","36","SAME_VALUE_DIFFERENT_SOURCE"
"mo-livingston-livingston-county","MO","36","36","SAME_VALUE_DIFFERENT_SOURCE"
"mo-macon-macon-county","MO","36","36","SAME_VALUE_DIFFERENT_SOURCE"
"mo-madison-madison-county","MO","36","36","SAME_VALUE_DIFFERENT_SOURCE"
"mo-maries-maries-county","MO","36","36","SAME_VALUE_DIFFERENT_SOURCE"
"mo-marion-marion-county","MO","36","36","SAME_VALUE_DIFFERENT_SOURCE"
"mo-mcdonald-mcdonald-county","MO","36","36","SAME_VALUE_DIFFERENT_SOURCE"
"mo-mercer-mercer-county","MO","36","36","SAME_VALUE_DIFFERENT_SOURCE"
"mo-miller-miller-county","MO","36","36","SAME_VALUE_DIFFERENT_SOURCE"
"mo-mississippi-mississippi-county","MO","36","36","SAME_VALUE_DIFFERENT_SOURCE"
"mo-moniteau-moniteau-county","MO","36","36","SAME_VALUE_DIFFERENT_SOURCE"
"mo-monroe-monroe-county","MO","36","36","SAME_VALUE_DIFFERENT_SOURCE"
"mo-montgomery-montgomery-county","MO","36","36","SAME_VALUE_DIFFERENT_SOURCE"
"mo-morgan-morgan-county","MO","36","36","SAME_VALUE_DIFFERENT_SOURCE"
"mo-new-madrid-new-madrid-county","MO","36","36","SAME_VALUE_DIFFERENT_SOURCE"
"mo-newton-newton-county","MO","36","36","SAME_VALUE_DIFFERENT_SOURCE"
"mo-nodaway-nodaway-county","MO","36","36","SAME_VALUE_DIFFERENT_SOURCE"
"mo-oregon-oregon-county","MO","36","36","SAME_VALUE_DIFFERENT_SOURCE"
"mo-osage-osage-county","MO","36","36","SAME_VALUE_DIFFERENT_SOURCE"
"mo-ozark-ozark-county","MO","36","36","SAME_VALUE_DIFFERENT_SOURCE"
"mo-pemiscot-pemiscot-county","MO","36","36","SAME_VALUE_DIFFERENT_SOURCE"
"mo-perry-perry-county","MO","36","36","SAME_VALUE_DIFFERENT_SOURCE"
"mo-pettis-pettis-county","MO","36","36","SAME_VALUE_DIFFERENT_SOURCE"
"mo-phelps-phelps-county","MO","36","36","SAME_VALUE_DIFFERENT_SOURCE"
"mo-pike-pike-county","MO","36","36","SAME_VALUE_DIFFERENT_SOURCE"
"mo-platte-platte-county","MO","36","36","SAME_VALUE_DIFFERENT_SOURCE"
"mo-polk-polk-county","MO","36","36","SAME_VALUE_DIFFERENT_SOURCE"
"mo-pulaski-pulaski-county","MO","36","36","SAME_VALUE_DIFFERENT_SOURCE"
"mo-putnam-putnam-county","MO","36","36","SAME_VALUE_DIFFERENT_SOURCE"
"mo-ralls-ralls-county","MO","36","36","SAME_VALUE_DIFFERENT_SOURCE"
"mo-randolph-randolph-county","MO","36","36","SAME_VALUE_DIFFERENT_SOURCE"
"mo-ray-ray-county","MO","36","36","SAME_VALUE_DIFFERENT_SOURCE"
"mo-reynolds-reynolds-county","MO","36","36","SAME_VALUE_DIFFERENT_SOURCE"
"mo-ripley-ripley-county","MO","36","36","SAME_VALUE_DIFFERENT_SOURCE"
"mo-saline-saline-county","MO","36","36","SAME_VALUE_DIFFERENT_SOURCE"
"mo-schuyler-schuyler-county","MO","36","36","SAME_VALUE_DIFFERENT_SOURCE"
"mo-scotland-scotland-county","MO","36","36","SAME_VALUE_DIFFERENT_SOURCE"
"mo-scott-scott-county","MO","36","36","SAME_VALUE_DIFFERENT_SOURCE"
"mo-shannon-shannon-county","MO","36","36","SAME_VALUE_DIFFERENT_SOURCE"
"mo-shelby-shelby-county","MO","36","36","SAME_VALUE_DIFFERENT_SOURCE"
"mo-st-charles-ofallon","MO","36","36","SAME_VALUE_DIFFERENT_SOURCE"
"mo-st-charles-st-charles","MO","36","36","SAME_VALUE_DIFFERENT_SOURCE"
"mo-st-charles-st-peters","MO","36","36","SAME_VALUE_DIFFERENT_SOURCE"
"mo-st-charles-st-charles-county","MO","36","36","SAME_VALUE_DIFFERENT_SOURCE"
"mo-st-clair-st-clair-county","MO","36","36","SAME_VALUE_DIFFERENT_SOURCE"
"mo-st-francois-st-francois-county","MO","36","36","SAME_VALUE_DIFFERENT_SOURCE"
"mo-st-louis-chesterfield","MO","36","36","SAME_VALUE_DIFFERENT_SOURCE"
"mo-st-louis-florissant","MO","36","36","SAME_VALUE_DIFFERENT_SOURCE"
"mo-st-louis-st-louis-county","MO","36","36","SAME_VALUE_DIFFERENT_SOURCE"
"mo-st-louis-wildwood","MO","36","36","SAME_VALUE_DIFFERENT_SOURCE"
"mo-ste-genevieve-ste-genevieve-county","MO","36","36","SAME_VALUE_DIFFERENT_SOURCE"
"mo-stoddard-stoddard-county","MO","36","36","SAME_VALUE_DIFFERENT_SOURCE"
"mo-stone-stone-county","MO","36","36","SAME_VALUE_DIFFERENT_SOURCE"
"mo-sullivan-sullivan-county","MO","36","36","SAME_VALUE_DIFFERENT_SOURCE"
"mo-taney-taney-county","MO","36","36","SAME_VALUE_DIFFERENT_SOURCE"
"mo-texas-texas-county","MO","36","36","SAME_VALUE_DIFFERENT_SOURCE"
"mo-vernon-vernon-county","MO","36","36","SAME_VALUE_DIFFERENT_SOURCE"
"mo-warren-warren-county","MO","36","36","SAME_VALUE_DIFFERENT_SOURCE"
"mo-washington-washington-county","MO","36","36","SAME_VALUE_DIFFERENT_SOURCE"
"mo-wayne-wayne-county","MO","36","36","SAME_VALUE_DIFFERENT_SOURCE"
"mo-webster-webster-county","MO","36","36","SAME_VALUE_DIFFERENT_SOURCE"
"mo-worth-worth-county","MO","36","36","SAME_VALUE_DIFFERENT_SOURCE"
"mo-wright-wright-county","MO","36","36","SAME_VALUE_DIFFERENT_SOURCE"
"mp-northern-islands-northern-islands-county","MP","36","36","SAME_VALUE_DIFFERENT_SOURCE"
"mp-rota-rota-county","MP","36","36","SAME_VALUE_DIFFERENT_SOURCE"
"mp-saipan-saipan-county","MP","36","36","SAME_VALUE_DIFFERENT_SOURCE"
"mp-tinian-tinian-county","MP","36","36","SAME_VALUE_DIFFERENT_SOURCE"
"ms-adams-natchez","MS","36","36","SAME_VALUE_DIFFERENT_SOURCE"
"ms-adams-adams-county","MS","36","36","SAME_VALUE_DIFFERENT_SOURCE"
"ms-alcorn-alcorn-county","MS","36","36","SAME_VALUE_DIFFERENT_SOURCE"
"ms-amite-amite-county","MS","36","36","SAME_VALUE_DIFFERENT_SOURCE"
"ms-attala-attala-county","MS","36","36","SAME_VALUE_DIFFERENT_SOURCE"
"ms-benton-benton-county","MS","36","36","SAME_VALUE_DIFFERENT_SOURCE"
"ms-bolivar-bolivar-county","MS","36","36","SAME_VALUE_DIFFERENT_SOURCE"
"ms-calhoun-calhoun-county","MS","36","36","SAME_VALUE_DIFFERENT_SOURCE"
"ms-carroll-carroll-county","MS","36","36","SAME_VALUE_DIFFERENT_SOURCE"
"ms-chickasaw-chickasaw-county","MS","36","36","SAME_VALUE_DIFFERENT_SOURCE"
"ms-choctaw-choctaw-county","MS","36","36","SAME_VALUE_DIFFERENT_SOURCE"
"ms-claiborne-claiborne-county","MS","36","36","SAME_VALUE_DIFFERENT_SOURCE"
"ms-clarke-clarke-county","MS","36","36","SAME_VALUE_DIFFERENT_SOURCE"
"ms-clay-clay-county","MS","36","36","SAME_VALUE_DIFFERENT_SOURCE"
"ms-coahoma-coahoma-county","MS","36","36","SAME_VALUE_DIFFERENT_SOURCE"
"ms-copiah-copiah-county","MS","36","36","SAME_VALUE_DIFFERENT_SOURCE"
"ms-covington-covington-county","MS","36","36","SAME_VALUE_DIFFERENT_SOURCE"
"ms-desoto-olive-branch","MS","36","36","SAME_VALUE_DIFFERENT_SOURCE"
"ms-desoto-southaven","MS","36","36","SAME_VALUE_DIFFERENT_SOURCE"
"ms-desoto-desoto-county","MS","36","36","SAME_VALUE_DIFFERENT_SOURCE"
"ms-forrest-hattiesburg","MS","36","36","SAME_VALUE_DIFFERENT_SOURCE"
"ms-forrest-forrest-county","MS","36","36","SAME_VALUE_DIFFERENT_SOURCE"
"ms-franklin-franklin-county","MS","36","36","SAME_VALUE_DIFFERENT_SOURCE"
"ms-george-george-county","MS","36","36","SAME_VALUE_DIFFERENT_SOURCE"
"ms-greene-greene-county","MS","36","36","SAME_VALUE_DIFFERENT_SOURCE"
"ms-grenada-grenada-county","MS","36","36","SAME_VALUE_DIFFERENT_SOURCE"
"ms-hancock-hancock-county","MS","36","36","SAME_VALUE_DIFFERENT_SOURCE"
"ms-harrison-biloxi","MS","36","36","SAME_VALUE_DIFFERENT_SOURCE"
"ms-harrison-gulfport","MS","36","36","SAME_VALUE_DIFFERENT_SOURCE"
"ms-harrison-harrison-county","MS","36","36","SAME_VALUE_DIFFERENT_SOURCE"
"ms-hinds-clinton","MS","36","36","SAME_VALUE_DIFFERENT_SOURCE"
"ms-hinds-hinds-county","MS","36","36","SAME_VALUE_DIFFERENT_SOURCE"
"ms-holmes-holmes-county","MS","36","36","SAME_VALUE_DIFFERENT_SOURCE"
"ms-humphreys-humphreys-county","MS","36","36","SAME_VALUE_DIFFERENT_SOURCE"
"ms-issaquena-issaquena-county","MS","36","36","SAME_VALUE_DIFFERENT_SOURCE"
"ms-itawamba-itawamba-county","MS","36","36","SAME_VALUE_DIFFERENT_SOURCE"
"ms-jackson-pascagoula","MS","36","36","SAME_VALUE_DIFFERENT_SOURCE"
"ms-jackson-jackson-county","MS","36","36","SAME_VALUE_DIFFERENT_SOURCE"
"ms-jasper-jasper-county","MS","36","36","SAME_VALUE_DIFFERENT_SOURCE"
"ms-jefferson-jefferson-county","MS","36","36","SAME_VALUE_DIFFERENT_SOURCE"
"ms-jefferson-davis-jefferson-davis-county","MS","36","36","SAME_VALUE_DIFFERENT_SOURCE"
"ms-jones-jones-county","MS","36","36","SAME_VALUE_DIFFERENT_SOURCE"
"ms-kemper-kemper-county","MS","36","36","SAME_VALUE_DIFFERENT_SOURCE"
"ms-lafayette-lafayette-county","MS","36","36","SAME_VALUE_DIFFERENT_SOURCE"
"ms-lamar-lamar-county","MS","36","36","SAME_VALUE_DIFFERENT_SOURCE"
"ms-lauderdale-meridian","MS","36","36","SAME_VALUE_DIFFERENT_SOURCE"
"ms-lauderdale-lauderdale-county","MS","36","36","SAME_VALUE_DIFFERENT_SOURCE"
"ms-lawrence-lawrence-county","MS","36","36","SAME_VALUE_DIFFERENT_SOURCE"
"ms-leake-leake-county","MS","36","36","SAME_VALUE_DIFFERENT_SOURCE"
"ms-lee-tupelo","MS","36","36","SAME_VALUE_DIFFERENT_SOURCE"
"ms-lee-lee-county","MS","36","36","SAME_VALUE_DIFFERENT_SOURCE"
"ms-leflore-leflore-county","MS","36","36","SAME_VALUE_DIFFERENT_SOURCE"
"ms-lincoln-lincoln-county","MS","36","36","SAME_VALUE_DIFFERENT_SOURCE"
"ms-lowndes-columbus","MS","36","36","SAME_VALUE_DIFFERENT_SOURCE"
"ms-lowndes-lowndes-county","MS","36","36","SAME_VALUE_DIFFERENT_SOURCE"
"ms-madison-madison","MS","36","36","SAME_VALUE_DIFFERENT_SOURCE"
"ms-madison-ridgeland","MS","36","36","SAME_VALUE_DIFFERENT_SOURCE"
"ms-madison-madison-county","MS","36","36","SAME_VALUE_DIFFERENT_SOURCE"
"ms-marion-marion-county","MS","36","36","SAME_VALUE_DIFFERENT_SOURCE"
"ms-marshall-marshall-county","MS","36","36","SAME_VALUE_DIFFERENT_SOURCE"
"ms-monroe-monroe-county","MS","36","36","SAME_VALUE_DIFFERENT_SOURCE"
"ms-montgomery-montgomery-county","MS","36","36","SAME_VALUE_DIFFERENT_SOURCE"
"ms-neshoba-neshoba-county","MS","36","36","SAME_VALUE_DIFFERENT_SOURCE"
"ms-newton-newton-county","MS","36","36","SAME_VALUE_DIFFERENT_SOURCE"
"ms-noxubee-noxubee-county","MS","36","36","SAME_VALUE_DIFFERENT_SOURCE"
"ms-oktibbeha-starkville","MS","36","36","SAME_VALUE_DIFFERENT_SOURCE"
"ms-oktibbeha-oktibbeha-county","MS","36","36","SAME_VALUE_DIFFERENT_SOURCE"
"ms-panola-panola-county","MS","36","36","SAME_VALUE_DIFFERENT_SOURCE"
"ms-pearl-river-pearl-river-county","MS","36","36","SAME_VALUE_DIFFERENT_SOURCE"
"ms-perry-perry-county","MS","36","36","SAME_VALUE_DIFFERENT_SOURCE"
"ms-pike-pike-county","MS","36","36","SAME_VALUE_DIFFERENT_SOURCE"
"ms-pontotoc-pontotoc-county","MS","36","36","SAME_VALUE_DIFFERENT_SOURCE"
"ms-prentiss-prentiss-county","MS","36","36","SAME_VALUE_DIFFERENT_SOURCE"
"ms-quitman-quitman-county","MS","36","36","SAME_VALUE_DIFFERENT_SOURCE"
"ms-rankin-brandon","MS","36","36","SAME_VALUE_DIFFERENT_SOURCE"
"ms-rankin-flowood","MS","36","36","SAME_VALUE_DIFFERENT_SOURCE"
"ms-rankin-pearl","MS","36","36","SAME_VALUE_DIFFERENT_SOURCE"
"ms-rankin-rankin-county","MS","36","36","SAME_VALUE_DIFFERENT_SOURCE"
"ms-scott-scott-county","MS","36","36","SAME_VALUE_DIFFERENT_SOURCE"
"ms-sharkey-sharkey-county","MS","36","36","SAME_VALUE_DIFFERENT_SOURCE"
"ms-simpson-simpson-county","MS","36","36","SAME_VALUE_DIFFERENT_SOURCE"
"ms-smith-smith-county","MS","36","36","SAME_VALUE_DIFFERENT_SOURCE"
"ms-stone-stone-county","MS","36","36","SAME_VALUE_DIFFERENT_SOURCE"
"ms-sunflower-sunflower-county","MS","36","36","SAME_VALUE_DIFFERENT_SOURCE"
"ms-tallahatchie-tallahatchie-county","MS","36","36","SAME_VALUE_DIFFERENT_SOURCE"
"ms-tate-tate-county","MS","36","36","SAME_VALUE_DIFFERENT_SOURCE"
"ms-tippah-tippah-county","MS","36","36","SAME_VALUE_DIFFERENT_SOURCE"
"ms-tishomingo-tishomingo-county","MS","36","36","SAME_VALUE_DIFFERENT_SOURCE"
"ms-tunica-tunica-county","MS","36","36","SAME_VALUE_DIFFERENT_SOURCE"
"ms-union-union-county","MS","36","36","SAME_VALUE_DIFFERENT_SOURCE"
"ms-walthall-walthall-county","MS","36","36","SAME_VALUE_DIFFERENT_SOURCE"
"ms-warren-warren-county","MS","36","36","SAME_VALUE_DIFFERENT_SOURCE"
"ms-warren-vicksburg","MS","36","36","SAME_VALUE_DIFFERENT_SOURCE"
"ms-washington-washington-county","MS","36","36","SAME_VALUE_DIFFERENT_SOURCE"
"ms-wayne-wayne-county","MS","36","36","SAME_VALUE_DIFFERENT_SOURCE"
"ms-webster-webster-county","MS","36","36","SAME_VALUE_DIFFERENT_SOURCE"
"ms-wilkinson-wilkinson-county","MS","36","36","SAME_VALUE_DIFFERENT_SOURCE"
"ms-winston-winston-county","MS","36","36","SAME_VALUE_DIFFERENT_SOURCE"
"ms-yalobusha-yalobusha-county","MS","36","36","SAME_VALUE_DIFFERENT_SOURCE"
"ms-yazoo-yazoo-county","MS","36","36","SAME_VALUE_DIFFERENT_SOURCE"
"mt-beaverhead-beaverhead-county","MT","36","36","SAME_VALUE_DIFFERENT_SOURCE"
"mt-big-horn-big-horn-county","MT","36","36","SAME_VALUE_DIFFERENT_SOURCE"
"mt-blaine-blaine-county","MT","36","36","SAME_VALUE_DIFFERENT_SOURCE"
"mt-broadwater-broadwater-county","MT","36","36","SAME_VALUE_DIFFERENT_SOURCE"
"mt-carbon-carbon-county","MT","36","36","SAME_VALUE_DIFFERENT_SOURCE"
"mt-carter-carter-county","MT","36","36","SAME_VALUE_DIFFERENT_SOURCE"
"mt-cascade-great-falls","MT","36","36","SAME_VALUE_DIFFERENT_SOURCE"
"mt-cascade-cascade-county","MT","36","36","SAME_VALUE_DIFFERENT_SOURCE"
"mt-chouteau-chouteau-county","MT","36","36","SAME_VALUE_DIFFERENT_SOURCE"
"mt-custer-miles-city","MT","36","36","SAME_VALUE_DIFFERENT_SOURCE"
"mt-custer-custer-county","MT","36","36","SAME_VALUE_DIFFERENT_SOURCE"
"mt-daniels-daniels-county","MT","36","36","SAME_VALUE_DIFFERENT_SOURCE"
"mt-dawson-glendive","MT","36","36","SAME_VALUE_DIFFERENT_SOURCE"
"mt-dawson-dawson-county","MT","36","36","SAME_VALUE_DIFFERENT_SOURCE"
"mt-deer-lodge-anaconda","MT","36","36","SAME_VALUE_DIFFERENT_SOURCE"
"mt-deer-lodge-deer-lodge-county","MT","36","36","SAME_VALUE_DIFFERENT_SOURCE"
"mt-fallon-fallon-county","MT","36","36","SAME_VALUE_DIFFERENT_SOURCE"
"mt-fergus-fergus-county","MT","36","36","SAME_VALUE_DIFFERENT_SOURCE"
"mt-flathead-kalispell","MT","36","36","SAME_VALUE_DIFFERENT_SOURCE"
"mt-flathead-flathead-county","MT","36","36","SAME_VALUE_DIFFERENT_SOURCE"
"mt-gallatin-bozeman","MT","36","36","SAME_VALUE_DIFFERENT_SOURCE"
"mt-gallatin-gallatin-county","MT","36","36","SAME_VALUE_DIFFERENT_SOURCE"
"mt-garfield-garfield-county","MT","36","36","SAME_VALUE_DIFFERENT_SOURCE"
"mt-glacier-glacier-county","MT","36","36","SAME_VALUE_DIFFERENT_SOURCE"
"mt-golden-valley-golden-valley-county","MT","36","36","SAME_VALUE_DIFFERENT_SOURCE"
"mt-granite-granite-county","MT","36","36","SAME_VALUE_DIFFERENT_SOURCE"
"mt-hill-havre","MT","36","36","SAME_VALUE_DIFFERENT_SOURCE"
"mt-hill-hill-county","MT","36","36","SAME_VALUE_DIFFERENT_SOURCE"
"mt-jefferson-jefferson-county","MT","36","36","SAME_VALUE_DIFFERENT_SOURCE"
"mt-judith-basin-judith-basin-county","MT","36","36","SAME_VALUE_DIFFERENT_SOURCE"
"mt-lake-lake-county","MT","36","36","SAME_VALUE_DIFFERENT_SOURCE"
"mt-lewis-and-clark-helena","MT","36","36","SAME_VALUE_DIFFERENT_SOURCE"
"mt-lewis-and-clark-lewis-and-clark-county","MT","36","36","SAME_VALUE_DIFFERENT_SOURCE"
"mt-liberty-liberty-county","MT","36","36","SAME_VALUE_DIFFERENT_SOURCE"
"mt-lincoln-lincoln-county","MT","36","36","SAME_VALUE_DIFFERENT_SOURCE"
"mt-madison-madison-county","MT","36","36","SAME_VALUE_DIFFERENT_SOURCE"
"mt-mccone-mccone-county","MT","36","36","SAME_VALUE_DIFFERENT_SOURCE"
"mt-meagher-meagher-county","MT","36","36","SAME_VALUE_DIFFERENT_SOURCE"
"mt-mineral-mineral-county","MT","36","36","SAME_VALUE_DIFFERENT_SOURCE"
"mt-missoula-missoula","MT","36","36","SAME_VALUE_DIFFERENT_SOURCE"
"mt-missoula-missoula-county","MT","36","36","SAME_VALUE_DIFFERENT_SOURCE"
"mt-musselshell-musselshell-county","MT","36","36","SAME_VALUE_DIFFERENT_SOURCE"
"mt-park-livingston","MT","36","36","SAME_VALUE_DIFFERENT_SOURCE"
"mt-park-park-county","MT","36","36","SAME_VALUE_DIFFERENT_SOURCE"
"mt-petroleum-petroleum-county","MT","36","36","SAME_VALUE_DIFFERENT_SOURCE"
"mt-phillips-phillips-county","MT","36","36","SAME_VALUE_DIFFERENT_SOURCE"
"mt-pondera-pondera-county","MT","36","36","SAME_VALUE_DIFFERENT_SOURCE"
"mt-powder-river-powder-river-county","MT","36","36","SAME_VALUE_DIFFERENT_SOURCE"
"mt-powell-powell-county","MT","36","36","SAME_VALUE_DIFFERENT_SOURCE"
"mt-prairie-prairie-county","MT","36","36","SAME_VALUE_DIFFERENT_SOURCE"
"mt-ravalli-ravalli-county","MT","36","36","SAME_VALUE_DIFFERENT_SOURCE"
"mt-richland-richland-county","MT","36","36","SAME_VALUE_DIFFERENT_SOURCE"
"mt-roosevelt-roosevelt-county","MT","36","36","SAME_VALUE_DIFFERENT_SOURCE"
"mt-rosebud-rosebud-county","MT","36","36","SAME_VALUE_DIFFERENT_SOURCE"
"mt-sanders-sanders-county","MT","36","36","SAME_VALUE_DIFFERENT_SOURCE"
"mt-sheridan-sheridan-county","MT","36","36","SAME_VALUE_DIFFERENT_SOURCE"
"mt-silver-bow-butte","MT","36","36","SAME_VALUE_DIFFERENT_SOURCE"
"mt-silver-bow-silver-bow-county","MT","36","36","SAME_VALUE_DIFFERENT_SOURCE"
"mt-stillwater-stillwater-county","MT","36","36","SAME_VALUE_DIFFERENT_SOURCE"
"mt-sweet-grass-sweet-grass-county","MT","36","36","SAME_VALUE_DIFFERENT_SOURCE"
"mt-teton-teton-county","MT","36","36","SAME_VALUE_DIFFERENT_SOURCE"
"mt-toole-toole-county","MT","36","36","SAME_VALUE_DIFFERENT_SOURCE"
"mt-treasure-treasure-county","MT","36","36","SAME_VALUE_DIFFERENT_SOURCE"
"mt-valley-valley-county","MT","36","36","SAME_VALUE_DIFFERENT_SOURCE"
"mt-wheatland-wheatland-county","MT","36","36","SAME_VALUE_DIFFERENT_SOURCE"
"mt-wibaux-wibaux-county","MT","36","36","SAME_VALUE_DIFFERENT_SOURCE"
"mt-yellowstone-yellowstone-county","MT","36","36","SAME_VALUE_DIFFERENT_SOURCE"
"nc-alamance-burlington","NC","36","36","SAME_VALUE_DIFFERENT_SOURCE"
"nc-alamance-alamance-county","NC","36","36","SAME_VALUE_DIFFERENT_SOURCE"
"nc-alexander-alexander-county","NC","36","36","SAME_VALUE_DIFFERENT_SOURCE"
"nc-alleghany-alleghany-county","NC","36","36","SAME_VALUE_DIFFERENT_SOURCE"
"nc-anson-anson-county","NC","36","36","SAME_VALUE_DIFFERENT_SOURCE"
"nc-ashe-ashe-county","NC","36","36","SAME_VALUE_DIFFERENT_SOURCE"
"nc-avery-avery-county","NC","36","36","SAME_VALUE_DIFFERENT_SOURCE"
"nc-beaufort-beaufort-county","NC","36","36","SAME_VALUE_DIFFERENT_SOURCE"
"nc-bertie-bertie-county","NC","36","36","SAME_VALUE_DIFFERENT_SOURCE"
"nc-bladen-bladen-county","NC","36","36","SAME_VALUE_DIFFERENT_SOURCE"
"nc-brunswick-brunswick-county","NC","36","36","SAME_VALUE_DIFFERENT_SOURCE"
"nc-buncombe-buncombe-county","NC","36","36","SAME_VALUE_DIFFERENT_SOURCE"
"nc-burke-burke-county","NC","36","36","SAME_VALUE_DIFFERENT_SOURCE"
"nc-cabarrus-concord","NC","36","36","SAME_VALUE_DIFFERENT_SOURCE"
"nc-cabarrus-kannapolis","NC","36","36","SAME_VALUE_DIFFERENT_SOURCE"
"nc-cabarrus-cabarrus-county","NC","36","36","SAME_VALUE_DIFFERENT_SOURCE"
"nc-caldwell-caldwell-county","NC","36","36","SAME_VALUE_DIFFERENT_SOURCE"
"nc-camden-camden-county","NC","36","36","SAME_VALUE_DIFFERENT_SOURCE"
"nc-carteret-carteret-county","NC","36","36","SAME_VALUE_DIFFERENT_SOURCE"
"nc-caswell-caswell-county","NC","36","36","SAME_VALUE_DIFFERENT_SOURCE"
"nc-catawba-hickory","NC","36","36","SAME_VALUE_DIFFERENT_SOURCE"
"nc-catawba-catawba-county","NC","36","36","SAME_VALUE_DIFFERENT_SOURCE"
"nc-chatham-chatham-county","NC","36","36","SAME_VALUE_DIFFERENT_SOURCE"
"nc-cherokee-cherokee-county","NC","36","36","SAME_VALUE_DIFFERENT_SOURCE"
"nc-chowan-chowan-county","NC","36","36","SAME_VALUE_DIFFERENT_SOURCE"
"nc-clay-clay-county","NC","36","36","SAME_VALUE_DIFFERENT_SOURCE"
"nc-cleveland-cleveland-county","NC","36","36","SAME_VALUE_DIFFERENT_SOURCE"
"nc-columbus-columbus-county","NC","36","36","SAME_VALUE_DIFFERENT_SOURCE"
"nc-craven-craven-county","NC","36","36","SAME_VALUE_DIFFERENT_SOURCE"
"nc-cumberland-fayetteville","NC","36","36","SAME_VALUE_DIFFERENT_SOURCE"
"nc-cumberland-cumberland-county","NC","36","36","SAME_VALUE_DIFFERENT_SOURCE"
"nc-currituck-currituck-county","NC","36","36","SAME_VALUE_DIFFERENT_SOURCE"
"nc-dare-dare-county","NC","36","36","SAME_VALUE_DIFFERENT_SOURCE"
"nc-davidson-davidson-county","NC","36","36","SAME_VALUE_DIFFERENT_SOURCE"
"nc-davie-davie-county","NC","36","36","SAME_VALUE_DIFFERENT_SOURCE"
"nc-duplin-duplin-county","NC","36","36","SAME_VALUE_DIFFERENT_SOURCE"
"nc-durham-durham-county","NC","36","36","SAME_VALUE_DIFFERENT_SOURCE"
"nc-edgecombe-edgecombe-county","NC","36","36","SAME_VALUE_DIFFERENT_SOURCE"
"nc-forsyth-forsyth-county","NC","36","36","SAME_VALUE_DIFFERENT_SOURCE"
"nc-franklin-franklin-county","NC","36","36","SAME_VALUE_DIFFERENT_SOURCE"
"nc-gaston-gastonia","NC","36","36","SAME_VALUE_DIFFERENT_SOURCE"
"nc-gaston-gaston-county","NC","36","36","SAME_VALUE_DIFFERENT_SOURCE"
"nc-gates-gates-county","NC","36","36","SAME_VALUE_DIFFERENT_SOURCE"
"nc-graham-graham-county","NC","36","36","SAME_VALUE_DIFFERENT_SOURCE"
"nc-granville-granville-county","NC","36","36","SAME_VALUE_DIFFERENT_SOURCE"
"nc-greene-greene-county","NC","36","36","SAME_VALUE_DIFFERENT_SOURCE"
"nc-guilford-high-point","NC","36","36","SAME_VALUE_DIFFERENT_SOURCE"
"nc-guilford-guilford-county","NC","36","36","SAME_VALUE_DIFFERENT_SOURCE"
"nc-halifax-halifax-county","NC","36","36","SAME_VALUE_DIFFERENT_SOURCE"
"nc-harnett-harnett-county","NC","36","36","SAME_VALUE_DIFFERENT_SOURCE"
"nc-haywood-haywood-county","NC","36","36","SAME_VALUE_DIFFERENT_SOURCE"
"nc-henderson-henderson-county","NC","36","36","SAME_VALUE_DIFFERENT_SOURCE"
"nc-hertford-hertford-county","NC","36","36","SAME_VALUE_DIFFERENT_SOURCE"
"nc-hoke-hoke-county","NC","36","36","SAME_VALUE_DIFFERENT_SOURCE"
"nc-hyde-hyde-county","NC","36","36","SAME_VALUE_DIFFERENT_SOURCE"
"nc-iredell-mooresville","NC","36","36","SAME_VALUE_DIFFERENT_SOURCE"
"nc-iredell-iredell-county","NC","36","36","SAME_VALUE_DIFFERENT_SOURCE"
"nc-jackson-jackson-county","NC","36","36","SAME_VALUE_DIFFERENT_SOURCE"
"nc-johnston-johnston-county","NC","36","36","SAME_VALUE_DIFFERENT_SOURCE"
"nc-jones-jones-county","NC","36","36","SAME_VALUE_DIFFERENT_SOURCE"
"nc-lee-lee-county","NC","36","36","SAME_VALUE_DIFFERENT_SOURCE"
"nc-lenoir-lenoir-county","NC","36","36","SAME_VALUE_DIFFERENT_SOURCE"
"nc-lincoln-lincoln-county","NC","36","36","SAME_VALUE_DIFFERENT_SOURCE"
"nc-macon-macon-county","NC","36","36","SAME_VALUE_DIFFERENT_SOURCE"
"nc-madison-madison-county","NC","36","36","SAME_VALUE_DIFFERENT_SOURCE"
"nc-martin-martin-county","NC","36","36","SAME_VALUE_DIFFERENT_SOURCE"
"nc-mcdowell-mcdowell-county","NC","36","36","SAME_VALUE_DIFFERENT_SOURCE"
"nc-mecklenburg-cornelius","NC","36","36","SAME_VALUE_DIFFERENT_SOURCE"
"nc-mecklenburg-huntersville","NC","36","36","SAME_VALUE_DIFFERENT_SOURCE"
"nc-mecklenburg-mecklenburg-county","NC","36","36","SAME_VALUE_DIFFERENT_SOURCE"
"nc-mitchell-mitchell-county","NC","36","36","SAME_VALUE_DIFFERENT_SOURCE"
"nc-montgomery-montgomery-county","NC","36","36","SAME_VALUE_DIFFERENT_SOURCE"
"nc-moore-moore-county","NC","36","36","SAME_VALUE_DIFFERENT_SOURCE"
"nc-nash-rocky-mount","NC","36","36","SAME_VALUE_DIFFERENT_SOURCE"
"nc-nash-nash-county","NC","36","36","SAME_VALUE_DIFFERENT_SOURCE"
"nc-new-hanover-new-hanover-county","NC","36","36","SAME_VALUE_DIFFERENT_SOURCE"
"nc-new-hanover-wilmington","NC","36","36","SAME_VALUE_DIFFERENT_SOURCE"
"nc-northampton-northampton-county","NC","36","36","SAME_VALUE_DIFFERENT_SOURCE"
"nc-onslow-jacksonville","NC","36","36","SAME_VALUE_DIFFERENT_SOURCE"
"nc-onslow-onslow-county","NC","36","36","SAME_VALUE_DIFFERENT_SOURCE"
"nc-orange-carrboro","NC","36","36","SAME_VALUE_DIFFERENT_SOURCE"
"nc-orange-chapel-hill","NC","36","36","SAME_VALUE_DIFFERENT_SOURCE"
"nc-orange-orange-county","NC","36","36","SAME_VALUE_DIFFERENT_SOURCE"
"nc-pamlico-pamlico-county","NC","36","36","SAME_VALUE_DIFFERENT_SOURCE"
"nc-pasquotank-pasquotank-county","NC","36","36","SAME_VALUE_DIFFERENT_SOURCE"
"nc-pender-pender-county","NC","36","36","SAME_VALUE_DIFFERENT_SOURCE"
"nc-perquimans-perquimans-county","NC","36","36","SAME_VALUE_DIFFERENT_SOURCE"
"nc-person-person-county","NC","36","36","SAME_VALUE_DIFFERENT_SOURCE"
"nc-pitt-pitt-county","NC","36","36","SAME_VALUE_DIFFERENT_SOURCE"
"nc-polk-polk-county","NC","36","36","SAME_VALUE_DIFFERENT_SOURCE"
"nc-randolph-randolph-county","NC","36","36","SAME_VALUE_DIFFERENT_SOURCE"
"nc-richmond-richmond-county","NC","36","36","SAME_VALUE_DIFFERENT_SOURCE"
"nc-robeson-robeson-county","NC","36","36","SAME_VALUE_DIFFERENT_SOURCE"
"nc-rockingham-rockingham-county","NC","36","36","SAME_VALUE_DIFFERENT_SOURCE"
"nc-rowan-rowan-county","NC","36","36","SAME_VALUE_DIFFERENT_SOURCE"
"nc-rutherford-rutherford-county","NC","36","36","SAME_VALUE_DIFFERENT_SOURCE"
"nc-sampson-sampson-county","NC","36","36","SAME_VALUE_DIFFERENT_SOURCE"
"nc-scotland-scotland-county","NC","36","36","SAME_VALUE_DIFFERENT_SOURCE"
"nc-stanly-stanly-county","NC","36","36","SAME_VALUE_DIFFERENT_SOURCE"
"nc-stokes-stokes-county","NC","36","36","SAME_VALUE_DIFFERENT_SOURCE"
"nc-surry-surry-county","NC","36","36","SAME_VALUE_DIFFERENT_SOURCE"
"nc-swain-swain-county","NC","36","36","SAME_VALUE_DIFFERENT_SOURCE"
"nc-transylvania-transylvania-county","NC","36","36","SAME_VALUE_DIFFERENT_SOURCE"
"nc-tyrrell-tyrrell-county","NC","36","36","SAME_VALUE_DIFFERENT_SOURCE"
"nc-union-monroe","NC","36","36","SAME_VALUE_DIFFERENT_SOURCE"
"nc-union-union-county","NC","36","36","SAME_VALUE_DIFFERENT_SOURCE"
"nc-vance-vance-county","NC","36","36","SAME_VALUE_DIFFERENT_SOURCE"
"nc-wake-apex","NC","36","36","SAME_VALUE_DIFFERENT_SOURCE"
"nc-wake-cary","NC","36","36","SAME_VALUE_DIFFERENT_SOURCE"
"nc-wake-fuquay-varina","NC","36","36","SAME_VALUE_DIFFERENT_SOURCE"
"nc-wake-holly-springs","NC","36","36","SAME_VALUE_DIFFERENT_SOURCE"
"nc-wake-morrisville","NC","36","36","SAME_VALUE_DIFFERENT_SOURCE"
"nc-wake-wake-county","NC","36","36","SAME_VALUE_DIFFERENT_SOURCE"
"nc-wake-wake-forest","NC","36","36","SAME_VALUE_DIFFERENT_SOURCE"
"nc-warren-warren-county","NC","36","36","SAME_VALUE_DIFFERENT_SOURCE"
"nc-washington-washington-county","NC","36","36","SAME_VALUE_DIFFERENT_SOURCE"
"nc-watauga-boone","NC","36","36","SAME_VALUE_DIFFERENT_SOURCE"
"nc-watauga-watauga-county","NC","36","36","SAME_VALUE_DIFFERENT_SOURCE"
"nc-wayne-wayne-county","NC","36","36","SAME_VALUE_DIFFERENT_SOURCE"
"nc-wilkes-wilkes-county","NC","36","36","SAME_VALUE_DIFFERENT_SOURCE"
"nc-wilson-wilson-county","NC","36","36","SAME_VALUE_DIFFERENT_SOURCE"
"nc-wilson-wilson","NC","36","36","SAME_VALUE_DIFFERENT_SOURCE"
"nc-yadkin-yadkin-county","NC","36","36","SAME_VALUE_DIFFERENT_SOURCE"
"nc-yancey-yancey-county","NC","36","36","SAME_VALUE_DIFFERENT_SOURCE"
"nd-adams-adams-county","ND","36","36","SAME_VALUE_DIFFERENT_SOURCE"
"nd-barnes-barnes-county","ND","36","36","SAME_VALUE_DIFFERENT_SOURCE"
"nd-benson-benson-county","ND","36","36","SAME_VALUE_DIFFERENT_SOURCE"
"nd-billings-billings-county","ND","36","36","SAME_VALUE_DIFFERENT_SOURCE"
"nd-bottineau-bottineau-county","ND","36","36","SAME_VALUE_DIFFERENT_SOURCE"
"nd-bowman-bowman-county","ND","36","36","SAME_VALUE_DIFFERENT_SOURCE"
"nd-burke-burke-county","ND","36","36","SAME_VALUE_DIFFERENT_SOURCE"
"nd-burleigh-bismarck","ND","36","36","SAME_VALUE_DIFFERENT_SOURCE"
"nd-burleigh-burleigh-county","ND","36","36","SAME_VALUE_DIFFERENT_SOURCE"
"nd-cass-cass-county","ND","36","36","SAME_VALUE_DIFFERENT_SOURCE"
"nd-cass-west-fargo","ND","36","36","SAME_VALUE_DIFFERENT_SOURCE"
"nd-cavalier-cavalier-county","ND","36","36","SAME_VALUE_DIFFERENT_SOURCE"
"nd-dickey-dickey-county","ND","36","36","SAME_VALUE_DIFFERENT_SOURCE"
"nd-divide-divide-county","ND","36","36","SAME_VALUE_DIFFERENT_SOURCE"
"nd-dunn-dunn-county","ND","36","36","SAME_VALUE_DIFFERENT_SOURCE"
"nd-eddy-eddy-county","ND","36","36","SAME_VALUE_DIFFERENT_SOURCE"
"nd-emmons-emmons-county","ND","36","36","SAME_VALUE_DIFFERENT_SOURCE"
"nd-foster-foster-county","ND","36","36","SAME_VALUE_DIFFERENT_SOURCE"
"nd-golden-valley-golden-valley-county","ND","36","36","SAME_VALUE_DIFFERENT_SOURCE"
"nd-grand-forks-grand-forks","ND","36","36","SAME_VALUE_DIFFERENT_SOURCE"
"nd-grand-forks-grand-forks-county","ND","36","36","SAME_VALUE_DIFFERENT_SOURCE"
"nd-grant-grant-county","ND","36","36","SAME_VALUE_DIFFERENT_SOURCE"
"nd-griggs-griggs-county","ND","36","36","SAME_VALUE_DIFFERENT_SOURCE"
"nd-hettinger-hettinger-county","ND","36","36","SAME_VALUE_DIFFERENT_SOURCE"
"nd-kidder-kidder-county","ND","36","36","SAME_VALUE_DIFFERENT_SOURCE"
"nd-lamoure-lamoure-county","ND","36","36","SAME_VALUE_DIFFERENT_SOURCE"
"nd-logan-logan-county","ND","36","36","SAME_VALUE_DIFFERENT_SOURCE"
"nd-mchenry-mchenry-county","ND","36","36","SAME_VALUE_DIFFERENT_SOURCE"
"nd-mcintosh-mcintosh-county","ND","36","36","SAME_VALUE_DIFFERENT_SOURCE"
"nd-mckenzie-mckenzie-county","ND","36","36","SAME_VALUE_DIFFERENT_SOURCE"
"nd-mclean-mclean-county","ND","36","36","SAME_VALUE_DIFFERENT_SOURCE"
"nd-mercer-mercer-county","ND","36","36","SAME_VALUE_DIFFERENT_SOURCE"
"nd-morton-mandan","ND","36","36","SAME_VALUE_DIFFERENT_SOURCE"
"nd-morton-morton-county","ND","36","36","SAME_VALUE_DIFFERENT_SOURCE"
"nd-mountrail-mountrail-county","ND","36","36","SAME_VALUE_DIFFERENT_SOURCE"
"nd-nelson-nelson-county","ND","36","36","SAME_VALUE_DIFFERENT_SOURCE"
"nd-oliver-oliver-county","ND","36","36","SAME_VALUE_DIFFERENT_SOURCE"
"nd-pembina-pembina-county","ND","36","36","SAME_VALUE_DIFFERENT_SOURCE"
"nd-pierce-pierce-county","ND","36","36","SAME_VALUE_DIFFERENT_SOURCE"
"nd-ramsey-ramsey-county","ND","36","36","SAME_VALUE_DIFFERENT_SOURCE"
"nd-ransom-ransom-county","ND","36","36","SAME_VALUE_DIFFERENT_SOURCE"
"nd-renville-renville-county","ND","36","36","SAME_VALUE_DIFFERENT_SOURCE"
"nd-richland-richland-county","ND","36","36","SAME_VALUE_DIFFERENT_SOURCE"
"nd-richland-wahpeton","ND","36","36","SAME_VALUE_DIFFERENT_SOURCE"
"nd-rolette-rolette-county","ND","36","36","SAME_VALUE_DIFFERENT_SOURCE"
"nd-sargent-sargent-county","ND","36","36","SAME_VALUE_DIFFERENT_SOURCE"
"nd-sheridan-sheridan-county","ND","36","36","SAME_VALUE_DIFFERENT_SOURCE"
"nd-sioux-sioux-county","ND","36","36","SAME_VALUE_DIFFERENT_SOURCE"
"nd-slope-slope-county","ND","36","36","SAME_VALUE_DIFFERENT_SOURCE"
"nd-stark-dickinson","ND","36","36","SAME_VALUE_DIFFERENT_SOURCE"
"nd-stark-stark-county","ND","36","36","SAME_VALUE_DIFFERENT_SOURCE"
"nd-steele-steele-county","ND","36","36","SAME_VALUE_DIFFERENT_SOURCE"
"nd-stutsman-jamestown","ND","36","36","SAME_VALUE_DIFFERENT_SOURCE"
"nd-stutsman-stutsman-county","ND","36","36","SAME_VALUE_DIFFERENT_SOURCE"
"nd-towner-towner-county","ND","36","36","SAME_VALUE_DIFFERENT_SOURCE"
"nd-traill-traill-county","ND","36","36","SAME_VALUE_DIFFERENT_SOURCE"
"nd-walsh-walsh-county","ND","36","36","SAME_VALUE_DIFFERENT_SOURCE"
"nd-ward-minot","ND","36","36","SAME_VALUE_DIFFERENT_SOURCE"
"nd-ward-ward-county","ND","36","36","SAME_VALUE_DIFFERENT_SOURCE"
"nd-wells-wells-county","ND","36","36","SAME_VALUE_DIFFERENT_SOURCE"
"nd-williams-williams-county","ND","36","36","SAME_VALUE_DIFFERENT_SOURCE"
"nd-williams-williston","ND","36","36","SAME_VALUE_DIFFERENT_SOURCE"
"ne-adams-hastings","NE","36","36","SAME_VALUE_DIFFERENT_SOURCE"
"ne-adams-adams-county","NE","36","36","SAME_VALUE_DIFFERENT_SOURCE"
"ne-antelope-antelope-county","NE","36","36","SAME_VALUE_DIFFERENT_SOURCE"
"ne-arthur-arthur-county","NE","36","36","SAME_VALUE_DIFFERENT_SOURCE"
"ne-banner-banner-county","NE","36","36","SAME_VALUE_DIFFERENT_SOURCE"
"ne-blaine-blaine-county","NE","36","36","SAME_VALUE_DIFFERENT_SOURCE"
"ne-boone-boone-county","NE","36","36","SAME_VALUE_DIFFERENT_SOURCE"
"ne-box-butte-box-butte-county","NE","36","36","SAME_VALUE_DIFFERENT_SOURCE"
"ne-boyd-boyd-county","NE","36","36","SAME_VALUE_DIFFERENT_SOURCE"
"ne-brown-brown-county","NE","36","36","SAME_VALUE_DIFFERENT_SOURCE"
"ne-buffalo-kearney","NE","36","36","SAME_VALUE_DIFFERENT_SOURCE"
"ne-buffalo-buffalo-county","NE","36","36","SAME_VALUE_DIFFERENT_SOURCE"
"ne-burt-burt-county","NE","36","36","SAME_VALUE_DIFFERENT_SOURCE"
"ne-butler-butler-county","NE","36","36","SAME_VALUE_DIFFERENT_SOURCE"
"ne-cass-cass-county","NE","36","36","SAME_VALUE_DIFFERENT_SOURCE"
"ne-cedar-cedar-county","NE","36","36","SAME_VALUE_DIFFERENT_SOURCE"
"ne-chase-chase-county","NE","36","36","SAME_VALUE_DIFFERENT_SOURCE"
"ne-cherry-cherry-county","NE","36","36","SAME_VALUE_DIFFERENT_SOURCE"
"ne-cheyenne-cheyenne-county","NE","36","36","SAME_VALUE_DIFFERENT_SOURCE"
"ne-clay-clay-county","NE","36","36","SAME_VALUE_DIFFERENT_SOURCE"
"ne-colfax-colfax-county","NE","36","36","SAME_VALUE_DIFFERENT_SOURCE"
"ne-cuming-cuming-county","NE","36","36","SAME_VALUE_DIFFERENT_SOURCE"
"ne-custer-custer-county","NE","36","36","SAME_VALUE_DIFFERENT_SOURCE"
"ne-dakota-dakota-county","NE","36","36","SAME_VALUE_DIFFERENT_SOURCE"
"ne-dawes-dawes-county","NE","36","36","SAME_VALUE_DIFFERENT_SOURCE"
"ne-dawson-dawson-county","NE","36","36","SAME_VALUE_DIFFERENT_SOURCE"
"ne-deuel-deuel-county","NE","36","36","SAME_VALUE_DIFFERENT_SOURCE"
"ne-dixon-dixon-county","NE","36","36","SAME_VALUE_DIFFERENT_SOURCE"
"ne-dodge-fremont","NE","36","36","SAME_VALUE_DIFFERENT_SOURCE"
"ne-dodge-dodge-county","NE","36","36","SAME_VALUE_DIFFERENT_SOURCE"
"ne-douglas-douglas-county","NE","36","36","SAME_VALUE_DIFFERENT_SOURCE"
"ne-dundy-dundy-county","NE","36","36","SAME_VALUE_DIFFERENT_SOURCE"
"ne-fillmore-fillmore-county","NE","36","36","SAME_VALUE_DIFFERENT_SOURCE"
"ne-franklin-franklin-county","NE","36","36","SAME_VALUE_DIFFERENT_SOURCE"
"ne-frontier-frontier-county","NE","36","36","SAME_VALUE_DIFFERENT_SOURCE"
"ne-furnas-furnas-county","NE","36","36","SAME_VALUE_DIFFERENT_SOURCE"
"ne-gage-beatrice","NE","36","36","SAME_VALUE_DIFFERENT_SOURCE"
"ne-gage-gage-county","NE","36","36","SAME_VALUE_DIFFERENT_SOURCE"
"ne-garden-garden-county","NE","36","36","SAME_VALUE_DIFFERENT_SOURCE"
"ne-garfield-garfield-county","NE","36","36","SAME_VALUE_DIFFERENT_SOURCE"
"ne-gosper-gosper-county","NE","36","36","SAME_VALUE_DIFFERENT_SOURCE"
"ne-grant-grant-county","NE","36","36","SAME_VALUE_DIFFERENT_SOURCE"
"ne-greeley-greeley-county","NE","36","36","SAME_VALUE_DIFFERENT_SOURCE"
"ne-hall-grand-island","NE","36","36","SAME_VALUE_DIFFERENT_SOURCE"
"ne-hall-hall-county","NE","36","36","SAME_VALUE_DIFFERENT_SOURCE"
"ne-hamilton-hamilton-county","NE","36","36","SAME_VALUE_DIFFERENT_SOURCE"
"ne-harlan-harlan-county","NE","36","36","SAME_VALUE_DIFFERENT_SOURCE"
"ne-hayes-hayes-county","NE","36","36","SAME_VALUE_DIFFERENT_SOURCE"
"ne-hitchcock-hitchcock-county","NE","36","36","SAME_VALUE_DIFFERENT_SOURCE"
"ne-holt-holt-county","NE","36","36","SAME_VALUE_DIFFERENT_SOURCE"
"ne-hooker-hooker-county","NE","36","36","SAME_VALUE_DIFFERENT_SOURCE"
"ne-howard-howard-county","NE","36","36","SAME_VALUE_DIFFERENT_SOURCE"
"ne-jefferson-jefferson-county","NE","36","36","SAME_VALUE_DIFFERENT_SOURCE"
"ne-johnson-johnson-county","NE","36","36","SAME_VALUE_DIFFERENT_SOURCE"
"ne-kearney-kearney-county","NE","36","36","SAME_VALUE_DIFFERENT_SOURCE"
"ne-keith-keith-county","NE","36","36","SAME_VALUE_DIFFERENT_SOURCE"
"ne-keya-paha-keya-paha-county","NE","36","36","SAME_VALUE_DIFFERENT_SOURCE"
"ne-kimball-kimball-county","NE","36","36","SAME_VALUE_DIFFERENT_SOURCE"
"ne-knox-knox-county","NE","36","36","SAME_VALUE_DIFFERENT_SOURCE"
"ne-lancaster-lincoln","NE","36","36","SAME_VALUE_DIFFERENT_SOURCE"
"ne-lancaster-lancaster-county","NE","36","36","SAME_VALUE_DIFFERENT_SOURCE"
"ne-lincoln-north-platte","NE","36","36","SAME_VALUE_DIFFERENT_SOURCE"
"ne-lincoln-lincoln-county","NE","36","36","SAME_VALUE_DIFFERENT_SOURCE"
"ne-logan-logan-county","NE","36","36","SAME_VALUE_DIFFERENT_SOURCE"
"ne-loup-loup-county","NE","36","36","SAME_VALUE_DIFFERENT_SOURCE"
"ne-madison-norfolk","NE","36","36","SAME_VALUE_DIFFERENT_SOURCE"
"ne-madison-madison-county","NE","36","36","SAME_VALUE_DIFFERENT_SOURCE"
"ne-mcpherson-mcpherson-county","NE","36","36","SAME_VALUE_DIFFERENT_SOURCE"
"ne-merrick-merrick-county","NE","36","36","SAME_VALUE_DIFFERENT_SOURCE"
"ne-morrill-morrill-county","NE","36","36","SAME_VALUE_DIFFERENT_SOURCE"
"ne-nance-nance-county","NE","36","36","SAME_VALUE_DIFFERENT_SOURCE"
"ne-nemaha-nemaha-county","NE","36","36","SAME_VALUE_DIFFERENT_SOURCE"
"ne-nuckolls-nuckolls-county","NE","36","36","SAME_VALUE_DIFFERENT_SOURCE"
"ne-otoe-otoe-county","NE","36","36","SAME_VALUE_DIFFERENT_SOURCE"
"ne-pawnee-pawnee-county","NE","36","36","SAME_VALUE_DIFFERENT_SOURCE"
"ne-perkins-perkins-county","NE","36","36","SAME_VALUE_DIFFERENT_SOURCE"
"ne-phelps-phelps-county","NE","36","36","SAME_VALUE_DIFFERENT_SOURCE"
"ne-pierce-pierce-county","NE","36","36","SAME_VALUE_DIFFERENT_SOURCE"
"ne-platte-columbus","NE","36","36","SAME_VALUE_DIFFERENT_SOURCE"
"ne-platte-platte-county","NE","36","36","SAME_VALUE_DIFFERENT_SOURCE"
"ne-polk-polk-county","NE","36","36","SAME_VALUE_DIFFERENT_SOURCE"
"ne-red-willow-red-willow-county","NE","36","36","SAME_VALUE_DIFFERENT_SOURCE"
"ne-richardson-richardson-county","NE","36","36","SAME_VALUE_DIFFERENT_SOURCE"
"ne-rock-rock-county","NE","36","36","SAME_VALUE_DIFFERENT_SOURCE"
"ne-saline-saline-county","NE","36","36","SAME_VALUE_DIFFERENT_SOURCE"
"ne-sarpy-bellevue","NE","36","36","SAME_VALUE_DIFFERENT_SOURCE"
"ne-sarpy-la-vista","NE","36","36","SAME_VALUE_DIFFERENT_SOURCE"
"ne-sarpy-papillion","NE","36","36","SAME_VALUE_DIFFERENT_SOURCE"
"ne-sarpy-sarpy-county","NE","36","36","SAME_VALUE_DIFFERENT_SOURCE"
"ne-saunders-saunders-county","NE","36","36","SAME_VALUE_DIFFERENT_SOURCE"
"ne-scotts-bluff-scottsbluff","NE","36","36","SAME_VALUE_DIFFERENT_SOURCE"
"ne-scotts-bluff-scotts-bluff-county","NE","36","36","SAME_VALUE_DIFFERENT_SOURCE"
"ne-seward-seward-county","NE","36","36","SAME_VALUE_DIFFERENT_SOURCE"
"ne-sheridan-sheridan-county","NE","36","36","SAME_VALUE_DIFFERENT_SOURCE"
"ne-sherman-sherman-county","NE","36","36","SAME_VALUE_DIFFERENT_SOURCE"
"ne-sioux-sioux-county","NE","36","36","SAME_VALUE_DIFFERENT_SOURCE"
"ne-stanton-stanton-county","NE","36","36","SAME_VALUE_DIFFERENT_SOURCE"
"ne-thayer-thayer-county","NE","36","36","SAME_VALUE_DIFFERENT_SOURCE"
"ne-thomas-thomas-county","NE","36","36","SAME_VALUE_DIFFERENT_SOURCE"
"ne-thurston-thurston-county","NE","36","36","SAME_VALUE_DIFFERENT_SOURCE"
"ne-valley-valley-county","NE","36","36","SAME_VALUE_DIFFERENT_SOURCE"
"ne-washington-washington-county","NE","36","36","SAME_VALUE_DIFFERENT_SOURCE"
"ne-wayne-wayne-county","NE","36","36","SAME_VALUE_DIFFERENT_SOURCE"
"ne-webster-webster-county","NE","36","36","SAME_VALUE_DIFFERENT_SOURCE"
"ne-wheeler-wheeler-county","NE","36","36","SAME_VALUE_DIFFERENT_SOURCE"
"ne-york-york-county","NE","36","36","SAME_VALUE_DIFFERENT_SOURCE"
"nh-belknap-belknap-county","NH","36","36","SAME_VALUE_DIFFERENT_SOURCE"
"nh-carroll-carroll-county","NH","36","36","SAME_VALUE_DIFFERENT_SOURCE"
"nh-cheshire-cheshire-county","NH","36","36","SAME_VALUE_DIFFERENT_SOURCE"
"nh-coos-coos-county","NH","36","36","SAME_VALUE_DIFFERENT_SOURCE"
"nh-grafton-grafton-county","NH","36","36","SAME_VALUE_DIFFERENT_SOURCE"
"nh-hillsborough-merrimack","NH","36","36","SAME_VALUE_DIFFERENT_SOURCE"
"nh-hillsborough-nashua","NH","36","36","SAME_VALUE_DIFFERENT_SOURCE"
"nh-hillsborough-hillsborough-county","NH","36","36","SAME_VALUE_DIFFERENT_SOURCE"
"nh-merrimack-concord","NH","36","36","SAME_VALUE_DIFFERENT_SOURCE"
"nh-merrimack-merrimack-county","NH","36","36","SAME_VALUE_DIFFERENT_SOURCE"
"nh-rockingham-derry","NH","36","36","SAME_VALUE_DIFFERENT_SOURCE"
"nh-rockingham-salem","NH","36","36","SAME_VALUE_DIFFERENT_SOURCE"
"nh-rockingham-rockingham-county","NH","36","36","SAME_VALUE_DIFFERENT_SOURCE"
"nh-strafford-dover","NH","36","36","SAME_VALUE_DIFFERENT_SOURCE"
"nh-strafford-rochester","NH","36","36","SAME_VALUE_DIFFERENT_SOURCE"
"nh-strafford-strafford-county","NH","36","36","SAME_VALUE_DIFFERENT_SOURCE"
"nh-sullivan-sullivan-county","NH","36","36","SAME_VALUE_DIFFERENT_SOURCE"
"nj-atlantic-atlantic-county","NJ","36","36","SAME_VALUE_DIFFERENT_SOURCE"
"nj-burlington-burlington-county","NJ","36","36","SAME_VALUE_DIFFERENT_SOURCE"
"nj-cape-may-cape-may-county","NJ","36","36","SAME_VALUE_DIFFERENT_SOURCE"
"nj-cumberland-cumberland-county","NJ","36","36","SAME_VALUE_DIFFERENT_SOURCE"
"nj-essex-essex-county","NJ","36","36","SAME_VALUE_DIFFERENT_SOURCE"
"nj-gloucester-gloucester-county","NJ","36","36","SAME_VALUE_DIFFERENT_SOURCE"
"nj-hudson-hudson-county","NJ","36","36","SAME_VALUE_DIFFERENT_SOURCE"
"nj-hunterdon-hunterdon-county","NJ","36","36","SAME_VALUE_DIFFERENT_SOURCE"
"nj-mercer-trenton","NJ","36","36","SAME_VALUE_DIFFERENT_SOURCE"
"nj-mercer-mercer-county","NJ","36","36","SAME_VALUE_DIFFERENT_SOURCE"
"nj-middlesex-edison","NJ","36","36","SAME_VALUE_DIFFERENT_SOURCE"
"nj-middlesex-woodbridge","NJ","36","36","SAME_VALUE_DIFFERENT_SOURCE"
"nj-morris-morris-county","NJ","36","36","SAME_VALUE_DIFFERENT_SOURCE"
"nj-ocean-lakewood","NJ","36","36","SAME_VALUE_DIFFERENT_SOURCE"
"nj-ocean-toms-river","NJ","36","36","SAME_VALUE_DIFFERENT_SOURCE"
"nj-passaic-paterson","NJ","36","36","SAME_VALUE_DIFFERENT_SOURCE"
"nj-passaic-passaic-county","NJ","36","36","SAME_VALUE_DIFFERENT_SOURCE"
"nj-salem-salem-county","NJ","36","36","SAME_VALUE_DIFFERENT_SOURCE"
"nj-somerset-somerset-county","NJ","36","36","SAME_VALUE_DIFFERENT_SOURCE"
"nj-sussex-sussex-county","NJ","36","36","SAME_VALUE_DIFFERENT_SOURCE"
"nj-union-elizabeth","NJ","36","36","SAME_VALUE_DIFFERENT_SOURCE"
"nj-union-union-county","NJ","36","36","SAME_VALUE_DIFFERENT_SOURCE"
"nj-warren-warren-county","NJ","36","36","SAME_VALUE_DIFFERENT_SOURCE"
"nm-bernalillo-bernalillo-county","NM","36","18","DIFFERENT_VALUE_DIFFERENT_SOURCE"
"nm-catron-catron-county","NM","36","18","DIFFERENT_VALUE_DIFFERENT_SOURCE"
"nm-chaves-roswell","NM","36","18","DIFFERENT_VALUE_DIFFERENT_SOURCE"
"nm-chaves-chaves-county","NM","36","18","DIFFERENT_VALUE_DIFFERENT_SOURCE"
"nm-cibola-cibola-county","NM","36","18","DIFFERENT_VALUE_DIFFERENT_SOURCE"
"nm-colfax-colfax-county","NM","36","18","DIFFERENT_VALUE_DIFFERENT_SOURCE"
"nm-curry-clovis","NM","36","18","DIFFERENT_VALUE_DIFFERENT_SOURCE"
"nm-curry-curry-county","NM","36","18","DIFFERENT_VALUE_DIFFERENT_SOURCE"
"nm-de-baca-de-baca-county","NM","36","18","DIFFERENT_VALUE_DIFFERENT_SOURCE"
"nm-doa-ana-doa-ana-county","NM","36","18","DIFFERENT_VALUE_DIFFERENT_SOURCE"
"nm-eddy-carlsbad","NM","36","18","DIFFERENT_VALUE_DIFFERENT_SOURCE"
"nm-eddy-eddy-county","NM","36","18","DIFFERENT_VALUE_DIFFERENT_SOURCE"
"nm-grant-grant-county","NM","36","18","DIFFERENT_VALUE_DIFFERENT_SOURCE"
"nm-guadalupe-guadalupe-county","NM","36","18","DIFFERENT_VALUE_DIFFERENT_SOURCE"
"nm-harding-harding-county","NM","36","18","DIFFERENT_VALUE_DIFFERENT_SOURCE"
"nm-hidalgo-hidalgo-county","NM","36","18","DIFFERENT_VALUE_DIFFERENT_SOURCE"
"nm-lea-hobbs","NM","36","18","DIFFERENT_VALUE_DIFFERENT_SOURCE"
"nm-lea-lea-county","NM","36","18","DIFFERENT_VALUE_DIFFERENT_SOURCE"
"nm-lincoln-lincoln-county","NM","36","18","DIFFERENT_VALUE_DIFFERENT_SOURCE"
"nm-los-alamos-los-alamos-county","NM","36","18","DIFFERENT_VALUE_DIFFERENT_SOURCE"
"nm-luna-deming","NM","36","18","DIFFERENT_VALUE_DIFFERENT_SOURCE"
"nm-luna-luna-county","NM","36","18","DIFFERENT_VALUE_DIFFERENT_SOURCE"
"nm-mckinley-gallup","NM","36","18","DIFFERENT_VALUE_DIFFERENT_SOURCE"
"nm-mckinley-mckinley-county","NM","36","18","DIFFERENT_VALUE_DIFFERENT_SOURCE"
"nm-mora-mora-county","NM","36","18","DIFFERENT_VALUE_DIFFERENT_SOURCE"
"nm-otero-alamogordo","NM","36","18","DIFFERENT_VALUE_DIFFERENT_SOURCE"
"nm-otero-otero-county","NM","36","18","DIFFERENT_VALUE_DIFFERENT_SOURCE"
"nm-quay-quay-county","NM","36","18","DIFFERENT_VALUE_DIFFERENT_SOURCE"
"nm-rio-arriba-rio-arriba-county","NM","36","18","DIFFERENT_VALUE_DIFFERENT_SOURCE"
"nm-roosevelt-roosevelt-county","NM","36","18","DIFFERENT_VALUE_DIFFERENT_SOURCE"
"nm-san-juan-farmington","NM","36","18","DIFFERENT_VALUE_DIFFERENT_SOURCE"
"nm-san-juan-san-juan-county","NM","36","18","DIFFERENT_VALUE_DIFFERENT_SOURCE"
"nm-san-miguel-san-miguel-county","NM","36","18","DIFFERENT_VALUE_DIFFERENT_SOURCE"
"nm-sandoval-rio-rancho","NM","36","18","DIFFERENT_VALUE_DIFFERENT_SOURCE"
"nm-sandoval-sandoval-county","NM","36","18","DIFFERENT_VALUE_DIFFERENT_SOURCE"
"nm-santa-fe-santa-fe-county","NM","36","18","DIFFERENT_VALUE_DIFFERENT_SOURCE"
"nm-sierra-sierra-county","NM","36","18","DIFFERENT_VALUE_DIFFERENT_SOURCE"
"nm-socorro-socorro-county","NM","36","18","DIFFERENT_VALUE_DIFFERENT_SOURCE"
"nm-taos-taos-county","NM","36","18","DIFFERENT_VALUE_DIFFERENT_SOURCE"
"nm-torrance-torrance-county","NM","36","18","DIFFERENT_VALUE_DIFFERENT_SOURCE"
"nm-union-union-county","NM","36","18","DIFFERENT_VALUE_DIFFERENT_SOURCE"
"nm-valencia-los-lunas","NM","36","18","DIFFERENT_VALUE_DIFFERENT_SOURCE"
"nm-valencia-valencia-county","NM","36","18","DIFFERENT_VALUE_DIFFERENT_SOURCE"
"nv-carson-city-carson-city","NV","36","18","DIFFERENT_VALUE_DIFFERENT_SOURCE"
"nv-churchill-churchill-county","NV","36","18","DIFFERENT_VALUE_DIFFERENT_SOURCE"
"nv-clark-boulder-city","NV","36","18","DIFFERENT_VALUE_DIFFERENT_SOURCE"
"nv-clark-mesquite","NV","36","18","DIFFERENT_VALUE_DIFFERENT_SOURCE"
"nv-clark-clark-county","NV","36","18","DIFFERENT_VALUE_DIFFERENT_SOURCE"
"nv-douglas-douglas-county","NV","36","18","DIFFERENT_VALUE_DIFFERENT_SOURCE"
"nv-elko-elko","NV","36","18","DIFFERENT_VALUE_DIFFERENT_SOURCE"
"nv-elko-elko-county","NV","36","18","DIFFERENT_VALUE_DIFFERENT_SOURCE"
"nv-esmeralda-esmeralda-county","NV","36","18","DIFFERENT_VALUE_DIFFERENT_SOURCE"
"nv-eureka-eureka-county","NV","36","18","DIFFERENT_VALUE_DIFFERENT_SOURCE"
"nv-humboldt-humboldt-county","NV","36","18","DIFFERENT_VALUE_DIFFERENT_SOURCE"
"nv-humboldt-winnemucca","NV","36","18","DIFFERENT_VALUE_DIFFERENT_SOURCE"
"nv-lander-lander-county","NV","36","18","DIFFERENT_VALUE_DIFFERENT_SOURCE"
"nv-lincoln-lincoln-county","NV","36","18","DIFFERENT_VALUE_DIFFERENT_SOURCE"
"nv-lyon-fernley","NV","36","18","DIFFERENT_VALUE_DIFFERENT_SOURCE"
"nv-lyon-lyon-county","NV","36","18","DIFFERENT_VALUE_DIFFERENT_SOURCE"
"nv-mineral-mineral-county","NV","36","18","DIFFERENT_VALUE_DIFFERENT_SOURCE"
"nv-nye-nye-county","NV","36","18","DIFFERENT_VALUE_DIFFERENT_SOURCE"
"nv-pershing-pershing-county","NV","36","18","DIFFERENT_VALUE_DIFFERENT_SOURCE"
"nv-storey-storey-county","NV","36","18","DIFFERENT_VALUE_DIFFERENT_SOURCE"
"nv-washoe-sparks","NV","36","18","DIFFERENT_VALUE_DIFFERENT_SOURCE"
"nv-washoe-washoe-county","NV","36","18","DIFFERENT_VALUE_DIFFERENT_SOURCE"
"nv-white-pine-white-pine-county","NV","36","18","DIFFERENT_VALUE_DIFFERENT_SOURCE"
"ny-albany-albany-county","NY","36","36","SAME_VALUE_DIFFERENT_SOURCE"
"ny-allegany-allegany-county","NY","36","36","SAME_VALUE_DIFFERENT_SOURCE"
"ny-bronx-bronx-county","NY","36","36","SAME_VALUE_DIFFERENT_SOURCE"
"ny-broome-broome-county","NY","36","36","SAME_VALUE_DIFFERENT_SOURCE"
"ny-cattaraugus-cattaraugus-county","NY","36","36","SAME_VALUE_DIFFERENT_SOURCE"
"ny-cayuga-cayuga-county","NY","36","36","SAME_VALUE_DIFFERENT_SOURCE"
"ny-chautauqua-chautauqua-county","NY","36","36","SAME_VALUE_DIFFERENT_SOURCE"
"ny-chemung-chemung-county","NY","36","36","SAME_VALUE_DIFFERENT_SOURCE"
"ny-chenango-chenango-county","NY","36","36","SAME_VALUE_DIFFERENT_SOURCE"
"ny-clinton-clinton-county","NY","36","36","SAME_VALUE_DIFFERENT_SOURCE"
"ny-columbia-columbia-county","NY","36","36","SAME_VALUE_DIFFERENT_SOURCE"
"ny-cortland-cortland-county","NY","36","36","SAME_VALUE_DIFFERENT_SOURCE"
"ny-delaware-delaware-county","NY","36","36","SAME_VALUE_DIFFERENT_SOURCE"
"ny-dutchess-dutchess-county","NY","36","36","SAME_VALUE_DIFFERENT_SOURCE"
"ny-erie-erie-county","NY","36","36","SAME_VALUE_DIFFERENT_SOURCE"
"ny-essex-essex-county","NY","36","36","SAME_VALUE_DIFFERENT_SOURCE"
"ny-franklin-franklin-county","NY","36","36","SAME_VALUE_DIFFERENT_SOURCE"
"ny-fulton-fulton-county","NY","36","36","SAME_VALUE_DIFFERENT_SOURCE"
"ny-genesee-genesee-county","NY","36","36","SAME_VALUE_DIFFERENT_SOURCE"
"ny-greene-greene-county","NY","36","36","SAME_VALUE_DIFFERENT_SOURCE"
"ny-hamilton-hamilton-county","NY","36","36","SAME_VALUE_DIFFERENT_SOURCE"
"ny-herkimer-herkimer-county","NY","36","36","SAME_VALUE_DIFFERENT_SOURCE"
"ny-jefferson-jefferson-county","NY","36","36","SAME_VALUE_DIFFERENT_SOURCE"
"ny-kings-kings-county","NY","36","36","SAME_VALUE_DIFFERENT_SOURCE"
"ny-lewis-lewis-county","NY","36","36","SAME_VALUE_DIFFERENT_SOURCE"
"ny-livingston-livingston-county","NY","36","36","SAME_VALUE_DIFFERENT_SOURCE"
"ny-madison-madison-county","NY","36","36","SAME_VALUE_DIFFERENT_SOURCE"
"ny-monroe-monroe-county","NY","36","36","SAME_VALUE_DIFFERENT_SOURCE"
"ny-montgomery-montgomery-county","NY","36","36","SAME_VALUE_DIFFERENT_SOURCE"
"ny-new-york-new-york","NY","36","36","SAME_VALUE_DIFFERENT_SOURCE"
"ny-new-york-new-york-county","NY","36","36","SAME_VALUE_DIFFERENT_SOURCE"
"ny-niagara-niagara-county","NY","36","36","SAME_VALUE_DIFFERENT_SOURCE"
"ny-oneida-oneida-county","NY","36","36","SAME_VALUE_DIFFERENT_SOURCE"
"ny-onondaga-syracuse","NY","36","36","SAME_VALUE_DIFFERENT_SOURCE"
"ny-onondaga-onondaga-county","NY","36","36","SAME_VALUE_DIFFERENT_SOURCE"
"ny-ontario-ontario-county","NY","36","36","SAME_VALUE_DIFFERENT_SOURCE"
"ny-orange-orange-county","NY","36","36","SAME_VALUE_DIFFERENT_SOURCE"
"ny-orleans-orleans-county","NY","36","36","SAME_VALUE_DIFFERENT_SOURCE"
"ny-oswego-oswego-county","NY","36","36","SAME_VALUE_DIFFERENT_SOURCE"
"ny-otsego-otsego-county","NY","36","36","SAME_VALUE_DIFFERENT_SOURCE"
"ny-putnam-putnam-county","NY","36","36","SAME_VALUE_DIFFERENT_SOURCE"
"ny-queens-queens-county","NY","36","36","SAME_VALUE_DIFFERENT_SOURCE"
"ny-rensselaer-rensselaer-county","NY","36","36","SAME_VALUE_DIFFERENT_SOURCE"
"ny-richmond-richmond-county","NY","36","36","SAME_VALUE_DIFFERENT_SOURCE"
"ny-rockland-rockland-county","NY","36","36","SAME_VALUE_DIFFERENT_SOURCE"
"ny-saratoga-saratoga-county","NY","36","36","SAME_VALUE_DIFFERENT_SOURCE"
"ny-schenectady-schenectady-county","NY","36","36","SAME_VALUE_DIFFERENT_SOURCE"
"ny-schoharie-schoharie-county","NY","36","36","SAME_VALUE_DIFFERENT_SOURCE"
"ny-schuyler-schuyler-county","NY","36","36","SAME_VALUE_DIFFERENT_SOURCE"
"ny-seneca-seneca-county","NY","36","36","SAME_VALUE_DIFFERENT_SOURCE"
"ny-st-lawrence-st-lawrence-county","NY","36","36","SAME_VALUE_DIFFERENT_SOURCE"
"ny-steuben-steuben-county","NY","36","36","SAME_VALUE_DIFFERENT_SOURCE"
"ny-sullivan-sullivan-county","NY","36","36","SAME_VALUE_DIFFERENT_SOURCE"
"ny-tioga-tioga-county","NY","36","36","SAME_VALUE_DIFFERENT_SOURCE"
"ny-tompkins-tompkins-county","NY","36","36","SAME_VALUE_DIFFERENT_SOURCE"
"ny-ulster-ulster-county","NY","36","36","SAME_VALUE_DIFFERENT_SOURCE"
"ny-warren-warren-county","NY","36","36","SAME_VALUE_DIFFERENT_SOURCE"
"ny-washington-washington-county","NY","36","36","SAME_VALUE_DIFFERENT_SOURCE"
"ny-wayne-wayne-county","NY","36","36","SAME_VALUE_DIFFERENT_SOURCE"
"ny-westchester-white-plains","NY","36","36","SAME_VALUE_DIFFERENT_SOURCE"
"ny-westchester-yonkers","NY","36","36","SAME_VALUE_DIFFERENT_SOURCE"
"ny-wyoming-wyoming-county","NY","36","36","SAME_VALUE_DIFFERENT_SOURCE"
"ny-yates-yates-county","NY","36","36","SAME_VALUE_DIFFERENT_SOURCE"
"oh-adams-adams-county","OH","36","36","SAME_VALUE_DIFFERENT_SOURCE"
"oh-allen-allen-county","OH","36","36","SAME_VALUE_DIFFERENT_SOURCE"
"oh-ashland-ashland-county","OH","36","36","SAME_VALUE_DIFFERENT_SOURCE"
"oh-ashtabula-ashtabula-county","OH","36","36","SAME_VALUE_DIFFERENT_SOURCE"
"oh-athens-athens-county","OH","36","36","SAME_VALUE_DIFFERENT_SOURCE"
"oh-auglaize-auglaize-county","OH","36","36","SAME_VALUE_DIFFERENT_SOURCE"
"oh-belmont-belmont-county","OH","36","36","SAME_VALUE_DIFFERENT_SOURCE"
"oh-brown-brown-county","OH","36","36","SAME_VALUE_DIFFERENT_SOURCE"
"oh-butler-fairfield","OH","36","36","SAME_VALUE_DIFFERENT_SOURCE"
"oh-butler-hamilton","OH","36","36","SAME_VALUE_DIFFERENT_SOURCE"
"oh-butler-middletown","OH","36","36","SAME_VALUE_DIFFERENT_SOURCE"
"oh-butler-butler-county","OH","36","36","SAME_VALUE_DIFFERENT_SOURCE"
"oh-carroll-carroll-county","OH","36","36","SAME_VALUE_DIFFERENT_SOURCE"
"oh-champaign-champaign-county","OH","36","36","SAME_VALUE_DIFFERENT_SOURCE"
"oh-clark-springfield","OH","36","36","SAME_VALUE_DIFFERENT_SOURCE"
"oh-clark-clark-county","OH","36","36","SAME_VALUE_DIFFERENT_SOURCE"
"oh-clermont-clermont-county","OH","36","36","SAME_VALUE_DIFFERENT_SOURCE"
"oh-clinton-clinton-county","OH","36","36","SAME_VALUE_DIFFERENT_SOURCE"
"oh-columbiana-columbiana-county","OH","36","36","SAME_VALUE_DIFFERENT_SOURCE"
"oh-coshocton-coshocton-county","OH","36","36","SAME_VALUE_DIFFERENT_SOURCE"
"oh-crawford-crawford-county","OH","36","36","SAME_VALUE_DIFFERENT_SOURCE"
"oh-cuyahoga-lakewood","OH","36","36","SAME_VALUE_DIFFERENT_SOURCE"
"oh-cuyahoga-parma","OH","36","36","SAME_VALUE_DIFFERENT_SOURCE"
"oh-cuyahoga-cuyahoga-county","OH","36","36","SAME_VALUE_DIFFERENT_SOURCE"
"oh-darke-darke-county","OH","36","36","SAME_VALUE_DIFFERENT_SOURCE"
"oh-defiance-defiance-county","OH","36","36","SAME_VALUE_DIFFERENT_SOURCE"
"oh-delaware-delaware-county","OH","36","36","SAME_VALUE_DIFFERENT_SOURCE"
"oh-erie-erie-county","OH","36","36","SAME_VALUE_DIFFERENT_SOURCE"
"oh-fairfield-lancaster","OH","36","36","SAME_VALUE_DIFFERENT_SOURCE"
"oh-fairfield-fairfield-county","OH","36","36","SAME_VALUE_DIFFERENT_SOURCE"
"oh-fayette-fayette-county","OH","36","36","SAME_VALUE_DIFFERENT_SOURCE"
"oh-franklin-dublin","OH","36","36","SAME_VALUE_DIFFERENT_SOURCE"
"oh-franklin-grove-city","OH","36","36","SAME_VALUE_DIFFERENT_SOURCE"
"oh-franklin-hilliard","OH","36","36","SAME_VALUE_DIFFERENT_SOURCE"
"oh-franklin-reynoldsburg","OH","36","36","SAME_VALUE_DIFFERENT_SOURCE"
"oh-franklin-franklin-county","OH","36","36","SAME_VALUE_DIFFERENT_SOURCE"
"oh-franklin-westerville","OH","36","36","SAME_VALUE_DIFFERENT_SOURCE"
"oh-fulton-fulton-county","OH","36","36","SAME_VALUE_DIFFERENT_SOURCE"
"oh-gallia-gallia-county","OH","36","36","SAME_VALUE_DIFFERENT_SOURCE"
"oh-geauga-geauga-county","OH","36","36","SAME_VALUE_DIFFERENT_SOURCE"
"oh-greene-greene-county","OH","36","36","SAME_VALUE_DIFFERENT_SOURCE"
"oh-guernsey-guernsey-county","OH","36","36","SAME_VALUE_DIFFERENT_SOURCE"
"oh-hamilton-cincinnati","OH","36","36","SAME_VALUE_DIFFERENT_SOURCE"
"oh-hamilton-hamilton-county","OH","36","36","SAME_VALUE_DIFFERENT_SOURCE"
"oh-hancock-findlay","OH","36","36","SAME_VALUE_DIFFERENT_SOURCE"
"oh-hancock-hancock-county","OH","36","36","SAME_VALUE_DIFFERENT_SOURCE"
"oh-hardin-hardin-county","OH","36","36","SAME_VALUE_DIFFERENT_SOURCE"
"oh-harrison-harrison-county","OH","36","36","SAME_VALUE_DIFFERENT_SOURCE"
"oh-henry-henry-county","OH","36","36","SAME_VALUE_DIFFERENT_SOURCE"
"oh-highland-highland-county","OH","36","36","SAME_VALUE_DIFFERENT_SOURCE"
"oh-hocking-hocking-county","OH","36","36","SAME_VALUE_DIFFERENT_SOURCE"
"oh-holmes-holmes-county","OH","36","36","SAME_VALUE_DIFFERENT_SOURCE"
"oh-huron-huron-county","OH","36","36","SAME_VALUE_DIFFERENT_SOURCE"
"oh-jackson-jackson-county","OH","36","36","SAME_VALUE_DIFFERENT_SOURCE"
"oh-jefferson-jefferson-county","OH","36","36","SAME_VALUE_DIFFERENT_SOURCE"
"oh-knox-knox-county","OH","36","36","SAME_VALUE_DIFFERENT_SOURCE"
"oh-lake-lake-county","OH","36","36","SAME_VALUE_DIFFERENT_SOURCE"
"oh-lawrence-lawrence-county","OH","36","36","SAME_VALUE_DIFFERENT_SOURCE"
"oh-licking-newark","OH","36","36","SAME_VALUE_DIFFERENT_SOURCE"
"oh-licking-licking-county","OH","36","36","SAME_VALUE_DIFFERENT_SOURCE"
"oh-logan-logan-county","OH","36","36","SAME_VALUE_DIFFERENT_SOURCE"
"oh-lorain-elyria","OH","36","36","SAME_VALUE_DIFFERENT_SOURCE"
"oh-lorain-lorain","OH","36","36","SAME_VALUE_DIFFERENT_SOURCE"
"oh-lorain-lorain-county","OH","36","36","SAME_VALUE_DIFFERENT_SOURCE"
"oh-lucas-toledo","OH","36","36","SAME_VALUE_DIFFERENT_SOURCE"
"oh-lucas-lucas-county","OH","36","36","SAME_VALUE_DIFFERENT_SOURCE"
"oh-madison-madison-county","OH","36","36","SAME_VALUE_DIFFERENT_SOURCE"
"oh-mahoning-mahoning-county","OH","36","36","SAME_VALUE_DIFFERENT_SOURCE"
"oh-mahoning-youngstown","OH","36","36","SAME_VALUE_DIFFERENT_SOURCE"
"oh-marion-marion","OH","36","36","SAME_VALUE_DIFFERENT_SOURCE"
"oh-marion-marion-county","OH","36","36","SAME_VALUE_DIFFERENT_SOURCE"
"oh-medina-medina-county","OH","36","36","SAME_VALUE_DIFFERENT_SOURCE"
"oh-meigs-meigs-county","OH","36","36","SAME_VALUE_DIFFERENT_SOURCE"
"oh-mercer-mercer-county","OH","36","36","SAME_VALUE_DIFFERENT_SOURCE"
"oh-miami-miami-county","OH","36","36","SAME_VALUE_DIFFERENT_SOURCE"
"oh-monroe-monroe-county","OH","36","36","SAME_VALUE_DIFFERENT_SOURCE"
"oh-montgomery-dayton","OH","36","36","SAME_VALUE_DIFFERENT_SOURCE"
"oh-montgomery-huber-heights","OH","36","36","SAME_VALUE_DIFFERENT_SOURCE"
"oh-montgomery-kettering","OH","36","36","SAME_VALUE_DIFFERENT_SOURCE"
"oh-montgomery-montgomery-county","OH","36","36","SAME_VALUE_DIFFERENT_SOURCE"
"oh-morgan-morgan-county","OH","36","36","SAME_VALUE_DIFFERENT_SOURCE"
"oh-morrow-morrow-county","OH","36","36","SAME_VALUE_DIFFERENT_SOURCE"
"oh-muskingum-muskingum-county","OH","36","36","SAME_VALUE_DIFFERENT_SOURCE"
"oh-muskingum-zanesville","OH","36","36","SAME_VALUE_DIFFERENT_SOURCE"
"oh-noble-noble-county","OH","36","36","SAME_VALUE_DIFFERENT_SOURCE"
"oh-ottawa-ottawa-county","OH","36","36","SAME_VALUE_DIFFERENT_SOURCE"
"oh-paulding-paulding-county","OH","36","36","SAME_VALUE_DIFFERENT_SOURCE"
"oh-perry-perry-county","OH","36","36","SAME_VALUE_DIFFERENT_SOURCE"
"oh-pickaway-pickaway-county","OH","36","36","SAME_VALUE_DIFFERENT_SOURCE"
"oh-pike-pike-county","OH","36","36","SAME_VALUE_DIFFERENT_SOURCE"
"oh-portage-portage-county","OH","36","36","SAME_VALUE_DIFFERENT_SOURCE"
"oh-preble-preble-county","OH","36","36","SAME_VALUE_DIFFERENT_SOURCE"
"oh-putnam-putnam-county","OH","36","36","SAME_VALUE_DIFFERENT_SOURCE"
"oh-richland-mansfield","OH","36","36","SAME_VALUE_DIFFERENT_SOURCE"
"oh-richland-richland-county","OH","36","36","SAME_VALUE_DIFFERENT_SOURCE"
"oh-ross-ross-county","OH","36","36","SAME_VALUE_DIFFERENT_SOURCE"
"oh-sandusky-sandusky-county","OH","36","36","SAME_VALUE_DIFFERENT_SOURCE"
"oh-scioto-scioto-county","OH","36","36","SAME_VALUE_DIFFERENT_SOURCE"
"oh-seneca-seneca-county","OH","36","36","SAME_VALUE_DIFFERENT_SOURCE"
"oh-shelby-shelby-county","OH","36","36","SAME_VALUE_DIFFERENT_SOURCE"
"oh-stark-canton","OH","36","36","SAME_VALUE_DIFFERENT_SOURCE"
"oh-stark-stark-county","OH","36","36","SAME_VALUE_DIFFERENT_SOURCE"
"oh-summit-akron","OH","36","36","SAME_VALUE_DIFFERENT_SOURCE"
"oh-summit-summit-county","OH","36","36","SAME_VALUE_DIFFERENT_SOURCE"
"oh-trumbull-trumbull-county","OH","36","36","SAME_VALUE_DIFFERENT_SOURCE"
"oh-tuscarawas-tuscarawas-county","OH","36","36","SAME_VALUE_DIFFERENT_SOURCE"
"oh-union-union-county","OH","36","36","SAME_VALUE_DIFFERENT_SOURCE"
"oh-van-wert-van-wert-county","OH","36","36","SAME_VALUE_DIFFERENT_SOURCE"
"oh-vinton-vinton-county","OH","36","36","SAME_VALUE_DIFFERENT_SOURCE"
"oh-warren-warren-county","OH","36","36","SAME_VALUE_DIFFERENT_SOURCE"
"oh-washington-washington-county","OH","36","36","SAME_VALUE_DIFFERENT_SOURCE"
"oh-wayne-wayne-county","OH","36","36","SAME_VALUE_DIFFERENT_SOURCE"
"oh-williams-williams-county","OH","36","36","SAME_VALUE_DIFFERENT_SOURCE"
"oh-wood-wood-county","OH","36","36","SAME_VALUE_DIFFERENT_SOURCE"
"oh-wyandot-wyandot-county","OH","36","36","SAME_VALUE_DIFFERENT_SOURCE"
"ok-adair-adair-county","OK","36","36","SAME_VALUE_DIFFERENT_SOURCE"
"ok-alfalfa-alfalfa-county","OK","36","36","SAME_VALUE_DIFFERENT_SOURCE"
"ok-atoka-atoka-county","OK","36","36","SAME_VALUE_DIFFERENT_SOURCE"
"ok-beaver-beaver-county","OK","36","36","SAME_VALUE_DIFFERENT_SOURCE"
"ok-beckham-beckham-county","OK","36","36","SAME_VALUE_DIFFERENT_SOURCE"
"ok-blaine-blaine-county","OK","36","36","SAME_VALUE_DIFFERENT_SOURCE"
"ok-bryan-bryan-county","OK","36","36","SAME_VALUE_DIFFERENT_SOURCE"
"ok-caddo-caddo-county","OK","36","36","SAME_VALUE_DIFFERENT_SOURCE"
"ok-canadian-canadian-county","OK","36","36","SAME_VALUE_DIFFERENT_SOURCE"
"ok-carter-ardmore","OK","36","36","SAME_VALUE_DIFFERENT_SOURCE"
"ok-carter-carter-county","OK","36","36","SAME_VALUE_DIFFERENT_SOURCE"
"ok-cherokee-cherokee-county","OK","36","36","SAME_VALUE_DIFFERENT_SOURCE"
"ok-choctaw-choctaw-county","OK","36","36","SAME_VALUE_DIFFERENT_SOURCE"
"ok-cimarron-cimarron-county","OK","36","36","SAME_VALUE_DIFFERENT_SOURCE"
"ok-cleveland-moore","OK","36","36","SAME_VALUE_DIFFERENT_SOURCE"
"ok-cleveland-norman","OK","36","36","SAME_VALUE_DIFFERENT_SOURCE"
"ok-cleveland-cleveland-county","OK","36","36","SAME_VALUE_DIFFERENT_SOURCE"
"ok-coal-coal-county","OK","36","36","SAME_VALUE_DIFFERENT_SOURCE"
"ok-comanche-lawton","OK","36","36","SAME_VALUE_DIFFERENT_SOURCE"
"ok-comanche-comanche-county","OK","36","36","SAME_VALUE_DIFFERENT_SOURCE"
"ok-cotton-cotton-county","OK","36","36","SAME_VALUE_DIFFERENT_SOURCE"
"ok-craig-craig-county","OK","36","36","SAME_VALUE_DIFFERENT_SOURCE"
"ok-creek-creek-county","OK","36","36","SAME_VALUE_DIFFERENT_SOURCE"
"ok-custer-custer-county","OK","36","36","SAME_VALUE_DIFFERENT_SOURCE"
"ok-delaware-delaware-county","OK","36","36","SAME_VALUE_DIFFERENT_SOURCE"
"ok-dewey-dewey-county","OK","36","36","SAME_VALUE_DIFFERENT_SOURCE"
"ok-ellis-ellis-county","OK","36","36","SAME_VALUE_DIFFERENT_SOURCE"
"ok-garfield-enid","OK","36","36","SAME_VALUE_DIFFERENT_SOURCE"
"ok-garfield-garfield-county","OK","36","36","SAME_VALUE_DIFFERENT_SOURCE"
"ok-garvin-garvin-county","OK","36","36","SAME_VALUE_DIFFERENT_SOURCE"
"ok-grady-grady-county","OK","36","36","SAME_VALUE_DIFFERENT_SOURCE"
"ok-grant-grant-county","OK","36","36","SAME_VALUE_DIFFERENT_SOURCE"
"ok-greer-greer-county","OK","36","36","SAME_VALUE_DIFFERENT_SOURCE"
"ok-harmon-harmon-county","OK","36","36","SAME_VALUE_DIFFERENT_SOURCE"
"ok-harper-harper-county","OK","36","36","SAME_VALUE_DIFFERENT_SOURCE"
"ok-haskell-haskell-county","OK","36","36","SAME_VALUE_DIFFERENT_SOURCE"
"ok-hughes-hughes-county","OK","36","36","SAME_VALUE_DIFFERENT_SOURCE"
"ok-jackson-jackson-county","OK","36","36","SAME_VALUE_DIFFERENT_SOURCE"
"ok-jefferson-jefferson-county","OK","36","36","SAME_VALUE_DIFFERENT_SOURCE"
"ok-johnston-johnston-county","OK","36","36","SAME_VALUE_DIFFERENT_SOURCE"
"ok-kay-ponca-city","OK","36","36","SAME_VALUE_DIFFERENT_SOURCE"
"ok-kay-kay-county","OK","36","36","SAME_VALUE_DIFFERENT_SOURCE"
"ok-kingfisher-kingfisher-county","OK","36","36","SAME_VALUE_DIFFERENT_SOURCE"
"ok-kiowa-kiowa-county","OK","36","36","SAME_VALUE_DIFFERENT_SOURCE"
"ok-latimer-latimer-county","OK","36","36","SAME_VALUE_DIFFERENT_SOURCE"
"ok-le-flore-le-flore-county","OK","36","36","SAME_VALUE_DIFFERENT_SOURCE"
"ok-lincoln-lincoln-county","OK","36","36","SAME_VALUE_DIFFERENT_SOURCE"
"ok-logan-logan-county","OK","36","36","SAME_VALUE_DIFFERENT_SOURCE"
"ok-love-love-county","OK","36","36","SAME_VALUE_DIFFERENT_SOURCE"
"ok-major-major-county","OK","36","36","SAME_VALUE_DIFFERENT_SOURCE"
"ok-marshall-marshall-county","OK","36","36","SAME_VALUE_DIFFERENT_SOURCE"
"ok-mayes-mayes-county","OK","36","36","SAME_VALUE_DIFFERENT_SOURCE"
"ok-mcclain-mcclain-county","OK","36","36","SAME_VALUE_DIFFERENT_SOURCE"
"ok-mccurtain-mccurtain-county","OK","36","36","SAME_VALUE_DIFFERENT_SOURCE"
"ok-mcintosh-mcintosh-county","OK","36","36","SAME_VALUE_DIFFERENT_SOURCE"
"ok-murray-murray-county","OK","36","36","SAME_VALUE_DIFFERENT_SOURCE"
"ok-muskogee-muskogee","OK","36","36","SAME_VALUE_DIFFERENT_SOURCE"
"ok-muskogee-muskogee-county","OK","36","36","SAME_VALUE_DIFFERENT_SOURCE"
"ok-noble-noble-county","OK","36","36","SAME_VALUE_DIFFERENT_SOURCE"
"ok-nowata-nowata-county","OK","36","36","SAME_VALUE_DIFFERENT_SOURCE"
"ok-okfuskee-okfuskee-county","OK","36","36","SAME_VALUE_DIFFERENT_SOURCE"
"ok-oklahoma-edmond","OK","36","36","SAME_VALUE_DIFFERENT_SOURCE"
"ok-oklahoma-midwest-city","OK","36","36","SAME_VALUE_DIFFERENT_SOURCE"
"ok-oklahoma-oklahoma-county","OK","36","36","SAME_VALUE_DIFFERENT_SOURCE"
"ok-okmulgee-okmulgee-county","OK","36","36","SAME_VALUE_DIFFERENT_SOURCE"
"ok-osage-osage-county","OK","36","36","SAME_VALUE_DIFFERENT_SOURCE"
"ok-ottawa-ottawa-county","OK","36","36","SAME_VALUE_DIFFERENT_SOURCE"
"ok-pawnee-pawnee-county","OK","36","36","SAME_VALUE_DIFFERENT_SOURCE"
"ok-payne-stillwater","OK","36","36","SAME_VALUE_DIFFERENT_SOURCE"
"ok-payne-payne-county","OK","36","36","SAME_VALUE_DIFFERENT_SOURCE"
"ok-pittsburg-pittsburg-county","OK","36","36","SAME_VALUE_DIFFERENT_SOURCE"
"ok-pontotoc-pontotoc-county","OK","36","36","SAME_VALUE_DIFFERENT_SOURCE"
"ok-pottawatomie-shawnee","OK","36","36","SAME_VALUE_DIFFERENT_SOURCE"
"ok-pottawatomie-pottawatomie-county","OK","36","36","SAME_VALUE_DIFFERENT_SOURCE"
"ok-pushmataha-pushmataha-county","OK","36","36","SAME_VALUE_DIFFERENT_SOURCE"
"ok-roger-mills-roger-mills-county","OK","36","36","SAME_VALUE_DIFFERENT_SOURCE"
"ok-rogers-rogers-county","OK","36","36","SAME_VALUE_DIFFERENT_SOURCE"
"ok-seminole-seminole-county","OK","36","36","SAME_VALUE_DIFFERENT_SOURCE"
"ok-sequoyah-sequoyah-county","OK","36","36","SAME_VALUE_DIFFERENT_SOURCE"
"ok-stephens-duncan","OK","36","36","SAME_VALUE_DIFFERENT_SOURCE"
"ok-stephens-stephens-county","OK","36","36","SAME_VALUE_DIFFERENT_SOURCE"
"ok-texas-texas-county","OK","36","36","SAME_VALUE_DIFFERENT_SOURCE"
"ok-tillman-tillman-county","OK","36","36","SAME_VALUE_DIFFERENT_SOURCE"
"ok-tulsa-broken-arrow","OK","36","36","SAME_VALUE_DIFFERENT_SOURCE"
"ok-tulsa-tulsa-county","OK","36","36","SAME_VALUE_DIFFERENT_SOURCE"
"ok-wagoner-wagoner-county","OK","36","36","SAME_VALUE_DIFFERENT_SOURCE"
"ok-washington-bartlesville","OK","36","36","SAME_VALUE_DIFFERENT_SOURCE"
"ok-washington-washington-county","OK","36","36","SAME_VALUE_DIFFERENT_SOURCE"
"ok-washita-washita-county","OK","36","36","SAME_VALUE_DIFFERENT_SOURCE"
"ok-woods-woods-county","OK","36","36","SAME_VALUE_DIFFERENT_SOURCE"
"ok-woodward-woodward-county","OK","36","36","SAME_VALUE_DIFFERENT_SOURCE"
"or-baker-baker-county","OR","36","36","SAME_VALUE_DIFFERENT_SOURCE"
"or-benton-corvallis","OR","36","36","SAME_VALUE_DIFFERENT_SOURCE"
"or-benton-benton-county","OR","36","36","SAME_VALUE_DIFFERENT_SOURCE"
"or-clackamas-lake-oswego","OR","36","36","SAME_VALUE_DIFFERENT_SOURCE"
"or-clackamas-clackamas-county","OR","36","36","SAME_VALUE_DIFFERENT_SOURCE"
"or-clatsop-clatsop-county","OR","36","36","SAME_VALUE_DIFFERENT_SOURCE"
"or-columbia-columbia-county","OR","36","36","SAME_VALUE_DIFFERENT_SOURCE"
"or-coos-coos-county","OR","36","36","SAME_VALUE_DIFFERENT_SOURCE"
"or-crook-crook-county","OR","36","36","SAME_VALUE_DIFFERENT_SOURCE"
"or-curry-curry-county","OR","36","36","SAME_VALUE_DIFFERENT_SOURCE"
"or-deschutes-bend","OR","36","36","SAME_VALUE_DIFFERENT_SOURCE"
"or-deschutes-redmond","OR","36","36","SAME_VALUE_DIFFERENT_SOURCE"
"or-deschutes-deschutes-county","OR","36","36","SAME_VALUE_DIFFERENT_SOURCE"
"or-douglas-roseburg","OR","36","36","SAME_VALUE_DIFFERENT_SOURCE"
"or-douglas-douglas-county","OR","36","36","SAME_VALUE_DIFFERENT_SOURCE"
"or-gilliam-gilliam-county","OR","36","36","SAME_VALUE_DIFFERENT_SOURCE"
"or-grant-grant-county","OR","36","36","SAME_VALUE_DIFFERENT_SOURCE"
"or-harney-harney-county","OR","36","36","SAME_VALUE_DIFFERENT_SOURCE"
"or-hood-river-hood-river-county","OR","36","36","SAME_VALUE_DIFFERENT_SOURCE"
"or-jackson-ashland","OR","36","36","SAME_VALUE_DIFFERENT_SOURCE"
"or-jackson-medford","OR","36","36","SAME_VALUE_DIFFERENT_SOURCE"
"or-jackson-jackson-county","OR","36","36","SAME_VALUE_DIFFERENT_SOURCE"
"or-jefferson-jefferson-county","OR","36","36","SAME_VALUE_DIFFERENT_SOURCE"
"or-josephine-grants-pass","OR","36","36","SAME_VALUE_DIFFERENT_SOURCE"
"or-josephine-josephine-county","OR","36","36","SAME_VALUE_DIFFERENT_SOURCE"
"or-klamath-klamath-county","OR","36","36","SAME_VALUE_DIFFERENT_SOURCE"
"or-lake-lake-county","OR","36","36","SAME_VALUE_DIFFERENT_SOURCE"
"or-lane-eugene","OR","36","36","SAME_VALUE_DIFFERENT_SOURCE"
"or-lane-springfield","OR","36","36","SAME_VALUE_DIFFERENT_SOURCE"
"or-lane-lane-county","OR","36","36","SAME_VALUE_DIFFERENT_SOURCE"
"or-lincoln-lincoln-county","OR","36","36","SAME_VALUE_DIFFERENT_SOURCE"
"or-linn-linn-county","OR","36","36","SAME_VALUE_DIFFERENT_SOURCE"
"or-malheur-malheur-county","OR","36","36","SAME_VALUE_DIFFERENT_SOURCE"
"or-marion-salem","OR","36","36","SAME_VALUE_DIFFERENT_SOURCE"
"or-marion-marion-county","OR","36","36","SAME_VALUE_DIFFERENT_SOURCE"
"or-morrow-morrow-county","OR","36","36","SAME_VALUE_DIFFERENT_SOURCE"
"or-multnomah-gresham","OR","36","36","SAME_VALUE_DIFFERENT_SOURCE"
"or-multnomah-multnomah-county","OR","36","36","SAME_VALUE_DIFFERENT_SOURCE"
"or-polk-polk-county","OR","36","36","SAME_VALUE_DIFFERENT_SOURCE"
"or-sherman-sherman-county","OR","36","36","SAME_VALUE_DIFFERENT_SOURCE"
"or-tillamook-tillamook-county","OR","36","36","SAME_VALUE_DIFFERENT_SOURCE"
"or-umatilla-umatilla-county","OR","36","36","SAME_VALUE_DIFFERENT_SOURCE"
"or-union-union-county","OR","36","36","SAME_VALUE_DIFFERENT_SOURCE"
"or-wallowa-wallowa-county","OR","36","36","SAME_VALUE_DIFFERENT_SOURCE"
"or-wasco-wasco-county","OR","36","36","SAME_VALUE_DIFFERENT_SOURCE"
"or-washington-beaverton","OR","36","36","SAME_VALUE_DIFFERENT_SOURCE"
"or-washington-tigard","OR","36","36","SAME_VALUE_DIFFERENT_SOURCE"
"or-washington-washington-county","OR","36","36","SAME_VALUE_DIFFERENT_SOURCE"
"or-wheeler-wheeler-county","OR","36","36","SAME_VALUE_DIFFERENT_SOURCE"
"or-yamhill-yamhill-county","OR","36","36","SAME_VALUE_DIFFERENT_SOURCE"
"pa-adams-adams-county","PA","36","36","SAME_VALUE_DIFFERENT_SOURCE"
"pa-allegheny-allegheny-county","PA","36","36","SAME_VALUE_DIFFERENT_SOURCE"
"pa-armstrong-armstrong-county","PA","36","36","SAME_VALUE_DIFFERENT_SOURCE"
"pa-beaver-beaver-county","PA","36","36","SAME_VALUE_DIFFERENT_SOURCE"
"pa-bedford-bedford-county","PA","36","36","SAME_VALUE_DIFFERENT_SOURCE"
"pa-berks-reading","PA","36","36","SAME_VALUE_DIFFERENT_SOURCE"
"pa-berks-berks-county","PA","36","36","SAME_VALUE_DIFFERENT_SOURCE"
"pa-blair-blair-county","PA","36","36","SAME_VALUE_DIFFERENT_SOURCE"
"pa-bradford-bradford-county","PA","36","36","SAME_VALUE_DIFFERENT_SOURCE"
"pa-bucks-bucks-county","PA","36","36","SAME_VALUE_DIFFERENT_SOURCE"
"pa-butler-butler-county","PA","36","36","SAME_VALUE_DIFFERENT_SOURCE"
"pa-cambria-cambria-county","PA","36","36","SAME_VALUE_DIFFERENT_SOURCE"
"pa-cameron-cameron-county","PA","36","36","SAME_VALUE_DIFFERENT_SOURCE"
"pa-carbon-carbon-county","PA","36","36","SAME_VALUE_DIFFERENT_SOURCE"
"pa-centre-centre-county","PA","36","36","SAME_VALUE_DIFFERENT_SOURCE"
"pa-chester-chester-county","PA","36","36","SAME_VALUE_DIFFERENT_SOURCE"
"pa-clarion-clarion-county","PA","36","36","SAME_VALUE_DIFFERENT_SOURCE"
"pa-clearfield-clearfield-county","PA","36","36","SAME_VALUE_DIFFERENT_SOURCE"
"pa-clinton-clinton-county","PA","36","36","SAME_VALUE_DIFFERENT_SOURCE"
"pa-columbia-columbia-county","PA","36","36","SAME_VALUE_DIFFERENT_SOURCE"
"pa-crawford-crawford-county","PA","36","36","SAME_VALUE_DIFFERENT_SOURCE"
"pa-cumberland-cumberland-county","PA","36","36","SAME_VALUE_DIFFERENT_SOURCE"
"pa-dauphin-dauphin-county","PA","36","36","SAME_VALUE_DIFFERENT_SOURCE"
"pa-delaware-delaware-county","PA","36","36","SAME_VALUE_DIFFERENT_SOURCE"
"pa-elk-elk-county","PA","36","36","SAME_VALUE_DIFFERENT_SOURCE"
"pa-erie-erie","PA","36","36","SAME_VALUE_DIFFERENT_SOURCE"
"pa-erie-erie-county","PA","36","36","SAME_VALUE_DIFFERENT_SOURCE"
"pa-fayette-fayette-county","PA","36","36","SAME_VALUE_DIFFERENT_SOURCE"
"pa-forest-forest-county","PA","36","36","SAME_VALUE_DIFFERENT_SOURCE"
"pa-franklin-franklin-county","PA","36","36","SAME_VALUE_DIFFERENT_SOURCE"
"pa-fulton-fulton-county","PA","36","36","SAME_VALUE_DIFFERENT_SOURCE"
"pa-greene-greene-county","PA","36","36","SAME_VALUE_DIFFERENT_SOURCE"
"pa-huntingdon-huntingdon-county","PA","36","36","SAME_VALUE_DIFFERENT_SOURCE"
"pa-indiana-indiana-county","PA","36","36","SAME_VALUE_DIFFERENT_SOURCE"
"pa-jefferson-jefferson-county","PA","36","36","SAME_VALUE_DIFFERENT_SOURCE"
"pa-juniata-juniata-county","PA","36","36","SAME_VALUE_DIFFERENT_SOURCE"
"pa-lackawanna-scranton","PA","36","36","SAME_VALUE_DIFFERENT_SOURCE"
"pa-lackawanna-lackawanna-county","PA","36","36","SAME_VALUE_DIFFERENT_SOURCE"
"pa-lancaster-lancaster","PA","36","36","SAME_VALUE_DIFFERENT_SOURCE"
"pa-lancaster-lancaster-county","PA","36","36","SAME_VALUE_DIFFERENT_SOURCE"
"pa-lawrence-lawrence-county","PA","36","36","SAME_VALUE_DIFFERENT_SOURCE"
"pa-lebanon-lebanon-county","PA","36","36","SAME_VALUE_DIFFERENT_SOURCE"
"pa-lehigh-allentown","PA","36","36","SAME_VALUE_DIFFERENT_SOURCE"
"pa-lehigh-lehigh-county","PA","36","36","SAME_VALUE_DIFFERENT_SOURCE"
"pa-luzerne-luzerne-county","PA","36","36","SAME_VALUE_DIFFERENT_SOURCE"
"pa-lycoming-lycoming-county","PA","36","36","SAME_VALUE_DIFFERENT_SOURCE"
"pa-mckean-mckean-county","PA","36","36","SAME_VALUE_DIFFERENT_SOURCE"
"pa-mercer-mercer-county","PA","36","36","SAME_VALUE_DIFFERENT_SOURCE"
"pa-mifflin-mifflin-county","PA","36","36","SAME_VALUE_DIFFERENT_SOURCE"
"pa-monroe-monroe-county","PA","36","36","SAME_VALUE_DIFFERENT_SOURCE"
"pa-montgomery-montgomery-county","PA","36","36","SAME_VALUE_DIFFERENT_SOURCE"
"pa-montour-montour-county","PA","36","36","SAME_VALUE_DIFFERENT_SOURCE"
"pa-northampton-bethlehem","PA","36","36","SAME_VALUE_DIFFERENT_SOURCE"
"pa-northampton-northampton-county","PA","36","36","SAME_VALUE_DIFFERENT_SOURCE"
"pa-northumberland-northumberland-county","PA","36","36","SAME_VALUE_DIFFERENT_SOURCE"
"pa-perry-perry-county","PA","36","36","SAME_VALUE_DIFFERENT_SOURCE"
"pa-philadelphia-philadelphia-county","PA","36","36","SAME_VALUE_DIFFERENT_SOURCE"
"pa-pike-pike-county","PA","36","36","SAME_VALUE_DIFFERENT_SOURCE"
"pa-potter-potter-county","PA","36","36","SAME_VALUE_DIFFERENT_SOURCE"
"pa-schuylkill-schuylkill-county","PA","36","36","SAME_VALUE_DIFFERENT_SOURCE"
"pa-snyder-snyder-county","PA","36","36","SAME_VALUE_DIFFERENT_SOURCE"
"pa-somerset-somerset-county","PA","36","36","SAME_VALUE_DIFFERENT_SOURCE"
"pa-sullivan-sullivan-county","PA","36","36","SAME_VALUE_DIFFERENT_SOURCE"
"pa-susquehanna-susquehanna-county","PA","36","36","SAME_VALUE_DIFFERENT_SOURCE"
"pa-tioga-tioga-county","PA","36","36","SAME_VALUE_DIFFERENT_SOURCE"
"pa-union-union-county","PA","36","36","SAME_VALUE_DIFFERENT_SOURCE"
"pa-venango-venango-county","PA","36","36","SAME_VALUE_DIFFERENT_SOURCE"
"pa-warren-warren-county","PA","36","36","SAME_VALUE_DIFFERENT_SOURCE"
"pa-washington-washington-county","PA","36","36","SAME_VALUE_DIFFERENT_SOURCE"
"pa-wayne-wayne-county","PA","36","36","SAME_VALUE_DIFFERENT_SOURCE"
"pa-westmoreland-westmoreland-county","PA","36","36","SAME_VALUE_DIFFERENT_SOURCE"
"pa-wyoming-wyoming-county","PA","36","36","SAME_VALUE_DIFFERENT_SOURCE"
"pa-york-york-county","PA","36","36","SAME_VALUE_DIFFERENT_SOURCE"
"pa-york-york","PA","36","36","SAME_VALUE_DIFFERENT_SOURCE"
"pr-adjuntas-adjuntas-county","PR","36","36","SAME_VALUE_DIFFERENT_SOURCE"
"pr-aguada-aguada-county","PR","36","36","SAME_VALUE_DIFFERENT_SOURCE"
"pr-aguadilla-aguadilla-county","PR","36","36","SAME_VALUE_DIFFERENT_SOURCE"
"pr-aguas-buenas-aguas-buenas-county","PR","36","36","SAME_VALUE_DIFFERENT_SOURCE"
"pr-aibonito-aibonito-county","PR","36","36","SAME_VALUE_DIFFERENT_SOURCE"
"pr-anasco-anasco-county","PR","36","36","SAME_VALUE_DIFFERENT_SOURCE"
"pr-arecibo-arecibo","PR","36","36","SAME_VALUE_DIFFERENT_SOURCE"
"pr-arecibo-arecibo-county","PR","36","36","SAME_VALUE_DIFFERENT_SOURCE"
"pr-arroyo-arroyo-county","PR","36","36","SAME_VALUE_DIFFERENT_SOURCE"
"pr-barceloneta-barceloneta-county","PR","36","36","SAME_VALUE_DIFFERENT_SOURCE"
"pr-barranquitas-barranquitas-county","PR","36","36","SAME_VALUE_DIFFERENT_SOURCE"
"pr-bayamon-bayamon","PR","36","36","SAME_VALUE_DIFFERENT_SOURCE"
"pr-bayamon-bayamon-county","PR","36","36","SAME_VALUE_DIFFERENT_SOURCE"
"pr-cabo-rojo-cabo-rojo-county","PR","36","36","SAME_VALUE_DIFFERENT_SOURCE"
"pr-caguas-caguas","PR","36","36","SAME_VALUE_DIFFERENT_SOURCE"
"pr-caguas-caguas-county","PR","36","36","SAME_VALUE_DIFFERENT_SOURCE"
"pr-camuy-camuy-county","PR","36","36","SAME_VALUE_DIFFERENT_SOURCE"
"pr-canovanas-canovanas-county","PR","36","36","SAME_VALUE_DIFFERENT_SOURCE"
"pr-carolina-carolina","PR","36","36","SAME_VALUE_DIFFERENT_SOURCE"
"pr-carolina-carolina-county","PR","36","36","SAME_VALUE_DIFFERENT_SOURCE"
"pr-catano-catano-county","PR","36","36","SAME_VALUE_DIFFERENT_SOURCE"
"pr-cayey-cayey","PR","36","36","SAME_VALUE_DIFFERENT_SOURCE"
"pr-ceiba-ceiba-county","PR","36","36","SAME_VALUE_DIFFERENT_SOURCE"
"pr-ciales-ciales-county","PR","36","36","SAME_VALUE_DIFFERENT_SOURCE"
"pr-cidra-cidra-county","PR","36","36","SAME_VALUE_DIFFERENT_SOURCE"
"pr-coamo-coamo-county","PR","36","36","SAME_VALUE_DIFFERENT_SOURCE"
"pr-comerio-comerio-county","PR","36","36","SAME_VALUE_DIFFERENT_SOURCE"
"pr-corozal-corozal-county","PR","36","36","SAME_VALUE_DIFFERENT_SOURCE"
"pr-culebra-culebra-county","PR","36","36","SAME_VALUE_DIFFERENT_SOURCE"
"pr-dorado-dorado","PR","36","36","SAME_VALUE_DIFFERENT_SOURCE"
"pr-dorado-dorado-county","PR","36","36","SAME_VALUE_DIFFERENT_SOURCE"
"pr-fajardo-fajardo-county","PR","36","36","SAME_VALUE_DIFFERENT_SOURCE"
"pr-florida-florida-county","PR","36","36","SAME_VALUE_DIFFERENT_SOURCE"
"pr-guayama-guayama-county","PR","36","36","SAME_VALUE_DIFFERENT_SOURCE"
"pr-guaynabo-guaynabo","PR","36","36","SAME_VALUE_DIFFERENT_SOURCE"
"pr-guaynabo-guaynabo-county","PR","36","36","SAME_VALUE_DIFFERENT_SOURCE"
"pr-gurabo-gurabo-county","PR","36","36","SAME_VALUE_DIFFERENT_SOURCE"
"pr-hatillo-hatillo-county","PR","36","36","SAME_VALUE_DIFFERENT_SOURCE"
"pr-hormigueros-hormigueros-county","PR","36","36","SAME_VALUE_DIFFERENT_SOURCE"
"pr-humacao-humacao","PR","36","36","SAME_VALUE_DIFFERENT_SOURCE"
"pr-humacao-humacao-county","PR","36","36","SAME_VALUE_DIFFERENT_SOURCE"
"pr-isabela-isabela-county","PR","36","36","SAME_VALUE_DIFFERENT_SOURCE"
"pr-jayuya-jayuya-county","PR","36","36","SAME_VALUE_DIFFERENT_SOURCE"
"pr-juana-diaz-juana-diaz-county","PR","36","36","SAME_VALUE_DIFFERENT_SOURCE"
"pr-juncos-juncos-county","PR","36","36","SAME_VALUE_DIFFERENT_SOURCE"
"pr-lajas-lajas-county","PR","36","36","SAME_VALUE_DIFFERENT_SOURCE"
"pr-lares-lares-county","PR","36","36","SAME_VALUE_DIFFERENT_SOURCE"
"pr-las-marias-las-marias-county","PR","36","36","SAME_VALUE_DIFFERENT_SOURCE"
"pr-las-piedras-las-piedras-county","PR","36","36","SAME_VALUE_DIFFERENT_SOURCE"
"pr-loiza-loiza-county","PR","36","36","SAME_VALUE_DIFFERENT_SOURCE"
"pr-luquillo-luquillo-county","PR","36","36","SAME_VALUE_DIFFERENT_SOURCE"
"pr-manati-manati","PR","36","36","SAME_VALUE_DIFFERENT_SOURCE"
"pr-manati-manati-county","PR","36","36","SAME_VALUE_DIFFERENT_SOURCE"
"pr-maricao-maricao-county","PR","36","36","SAME_VALUE_DIFFERENT_SOURCE"
"pr-maunabo-maunabo-county","PR","36","36","SAME_VALUE_DIFFERENT_SOURCE"
"pr-mayaguez-mayaguez","PR","36","36","SAME_VALUE_DIFFERENT_SOURCE"
"pr-mayaguez-mayaguez-county","PR","36","36","SAME_VALUE_DIFFERENT_SOURCE"
"pr-moca-moca-county","PR","36","36","SAME_VALUE_DIFFERENT_SOURCE"
"pr-morovis-morovis-county","PR","36","36","SAME_VALUE_DIFFERENT_SOURCE"
"pr-naguabo-naguabo-county","PR","36","36","SAME_VALUE_DIFFERENT_SOURCE"
"pr-naranjito-naranjito-county","PR","36","36","SAME_VALUE_DIFFERENT_SOURCE"
"pr-orocovis-orocovis-county","PR","36","36","SAME_VALUE_DIFFERENT_SOURCE"
"pr-patillas-patillas-county","PR","36","36","SAME_VALUE_DIFFERENT_SOURCE"
"pr-penuelas-penuelas-county","PR","36","36","SAME_VALUE_DIFFERENT_SOURCE"
"pr-ponce-ponce","PR","36","36","SAME_VALUE_DIFFERENT_SOURCE"
"pr-ponce-ponce-county","PR","36","36","SAME_VALUE_DIFFERENT_SOURCE"
"pr-quebradillas-quebradillas-county","PR","36","36","SAME_VALUE_DIFFERENT_SOURCE"
"pr-rincon-rincon-county","PR","36","36","SAME_VALUE_DIFFERENT_SOURCE"
"pr-rio-grande-rio-grande-county","PR","36","36","SAME_VALUE_DIFFERENT_SOURCE"
"pr-sabana-grande-sabana-grande-county","PR","36","36","SAME_VALUE_DIFFERENT_SOURCE"
"pr-salinas-salinas-county","PR","36","36","SAME_VALUE_DIFFERENT_SOURCE"
"pr-san-german-san-german-county","PR","36","36","SAME_VALUE_DIFFERENT_SOURCE"
"pr-san-juan-san-juan","PR","36","36","SAME_VALUE_DIFFERENT_SOURCE"
"pr-san-juan-san-juan-county","PR","36","36","SAME_VALUE_DIFFERENT_SOURCE"
"pr-san-lorenzo-san-lorenzo-county","PR","36","36","SAME_VALUE_DIFFERENT_SOURCE"
"pr-san-sebastian-san-sebastian-county","PR","36","36","SAME_VALUE_DIFFERENT_SOURCE"
"pr-santa-isabel-santa-isabel-county","PR","36","36","SAME_VALUE_DIFFERENT_SOURCE"
"pr-toa-alta-toa-alta","PR","36","36","SAME_VALUE_DIFFERENT_SOURCE"
"pr-toa-alta-toa-alta-county","PR","36","36","SAME_VALUE_DIFFERENT_SOURCE"
"pr-toa-baja-toa-baja","PR","36","36","SAME_VALUE_DIFFERENT_SOURCE"
"pr-toa-baja-toa-baja-county","PR","36","36","SAME_VALUE_DIFFERENT_SOURCE"
"pr-trujillo-alto-trujillo-alto","PR","36","36","SAME_VALUE_DIFFERENT_SOURCE"
"pr-trujillo-alto-trujillo-alto-county","PR","36","36","SAME_VALUE_DIFFERENT_SOURCE"
"pr-utuado-utuado-county","PR","36","36","SAME_VALUE_DIFFERENT_SOURCE"
"pr-vega-alta-vega-alta-county","PR","36","36","SAME_VALUE_DIFFERENT_SOURCE"
"pr-vega-baja-vega-baja-county","PR","36","36","SAME_VALUE_DIFFERENT_SOURCE"
"pr-vega-baja-vega-baja","PR","36","36","SAME_VALUE_DIFFERENT_SOURCE"
"pr-vieques-vieques-county","PR","36","36","SAME_VALUE_DIFFERENT_SOURCE"
"pr-villalba-villalba-county","PR","36","36","SAME_VALUE_DIFFERENT_SOURCE"
"pr-yabucoa-yabucoa-county","PR","36","36","SAME_VALUE_DIFFERENT_SOURCE"
"pr-yauco-yauco-county","PR","36","36","SAME_VALUE_DIFFERENT_SOURCE"
"pr-yauco-yauco","PR","36","36","SAME_VALUE_DIFFERENT_SOURCE"
"ri-bristol-bristol-county","RI","36","36","SAME_VALUE_DIFFERENT_SOURCE"
"ri-kent-kent-county","RI","36","36","SAME_VALUE_DIFFERENT_SOURCE"
"ri-kent-warwick","RI","36","36","SAME_VALUE_DIFFERENT_SOURCE"
"ri-newport-newport-county","RI","36","36","SAME_VALUE_DIFFERENT_SOURCE"
"ri-providence-cranston","RI","36","36","SAME_VALUE_DIFFERENT_SOURCE"
"ri-providence-east-providence","RI","36","36","SAME_VALUE_DIFFERENT_SOURCE"
"ri-providence-pawtucket","RI","36","36","SAME_VALUE_DIFFERENT_SOURCE"
"ri-providence-providence-county","RI","36","36","SAME_VALUE_DIFFERENT_SOURCE"
"ri-providence-woonsocket","RI","36","36","SAME_VALUE_DIFFERENT_SOURCE"
"ri-washington-washington-county","RI","36","36","SAME_VALUE_DIFFERENT_SOURCE"
"sc-abbeville-abbeville-county","SC","36","36","SAME_VALUE_DIFFERENT_SOURCE"
"sc-aiken-aiken","SC","36","36","SAME_VALUE_DIFFERENT_SOURCE"
"sc-aiken-aiken-county","SC","36","36","SAME_VALUE_DIFFERENT_SOURCE"
"sc-allendale-allendale-county","SC","36","36","SAME_VALUE_DIFFERENT_SOURCE"
"sc-anderson-anderson","SC","36","36","SAME_VALUE_DIFFERENT_SOURCE"
"sc-anderson-anderson-county","SC","36","36","SAME_VALUE_DIFFERENT_SOURCE"
"sc-bamberg-bamberg-county","SC","36","36","SAME_VALUE_DIFFERENT_SOURCE"
"sc-barnwell-barnwell-county","SC","36","36","SAME_VALUE_DIFFERENT_SOURCE"
"sc-beaufort-hilton-head","SC","36","36","SAME_VALUE_DIFFERENT_SOURCE"
"sc-beaufort-beaufort-county","SC","36","36","SAME_VALUE_DIFFERENT_SOURCE"
"sc-berkeley-goose-creek","SC","36","36","SAME_VALUE_DIFFERENT_SOURCE"
"sc-berkeley-berkeley-county","SC","36","36","SAME_VALUE_DIFFERENT_SOURCE"
"sc-calhoun-calhoun-county","SC","36","36","SAME_VALUE_DIFFERENT_SOURCE"
"sc-charleston-mount-pleasant","SC","36","36","SAME_VALUE_DIFFERENT_SOURCE"
"sc-charleston-north-charleston","SC","36","36","SAME_VALUE_DIFFERENT_SOURCE"
"sc-charleston-charleston-county","SC","36","36","SAME_VALUE_DIFFERENT_SOURCE"
"sc-cherokee-cherokee-county","SC","36","36","SAME_VALUE_DIFFERENT_SOURCE"
"sc-chester-chester-county","SC","36","36","SAME_VALUE_DIFFERENT_SOURCE"
"sc-chesterfield-chesterfield-county","SC","36","36","SAME_VALUE_DIFFERENT_SOURCE"
"sc-clarendon-clarendon-county","SC","36","36","SAME_VALUE_DIFFERENT_SOURCE"
"sc-colleton-colleton-county","SC","36","36","SAME_VALUE_DIFFERENT_SOURCE"
"sc-darlington-darlington-county","SC","36","36","SAME_VALUE_DIFFERENT_SOURCE"
"sc-dillon-dillon-county","SC","36","36","SAME_VALUE_DIFFERENT_SOURCE"
"sc-dorchester-summerville","SC","36","36","SAME_VALUE_DIFFERENT_SOURCE"
"sc-dorchester-dorchester-county","SC","36","36","SAME_VALUE_DIFFERENT_SOURCE"
"sc-edgefield-edgefield-county","SC","36","36","SAME_VALUE_DIFFERENT_SOURCE"
"sc-fairfield-fairfield-county","SC","36","36","SAME_VALUE_DIFFERENT_SOURCE"
"sc-florence-florence","SC","36","36","SAME_VALUE_DIFFERENT_SOURCE"
"sc-florence-florence-county","SC","36","36","SAME_VALUE_DIFFERENT_SOURCE"
"sc-georgetown-georgetown-county","SC","36","36","SAME_VALUE_DIFFERENT_SOURCE"
"sc-greenville-greenville-county","SC","36","36","SAME_VALUE_DIFFERENT_SOURCE"
"sc-greenwood-greenwood-county","SC","36","36","SAME_VALUE_DIFFERENT_SOURCE"
"sc-hampton-hampton-county","SC","36","36","SAME_VALUE_DIFFERENT_SOURCE"
"sc-horry-horry-county","SC","36","36","SAME_VALUE_DIFFERENT_SOURCE"
"sc-jasper-jasper-county","SC","36","36","SAME_VALUE_DIFFERENT_SOURCE"
"sc-kershaw-kershaw-county","SC","36","36","SAME_VALUE_DIFFERENT_SOURCE"
"sc-lancaster-lancaster-county","SC","36","36","SAME_VALUE_DIFFERENT_SOURCE"
"sc-laurens-laurens-county","SC","36","36","SAME_VALUE_DIFFERENT_SOURCE"
"sc-lee-lee-county","SC","36","36","SAME_VALUE_DIFFERENT_SOURCE"
"sc-lexington-lexington-county","SC","36","36","SAME_VALUE_DIFFERENT_SOURCE"
"sc-marion-marion-county","SC","36","36","SAME_VALUE_DIFFERENT_SOURCE"
"sc-marlboro-marlboro-county","SC","36","36","SAME_VALUE_DIFFERENT_SOURCE"
"sc-mccormick-mccormick-county","SC","36","36","SAME_VALUE_DIFFERENT_SOURCE"
"sc-newberry-newberry-county","SC","36","36","SAME_VALUE_DIFFERENT_SOURCE"
"sc-oconee-oconee-county","SC","36","36","SAME_VALUE_DIFFERENT_SOURCE"
"sc-orangeburg-orangeburg-county","SC","36","36","SAME_VALUE_DIFFERENT_SOURCE"
"sc-pickens-pickens-county","SC","36","36","SAME_VALUE_DIFFERENT_SOURCE"
"sc-richland-richland-county","SC","36","36","SAME_VALUE_DIFFERENT_SOURCE"
"sc-saluda-saluda-county","SC","36","36","SAME_VALUE_DIFFERENT_SOURCE"
"sc-spartanburg-spartanburg","SC","36","36","SAME_VALUE_DIFFERENT_SOURCE"
"sc-spartanburg-spartanburg-county","SC","36","36","SAME_VALUE_DIFFERENT_SOURCE"
"sc-sumter-sumter-county","SC","36","36","SAME_VALUE_DIFFERENT_SOURCE"
"sc-union-union-county","SC","36","36","SAME_VALUE_DIFFERENT_SOURCE"
"sc-williamsburg-williamsburg-county","SC","36","36","SAME_VALUE_DIFFERENT_SOURCE"
"sc-york-rock-hill","SC","36","36","SAME_VALUE_DIFFERENT_SOURCE"
"sc-york-york-county","SC","36","36","SAME_VALUE_DIFFERENT_SOURCE"
"sd-aurora-aurora-county","SD","36","36","SAME_VALUE_DIFFERENT_SOURCE"
"sd-beadle-huron","SD","36","36","SAME_VALUE_DIFFERENT_SOURCE"
"sd-beadle-beadle-county","SD","36","36","SAME_VALUE_DIFFERENT_SOURCE"
"sd-bennett-bennett-county","SD","36","36","SAME_VALUE_DIFFERENT_SOURCE"
"sd-bon-homme-bon-homme-county","SD","36","36","SAME_VALUE_DIFFERENT_SOURCE"
"sd-brookings-brookings","SD","36","36","SAME_VALUE_DIFFERENT_SOURCE"
"sd-brookings-brookings-county","SD","36","36","SAME_VALUE_DIFFERENT_SOURCE"
"sd-brown-aberdeen","SD","36","36","SAME_VALUE_DIFFERENT_SOURCE"
"sd-brown-brown-county","SD","36","36","SAME_VALUE_DIFFERENT_SOURCE"
"sd-brule-brule-county","SD","36","36","SAME_VALUE_DIFFERENT_SOURCE"
"sd-buffalo-buffalo-county","SD","36","36","SAME_VALUE_DIFFERENT_SOURCE"
"sd-butte-butte-county","SD","36","36","SAME_VALUE_DIFFERENT_SOURCE"
"sd-campbell-campbell-county","SD","36","36","SAME_VALUE_DIFFERENT_SOURCE"
"sd-charles-mix-charles-mix-county","SD","36","36","SAME_VALUE_DIFFERENT_SOURCE"
"sd-clark-clark-county","SD","36","36","SAME_VALUE_DIFFERENT_SOURCE"
"sd-clay-clay-county","SD","36","36","SAME_VALUE_DIFFERENT_SOURCE"
"sd-clay-vermillion","SD","36","36","SAME_VALUE_DIFFERENT_SOURCE"
"sd-codington-codington-county","SD","36","36","SAME_VALUE_DIFFERENT_SOURCE"
"sd-codington-watertown","SD","36","36","SAME_VALUE_DIFFERENT_SOURCE"
"sd-corson-corson-county","SD","36","36","SAME_VALUE_DIFFERENT_SOURCE"
"sd-custer-custer-county","SD","36","36","SAME_VALUE_DIFFERENT_SOURCE"
"sd-davison-mitchell","SD","36","36","SAME_VALUE_DIFFERENT_SOURCE"
"sd-davison-davison-county","SD","36","36","SAME_VALUE_DIFFERENT_SOURCE"
"sd-day-day-county","SD","36","36","SAME_VALUE_DIFFERENT_SOURCE"
"sd-deuel-deuel-county","SD","36","36","SAME_VALUE_DIFFERENT_SOURCE"
"sd-dewey-dewey-county","SD","36","36","SAME_VALUE_DIFFERENT_SOURCE"
"sd-douglas-douglas-county","SD","36","36","SAME_VALUE_DIFFERENT_SOURCE"
"sd-edmunds-edmunds-county","SD","36","36","SAME_VALUE_DIFFERENT_SOURCE"
"sd-fall-river-fall-river-county","SD","36","36","SAME_VALUE_DIFFERENT_SOURCE"
"sd-faulk-faulk-county","SD","36","36","SAME_VALUE_DIFFERENT_SOURCE"
"sd-grant-grant-county","SD","36","36","SAME_VALUE_DIFFERENT_SOURCE"
"sd-gregory-gregory-county","SD","36","36","SAME_VALUE_DIFFERENT_SOURCE"
"sd-haakon-haakon-county","SD","36","36","SAME_VALUE_DIFFERENT_SOURCE"
"sd-hamlin-hamlin-county","SD","36","36","SAME_VALUE_DIFFERENT_SOURCE"
"sd-hand-hand-county","SD","36","36","SAME_VALUE_DIFFERENT_SOURCE"
"sd-hanson-hanson-county","SD","36","36","SAME_VALUE_DIFFERENT_SOURCE"
"sd-harding-harding-county","SD","36","36","SAME_VALUE_DIFFERENT_SOURCE"
"sd-hughes-pierre","SD","36","36","SAME_VALUE_DIFFERENT_SOURCE"
"sd-hughes-hughes-county","SD","36","36","SAME_VALUE_DIFFERENT_SOURCE"
"sd-hutchinson-hutchinson-county","SD","36","36","SAME_VALUE_DIFFERENT_SOURCE"
"sd-hyde-hyde-county","SD","36","36","SAME_VALUE_DIFFERENT_SOURCE"
"sd-jackson-jackson-county","SD","36","36","SAME_VALUE_DIFFERENT_SOURCE"
"sd-jerauld-jerauld-county","SD","36","36","SAME_VALUE_DIFFERENT_SOURCE"
"sd-jones-jones-county","SD","36","36","SAME_VALUE_DIFFERENT_SOURCE"
"sd-kingsbury-kingsbury-county","SD","36","36","SAME_VALUE_DIFFERENT_SOURCE"
"sd-lake-lake-county","SD","36","36","SAME_VALUE_DIFFERENT_SOURCE"
"sd-lawrence-lawrence-county","SD","36","36","SAME_VALUE_DIFFERENT_SOURCE"
"sd-lincoln-lincoln-county","SD","36","36","SAME_VALUE_DIFFERENT_SOURCE"
"sd-lyman-lyman-county","SD","36","36","SAME_VALUE_DIFFERENT_SOURCE"
"sd-marshall-marshall-county","SD","36","36","SAME_VALUE_DIFFERENT_SOURCE"
"sd-mccook-mccook-county","SD","36","36","SAME_VALUE_DIFFERENT_SOURCE"
"sd-mcpherson-mcpherson-county","SD","36","36","SAME_VALUE_DIFFERENT_SOURCE"
"sd-meade-meade-county","SD","36","36","SAME_VALUE_DIFFERENT_SOURCE"
"sd-mellette-mellette-county","SD","36","36","SAME_VALUE_DIFFERENT_SOURCE"
"sd-miner-miner-county","SD","36","36","SAME_VALUE_DIFFERENT_SOURCE"
"sd-minnehaha-minnehaha-county","SD","36","36","SAME_VALUE_DIFFERENT_SOURCE"
"sd-moody-moody-county","SD","36","36","SAME_VALUE_DIFFERENT_SOURCE"
"sd-pennington-rapid-city","SD","36","36","SAME_VALUE_DIFFERENT_SOURCE"
"sd-pennington-pennington-county","SD","36","36","SAME_VALUE_DIFFERENT_SOURCE"
"sd-perkins-perkins-county","SD","36","36","SAME_VALUE_DIFFERENT_SOURCE"
"sd-potter-potter-county","SD","36","36","SAME_VALUE_DIFFERENT_SOURCE"
"sd-roberts-roberts-county","SD","36","36","SAME_VALUE_DIFFERENT_SOURCE"
"sd-sanborn-sanborn-county","SD","36","36","SAME_VALUE_DIFFERENT_SOURCE"
"sd-shannon-shannon-county","SD","36","36","SAME_VALUE_DIFFERENT_SOURCE"
"sd-spink-spink-county","SD","36","36","SAME_VALUE_DIFFERENT_SOURCE"
"sd-stanley-stanley-county","SD","36","36","SAME_VALUE_DIFFERENT_SOURCE"
"sd-sully-sully-county","SD","36","36","SAME_VALUE_DIFFERENT_SOURCE"
"sd-todd-todd-county","SD","36","36","SAME_VALUE_DIFFERENT_SOURCE"
"sd-tripp-tripp-county","SD","36","36","SAME_VALUE_DIFFERENT_SOURCE"
"sd-turner-turner-county","SD","36","36","SAME_VALUE_DIFFERENT_SOURCE"
"sd-union-union-county","SD","36","36","SAME_VALUE_DIFFERENT_SOURCE"
"sd-walworth-walworth-county","SD","36","36","SAME_VALUE_DIFFERENT_SOURCE"
"sd-yankton-yankton-county","SD","36","36","SAME_VALUE_DIFFERENT_SOURCE"
"sd-yankton-yankton","SD","36","36","SAME_VALUE_DIFFERENT_SOURCE"
"sd-ziebach-ziebach-county","SD","36","36","SAME_VALUE_DIFFERENT_SOURCE"
"tn-anderson-anderson-county","TN","36","36","SAME_VALUE_DIFFERENT_SOURCE"
"tn-bedford-bedford-county","TN","36","36","SAME_VALUE_DIFFERENT_SOURCE"
"tn-benton-benton-county","TN","36","36","SAME_VALUE_DIFFERENT_SOURCE"
"tn-bledsoe-bledsoe-county","TN","36","36","SAME_VALUE_DIFFERENT_SOURCE"
"tn-blount-blount-county","TN","36","36","SAME_VALUE_DIFFERENT_SOURCE"
"tn-bradley-bradley-county","TN","36","36","SAME_VALUE_DIFFERENT_SOURCE"
"tn-campbell-campbell-county","TN","36","36","SAME_VALUE_DIFFERENT_SOURCE"
"tn-cannon-cannon-county","TN","36","36","SAME_VALUE_DIFFERENT_SOURCE"
"tn-carroll-carroll-county","TN","36","36","SAME_VALUE_DIFFERENT_SOURCE"
"tn-carter-carter-county","TN","36","36","SAME_VALUE_DIFFERENT_SOURCE"
"tn-cheatham-cheatham-county","TN","36","36","SAME_VALUE_DIFFERENT_SOURCE"
"tn-chester-chester-county","TN","36","36","SAME_VALUE_DIFFERENT_SOURCE"
"tn-claiborne-claiborne-county","TN","36","36","SAME_VALUE_DIFFERENT_SOURCE"
"tn-clay-clay-county","TN","36","36","SAME_VALUE_DIFFERENT_SOURCE"
"tn-cocke-cocke-county","TN","36","36","SAME_VALUE_DIFFERENT_SOURCE"
"tn-coffee-coffee-county","TN","36","36","SAME_VALUE_DIFFERENT_SOURCE"
"tn-crockett-crockett-county","TN","36","36","SAME_VALUE_DIFFERENT_SOURCE"
"tn-cumberland-cumberland-county","TN","36","36","SAME_VALUE_DIFFERENT_SOURCE"
"tn-davidson-davidson-county","TN","36","36","SAME_VALUE_DIFFERENT_SOURCE"
"tn-decatur-decatur-county","TN","36","36","SAME_VALUE_DIFFERENT_SOURCE"
"tn-dekalb-dekalb-county","TN","36","36","SAME_VALUE_DIFFERENT_SOURCE"
"tn-dickson-dickson-county","TN","36","36","SAME_VALUE_DIFFERENT_SOURCE"
"tn-dyer-dyer-county","TN","36","36","SAME_VALUE_DIFFERENT_SOURCE"
"tn-fayette-fayette-county","TN","36","36","SAME_VALUE_DIFFERENT_SOURCE"
"tn-fentress-fentress-county","TN","36","36","SAME_VALUE_DIFFERENT_SOURCE"
"tn-franklin-franklin-county","TN","36","36","SAME_VALUE_DIFFERENT_SOURCE"
"tn-gibson-gibson-county","TN","36","36","SAME_VALUE_DIFFERENT_SOURCE"
"tn-giles-giles-county","TN","36","36","SAME_VALUE_DIFFERENT_SOURCE"
"tn-grainger-grainger-county","TN","36","36","SAME_VALUE_DIFFERENT_SOURCE"
"tn-greene-greene-county","TN","36","36","SAME_VALUE_DIFFERENT_SOURCE"
"tn-grundy-grundy-county","TN","36","36","SAME_VALUE_DIFFERENT_SOURCE"
"tn-hamblen-hamblen-county","TN","36","36","SAME_VALUE_DIFFERENT_SOURCE"
"tn-hamilton-chattanooga","TN","36","36","SAME_VALUE_DIFFERENT_SOURCE"
"tn-hamilton-hamilton-county","TN","36","36","SAME_VALUE_DIFFERENT_SOURCE"
"tn-hancock-hancock-county","TN","36","36","SAME_VALUE_DIFFERENT_SOURCE"
"tn-hardeman-hardeman-county","TN","36","36","SAME_VALUE_DIFFERENT_SOURCE"
"tn-hardin-hardin-county","TN","36","36","SAME_VALUE_DIFFERENT_SOURCE"
"tn-hawkins-hawkins-county","TN","36","36","SAME_VALUE_DIFFERENT_SOURCE"
"tn-haywood-haywood-county","TN","36","36","SAME_VALUE_DIFFERENT_SOURCE"
"tn-henderson-henderson-county","TN","36","36","SAME_VALUE_DIFFERENT_SOURCE"
"tn-henry-henry-county","TN","36","36","SAME_VALUE_DIFFERENT_SOURCE"
"tn-hickman-hickman-county","TN","36","36","SAME_VALUE_DIFFERENT_SOURCE"
"tn-houston-houston-county","TN","36","36","SAME_VALUE_DIFFERENT_SOURCE"
"tn-humphreys-humphreys-county","TN","36","36","SAME_VALUE_DIFFERENT_SOURCE"
"tn-jackson-jackson-county","TN","36","36","SAME_VALUE_DIFFERENT_SOURCE"
"tn-jefferson-jefferson-county","TN","36","36","SAME_VALUE_DIFFERENT_SOURCE"
"tn-johnson-johnson-county","TN","36","36","SAME_VALUE_DIFFERENT_SOURCE"
"tn-knox-knoxville","TN","36","36","SAME_VALUE_DIFFERENT_SOURCE"
"tn-knox-knox-county","TN","36","36","SAME_VALUE_DIFFERENT_SOURCE"
"tn-lake-lake-county","TN","36","36","SAME_VALUE_DIFFERENT_SOURCE"
"tn-lauderdale-lauderdale-county","TN","36","36","SAME_VALUE_DIFFERENT_SOURCE"
"tn-lawrence-lawrence-county","TN","36","36","SAME_VALUE_DIFFERENT_SOURCE"
"tn-lewis-lewis-county","TN","36","36","SAME_VALUE_DIFFERENT_SOURCE"
"tn-lincoln-lincoln-county","TN","36","36","SAME_VALUE_DIFFERENT_SOURCE"
"tn-loudon-loudon-county","TN","36","36","SAME_VALUE_DIFFERENT_SOURCE"
"tn-macon-macon-county","TN","36","36","SAME_VALUE_DIFFERENT_SOURCE"
"tn-madison-jackson","TN","36","36","SAME_VALUE_DIFFERENT_SOURCE"
"tn-madison-madison-county","TN","36","36","SAME_VALUE_DIFFERENT_SOURCE"
"tn-marion-marion-county","TN","36","36","SAME_VALUE_DIFFERENT_SOURCE"
"tn-marshall-marshall-county","TN","36","36","SAME_VALUE_DIFFERENT_SOURCE"
"tn-maury-columbia","TN","36","36","SAME_VALUE_DIFFERENT_SOURCE"
"tn-maury-maury-county","TN","36","36","SAME_VALUE_DIFFERENT_SOURCE"
"tn-mcminn-mcminn-county","TN","36","36","SAME_VALUE_DIFFERENT_SOURCE"
"tn-mcnairy-mcnairy-county","TN","36","36","SAME_VALUE_DIFFERENT_SOURCE"
"tn-meigs-meigs-county","TN","36","36","SAME_VALUE_DIFFERENT_SOURCE"
"tn-monroe-monroe-county","TN","36","36","SAME_VALUE_DIFFERENT_SOURCE"
"tn-montgomery-clarksville","TN","36","36","SAME_VALUE_DIFFERENT_SOURCE"
"tn-montgomery-montgomery-county","TN","36","36","SAME_VALUE_DIFFERENT_SOURCE"
"tn-moore-moore-county","TN","36","36","SAME_VALUE_DIFFERENT_SOURCE"
"tn-morgan-morgan-county","TN","36","36","SAME_VALUE_DIFFERENT_SOURCE"
"tn-obion-obion-county","TN","36","36","SAME_VALUE_DIFFERENT_SOURCE"
"tn-overton-overton-county","TN","36","36","SAME_VALUE_DIFFERENT_SOURCE"
"tn-perry-perry-county","TN","36","36","SAME_VALUE_DIFFERENT_SOURCE"
"tn-pickett-pickett-county","TN","36","36","SAME_VALUE_DIFFERENT_SOURCE"
"tn-polk-polk-county","TN","36","36","SAME_VALUE_DIFFERENT_SOURCE"
"tn-putnam-cookeville","TN","36","36","SAME_VALUE_DIFFERENT_SOURCE"
"tn-putnam-putnam-county","TN","36","36","SAME_VALUE_DIFFERENT_SOURCE"
"tn-rhea-rhea-county","TN","36","36","SAME_VALUE_DIFFERENT_SOURCE"
"tn-roane-roane-county","TN","36","36","SAME_VALUE_DIFFERENT_SOURCE"
"tn-robertson-robertson-county","TN","36","36","SAME_VALUE_DIFFERENT_SOURCE"
"tn-rutherford-la-vergne","TN","36","36","SAME_VALUE_DIFFERENT_SOURCE"
"tn-rutherford-murfreesboro","TN","36","36","SAME_VALUE_DIFFERENT_SOURCE"
"tn-rutherford-smyrna","TN","36","36","SAME_VALUE_DIFFERENT_SOURCE"
"tn-rutherford-rutherford-county","TN","36","36","SAME_VALUE_DIFFERENT_SOURCE"
"tn-scott-scott-county","TN","36","36","SAME_VALUE_DIFFERENT_SOURCE"
"tn-sequatchie-sequatchie-county","TN","36","36","SAME_VALUE_DIFFERENT_SOURCE"
"tn-sevier-sevier-county","TN","36","36","SAME_VALUE_DIFFERENT_SOURCE"
"tn-shelby-bartlett","TN","36","36","SAME_VALUE_DIFFERENT_SOURCE"
"tn-shelby-shelby-county","TN","36","36","SAME_VALUE_DIFFERENT_SOURCE"
"tn-smith-smith-county","TN","36","36","SAME_VALUE_DIFFERENT_SOURCE"
"tn-stewart-stewart-county","TN","36","36","SAME_VALUE_DIFFERENT_SOURCE"
"tn-sullivan-sullivan-county","TN","36","36","SAME_VALUE_DIFFERENT_SOURCE"
"tn-sumner-gallatin","TN","36","36","SAME_VALUE_DIFFERENT_SOURCE"
"tn-sumner-hendersonville","TN","36","36","SAME_VALUE_DIFFERENT_SOURCE"
"tn-sumner-sumner-county","TN","36","36","SAME_VALUE_DIFFERENT_SOURCE"
"tn-tipton-tipton-county","TN","36","36","SAME_VALUE_DIFFERENT_SOURCE"
"tn-trousdale-trousdale-county","TN","36","36","SAME_VALUE_DIFFERENT_SOURCE"
"tn-unicoi-unicoi-county","TN","36","36","SAME_VALUE_DIFFERENT_SOURCE"
"tn-union-union-county","TN","36","36","SAME_VALUE_DIFFERENT_SOURCE"
"tn-van-buren-van-buren-county","TN","36","36","SAME_VALUE_DIFFERENT_SOURCE"
"tn-warren-warren-county","TN","36","36","SAME_VALUE_DIFFERENT_SOURCE"
"tn-washington-johnson-city","TN","36","36","SAME_VALUE_DIFFERENT_SOURCE"
"tn-washington-washington-county","TN","36","36","SAME_VALUE_DIFFERENT_SOURCE"
"tn-wayne-wayne-county","TN","36","36","SAME_VALUE_DIFFERENT_SOURCE"
"tn-weakley-weakley-county","TN","36","36","SAME_VALUE_DIFFERENT_SOURCE"
"tn-white-white-county","TN","36","36","SAME_VALUE_DIFFERENT_SOURCE"
"tn-williamson-brentwood","TN","36","36","SAME_VALUE_DIFFERENT_SOURCE"
"tn-williamson-franklin","TN","36","36","SAME_VALUE_DIFFERENT_SOURCE"
"tn-williamson-williamson-county","TN","36","36","SAME_VALUE_DIFFERENT_SOURCE"
"tn-wilson-lebanon","TN","36","36","SAME_VALUE_DIFFERENT_SOURCE"
"tn-wilson-wilson-county","TN","36","36","SAME_VALUE_DIFFERENT_SOURCE"
"tx-anderson-anderson-county","TX","36","18","DIFFERENT_VALUE_DIFFERENT_SOURCE"
"tx-andrews-andrews-county","TX","36","18","DIFFERENT_VALUE_DIFFERENT_SOURCE"
"tx-angelina-angelina-county","TX","36","18","DIFFERENT_VALUE_DIFFERENT_SOURCE"
"tx-aransas-aransas-county","TX","36","18","DIFFERENT_VALUE_DIFFERENT_SOURCE"
"tx-archer-archer-county","TX","36","18","DIFFERENT_VALUE_DIFFERENT_SOURCE"
"tx-armstrong-armstrong-county","TX","36","18","DIFFERENT_VALUE_DIFFERENT_SOURCE"
"tx-atascosa-atascosa-county","TX","36","18","DIFFERENT_VALUE_DIFFERENT_SOURCE"
"tx-austin-austin-county","TX","36","18","DIFFERENT_VALUE_DIFFERENT_SOURCE"
"tx-bailey-bailey-county","TX","36","18","DIFFERENT_VALUE_DIFFERENT_SOURCE"
"tx-bandera-bandera-county","TX","36","18","DIFFERENT_VALUE_DIFFERENT_SOURCE"
"tx-bastrop-bastrop-county","TX","36","18","DIFFERENT_VALUE_DIFFERENT_SOURCE"
"tx-baylor-baylor-county","TX","36","18","DIFFERENT_VALUE_DIFFERENT_SOURCE"
"tx-bee-bee-county","TX","36","18","DIFFERENT_VALUE_DIFFERENT_SOURCE"
"tx-bell-killeen","TX","36","18","DIFFERENT_VALUE_DIFFERENT_SOURCE"
"tx-bell-temple","TX","36","18","DIFFERENT_VALUE_DIFFERENT_SOURCE"
"tx-bell-bell-county","TX","36","18","DIFFERENT_VALUE_DIFFERENT_SOURCE"
"tx-bexar-bexar-county","TX","36","18","DIFFERENT_VALUE_DIFFERENT_SOURCE"
"tx-blanco-blanco-county","TX","36","18","DIFFERENT_VALUE_DIFFERENT_SOURCE"
"tx-borden-borden-county","TX","36","18","DIFFERENT_VALUE_DIFFERENT_SOURCE"
"tx-bosque-bosque-county","TX","36","18","DIFFERENT_VALUE_DIFFERENT_SOURCE"
"tx-bowie-bowie-county","TX","36","18","DIFFERENT_VALUE_DIFFERENT_SOURCE"
"tx-brazoria-pearland","TX","36","18","DIFFERENT_VALUE_DIFFERENT_SOURCE"
"tx-brazoria-brazoria-county","TX","36","18","DIFFERENT_VALUE_DIFFERENT_SOURCE"
"tx-brazos-bryan","TX","36","18","DIFFERENT_VALUE_DIFFERENT_SOURCE"
"tx-brazos-bryancollege-station","TX","36","18","DIFFERENT_VALUE_DIFFERENT_SOURCE"
"tx-brazos-college-station","TX","36","18","DIFFERENT_VALUE_DIFFERENT_SOURCE"
"tx-brazos-brazos-county","TX","36","18","DIFFERENT_VALUE_DIFFERENT_SOURCE"
"tx-brewster-brewster-county","TX","36","18","DIFFERENT_VALUE_DIFFERENT_SOURCE"
"tx-briscoe-briscoe-county","TX","36","18","DIFFERENT_VALUE_DIFFERENT_SOURCE"
"tx-brooks-brooks-county","TX","36","18","DIFFERENT_VALUE_DIFFERENT_SOURCE"
"tx-brown-brown-county","TX","36","18","DIFFERENT_VALUE_DIFFERENT_SOURCE"
"tx-burleson-burleson-county","TX","36","18","DIFFERENT_VALUE_DIFFERENT_SOURCE"
"tx-burnet-burnet-county","TX","36","18","DIFFERENT_VALUE_DIFFERENT_SOURCE"
"tx-caldwell-caldwell-county","TX","36","18","DIFFERENT_VALUE_DIFFERENT_SOURCE"
"tx-calhoun-calhoun-county","TX","36","18","DIFFERENT_VALUE_DIFFERENT_SOURCE"
"tx-callahan-callahan-county","TX","36","18","DIFFERENT_VALUE_DIFFERENT_SOURCE"
"tx-cameron-brownsville","TX","36","18","DIFFERENT_VALUE_DIFFERENT_SOURCE"
"tx-cameron-harlingen","TX","36","18","DIFFERENT_VALUE_DIFFERENT_SOURCE"
"tx-cameron-cameron-county","TX","36","18","DIFFERENT_VALUE_DIFFERENT_SOURCE"
"tx-camp-camp-county","TX","36","18","DIFFERENT_VALUE_DIFFERENT_SOURCE"
"tx-carson-carson-county","TX","36","18","DIFFERENT_VALUE_DIFFERENT_SOURCE"
"tx-cass-cass-county","TX","36","18","DIFFERENT_VALUE_DIFFERENT_SOURCE"
"tx-castro-castro-county","TX","36","18","DIFFERENT_VALUE_DIFFERENT_SOURCE"
"tx-chambers-chambers-county","TX","36","18","DIFFERENT_VALUE_DIFFERENT_SOURCE"
"tx-cherokee-cherokee-county","TX","36","18","DIFFERENT_VALUE_DIFFERENT_SOURCE"
"tx-childress-childress-county","TX","36","18","DIFFERENT_VALUE_DIFFERENT_SOURCE"
"tx-clay-clay-county","TX","36","18","DIFFERENT_VALUE_DIFFERENT_SOURCE"
"tx-cochran-cochran-county","TX","36","18","DIFFERENT_VALUE_DIFFERENT_SOURCE"
"tx-coke-coke-county","TX","36","18","DIFFERENT_VALUE_DIFFERENT_SOURCE"
"tx-coleman-coleman-county","TX","36","18","DIFFERENT_VALUE_DIFFERENT_SOURCE"
"tx-collin-allen","TX","36","18","DIFFERENT_VALUE_DIFFERENT_SOURCE"
"tx-collin-frisco","TX","36","18","DIFFERENT_VALUE_DIFFERENT_SOURCE"
"tx-collin-murphy","TX","36","18","DIFFERENT_VALUE_DIFFERENT_SOURCE"
"tx-collin-collin-county","TX","36","18","DIFFERENT_VALUE_DIFFERENT_SOURCE"
"tx-collin-wylie","TX","36","18","DIFFERENT_VALUE_DIFFERENT_SOURCE"
"tx-collingsworth-collingsworth-county","TX","36","18","DIFFERENT_VALUE_DIFFERENT_SOURCE"
"tx-colorado-colorado-county","TX","36","18","DIFFERENT_VALUE_DIFFERENT_SOURCE"
"tx-comal-new-braunfels","TX","36","18","DIFFERENT_VALUE_DIFFERENT_SOURCE"
"tx-comal-comal-county","TX","36","18","DIFFERENT_VALUE_DIFFERENT_SOURCE"
"tx-comanche-comanche-county","TX","36","18","DIFFERENT_VALUE_DIFFERENT_SOURCE"
"tx-concho-concho-county","TX","36","18","DIFFERENT_VALUE_DIFFERENT_SOURCE"
"tx-cooke-cooke-county","TX","36","18","DIFFERENT_VALUE_DIFFERENT_SOURCE"
"tx-coryell-coryell-county","TX","36","18","DIFFERENT_VALUE_DIFFERENT_SOURCE"
"tx-cottle-cottle-county","TX","36","18","DIFFERENT_VALUE_DIFFERENT_SOURCE"
"tx-crane-crane-county","TX","36","18","DIFFERENT_VALUE_DIFFERENT_SOURCE"
"tx-crockett-crockett-county","TX","36","18","DIFFERENT_VALUE_DIFFERENT_SOURCE"
"tx-crosby-crosby-county","TX","36","18","DIFFERENT_VALUE_DIFFERENT_SOURCE"
"tx-culberson-culberson-county","TX","36","18","DIFFERENT_VALUE_DIFFERENT_SOURCE"
"tx-dallam-dallam-county","TX","36","18","DIFFERENT_VALUE_DIFFERENT_SOURCE"
"tx-dallas-carrollton","TX","36","18","DIFFERENT_VALUE_DIFFERENT_SOURCE"
"tx-dallas-cedar-hill","TX","36","18","DIFFERENT_VALUE_DIFFERENT_SOURCE"
"tx-dallas-desoto","TX","36","18","DIFFERENT_VALUE_DIFFERENT_SOURCE"
"tx-dallas-garland","TX","36","18","DIFFERENT_VALUE_DIFFERENT_SOURCE"
"tx-dallas-grand-prairie","TX","36","18","DIFFERENT_VALUE_DIFFERENT_SOURCE"
"tx-dallas-irving","TX","36","18","DIFFERENT_VALUE_DIFFERENT_SOURCE"
"tx-dallas-mesquite","TX","36","18","DIFFERENT_VALUE_DIFFERENT_SOURCE"
"tx-dallas-richardson","TX","36","18","DIFFERENT_VALUE_DIFFERENT_SOURCE"
"tx-dallas-rowlett","TX","36","18","DIFFERENT_VALUE_DIFFERENT_SOURCE"
"tx-dallas-sachse","TX","36","18","DIFFERENT_VALUE_DIFFERENT_SOURCE"
"tx-dallas-dallas-county","TX","36","18","DIFFERENT_VALUE_DIFFERENT_SOURCE"
"tx-dawson-dawson-county","TX","36","18","DIFFERENT_VALUE_DIFFERENT_SOURCE"
"tx-deaf-smith-deaf-smith-county","TX","36","18","DIFFERENT_VALUE_DIFFERENT_SOURCE"
"tx-delta-delta-county","TX","36","18","DIFFERENT_VALUE_DIFFERENT_SOURCE"
"tx-denton-denton","TX","36","18","DIFFERENT_VALUE_DIFFERENT_SOURCE"
"tx-denton-lewisville","TX","36","18","DIFFERENT_VALUE_DIFFERENT_SOURCE"
"tx-dewitt-dewitt-county","TX","36","18","DIFFERENT_VALUE_DIFFERENT_SOURCE"
"tx-dickens-dickens-county","TX","36","18","DIFFERENT_VALUE_DIFFERENT_SOURCE"
"tx-dimmit-dimmit-county","TX","36","18","DIFFERENT_VALUE_DIFFERENT_SOURCE"
"tx-donley-donley-county","TX","36","18","DIFFERENT_VALUE_DIFFERENT_SOURCE"
"tx-duval-duval-county","TX","36","18","DIFFERENT_VALUE_DIFFERENT_SOURCE"
"tx-eastland-eastland-county","TX","36","18","DIFFERENT_VALUE_DIFFERENT_SOURCE"
"tx-ector-odessa","TX","36","18","DIFFERENT_VALUE_DIFFERENT_SOURCE"
"tx-ector-ector-county","TX","36","18","DIFFERENT_VALUE_DIFFERENT_SOURCE"
"tx-edwards-edwards-county","TX","36","18","DIFFERENT_VALUE_DIFFERENT_SOURCE"
"tx-el-paso-el-paso-county","TX","36","18","DIFFERENT_VALUE_DIFFERENT_SOURCE"
"tx-ellis-ellis-county","TX","36","18","DIFFERENT_VALUE_DIFFERENT_SOURCE"
"tx-ellis-waxahachie","TX","36","18","DIFFERENT_VALUE_DIFFERENT_SOURCE"
"tx-erath-erath-county","TX","36","18","DIFFERENT_VALUE_DIFFERENT_SOURCE"
"tx-falls-falls-county","TX","36","18","DIFFERENT_VALUE_DIFFERENT_SOURCE"
"tx-fannin-fannin-county","TX","36","18","DIFFERENT_VALUE_DIFFERENT_SOURCE"
"tx-fayette-fayette-county","TX","36","18","DIFFERENT_VALUE_DIFFERENT_SOURCE"
"tx-fisher-fisher-county","TX","36","18","DIFFERENT_VALUE_DIFFERENT_SOURCE"
"tx-floyd-floyd-county","TX","36","18","DIFFERENT_VALUE_DIFFERENT_SOURCE"
"tx-foard-foard-county","TX","36","18","DIFFERENT_VALUE_DIFFERENT_SOURCE"
"tx-fort-bend-katy","TX","36","18","DIFFERENT_VALUE_DIFFERENT_SOURCE"
"tx-fort-bend-missouri-city","TX","36","18","DIFFERENT_VALUE_DIFFERENT_SOURCE"
"tx-fort-bend-sugar-land","TX","36","18","DIFFERENT_VALUE_DIFFERENT_SOURCE"
"tx-fort-bend-fort-bend-county","TX","36","18","DIFFERENT_VALUE_DIFFERENT_SOURCE"
"tx-franklin-franklin-county","TX","36","18","DIFFERENT_VALUE_DIFFERENT_SOURCE"
"tx-freestone-freestone-county","TX","36","18","DIFFERENT_VALUE_DIFFERENT_SOURCE"
"tx-frio-frio-county","TX","36","18","DIFFERENT_VALUE_DIFFERENT_SOURCE"
"tx-gaines-gaines-county","TX","36","18","DIFFERENT_VALUE_DIFFERENT_SOURCE"
"tx-galveston-galveston","TX","36","18","DIFFERENT_VALUE_DIFFERENT_SOURCE"
"tx-galveston-league-city","TX","36","18","DIFFERENT_VALUE_DIFFERENT_SOURCE"
"tx-galveston-texas-city","TX","36","18","DIFFERENT_VALUE_DIFFERENT_SOURCE"
"tx-galveston-galveston-county","TX","36","18","DIFFERENT_VALUE_DIFFERENT_SOURCE"
"tx-garza-garza-county","TX","36","18","DIFFERENT_VALUE_DIFFERENT_SOURCE"
"tx-gillespie-gillespie-county","TX","36","18","DIFFERENT_VALUE_DIFFERENT_SOURCE"
"tx-glasscock-glasscock-county","TX","36","18","DIFFERENT_VALUE_DIFFERENT_SOURCE"
"tx-goliad-goliad-county","TX","36","18","DIFFERENT_VALUE_DIFFERENT_SOURCE"
"tx-gonzales-gonzales-county","TX","36","18","DIFFERENT_VALUE_DIFFERENT_SOURCE"
"tx-gray-gray-county","TX","36","18","DIFFERENT_VALUE_DIFFERENT_SOURCE"
"tx-grayson-denison","TX","36","18","DIFFERENT_VALUE_DIFFERENT_SOURCE"
"tx-grayson-sherman","TX","36","18","DIFFERENT_VALUE_DIFFERENT_SOURCE"
"tx-grayson-grayson-county","TX","36","18","DIFFERENT_VALUE_DIFFERENT_SOURCE"
"tx-gregg-longview","TX","36","18","DIFFERENT_VALUE_DIFFERENT_SOURCE"
"tx-gregg-gregg-county","TX","36","18","DIFFERENT_VALUE_DIFFERENT_SOURCE"
"tx-grimes-grimes-county","TX","36","18","DIFFERENT_VALUE_DIFFERENT_SOURCE"
"tx-guadalupe-guadalupe-county","TX","36","18","DIFFERENT_VALUE_DIFFERENT_SOURCE"
"tx-hale-hale-county","TX","36","18","DIFFERENT_VALUE_DIFFERENT_SOURCE"
"tx-hall-hall-county","TX","36","18","DIFFERENT_VALUE_DIFFERENT_SOURCE"
"tx-hamilton-hamilton-county","TX","36","18","DIFFERENT_VALUE_DIFFERENT_SOURCE"
"tx-hansford-hansford-county","TX","36","18","DIFFERENT_VALUE_DIFFERENT_SOURCE"
"tx-hardeman-hardeman-county","TX","36","18","DIFFERENT_VALUE_DIFFERENT_SOURCE"
"tx-hardin-hardin-county","TX","36","18","DIFFERENT_VALUE_DIFFERENT_SOURCE"
"tx-harris-baytown","TX","36","18","DIFFERENT_VALUE_DIFFERENT_SOURCE"
"tx-harris-pasadena","TX","36","18","DIFFERENT_VALUE_DIFFERENT_SOURCE"
"tx-harris-harris-county","TX","36","18","DIFFERENT_VALUE_DIFFERENT_SOURCE"
"tx-harrison-harrison-county","TX","36","18","DIFFERENT_VALUE_DIFFERENT_SOURCE"
"tx-hartley-hartley-county","TX","36","18","DIFFERENT_VALUE_DIFFERENT_SOURCE"
"tx-haskell-haskell-county","TX","36","18","DIFFERENT_VALUE_DIFFERENT_SOURCE"
"tx-hays-san-marcos","TX","36","18","DIFFERENT_VALUE_DIFFERENT_SOURCE"
"tx-hays-hays-county","TX","36","18","DIFFERENT_VALUE_DIFFERENT_SOURCE"
"tx-hemphill-hemphill-county","TX","36","18","DIFFERENT_VALUE_DIFFERENT_SOURCE"
"tx-henderson-henderson-county","TX","36","18","DIFFERENT_VALUE_DIFFERENT_SOURCE"
"tx-hidalgo-edinburg","TX","36","18","DIFFERENT_VALUE_DIFFERENT_SOURCE"
"tx-hidalgo-mcallen","TX","36","18","DIFFERENT_VALUE_DIFFERENT_SOURCE"
"tx-hidalgo-mission","TX","36","18","DIFFERENT_VALUE_DIFFERENT_SOURCE"
"tx-hidalgo-pharr","TX","36","18","DIFFERENT_VALUE_DIFFERENT_SOURCE"
"tx-hidalgo-hidalgo-county","TX","36","18","DIFFERENT_VALUE_DIFFERENT_SOURCE"
"tx-hill-hill-county","TX","36","18","DIFFERENT_VALUE_DIFFERENT_SOURCE"
"tx-hockley-hockley-county","TX","36","18","DIFFERENT_VALUE_DIFFERENT_SOURCE"
"tx-hood-hood-county","TX","36","18","DIFFERENT_VALUE_DIFFERENT_SOURCE"
"tx-hopkins-hopkins-county","TX","36","18","DIFFERENT_VALUE_DIFFERENT_SOURCE"
"tx-houston-houston-county","TX","36","18","DIFFERENT_VALUE_DIFFERENT_SOURCE"
"tx-howard-big-spring","TX","36","18","DIFFERENT_VALUE_DIFFERENT_SOURCE"
"tx-howard-howard-county","TX","36","18","DIFFERENT_VALUE_DIFFERENT_SOURCE"
"tx-hudspeth-hudspeth-county","TX","36","18","DIFFERENT_VALUE_DIFFERENT_SOURCE"
"tx-hunt-hunt-county","TX","36","18","DIFFERENT_VALUE_DIFFERENT_SOURCE"
"tx-hutchinson-hutchinson-county","TX","36","18","DIFFERENT_VALUE_DIFFERENT_SOURCE"
"tx-irion-irion-county","TX","36","18","DIFFERENT_VALUE_DIFFERENT_SOURCE"
"tx-jack-jack-county","TX","36","18","DIFFERENT_VALUE_DIFFERENT_SOURCE"
"tx-jackson-jackson-county","TX","36","18","DIFFERENT_VALUE_DIFFERENT_SOURCE"
"tx-jasper-jasper-county","TX","36","18","DIFFERENT_VALUE_DIFFERENT_SOURCE"
"tx-jeff-davis-jeff-davis-county","TX","36","18","DIFFERENT_VALUE_DIFFERENT_SOURCE"
"tx-jefferson-beaumont","TX","36","18","DIFFERENT_VALUE_DIFFERENT_SOURCE"
"tx-jefferson-port-arthur","TX","36","18","DIFFERENT_VALUE_DIFFERENT_SOURCE"
"tx-jefferson-jefferson-county","TX","36","18","DIFFERENT_VALUE_DIFFERENT_SOURCE"
"tx-jim-hogg-jim-hogg-county","TX","36","18","DIFFERENT_VALUE_DIFFERENT_SOURCE"
"tx-jim-wells-jim-wells-county","TX","36","18","DIFFERENT_VALUE_DIFFERENT_SOURCE"
"tx-johnson-burleson","TX","36","18","DIFFERENT_VALUE_DIFFERENT_SOURCE"
"tx-johnson-cleburne","TX","36","18","DIFFERENT_VALUE_DIFFERENT_SOURCE"
"tx-johnson-johnson-county","TX","36","18","DIFFERENT_VALUE_DIFFERENT_SOURCE"
"tx-jones-jones-county","TX","36","18","DIFFERENT_VALUE_DIFFERENT_SOURCE"
"tx-karnes-karnes-county","TX","36","18","DIFFERENT_VALUE_DIFFERENT_SOURCE"
"tx-kaufman-forney","TX","36","18","DIFFERENT_VALUE_DIFFERENT_SOURCE"
"tx-kaufman-kaufman-county","TX","36","18","DIFFERENT_VALUE_DIFFERENT_SOURCE"
"tx-kendall-kendall-county","TX","36","18","DIFFERENT_VALUE_DIFFERENT_SOURCE"
"tx-kenedy-kenedy-county","TX","36","18","DIFFERENT_VALUE_DIFFERENT_SOURCE"
"tx-kent-kent-county","TX","36","18","DIFFERENT_VALUE_DIFFERENT_SOURCE"
"tx-kerr-kerr-county","TX","36","18","DIFFERENT_VALUE_DIFFERENT_SOURCE"
"tx-kimble-kimble-county","TX","36","18","DIFFERENT_VALUE_DIFFERENT_SOURCE"
"tx-king-king-county","TX","36","18","DIFFERENT_VALUE_DIFFERENT_SOURCE"
"tx-kinney-kinney-county","TX","36","18","DIFFERENT_VALUE_DIFFERENT_SOURCE"
"tx-kleberg-kleberg-county","TX","36","18","DIFFERENT_VALUE_DIFFERENT_SOURCE"
"tx-knox-knox-county","TX","36","18","DIFFERENT_VALUE_DIFFERENT_SOURCE"
"tx-la-salle-la-salle-county","TX","36","18","DIFFERENT_VALUE_DIFFERENT_SOURCE"
"tx-lamar-lamar-county","TX","36","18","DIFFERENT_VALUE_DIFFERENT_SOURCE"
"tx-lamb-lamb-county","TX","36","18","DIFFERENT_VALUE_DIFFERENT_SOURCE"
"tx-lampasas-lampasas-county","TX","36","18","DIFFERENT_VALUE_DIFFERENT_SOURCE"
"tx-lavaca-lavaca-county","TX","36","18","DIFFERENT_VALUE_DIFFERENT_SOURCE"
"tx-lee-lee-county","TX","36","18","DIFFERENT_VALUE_DIFFERENT_SOURCE"
"tx-leon-leon-county","TX","36","18","DIFFERENT_VALUE_DIFFERENT_SOURCE"
"tx-liberty-liberty-county","TX","36","18","DIFFERENT_VALUE_DIFFERENT_SOURCE"
"tx-limestone-limestone-county","TX","36","18","DIFFERENT_VALUE_DIFFERENT_SOURCE"
"tx-lipscomb-lipscomb-county","TX","36","18","DIFFERENT_VALUE_DIFFERENT_SOURCE"
"tx-live-oak-live-oak-county","TX","36","18","DIFFERENT_VALUE_DIFFERENT_SOURCE"
"tx-llano-llano-county","TX","36","18","DIFFERENT_VALUE_DIFFERENT_SOURCE"
"tx-loving-loving-county","TX","36","18","DIFFERENT_VALUE_DIFFERENT_SOURCE"
"tx-lubbock-lubbock","TX","36","18","DIFFERENT_VALUE_DIFFERENT_SOURCE"
"tx-lubbock-lubbock-county","TX","36","18","DIFFERENT_VALUE_DIFFERENT_SOURCE"
"tx-lynn-lynn-county","TX","36","18","DIFFERENT_VALUE_DIFFERENT_SOURCE"
"tx-madison-madison-county","TX","36","18","DIFFERENT_VALUE_DIFFERENT_SOURCE"
"tx-marion-marion-county","TX","36","18","DIFFERENT_VALUE_DIFFERENT_SOURCE"
"tx-martin-martin-county","TX","36","18","DIFFERENT_VALUE_DIFFERENT_SOURCE"
"tx-mason-mason-county","TX","36","18","DIFFERENT_VALUE_DIFFERENT_SOURCE"
"tx-matagorda-matagorda-county","TX","36","18","DIFFERENT_VALUE_DIFFERENT_SOURCE"
"tx-maverick-maverick-county","TX","36","18","DIFFERENT_VALUE_DIFFERENT_SOURCE"
"tx-mcculloch-mcculloch-county","TX","36","18","DIFFERENT_VALUE_DIFFERENT_SOURCE"
"tx-mclennan-mclennan-county","TX","36","18","DIFFERENT_VALUE_DIFFERENT_SOURCE"
"tx-mclennan-waco","TX","36","18","DIFFERENT_VALUE_DIFFERENT_SOURCE"
"tx-mcmullen-mcmullen-county","TX","36","18","DIFFERENT_VALUE_DIFFERENT_SOURCE"
"tx-medina-medina-county","TX","36","18","DIFFERENT_VALUE_DIFFERENT_SOURCE"
"tx-menard-menard-county","TX","36","18","DIFFERENT_VALUE_DIFFERENT_SOURCE"
"tx-midland-midland","TX","36","18","DIFFERENT_VALUE_DIFFERENT_SOURCE"
"tx-midland-midland-county","TX","36","18","DIFFERENT_VALUE_DIFFERENT_SOURCE"
"tx-milam-milam-county","TX","36","18","DIFFERENT_VALUE_DIFFERENT_SOURCE"
"tx-mills-mills-county","TX","36","18","DIFFERENT_VALUE_DIFFERENT_SOURCE"
"tx-mitchell-mitchell-county","TX","36","18","DIFFERENT_VALUE_DIFFERENT_SOURCE"
"tx-montague-montague-county","TX","36","18","DIFFERENT_VALUE_DIFFERENT_SOURCE"
"tx-montgomery-conroe","TX","36","18","DIFFERENT_VALUE_DIFFERENT_SOURCE"
"tx-montgomery-the-woodlands","TX","36","18","DIFFERENT_VALUE_DIFFERENT_SOURCE"
"tx-montgomery-montgomery-county","TX","36","18","DIFFERENT_VALUE_DIFFERENT_SOURCE"
"tx-moore-moore-county","TX","36","18","DIFFERENT_VALUE_DIFFERENT_SOURCE"
"tx-morris-morris-county","TX","36","18","DIFFERENT_VALUE_DIFFERENT_SOURCE"
"tx-motley-motley-county","TX","36","18","DIFFERENT_VALUE_DIFFERENT_SOURCE"
"tx-nacogdoches-nacogdoches-county","TX","36","18","DIFFERENT_VALUE_DIFFERENT_SOURCE"
"tx-navarro-navarro-county","TX","36","18","DIFFERENT_VALUE_DIFFERENT_SOURCE"
"tx-newton-newton-county","TX","36","18","DIFFERENT_VALUE_DIFFERENT_SOURCE"
"tx-nolan-nolan-county","TX","36","18","DIFFERENT_VALUE_DIFFERENT_SOURCE"
"tx-nueces-nueces-county","TX","36","18","DIFFERENT_VALUE_DIFFERENT_SOURCE"
"tx-ochiltree-ochiltree-county","TX","36","18","DIFFERENT_VALUE_DIFFERENT_SOURCE"
"tx-oldham-oldham-county","TX","36","18","DIFFERENT_VALUE_DIFFERENT_SOURCE"
"tx-orange-orange-county","TX","36","18","DIFFERENT_VALUE_DIFFERENT_SOURCE"
"tx-palo-pinto-palo-pinto-county","TX","36","18","DIFFERENT_VALUE_DIFFERENT_SOURCE"
"tx-panola-panola-county","TX","36","18","DIFFERENT_VALUE_DIFFERENT_SOURCE"
"tx-parker-parker-county","TX","36","18","DIFFERENT_VALUE_DIFFERENT_SOURCE"
"tx-parmer-parmer-county","TX","36","18","DIFFERENT_VALUE_DIFFERENT_SOURCE"
"tx-pecos-pecos-county","TX","36","18","DIFFERENT_VALUE_DIFFERENT_SOURCE"
"tx-polk-polk-county","TX","36","18","DIFFERENT_VALUE_DIFFERENT_SOURCE"
"tx-potter-potter-county","TX","36","18","DIFFERENT_VALUE_DIFFERENT_SOURCE"
"tx-potter-randall-amarillo","TX","36","18","DIFFERENT_VALUE_DIFFERENT_SOURCE"
"tx-potterrandall-amarillo","TX","36","18","DIFFERENT_VALUE_DIFFERENT_SOURCE"
"tx-presidio-presidio-county","TX","36","18","DIFFERENT_VALUE_DIFFERENT_SOURCE"
"tx-rains-rains-county","TX","36","18","DIFFERENT_VALUE_DIFFERENT_SOURCE"
"tx-randall-randall-county","TX","36","18","DIFFERENT_VALUE_DIFFERENT_SOURCE"
"tx-reagan-reagan-county","TX","36","18","DIFFERENT_VALUE_DIFFERENT_SOURCE"
"tx-real-real-county","TX","36","18","DIFFERENT_VALUE_DIFFERENT_SOURCE"
"tx-red-river-red-river-county","TX","36","18","DIFFERENT_VALUE_DIFFERENT_SOURCE"
"tx-reeves-reeves-county","TX","36","18","DIFFERENT_VALUE_DIFFERENT_SOURCE"
"tx-refugio-refugio-county","TX","36","18","DIFFERENT_VALUE_DIFFERENT_SOURCE"
"tx-roberts-roberts-county","TX","36","18","DIFFERENT_VALUE_DIFFERENT_SOURCE"
"tx-robertson-robertson-county","TX","36","18","DIFFERENT_VALUE_DIFFERENT_SOURCE"
"tx-rockwall-rockwall","TX","36","18","DIFFERENT_VALUE_DIFFERENT_SOURCE"
"tx-rockwall-rockwall-county","TX","36","18","DIFFERENT_VALUE_DIFFERENT_SOURCE"
"tx-runnels-runnels-county","TX","36","18","DIFFERENT_VALUE_DIFFERENT_SOURCE"
"tx-rusk-rusk-county","TX","36","18","DIFFERENT_VALUE_DIFFERENT_SOURCE"
"tx-sabine-sabine-county","TX","36","18","DIFFERENT_VALUE_DIFFERENT_SOURCE"
"tx-san-augustine-san-augustine-county","TX","36","18","DIFFERENT_VALUE_DIFFERENT_SOURCE"
"tx-san-jacinto-san-jacinto-county","TX","36","18","DIFFERENT_VALUE_DIFFERENT_SOURCE"
"tx-san-patricio-san-patricio-county","TX","36","18","DIFFERENT_VALUE_DIFFERENT_SOURCE"
"tx-san-saba-san-saba-county","TX","36","18","DIFFERENT_VALUE_DIFFERENT_SOURCE"
"tx-schleicher-schleicher-county","TX","36","18","DIFFERENT_VALUE_DIFFERENT_SOURCE"
"tx-scurry-scurry-county","TX","36","18","DIFFERENT_VALUE_DIFFERENT_SOURCE"
"tx-shackelford-shackelford-county","TX","36","18","DIFFERENT_VALUE_DIFFERENT_SOURCE"
"tx-shelby-shelby-county","TX","36","18","DIFFERENT_VALUE_DIFFERENT_SOURCE"
"tx-sherman-sherman-county","TX","36","18","DIFFERENT_VALUE_DIFFERENT_SOURCE"
"tx-smith-tyler","TX","36","18","DIFFERENT_VALUE_DIFFERENT_SOURCE"
"tx-smith-smith-county","TX","36","18","DIFFERENT_VALUE_DIFFERENT_SOURCE"
"tx-somervell-somervell-county","TX","36","18","DIFFERENT_VALUE_DIFFERENT_SOURCE"
"tx-starr-starr-county","TX","36","18","DIFFERENT_VALUE_DIFFERENT_SOURCE"
"tx-stephens-stephens-county","TX","36","18","DIFFERENT_VALUE_DIFFERENT_SOURCE"
"tx-sterling-sterling-county","TX","36","18","DIFFERENT_VALUE_DIFFERENT_SOURCE"
"tx-stonewall-stonewall-county","TX","36","18","DIFFERENT_VALUE_DIFFERENT_SOURCE"
"tx-sutton-sutton-county","TX","36","18","DIFFERENT_VALUE_DIFFERENT_SOURCE"
"tx-swisher-swisher-county","TX","36","18","DIFFERENT_VALUE_DIFFERENT_SOURCE"
"tx-tarrant-arlington","TX","36","18","DIFFERENT_VALUE_DIFFERENT_SOURCE"
"tx-tarrant-bedford","TX","36","18","DIFFERENT_VALUE_DIFFERENT_SOURCE"
"tx-tarrant-euless","TX","36","18","DIFFERENT_VALUE_DIFFERENT_SOURCE"
"tx-tarrant-grapevine","TX","36","18","DIFFERENT_VALUE_DIFFERENT_SOURCE"
"tx-tarrant-hurst","TX","36","18","DIFFERENT_VALUE_DIFFERENT_SOURCE"
"tx-tarrant-keller","TX","36","18","DIFFERENT_VALUE_DIFFERENT_SOURCE"
"tx-tarrant-mansfield","TX","36","18","DIFFERENT_VALUE_DIFFERENT_SOURCE"
"tx-tarrant-north-richland-hills","TX","36","18","DIFFERENT_VALUE_DIFFERENT_SOURCE"
"tx-tarrant-southlake","TX","36","18","DIFFERENT_VALUE_DIFFERENT_SOURCE"
"tx-tarrant-tarrant-county","TX","36","18","DIFFERENT_VALUE_DIFFERENT_SOURCE"
"tx-taylor-abilene","TX","36","18","DIFFERENT_VALUE_DIFFERENT_SOURCE"
"tx-taylor-taylor-county","TX","36","18","DIFFERENT_VALUE_DIFFERENT_SOURCE"
"tx-terrell-terrell-county","TX","36","18","DIFFERENT_VALUE_DIFFERENT_SOURCE"
"tx-terry-terry-county","TX","36","18","DIFFERENT_VALUE_DIFFERENT_SOURCE"
"tx-throckmorton-throckmorton-county","TX","36","18","DIFFERENT_VALUE_DIFFERENT_SOURCE"
"tx-titus-titus-county","TX","36","18","DIFFERENT_VALUE_DIFFERENT_SOURCE"
"tx-tom-green-san-angelo","TX","36","18","DIFFERENT_VALUE_DIFFERENT_SOURCE"
"tx-tom-green-tom-green-county","TX","36","18","DIFFERENT_VALUE_DIFFERENT_SOURCE"
"tx-travis-pflugerville","TX","36","18","DIFFERENT_VALUE_DIFFERENT_SOURCE"
"tx-travis-travis-county","TX","36","18","DIFFERENT_VALUE_DIFFERENT_SOURCE"
"tx-trinity-trinity-county","TX","36","18","DIFFERENT_VALUE_DIFFERENT_SOURCE"
"tx-tyler-tyler-county","TX","36","18","DIFFERENT_VALUE_DIFFERENT_SOURCE"
"tx-upshur-upshur-county","TX","36","18","DIFFERENT_VALUE_DIFFERENT_SOURCE"
"tx-upton-upton-county","TX","36","18","DIFFERENT_VALUE_DIFFERENT_SOURCE"
"tx-uvalde-uvalde-county","TX","36","18","DIFFERENT_VALUE_DIFFERENT_SOURCE"
"tx-val-verde-val-verde-county","TX","36","18","DIFFERENT_VALUE_DIFFERENT_SOURCE"
"tx-van-zandt-van-zandt-county","TX","36","18","DIFFERENT_VALUE_DIFFERENT_SOURCE"
"tx-victoria-victoria-county","TX","36","18","DIFFERENT_VALUE_DIFFERENT_SOURCE"
"tx-walker-walker-county","TX","36","18","DIFFERENT_VALUE_DIFFERENT_SOURCE"
"tx-waller-waller-county","TX","36","18","DIFFERENT_VALUE_DIFFERENT_SOURCE"
"tx-ward-ward-county","TX","36","18","DIFFERENT_VALUE_DIFFERENT_SOURCE"
"tx-washington-washington-county","TX","36","18","DIFFERENT_VALUE_DIFFERENT_SOURCE"
"tx-webb-laredo","TX","36","18","DIFFERENT_VALUE_DIFFERENT_SOURCE"
"tx-webb-webb-county","TX","36","18","DIFFERENT_VALUE_DIFFERENT_SOURCE"
"tx-wharton-wharton-county","TX","36","18","DIFFERENT_VALUE_DIFFERENT_SOURCE"
"tx-wheeler-wheeler-county","TX","36","18","DIFFERENT_VALUE_DIFFERENT_SOURCE"
"tx-wichita-wichita-county","TX","36","18","DIFFERENT_VALUE_DIFFERENT_SOURCE"
"tx-wichita-wichita-falls","TX","36","18","DIFFERENT_VALUE_DIFFERENT_SOURCE"
"tx-wilbarger-wilbarger-county","TX","36","18","DIFFERENT_VALUE_DIFFERENT_SOURCE"
"tx-willacy-willacy-county","TX","36","18","DIFFERENT_VALUE_DIFFERENT_SOURCE"
"tx-williamson-cedar-park","TX","36","18","DIFFERENT_VALUE_DIFFERENT_SOURCE"
"tx-williamson-georgetown","TX","36","18","DIFFERENT_VALUE_DIFFERENT_SOURCE"
"tx-williamson-hutto","TX","36","18","DIFFERENT_VALUE_DIFFERENT_SOURCE"
"tx-williamson-leander","TX","36","18","DIFFERENT_VALUE_DIFFERENT_SOURCE"
"tx-williamson-taylor","TX","36","18","DIFFERENT_VALUE_DIFFERENT_SOURCE"
"tx-williamson-williamson-county","TX","36","18","DIFFERENT_VALUE_DIFFERENT_SOURCE"
"tx-wilson-wilson-county","TX","36","18","DIFFERENT_VALUE_DIFFERENT_SOURCE"
"tx-winkler-winkler-county","TX","36","18","DIFFERENT_VALUE_DIFFERENT_SOURCE"
"tx-wise-wise-county","TX","36","18","DIFFERENT_VALUE_DIFFERENT_SOURCE"
"tx-wood-wood-county","TX","36","18","DIFFERENT_VALUE_DIFFERENT_SOURCE"
"tx-yoakum-yoakum-county","TX","36","18","DIFFERENT_VALUE_DIFFERENT_SOURCE"
"tx-young-young-county","TX","36","18","DIFFERENT_VALUE_DIFFERENT_SOURCE"
"tx-zapata-zapata-county","TX","36","18","DIFFERENT_VALUE_DIFFERENT_SOURCE"
"tx-zavala-zavala-county","TX","36","18","DIFFERENT_VALUE_DIFFERENT_SOURCE"
"ut-beaver-beaver-county","UT","36","18","DIFFERENT_VALUE_DIFFERENT_SOURCE"
"ut-box-elder-box-elder-county","UT","36","18","DIFFERENT_VALUE_DIFFERENT_SOURCE"
"ut-cache-logan","UT","36","18","DIFFERENT_VALUE_DIFFERENT_SOURCE"
"ut-cache-cache-county","UT","36","18","DIFFERENT_VALUE_DIFFERENT_SOURCE"
"ut-carbon-price","UT","36","18","DIFFERENT_VALUE_DIFFERENT_SOURCE"
"ut-carbon-carbon-county","UT","36","18","DIFFERENT_VALUE_DIFFERENT_SOURCE"
"ut-daggett-daggett-county","UT","36","18","DIFFERENT_VALUE_DIFFERENT_SOURCE"
"ut-davis-bountiful","UT","36","18","DIFFERENT_VALUE_DIFFERENT_SOURCE"
"ut-davis-layton","UT","36","18","DIFFERENT_VALUE_DIFFERENT_SOURCE"
"ut-davis-davis-county","UT","36","18","DIFFERENT_VALUE_DIFFERENT_SOURCE"
"ut-duchesne-duchesne-county","UT","36","18","DIFFERENT_VALUE_DIFFERENT_SOURCE"
"ut-emery-emery-county","UT","36","18","DIFFERENT_VALUE_DIFFERENT_SOURCE"
"ut-garfield-garfield-county","UT","36","18","DIFFERENT_VALUE_DIFFERENT_SOURCE"
"ut-grand-grand-county","UT","36","18","DIFFERENT_VALUE_DIFFERENT_SOURCE"
"ut-iron-cedar-city","UT","36","18","DIFFERENT_VALUE_DIFFERENT_SOURCE"
"ut-iron-iron-county","UT","36","18","DIFFERENT_VALUE_DIFFERENT_SOURCE"
"ut-juab-juab-county","UT","36","18","DIFFERENT_VALUE_DIFFERENT_SOURCE"
"ut-kane-kane-county","UT","36","18","DIFFERENT_VALUE_DIFFERENT_SOURCE"
"ut-millard-millard-county","UT","36","18","DIFFERENT_VALUE_DIFFERENT_SOURCE"
"ut-morgan-morgan-county","UT","36","18","DIFFERENT_VALUE_DIFFERENT_SOURCE"
"ut-piute-piute-county","UT","36","18","DIFFERENT_VALUE_DIFFERENT_SOURCE"
"ut-rich-rich-county","UT","36","18","DIFFERENT_VALUE_DIFFERENT_SOURCE"
"ut-salt-lake-herriman","UT","36","18","DIFFERENT_VALUE_DIFFERENT_SOURCE"
"ut-salt-lake-murray","UT","36","18","DIFFERENT_VALUE_DIFFERENT_SOURCE"
"ut-salt-lake-sandy","UT","36","18","DIFFERENT_VALUE_DIFFERENT_SOURCE"
"ut-salt-lake-south-jordan","UT","36","18","DIFFERENT_VALUE_DIFFERENT_SOURCE"
"ut-salt-lake-salt-lake-county","UT","36","18","DIFFERENT_VALUE_DIFFERENT_SOURCE"
"ut-salt-lake-west-jordan","UT","36","18","DIFFERENT_VALUE_DIFFERENT_SOURCE"
"ut-salt-lake-west-valley-city","UT","36","18","DIFFERENT_VALUE_DIFFERENT_SOURCE"
"ut-san-juan-san-juan-county","UT","36","18","DIFFERENT_VALUE_DIFFERENT_SOURCE"
"ut-sanpete-sanpete-county","UT","36","18","DIFFERENT_VALUE_DIFFERENT_SOURCE"
"ut-sevier-sevier-county","UT","36","18","DIFFERENT_VALUE_DIFFERENT_SOURCE"
"ut-summit-summit-county","UT","36","18","DIFFERENT_VALUE_DIFFERENT_SOURCE"
"ut-tooele-tooele-county","UT","36","18","DIFFERENT_VALUE_DIFFERENT_SOURCE"
"ut-uintah-uintah-county","UT","36","18","DIFFERENT_VALUE_DIFFERENT_SOURCE"
"ut-utah-lehi","UT","36","18","DIFFERENT_VALUE_DIFFERENT_SOURCE"
"ut-utah-orem","UT","36","18","DIFFERENT_VALUE_DIFFERENT_SOURCE"
"ut-utah-pleasant-grove","UT","36","18","DIFFERENT_VALUE_DIFFERENT_SOURCE"
"ut-utah-utah-county","UT","36","18","DIFFERENT_VALUE_DIFFERENT_SOURCE"
"ut-wasatch-wasatch-county","UT","36","18","DIFFERENT_VALUE_DIFFERENT_SOURCE"
"ut-washington-st-george","UT","36","18","DIFFERENT_VALUE_DIFFERENT_SOURCE"
"ut-washington-washington-county","UT","36","18","DIFFERENT_VALUE_DIFFERENT_SOURCE"
"ut-wayne-wayne-county","UT","36","18","DIFFERENT_VALUE_DIFFERENT_SOURCE"
"ut-weber-weber-county","UT","36","18","DIFFERENT_VALUE_DIFFERENT_SOURCE"
"va-accomack-accomack-county","VA","36","36","SAME_VALUE_DIFFERENT_SOURCE"
"va-albemarle-albemarle-county","VA","36","36","SAME_VALUE_DIFFERENT_SOURCE"
"va-alexandria-city-alexandria","VA","36","36","SAME_VALUE_DIFFERENT_SOURCE"
"va-alleghany-alleghany-county","VA","36","36","SAME_VALUE_DIFFERENT_SOURCE"
"va-amelia-amelia-county","VA","36","36","SAME_VALUE_DIFFERENT_SOURCE"
"va-amherst-amherst-county","VA","36","36","SAME_VALUE_DIFFERENT_SOURCE"
"va-appomattox-appomattox-county","VA","36","36","SAME_VALUE_DIFFERENT_SOURCE"
"va-arlington-arlington-county","VA","36","36","SAME_VALUE_DIFFERENT_SOURCE"
"va-augusta-augusta-county","VA","36","36","SAME_VALUE_DIFFERENT_SOURCE"
"va-bath-bath-county","VA","36","36","SAME_VALUE_DIFFERENT_SOURCE"
"va-bedford-bedford-county","VA","36","36","SAME_VALUE_DIFFERENT_SOURCE"
"va-bland-bland-county","VA","36","36","SAME_VALUE_DIFFERENT_SOURCE"
"va-botetourt-botetourt-county","VA","36","36","SAME_VALUE_DIFFERENT_SOURCE"
"va-bristol-city-bristol","VA","36","36","SAME_VALUE_DIFFERENT_SOURCE"
"va-brunswick-brunswick-county","VA","36","36","SAME_VALUE_DIFFERENT_SOURCE"
"va-buchanan-buchanan-county","VA","36","36","SAME_VALUE_DIFFERENT_SOURCE"
"va-buckingham-buckingham-county","VA","36","36","SAME_VALUE_DIFFERENT_SOURCE"
"va-buena-vista-city-buena-vista","VA","36","36","SAME_VALUE_DIFFERENT_SOURCE"
"va-campbell-campbell-county","VA","36","36","SAME_VALUE_DIFFERENT_SOURCE"
"va-caroline-caroline-county","VA","36","36","SAME_VALUE_DIFFERENT_SOURCE"
"va-carroll-carroll-county","VA","36","36","SAME_VALUE_DIFFERENT_SOURCE"
"va-charles-city-charles-city-county","VA","36","36","SAME_VALUE_DIFFERENT_SOURCE"
"va-charlotte-charlotte-county","VA","36","36","SAME_VALUE_DIFFERENT_SOURCE"
"va-charlottesville-city-charlottesville","VA","36","36","SAME_VALUE_DIFFERENT_SOURCE"
"va-chesapeake-city-chesapeake","VA","36","36","SAME_VALUE_DIFFERENT_SOURCE"
"va-clarke-clarke-county","VA","36","36","SAME_VALUE_DIFFERENT_SOURCE"
"va-clifton-forge-city-clifton-forge","VA","36","36","SAME_VALUE_DIFFERENT_SOURCE"
"va-colonial-heights-city-colonial-heights","VA","36","36","SAME_VALUE_DIFFERENT_SOURCE"
"va-covington-city-covington","VA","36","36","SAME_VALUE_DIFFERENT_SOURCE"
"va-craig-craig-county","VA","36","36","SAME_VALUE_DIFFERENT_SOURCE"
"va-culpeper-culpeper-county","VA","36","36","SAME_VALUE_DIFFERENT_SOURCE"
"va-cumberland-cumberland-county","VA","36","36","SAME_VALUE_DIFFERENT_SOURCE"
"va-danville-city-danville","VA","36","36","SAME_VALUE_DIFFERENT_SOURCE"
"va-dickenson-dickenson-county","VA","36","36","SAME_VALUE_DIFFERENT_SOURCE"
"va-dinwiddie-dinwiddie-county","VA","36","36","SAME_VALUE_DIFFERENT_SOURCE"
"va-emporia-city-emporia","VA","36","36","SAME_VALUE_DIFFERENT_SOURCE"
"va-essex-essex-county","VA","36","36","SAME_VALUE_DIFFERENT_SOURCE"
"va-fairfax-city-fairfax","VA","36","36","SAME_VALUE_DIFFERENT_SOURCE"
"va-falls-church-city-falls-church","VA","36","36","SAME_VALUE_DIFFERENT_SOURCE"
"va-fauquier-fauquier-county","VA","36","36","SAME_VALUE_DIFFERENT_SOURCE"
"va-floyd-floyd-county","VA","36","36","SAME_VALUE_DIFFERENT_SOURCE"
"va-fluvanna-fluvanna-county","VA","36","36","SAME_VALUE_DIFFERENT_SOURCE"
"va-franklin-franklin-county","VA","36","36","SAME_VALUE_DIFFERENT_SOURCE"
"va-franklin-city-franklin","VA","36","36","SAME_VALUE_DIFFERENT_SOURCE"
"va-frederick-frederick-county","VA","36","36","SAME_VALUE_DIFFERENT_SOURCE"
"va-fredericksburg-city-fredericksburg","VA","36","36","SAME_VALUE_DIFFERENT_SOURCE"
"va-galax-city-galax","VA","36","36","SAME_VALUE_DIFFERENT_SOURCE"
"va-giles-giles-county","VA","36","36","SAME_VALUE_DIFFERENT_SOURCE"
"va-gloucester-gloucester-county","VA","36","36","SAME_VALUE_DIFFERENT_SOURCE"
"va-goochland-goochland-county","VA","36","36","SAME_VALUE_DIFFERENT_SOURCE"
"va-grayson-grayson-county","VA","36","36","SAME_VALUE_DIFFERENT_SOURCE"
"va-greene-greene-county","VA","36","36","SAME_VALUE_DIFFERENT_SOURCE"
"va-greensville-greensville-county","VA","36","36","SAME_VALUE_DIFFERENT_SOURCE"
"va-halifax-halifax-county","VA","36","36","SAME_VALUE_DIFFERENT_SOURCE"
"va-hampton-city-hampton","VA","36","36","SAME_VALUE_DIFFERENT_SOURCE"
"va-hanover-hanover-county","VA","36","36","SAME_VALUE_DIFFERENT_SOURCE"
"va-harrisonburg-city-harrisonburg","VA","36","36","SAME_VALUE_DIFFERENT_SOURCE"
"va-henrico-henrico-county","VA","36","36","SAME_VALUE_DIFFERENT_SOURCE"
"va-henry-henry-county","VA","36","36","SAME_VALUE_DIFFERENT_SOURCE"
"va-highland-highland-county","VA","36","36","SAME_VALUE_DIFFERENT_SOURCE"
"va-hopewell-city-hopewell","VA","36","36","SAME_VALUE_DIFFERENT_SOURCE"
"va-isle-of-wight-isle-of-wight-county","VA","36","36","SAME_VALUE_DIFFERENT_SOURCE"
"va-james-city-james-city-county","VA","36","36","SAME_VALUE_DIFFERENT_SOURCE"
"va-king-and-queen-king-and-queen-county","VA","36","36","SAME_VALUE_DIFFERENT_SOURCE"
"va-king-george-king-george-county","VA","36","36","SAME_VALUE_DIFFERENT_SOURCE"
"va-king-william-king-william-county","VA","36","36","SAME_VALUE_DIFFERENT_SOURCE"
"va-lancaster-lancaster-county","VA","36","36","SAME_VALUE_DIFFERENT_SOURCE"
"va-lee-lee-county","VA","36","36","SAME_VALUE_DIFFERENT_SOURCE"
"va-lexington-city-lexington","VA","36","36","SAME_VALUE_DIFFERENT_SOURCE"
"va-loudoun-loudoun-county","VA","36","36","SAME_VALUE_DIFFERENT_SOURCE"
"va-louisa-louisa-county","VA","36","36","SAME_VALUE_DIFFERENT_SOURCE"
"va-lunenburg-lunenburg-county","VA","36","36","SAME_VALUE_DIFFERENT_SOURCE"
"va-lynchburg-city-lynchburg","VA","36","36","SAME_VALUE_DIFFERENT_SOURCE"
"va-madison-madison-county","VA","36","36","SAME_VALUE_DIFFERENT_SOURCE"
"va-manassas-city-manassas","VA","36","36","SAME_VALUE_DIFFERENT_SOURCE"
"va-manassas-park-city-manassas-park","VA","36","36","SAME_VALUE_DIFFERENT_SOURCE"
"va-martinsville-city-martinsville","VA","36","36","SAME_VALUE_DIFFERENT_SOURCE"
"va-mathews-mathews-county","VA","36","36","SAME_VALUE_DIFFERENT_SOURCE"
"va-mecklenburg-mecklenburg-county","VA","36","36","SAME_VALUE_DIFFERENT_SOURCE"
"va-middlesex-middlesex-county","VA","36","36","SAME_VALUE_DIFFERENT_SOURCE"
"va-montgomery-montgomery-county","VA","36","36","SAME_VALUE_DIFFERENT_SOURCE"
"va-nelson-nelson-county","VA","36","36","SAME_VALUE_DIFFERENT_SOURCE"
"va-new-kent-new-kent-county","VA","36","36","SAME_VALUE_DIFFERENT_SOURCE"
"va-newport-news-city-newport-news","VA","36","36","SAME_VALUE_DIFFERENT_SOURCE"
"va-norfolk-city-norfolk","VA","36","36","SAME_VALUE_DIFFERENT_SOURCE"
"va-northampton-northampton-county","VA","36","36","SAME_VALUE_DIFFERENT_SOURCE"
"va-northumberland-northumberland-county","VA","36","36","SAME_VALUE_DIFFERENT_SOURCE"
"va-norton-city-norton","VA","36","36","SAME_VALUE_DIFFERENT_SOURCE"
"va-nottoway-nottoway-county","VA","36","36","SAME_VALUE_DIFFERENT_SOURCE"
"va-orange-orange-county","VA","36","36","SAME_VALUE_DIFFERENT_SOURCE"
"va-page-page-county","VA","36","36","SAME_VALUE_DIFFERENT_SOURCE"
"va-patrick-patrick-county","VA","36","36","SAME_VALUE_DIFFERENT_SOURCE"
"va-petersburg-city-petersburg","VA","36","36","SAME_VALUE_DIFFERENT_SOURCE"
"va-pittsylvania-pittsylvania-county","VA","36","36","SAME_VALUE_DIFFERENT_SOURCE"
"va-poquoson-city-poquoson","VA","36","36","SAME_VALUE_DIFFERENT_SOURCE"
"va-portsmouth-city-portsmouth","VA","36","36","SAME_VALUE_DIFFERENT_SOURCE"
"va-powhatan-powhatan-county","VA","36","36","SAME_VALUE_DIFFERENT_SOURCE"
"va-prince-edward-prince-edward-county","VA","36","36","SAME_VALUE_DIFFERENT_SOURCE"
"va-prince-george-prince-george-county","VA","36","36","SAME_VALUE_DIFFERENT_SOURCE"
"va-prince-william-prince-william-county","VA","36","36","SAME_VALUE_DIFFERENT_SOURCE"
"va-pulaski-pulaski-county","VA","36","36","SAME_VALUE_DIFFERENT_SOURCE"
"va-radford-city-radford","VA","36","36","SAME_VALUE_DIFFERENT_SOURCE"
"va-rappahannock-rappahannock-county","VA","36","36","SAME_VALUE_DIFFERENT_SOURCE"
"va-richmond-richmond-county","VA","36","36","SAME_VALUE_DIFFERENT_SOURCE"
"va-roanoke-roanoke-county","VA","36","36","SAME_VALUE_DIFFERENT_SOURCE"
"va-roanoke-city-roanoke","VA","36","36","SAME_VALUE_DIFFERENT_SOURCE"
"va-rockbridge-rockbridge-county","VA","36","36","SAME_VALUE_DIFFERENT_SOURCE"
"va-rockingham-rockingham-county","VA","36","36","SAME_VALUE_DIFFERENT_SOURCE"
"va-russell-russell-county","VA","36","36","SAME_VALUE_DIFFERENT_SOURCE"
"va-salem-city-salem","VA","36","36","SAME_VALUE_DIFFERENT_SOURCE"
"va-scott-scott-county","VA","36","36","SAME_VALUE_DIFFERENT_SOURCE"
"va-shenandoah-shenandoah-county","VA","36","36","SAME_VALUE_DIFFERENT_SOURCE"
"va-smyth-smyth-county","VA","36","36","SAME_VALUE_DIFFERENT_SOURCE"
"va-southampton-southampton-county","VA","36","36","SAME_VALUE_DIFFERENT_SOURCE"
"va-spotsylvania-spotsylvania-county","VA","36","36","SAME_VALUE_DIFFERENT_SOURCE"
"va-stafford-stafford-county","VA","36","36","SAME_VALUE_DIFFERENT_SOURCE"
"va-staunton-city-staunton","VA","36","36","SAME_VALUE_DIFFERENT_SOURCE"
"va-suffolk-city-suffolk","VA","36","36","SAME_VALUE_DIFFERENT_SOURCE"
"va-surry-surry-county","VA","36","36","SAME_VALUE_DIFFERENT_SOURCE"
"va-sussex-sussex-county","VA","36","36","SAME_VALUE_DIFFERENT_SOURCE"
"va-tazewell-tazewell-county","VA","36","36","SAME_VALUE_DIFFERENT_SOURCE"
"va-warren-warren-county","VA","36","36","SAME_VALUE_DIFFERENT_SOURCE"
"va-washington-washington-county","VA","36","36","SAME_VALUE_DIFFERENT_SOURCE"
"va-waynesboro-city-waynesboro","VA","36","36","SAME_VALUE_DIFFERENT_SOURCE"
"va-westmoreland-westmoreland-county","VA","36","36","SAME_VALUE_DIFFERENT_SOURCE"
"va-williamsburg-city-williamsburg","VA","36","36","SAME_VALUE_DIFFERENT_SOURCE"
"va-winchester-city-winchester","VA","36","36","SAME_VALUE_DIFFERENT_SOURCE"
"va-wise-wise-county","VA","36","36","SAME_VALUE_DIFFERENT_SOURCE"
"va-wythe-wythe-county","VA","36","36","SAME_VALUE_DIFFERENT_SOURCE"
"va-york-york-county","VA","36","36","SAME_VALUE_DIFFERENT_SOURCE"
"vi-st-croix-st-croix-county","VI","36","36","SAME_VALUE_DIFFERENT_SOURCE"
"vi-st-john-st-john-county","VI","36","36","SAME_VALUE_DIFFERENT_SOURCE"
"vi-st-thomas-st-thomas-county","VI","36","36","SAME_VALUE_DIFFERENT_SOURCE"
"vt-addison-middlebury","VT","36","36","SAME_VALUE_DIFFERENT_SOURCE"
"vt-addison-addison-county","VT","36","36","SAME_VALUE_DIFFERENT_SOURCE"
"vt-bennington-bennington-county","VT","36","36","SAME_VALUE_DIFFERENT_SOURCE"
"vt-caledonia-caledonia-county","VT","36","36","SAME_VALUE_DIFFERENT_SOURCE"
"vt-chittenden-south-burlington","VT","36","36","SAME_VALUE_DIFFERENT_SOURCE"
"vt-chittenden-chittenden-county","VT","36","36","SAME_VALUE_DIFFERENT_SOURCE"
"vt-essex-essex-county","VT","36","36","SAME_VALUE_DIFFERENT_SOURCE"
"vt-franklin-st-albans","VT","36","36","SAME_VALUE_DIFFERENT_SOURCE"
"vt-franklin-franklin-county","VT","36","36","SAME_VALUE_DIFFERENT_SOURCE"
"vt-grand-isle-grand-isle-county","VT","36","36","SAME_VALUE_DIFFERENT_SOURCE"
"vt-lamoille-lamoille-county","VT","36","36","SAME_VALUE_DIFFERENT_SOURCE"
"vt-orange-orange-county","VT","36","36","SAME_VALUE_DIFFERENT_SOURCE"
"vt-orleans-orleans-county","VT","36","36","SAME_VALUE_DIFFERENT_SOURCE"
"vt-rutland-rutland","VT","36","36","SAME_VALUE_DIFFERENT_SOURCE"
"vt-rutland-rutland-county","VT","36","36","SAME_VALUE_DIFFERENT_SOURCE"
"vt-washington-barre","VT","36","36","SAME_VALUE_DIFFERENT_SOURCE"
"vt-washington-montpelier","VT","36","36","SAME_VALUE_DIFFERENT_SOURCE"
"vt-washington-washington-county","VT","36","36","SAME_VALUE_DIFFERENT_SOURCE"
"vt-windham-brattleboro","VT","36","36","SAME_VALUE_DIFFERENT_SOURCE"
"vt-windham-windham-county","VT","36","36","SAME_VALUE_DIFFERENT_SOURCE"
"vt-windsor-windsor-county","VT","36","36","SAME_VALUE_DIFFERENT_SOURCE"
"wa-adams-adams-county","WA","36","36","SAME_VALUE_DIFFERENT_SOURCE"
"wa-asotin-asotin-county","WA","36","36","SAME_VALUE_DIFFERENT_SOURCE"
"wa-benton-kennewick","WA","36","36","SAME_VALUE_DIFFERENT_SOURCE"
"wa-benton-benton-county","WA","36","36","SAME_VALUE_DIFFERENT_SOURCE"
"wa-chelan-chelan-county","WA","36","36","SAME_VALUE_DIFFERENT_SOURCE"
"wa-clallam-clallam-county","WA","36","36","SAME_VALUE_DIFFERENT_SOURCE"
"wa-clark-clark-county","WA","36","36","SAME_VALUE_DIFFERENT_SOURCE"
"wa-clark-vancouver","WA","36","36","SAME_VALUE_DIFFERENT_SOURCE"
"wa-columbia-columbia-county","WA","36","36","SAME_VALUE_DIFFERENT_SOURCE"
"wa-cowlitz-cowlitz-county","WA","36","36","SAME_VALUE_DIFFERENT_SOURCE"
"wa-douglas-douglas-county","WA","36","36","SAME_VALUE_DIFFERENT_SOURCE"
"wa-ferry-ferry-county","WA","36","36","SAME_VALUE_DIFFERENT_SOURCE"
"wa-franklin-franklin-county","WA","36","36","SAME_VALUE_DIFFERENT_SOURCE"
"wa-garfield-garfield-county","WA","36","36","SAME_VALUE_DIFFERENT_SOURCE"
"wa-grant-grant-county","WA","36","36","SAME_VALUE_DIFFERENT_SOURCE"
"wa-grays-harbor-grays-harbor-county","WA","36","36","SAME_VALUE_DIFFERENT_SOURCE"
"wa-island-island-county","WA","36","36","SAME_VALUE_DIFFERENT_SOURCE"
"wa-jefferson-jefferson-county","WA","36","36","SAME_VALUE_DIFFERENT_SOURCE"
"wa-king-bellevue","WA","36","36","SAME_VALUE_DIFFERENT_SOURCE"
"wa-king-federal-way","WA","36","36","SAME_VALUE_DIFFERENT_SOURCE"
"wa-king-kent","WA","36","36","SAME_VALUE_DIFFERENT_SOURCE"
"wa-king-kirkland","WA","36","36","SAME_VALUE_DIFFERENT_SOURCE"
"wa-king-redmond","WA","36","36","SAME_VALUE_DIFFERENT_SOURCE"
"wa-king-renton","WA","36","36","SAME_VALUE_DIFFERENT_SOURCE"
"wa-kitsap-bremerton","WA","36","36","SAME_VALUE_DIFFERENT_SOURCE"
"wa-kitsap-kitsap-county","WA","36","36","SAME_VALUE_DIFFERENT_SOURCE"
"wa-kittitas-kittitas-county","WA","36","36","SAME_VALUE_DIFFERENT_SOURCE"
"wa-klickitat-klickitat-county","WA","36","36","SAME_VALUE_DIFFERENT_SOURCE"
"wa-lewis-lewis-county","WA","36","36","SAME_VALUE_DIFFERENT_SOURCE"
"wa-lincoln-lincoln-county","WA","36","36","SAME_VALUE_DIFFERENT_SOURCE"
"wa-mason-mason-county","WA","36","36","SAME_VALUE_DIFFERENT_SOURCE"
"wa-okanogan-okanogan-county","WA","36","36","SAME_VALUE_DIFFERENT_SOURCE"
"wa-pacific-pacific-county","WA","36","36","SAME_VALUE_DIFFERENT_SOURCE"
"wa-pend-oreille-pend-oreille-county","WA","36","36","SAME_VALUE_DIFFERENT_SOURCE"
"wa-pierce-puyallup","WA","36","36","SAME_VALUE_DIFFERENT_SOURCE"
"wa-pierce-pierce-county","WA","36","36","SAME_VALUE_DIFFERENT_SOURCE"
"wa-san-juan-san-juan-county","WA","36","36","SAME_VALUE_DIFFERENT_SOURCE"
"wa-skagit-skagit-county","WA","36","36","SAME_VALUE_DIFFERENT_SOURCE"
"wa-skamania-skamania-county","WA","36","36","SAME_VALUE_DIFFERENT_SOURCE"
"wa-snohomish-everett","WA","36","36","SAME_VALUE_DIFFERENT_SOURCE"
"wa-snohomish-marysville","WA","36","36","SAME_VALUE_DIFFERENT_SOURCE"
"wa-snohomish-snohomish-county","WA","36","36","SAME_VALUE_DIFFERENT_SOURCE"
"wa-spokane-spokane","WA","36","36","SAME_VALUE_DIFFERENT_SOURCE"
"wa-spokane-spokane-county","WA","36","36","SAME_VALUE_DIFFERENT_SOURCE"
"wa-stevens-stevens-county","WA","36","36","SAME_VALUE_DIFFERENT_SOURCE"
"wa-thurston-lacey","WA","36","36","SAME_VALUE_DIFFERENT_SOURCE"
"wa-thurston-olympia","WA","36","36","SAME_VALUE_DIFFERENT_SOURCE"
"wa-thurston-thurston-county","WA","36","36","SAME_VALUE_DIFFERENT_SOURCE"
"wa-wahkiakum-wahkiakum-county","WA","36","36","SAME_VALUE_DIFFERENT_SOURCE"
"wa-walla-walla-walla-walla-county","WA","36","36","SAME_VALUE_DIFFERENT_SOURCE"
"wa-whatcom-bellingham","WA","36","36","SAME_VALUE_DIFFERENT_SOURCE"
"wa-whatcom-whatcom-county","WA","36","36","SAME_VALUE_DIFFERENT_SOURCE"
"wa-whitman-pullman","WA","36","36","SAME_VALUE_DIFFERENT_SOURCE"
"wa-whitman-whitman-county","WA","36","36","SAME_VALUE_DIFFERENT_SOURCE"
"wa-yakima-yakima-county","WA","36","36","SAME_VALUE_DIFFERENT_SOURCE"
"wa-yakima-yakima","WA","36","36","SAME_VALUE_DIFFERENT_SOURCE"
"wi-adams-adams-county","WI","36","36","SAME_VALUE_DIFFERENT_SOURCE"
"wi-ashland-ashland-county","WI","36","36","SAME_VALUE_DIFFERENT_SOURCE"
"wi-barron-barron-county","WI","36","36","SAME_VALUE_DIFFERENT_SOURCE"
"wi-bayfield-bayfield-county","WI","36","36","SAME_VALUE_DIFFERENT_SOURCE"
"wi-brown-green-bay","WI","36","36","SAME_VALUE_DIFFERENT_SOURCE"
"wi-brown-brown-county","WI","36","36","SAME_VALUE_DIFFERENT_SOURCE"
"wi-buffalo-buffalo-county","WI","36","36","SAME_VALUE_DIFFERENT_SOURCE"
"wi-burnett-burnett-county","WI","36","36","SAME_VALUE_DIFFERENT_SOURCE"
"wi-calumet-calumet-county","WI","36","36","SAME_VALUE_DIFFERENT_SOURCE"
"wi-chippewa-chippewa-county","WI","36","36","SAME_VALUE_DIFFERENT_SOURCE"
"wi-clark-clark-county","WI","36","36","SAME_VALUE_DIFFERENT_SOURCE"
"wi-columbia-columbia-county","WI","36","36","SAME_VALUE_DIFFERENT_SOURCE"
"wi-crawford-crawford-county","WI","36","36","SAME_VALUE_DIFFERENT_SOURCE"
"wi-dane-dane-county","WI","36","36","SAME_VALUE_DIFFERENT_SOURCE"
"wi-dodge-dodge-county","WI","36","36","SAME_VALUE_DIFFERENT_SOURCE"
"wi-door-door-county","WI","36","36","SAME_VALUE_DIFFERENT_SOURCE"
"wi-douglas-douglas-county","WI","36","36","SAME_VALUE_DIFFERENT_SOURCE"
"wi-dunn-dunn-county","WI","36","36","SAME_VALUE_DIFFERENT_SOURCE"
"wi-eau-claire-eau-claire","WI","36","36","SAME_VALUE_DIFFERENT_SOURCE"
"wi-eau-claire-eau-claire-county","WI","36","36","SAME_VALUE_DIFFERENT_SOURCE"
"wi-florence-florence-county","WI","36","36","SAME_VALUE_DIFFERENT_SOURCE"
"wi-fond-du-lac-fond-du-lac-county","WI","36","36","SAME_VALUE_DIFFERENT_SOURCE"
"wi-forest-forest-county","WI","36","36","SAME_VALUE_DIFFERENT_SOURCE"
"wi-grant-grant-county","WI","36","36","SAME_VALUE_DIFFERENT_SOURCE"
"wi-green-green-county","WI","36","36","SAME_VALUE_DIFFERENT_SOURCE"
"wi-green-lake-green-lake-county","WI","36","36","SAME_VALUE_DIFFERENT_SOURCE"
"wi-iowa-iowa-county","WI","36","36","SAME_VALUE_DIFFERENT_SOURCE"
"wi-iron-iron-county","WI","36","36","SAME_VALUE_DIFFERENT_SOURCE"
"wi-jackson-jackson-county","WI","36","36","SAME_VALUE_DIFFERENT_SOURCE"
"wi-jefferson-jefferson-county","WI","36","36","SAME_VALUE_DIFFERENT_SOURCE"
"wi-juneau-juneau-county","WI","36","36","SAME_VALUE_DIFFERENT_SOURCE"
"wi-kenosha-kenosha","WI","36","36","SAME_VALUE_DIFFERENT_SOURCE"
"wi-kenosha-kenosha-county","WI","36","36","SAME_VALUE_DIFFERENT_SOURCE"
"wi-kewaunee-kewaunee-county","WI","36","36","SAME_VALUE_DIFFERENT_SOURCE"
"wi-la-crosse-la-crosse","WI","36","36","SAME_VALUE_DIFFERENT_SOURCE"
"wi-la-crosse-la-crosse-county","WI","36","36","SAME_VALUE_DIFFERENT_SOURCE"
"wi-lafayette-lafayette-county","WI","36","36","SAME_VALUE_DIFFERENT_SOURCE"
"wi-langlade-langlade-county","WI","36","36","SAME_VALUE_DIFFERENT_SOURCE"
"wi-lincoln-lincoln-county","WI","36","36","SAME_VALUE_DIFFERENT_SOURCE"
"wi-manitowoc-manitowoc-county","WI","36","36","SAME_VALUE_DIFFERENT_SOURCE"
"wi-marathon-marathon-county","WI","36","36","SAME_VALUE_DIFFERENT_SOURCE"
"wi-marathon-wausau","WI","36","36","SAME_VALUE_DIFFERENT_SOURCE"
"wi-marinette-marinette-county","WI","36","36","SAME_VALUE_DIFFERENT_SOURCE"
"wi-marquette-marquette-county","WI","36","36","SAME_VALUE_DIFFERENT_SOURCE"
"wi-menominee-menominee-county","WI","36","36","SAME_VALUE_DIFFERENT_SOURCE"
"wi-milwaukee-milwaukee-county","WI","36","36","SAME_VALUE_DIFFERENT_SOURCE"
"wi-milwaukee-west-allis","WI","36","36","SAME_VALUE_DIFFERENT_SOURCE"
"wi-monroe-monroe-county","WI","36","36","SAME_VALUE_DIFFERENT_SOURCE"
"wi-oconto-oconto-county","WI","36","36","SAME_VALUE_DIFFERENT_SOURCE"
"wi-oneida-oneida-county","WI","36","36","SAME_VALUE_DIFFERENT_SOURCE"
"wi-outagamie-appleton","WI","36","36","SAME_VALUE_DIFFERENT_SOURCE"
"wi-outagamie-outagamie-county","WI","36","36","SAME_VALUE_DIFFERENT_SOURCE"
"wi-ozaukee-ozaukee-county","WI","36","36","SAME_VALUE_DIFFERENT_SOURCE"
"wi-pepin-pepin-county","WI","36","36","SAME_VALUE_DIFFERENT_SOURCE"
"wi-pierce-pierce-county","WI","36","36","SAME_VALUE_DIFFERENT_SOURCE"
"wi-polk-polk-county","WI","36","36","SAME_VALUE_DIFFERENT_SOURCE"
"wi-portage-stevens-point","WI","36","36","SAME_VALUE_DIFFERENT_SOURCE"
"wi-portage-portage-county","WI","36","36","SAME_VALUE_DIFFERENT_SOURCE"
"wi-price-price-county","WI","36","36","SAME_VALUE_DIFFERENT_SOURCE"
"wi-racine-racine","WI","36","36","SAME_VALUE_DIFFERENT_SOURCE"
"wi-racine-racine-county","WI","36","36","SAME_VALUE_DIFFERENT_SOURCE"
"wi-richland-richland-county","WI","36","36","SAME_VALUE_DIFFERENT_SOURCE"
"wi-rock-janesville","WI","36","36","SAME_VALUE_DIFFERENT_SOURCE"
"wi-rock-rock-county","WI","36","36","SAME_VALUE_DIFFERENT_SOURCE"
"wi-rusk-rusk-county","WI","36","36","SAME_VALUE_DIFFERENT_SOURCE"
"wi-sauk-sauk-county","WI","36","36","SAME_VALUE_DIFFERENT_SOURCE"
"wi-sawyer-sawyer-county","WI","36","36","SAME_VALUE_DIFFERENT_SOURCE"
"wi-shawano-shawano-county","WI","36","36","SAME_VALUE_DIFFERENT_SOURCE"
"wi-sheboygan-sheboygan","WI","36","36","SAME_VALUE_DIFFERENT_SOURCE"
"wi-sheboygan-sheboygan-county","WI","36","36","SAME_VALUE_DIFFERENT_SOURCE"
"wi-st-croix-st-croix-county","WI","36","36","SAME_VALUE_DIFFERENT_SOURCE"
"wi-taylor-taylor-county","WI","36","36","SAME_VALUE_DIFFERENT_SOURCE"
"wi-trempealeau-trempealeau-county","WI","36","36","SAME_VALUE_DIFFERENT_SOURCE"
"wi-vernon-vernon-county","WI","36","36","SAME_VALUE_DIFFERENT_SOURCE"
"wi-vilas-vilas-county","WI","36","36","SAME_VALUE_DIFFERENT_SOURCE"
"wi-walworth-walworth-county","WI","36","36","SAME_VALUE_DIFFERENT_SOURCE"
"wi-washburn-washburn-county","WI","36","36","SAME_VALUE_DIFFERENT_SOURCE"
"wi-washington-washington-county","WI","36","36","SAME_VALUE_DIFFERENT_SOURCE"
"wi-waukesha-waukesha-county","WI","36","36","SAME_VALUE_DIFFERENT_SOURCE"
"wi-waukesha-waukesha","WI","36","36","SAME_VALUE_DIFFERENT_SOURCE"
"wi-waupaca-waupaca-county","WI","36","36","SAME_VALUE_DIFFERENT_SOURCE"
"wi-waushara-waushara-county","WI","36","36","SAME_VALUE_DIFFERENT_SOURCE"
"wi-winnebago-oshkosh","WI","36","36","SAME_VALUE_DIFFERENT_SOURCE"
"wi-winnebago-winnebago-county","WI","36","36","SAME_VALUE_DIFFERENT_SOURCE"
"wi-wood-wood-county","WI","36","36","SAME_VALUE_DIFFERENT_SOURCE"
"wv-barbour-barbour-county","WV","36","36","SAME_VALUE_DIFFERENT_SOURCE"
"wv-berkeley-martinsburg","WV","36","36","SAME_VALUE_DIFFERENT_SOURCE"
"wv-berkeley-berkeley-county","WV","36","36","SAME_VALUE_DIFFERENT_SOURCE"
"wv-boone-boone-county","WV","36","36","SAME_VALUE_DIFFERENT_SOURCE"
"wv-braxton-braxton-county","WV","36","36","SAME_VALUE_DIFFERENT_SOURCE"
"wv-brooke-brooke-county","WV","36","36","SAME_VALUE_DIFFERENT_SOURCE"
"wv-cabell-huntington","WV","36","36","SAME_VALUE_DIFFERENT_SOURCE"
"wv-cabell-cabell-county","WV","36","36","SAME_VALUE_DIFFERENT_SOURCE"
"wv-calhoun-calhoun-county","WV","36","36","SAME_VALUE_DIFFERENT_SOURCE"
"wv-clay-clay-county","WV","36","36","SAME_VALUE_DIFFERENT_SOURCE"
"wv-doddridge-doddridge-county","WV","36","36","SAME_VALUE_DIFFERENT_SOURCE"
"wv-fayette-fayette-county","WV","36","36","SAME_VALUE_DIFFERENT_SOURCE"
"wv-gilmer-gilmer-county","WV","36","36","SAME_VALUE_DIFFERENT_SOURCE"
"wv-grant-grant-county","WV","36","36","SAME_VALUE_DIFFERENT_SOURCE"
"wv-greenbrier-greenbrier-county","WV","36","36","SAME_VALUE_DIFFERENT_SOURCE"
"wv-hampshire-hampshire-county","WV","36","36","SAME_VALUE_DIFFERENT_SOURCE"
"wv-hancock-hancock-county","WV","36","36","SAME_VALUE_DIFFERENT_SOURCE"
"wv-hancock-weirton","WV","36","36","SAME_VALUE_DIFFERENT_SOURCE"
"wv-hardy-hardy-county","WV","36","36","SAME_VALUE_DIFFERENT_SOURCE"
"wv-harrison-clarksburg","WV","36","36","SAME_VALUE_DIFFERENT_SOURCE"
"wv-harrison-harrison-county","WV","36","36","SAME_VALUE_DIFFERENT_SOURCE"
"wv-jackson-jackson-county","WV","36","36","SAME_VALUE_DIFFERENT_SOURCE"
"wv-jefferson-jefferson-county","WV","36","36","SAME_VALUE_DIFFERENT_SOURCE"
"wv-kanawha-kanawha-county","WV","36","36","SAME_VALUE_DIFFERENT_SOURCE"
"wv-lewis-lewis-county","WV","36","36","SAME_VALUE_DIFFERENT_SOURCE"
"wv-lincoln-lincoln-county","WV","36","36","SAME_VALUE_DIFFERENT_SOURCE"
"wv-logan-logan-county","WV","36","36","SAME_VALUE_DIFFERENT_SOURCE"
"wv-marion-fairmont","WV","36","36","SAME_VALUE_DIFFERENT_SOURCE"
"wv-marion-marion-county","WV","36","36","SAME_VALUE_DIFFERENT_SOURCE"
"wv-marshall-marshall-county","WV","36","36","SAME_VALUE_DIFFERENT_SOURCE"
"wv-mason-mason-county","WV","36","36","SAME_VALUE_DIFFERENT_SOURCE"
"wv-mcdowell-mcdowell-county","WV","36","36","SAME_VALUE_DIFFERENT_SOURCE"
"wv-mercer-mercer-county","WV","36","36","SAME_VALUE_DIFFERENT_SOURCE"
"wv-mineral-mineral-county","WV","36","36","SAME_VALUE_DIFFERENT_SOURCE"
"wv-mingo-mingo-county","WV","36","36","SAME_VALUE_DIFFERENT_SOURCE"
"wv-monongalia-morgantown","WV","36","36","SAME_VALUE_DIFFERENT_SOURCE"
"wv-monongalia-monongalia-county","WV","36","36","SAME_VALUE_DIFFERENT_SOURCE"
"wv-monroe-monroe-county","WV","36","36","SAME_VALUE_DIFFERENT_SOURCE"
"wv-morgan-morgan-county","WV","36","36","SAME_VALUE_DIFFERENT_SOURCE"
"wv-nicholas-nicholas-county","WV","36","36","SAME_VALUE_DIFFERENT_SOURCE"
"wv-ohio-ohio-county","WV","36","36","SAME_VALUE_DIFFERENT_SOURCE"
"wv-ohio-wheeling","WV","36","36","SAME_VALUE_DIFFERENT_SOURCE"
"wv-pendleton-pendleton-county","WV","36","36","SAME_VALUE_DIFFERENT_SOURCE"
"wv-pleasants-pleasants-county","WV","36","36","SAME_VALUE_DIFFERENT_SOURCE"
"wv-pocahontas-pocahontas-county","WV","36","36","SAME_VALUE_DIFFERENT_SOURCE"
"wv-preston-preston-county","WV","36","36","SAME_VALUE_DIFFERENT_SOURCE"
"wv-putnam-putnam-county","WV","36","36","SAME_VALUE_DIFFERENT_SOURCE"
"wv-raleigh-beckley","WV","36","36","SAME_VALUE_DIFFERENT_SOURCE"
"wv-raleigh-raleigh-county","WV","36","36","SAME_VALUE_DIFFERENT_SOURCE"
"wv-randolph-randolph-county","WV","36","36","SAME_VALUE_DIFFERENT_SOURCE"
"wv-ritchie-ritchie-county","WV","36","36","SAME_VALUE_DIFFERENT_SOURCE"
"wv-roane-roane-county","WV","36","36","SAME_VALUE_DIFFERENT_SOURCE"
"wv-summers-summers-county","WV","36","36","SAME_VALUE_DIFFERENT_SOURCE"
"wv-taylor-taylor-county","WV","36","36","SAME_VALUE_DIFFERENT_SOURCE"
"wv-tucker-tucker-county","WV","36","36","SAME_VALUE_DIFFERENT_SOURCE"
"wv-tyler-tyler-county","WV","36","36","SAME_VALUE_DIFFERENT_SOURCE"
"wv-upshur-upshur-county","WV","36","36","SAME_VALUE_DIFFERENT_SOURCE"
"wv-wayne-wayne-county","WV","36","36","SAME_VALUE_DIFFERENT_SOURCE"
"wv-webster-webster-county","WV","36","36","SAME_VALUE_DIFFERENT_SOURCE"
"wv-wetzel-wetzel-county","WV","36","36","SAME_VALUE_DIFFERENT_SOURCE"
"wv-wirt-wirt-county","WV","36","36","SAME_VALUE_DIFFERENT_SOURCE"
"wv-wood-parkersburg","WV","36","36","SAME_VALUE_DIFFERENT_SOURCE"
"wv-wood-wood-county","WV","36","36","SAME_VALUE_DIFFERENT_SOURCE"
"wv-wyoming-wyoming-county","WV","36","36","SAME_VALUE_DIFFERENT_SOURCE"
"wy-albany-laramie","WY","36","36","SAME_VALUE_DIFFERENT_SOURCE"
"wy-albany-albany-county","WY","36","36","SAME_VALUE_DIFFERENT_SOURCE"
"wy-big-horn-big-horn-county","WY","36","36","SAME_VALUE_DIFFERENT_SOURCE"
"wy-campbell-gillette","WY","36","36","SAME_VALUE_DIFFERENT_SOURCE"
"wy-campbell-campbell-county","WY","36","36","SAME_VALUE_DIFFERENT_SOURCE"
"wy-carbon-carbon-county","WY","36","36","SAME_VALUE_DIFFERENT_SOURCE"
"wy-converse-converse-county","WY","36","36","SAME_VALUE_DIFFERENT_SOURCE"
"wy-crook-crook-county","WY","36","36","SAME_VALUE_DIFFERENT_SOURCE"
"wy-fremont-riverton","WY","36","36","SAME_VALUE_DIFFERENT_SOURCE"
"wy-fremont-fremont-county","WY","36","36","SAME_VALUE_DIFFERENT_SOURCE"
"wy-goshen-goshen-county","WY","36","36","SAME_VALUE_DIFFERENT_SOURCE"
"wy-hot-springs-hot-springs-county","WY","36","36","SAME_VALUE_DIFFERENT_SOURCE"
"wy-johnson-johnson-county","WY","36","36","SAME_VALUE_DIFFERENT_SOURCE"
"wy-laramie-laramie-county","WY","36","36","SAME_VALUE_DIFFERENT_SOURCE"
"wy-lincoln-lincoln-county","WY","36","36","SAME_VALUE_DIFFERENT_SOURCE"
"wy-natrona-casper","WY","36","36","SAME_VALUE_DIFFERENT_SOURCE"
"wy-natrona-natrona-county","WY","36","36","SAME_VALUE_DIFFERENT_SOURCE"
"wy-niobrara-niobrara-county","WY","36","36","SAME_VALUE_DIFFERENT_SOURCE"
"wy-park-cody","WY","36","36","SAME_VALUE_DIFFERENT_SOURCE"
"wy-park-powell","WY","36","36","SAME_VALUE_DIFFERENT_SOURCE"
"wy-park-park-county","WY","36","36","SAME_VALUE_DIFFERENT_SOURCE"
"wy-platte-platte-county","WY","36","36","SAME_VALUE_DIFFERENT_SOURCE"
"wy-sheridan-sheridan","WY","36","36","SAME_VALUE_DIFFERENT_SOURCE"
"wy-sheridan-sheridan-county","WY","36","36","SAME_VALUE_DIFFERENT_SOURCE"
"wy-sublette-sublette-county","WY","36","36","SAME_VALUE_DIFFERENT_SOURCE"
"wy-sweetwater-green-river","WY","36","36","SAME_VALUE_DIFFERENT_SOURCE"
"wy-sweetwater-rock-springs","WY","36","36","SAME_VALUE_DIFFERENT_SOURCE"
"wy-sweetwater-sweetwater-county","WY","36","36","SAME_VALUE_DIFFERENT_SOURCE"
"wy-teton-jackson","WY","36","36","SAME_VALUE_DIFFERENT_SOURCE"
"wy-teton-teton-county","WY","36","36","SAME_VALUE_DIFFERENT_SOURCE"
"wy-uinta-evanston","WY","36","36","SAME_VALUE_DIFFERENT_SOURCE"
"wy-uinta-uinta-county","WY","36","36","SAME_VALUE_DIFFERENT_SOURCE"
"wy-washakie-washakie-county","WY","36","36","SAME_VALUE_DIFFERENT_SOURCE"
"wy-weston-weston-county","WY","36","36","SAME_VALUE_DIFFERENT_SOURCE"
