jurisdictionId,state,name,ahjNational,necVersions,jurisdictionTs,distinctValues,whichShips
"co-boulder-boulder","CO","City of Boulder Building Services","2020","2023","","2020|2023","necVersions (state-adoption-table) — ahj-national is fallback-only and never adopts"
"il-cook-county","IL","Cook County Building & Zoning","2017","2020","","2017|2020","necVersions (state-adoption-table) — ahj-national is fallback-only and never adopts"
"ny-new-york-nyc","NY","NYC Department of Buildings (DOB)","2020","2017","","2020|2017","necVersions (state-adoption-table) — ahj-national is fallback-only and never adopts"
"tx-travis-austin","TX","City of Austin Development Services","2020","2023","","2020|2023","necVersions (state-adoption-table) — ahj-national is fallback-only and never adopts"
"id-ada-boise","ID","City of Boise Planning & Development Services","2020","2017","","2020|2017","necVersions (state-adoption-table) — ahj-national is fallback-only and never adopts"
"id-bonneville-idaho-falls","ID","City of Idaho Falls Building Division","2020","2017","","2020|2017","necVersions (state-adoption-table) — ahj-national is fallback-only and never adopts"
"id-canyon-nampa","ID","City of Nampa Building Services","2020","2017","","2020|2017","necVersions (state-adoption-table) — ahj-national is fallback-only and never adopts"
"mt-yellowstone-billings","MT","City of Billings Building Division","2020","2017","","2020|2017","necVersions (state-adoption-table) — ahj-national is fallback-only and never adopts"
"wy-laramie-cheyenne","WY","City of Cheyenne Building Division","2020","2017","","2020|2017","necVersions (state-adoption-table) — ahj-national is fallback-only and never adopts"
"nj-hudson-jersey-city","NJ","Jersey City Division of Building","2020","2017","","2020|2017","necVersions (state-adoption-table) — ahj-national is fallback-only and never adopts"
"nj-monmouth-county","NJ","Monmouth County Division of Engineering","2020","2017","","2020|2017","necVersions (state-adoption-table) — ahj-national is fallback-only and never adopts"
"nj-ocean-county","NJ","Ocean County Department of Planning","2020","2017","","2020|2017","necVersions (state-adoption-table) — ahj-national is fallback-only and never adopts"
"nj-camden-county","NJ","Camden County Board of Commissioners","2020","2017","","2020|2017","necVersions (state-adoption-table) — ahj-national is fallback-only and never adopts"
"pa-philadelphia-philadelphia","PA","City of Philadelphia Department of Licenses & Inspections","2020","2017","","2020|2017","necVersions (state-adoption-table) — ahj-national is fallback-only and never adopts"
"pa-allegheny-pittsburgh","PA","City of Pittsburgh Permits, Licenses & Inspections","2020","2017","","2020|2017","necVersions (state-adoption-table) — ahj-national is fallback-only and never adopts"
"ak-aleutians-east-aleutians-east-county","AK","Aleutians East County Building Department","2017","2020","","2017|2020","necVersions (state-adoption-table) — ahj-national is fallback-only and never adopts"
"ak-aleutians-west-aleutians-west-county","AK","Aleutians West County Building Department","2017","2020","","2017|2020","necVersions (state-adoption-table) — ahj-national is fallback-only and never adopts"
"ak-anchorage-anchorage-county","AK","Anchorage County Building Department","2017","2020","","2017|2020","necVersions (state-adoption-table) — ahj-national is fallback-only and never adopts"
"ak-bethel-bethel-county","AK","Bethel County Building Department","2017","2020","","2017|2020","necVersions (state-adoption-table) — ahj-national is fallback-only and never adopts"
"ak-bristol-bay-bristol-bay-county","AK","Bristol Bay County Building Department","2017","2020","","2017|2020","necVersions (state-adoption-table) — ahj-national is fallback-only and never adopts"
"ak-denali-denali-county","AK","Denali County Building Department","2017","2020","","2017|2020","necVersions (state-adoption-table) — ahj-national is fallback-only and never adopts"
"ak-dillingham-dillingham-county","AK","Dillingham County Building Department","2017","2020","","2017|2020","necVersions (state-adoption-table) — ahj-national is fallback-only and never adopts"
"ak-fairbanks-north-star-fairbanks","AK","City of Fairbanks Building Department","2017","2020","","2017|2020","necVersions (state-adoption-table) — ahj-national is fallback-only and never adopts"
"ak-fairbanks-north-star-fairbanks-north-star-county","AK","Fairbanks North Star County Building Department","2017","2020","","2017|2020","necVersions (state-adoption-table) — ahj-national is fallback-only and never adopts"
"ak-haines-haines-county","AK","Haines County Building Department","2017","2020","","2017|2020","necVersions (state-adoption-table) — ahj-national is fallback-only and never adopts"
"ak-hoonah-angoon-hoonah-angoon-county","AK","Hoonah-Angoon County Building Department","2017","2020","","2017|2020","necVersions (state-adoption-table) — ahj-national is fallback-only and never adopts"
"ak-juneau-juneau","AK","City & Borough of Juneau Building Department","2017","2020","","2017|2020","necVersions (state-adoption-table) — ahj-national is fallback-only and never adopts"
"ak-juneau-juneau-county","AK","Juneau County Building Department","2017","2020","","2017|2020","necVersions (state-adoption-table) — ahj-national is fallback-only and never adopts"
"ak-kenai-peninsula-kenai-peninsula-county","AK","Kenai Peninsula County Building Department","2017","2020","","2017|2020","necVersions (state-adoption-table) — ahj-national is fallback-only and never adopts"
"ak-ketchikan-gateway-ketchikan","AK","City of Ketchikan Building Dept","2017","2020","","2017|2020","necVersions (state-adoption-table) — ahj-national is fallback-only and never adopts"
"ak-ketchikan-gateway-ketchikan-gateway-county","AK","Ketchikan Gateway County Building Department","2017","2020","","2017|2020","necVersions (state-adoption-table) — ahj-national is fallback-only and never adopts"
"ak-kodiak-island-kodiak-island-county","AK","Kodiak Island County Building Department","2017","2020","","2017|2020","necVersions (state-adoption-table) — ahj-national is fallback-only and never adopts"
"ak-lake-and-peninsula-lake-and-peninsula-county","AK","Lake and Peninsula County Building Department","2017","2020","","2017|2020","necVersions (state-adoption-table) — ahj-national is fallback-only and never adopts"
"ak-matanuska-susitna-matanuska-susitna-county","AK","Matanuska-Susitna County Building Department","2017","2020","","2017|2020","necVersions (state-adoption-table) — ahj-national is fallback-only and never adopts"
"ak-matanuska-susitna-wasilla","AK","City of Wasilla Building Dept","2017","2020","","2017|2020","necVersions (state-adoption-table) — ahj-national is fallback-only and never adopts"
"ak-nome-nome-county","AK","Nome County Building Department","2017","2020","","2017|2020","necVersions (state-adoption-table) — ahj-national is fallback-only and never adopts"
"ak-north-slope-north-slope-county","AK","North Slope County Building Department","2017","2020","","2017|2020","necVersions (state-adoption-table) — ahj-national is fallback-only and never adopts"
"ak-northwest-arctic-northwest-arctic-county","AK","Northwest Arctic County Building Department","2017","2020","","2017|2020","necVersions (state-adoption-table) — ahj-national is fallback-only and never adopts"
"ak-petersburg-petersburg-county","AK","Petersburg County Building Department","2017","2020","","2017|2020","necVersions (state-adoption-table) — ahj-national is fallback-only and never adopts"
"ak-prince-of-wales-hyder-prince-of-wales-hyder-county","AK","Prince of Wales-Hyder County Building Department","2017","2020","","2017|2020","necVersions (state-adoption-table) — ahj-national is fallback-only and never adopts"
"ak-sitka-sitka","AK","City & Borough of Sitka Building Dept","2017","2020","","2017|2020","necVersions (state-adoption-table) — ahj-national is fallback-only and never adopts"
"ak-sitka-sitka-county","AK","Sitka County Building Department","2017","2020","","2017|2020","necVersions (state-adoption-table) — ahj-national is fallback-only and never adopts"
"ak-skagway-skagway-county","AK","Skagway County Building Department","2017","2020","","2017|2020","necVersions (state-adoption-table) — ahj-national is fallback-only and never adopts"
"ak-southeast-fairbanks-southeast-fairbanks-county","AK","Southeast Fairbanks County Building Department","2017","2020","","2017|2020","necVersions (state-adoption-table) — ahj-national is fallback-only and never adopts"
"ak-valdez-cordova-valdez-cordova-county","AK","Valdez-Cordova County Building Department","2017","2020","","2017|2020","necVersions (state-adoption-table) — ahj-national is fallback-only and never adopts"
"ak-wrangell-wrangell-county","AK","Wrangell County Building Department","2017","2020","","2017|2020","necVersions (state-adoption-table) — ahj-national is fallback-only and never adopts"
"ak-yakutat-yakutat-county","AK","Yakutat County Building Department","2017","2020","","2017|2020","necVersions (state-adoption-table) — ahj-national is fallback-only and never adopts"
"ak-yukon-koyukuk-yukon-koyukuk-county","AK","Yukon-Koyukuk County Building Department","2017","2020","","2017|2020","necVersions (state-adoption-table) — ahj-national is fallback-only and never adopts"
"al-autauga-prattville","AL","City of Prattville Building Dept","2017","2020","","2017|2020","necVersions (state-adoption-table) — ahj-national is fallback-only and never adopts"
"al-autauga-autauga-county","AL","Autauga County Building Department","2017","2020","","2017|2020","necVersions (state-adoption-table) — ahj-national is fallback-only and never adopts"
"al-baldwin-baldwin-county","AL","Baldwin County Building Department","2017","2020","","2017|2020","necVersions (state-adoption-table) — ahj-national is fallback-only and never adopts"
"al-barbour-barbour-county","AL","Barbour County Building Department","2017","2020","","2017|2020","necVersions (state-adoption-table) — ahj-national is fallback-only and never adopts"
"al-bibb-bibb-county","AL","Bibb County Building Department","2017","2020","","2017|2020","necVersions (state-adoption-table) — ahj-national is fallback-only and never adopts"
"al-blount-blount-county","AL","Blount County Building Department","2017","2020","","2017|2020","necVersions (state-adoption-table) — ahj-national is fallback-only and never adopts"
"al-bullock-bullock-county","AL","Bullock County Building Department","2017","2020","","2017|2020","necVersions (state-adoption-table) — ahj-national is fallback-only and never adopts"
"al-butler-butler-county","AL","Butler County Building Department","2017","2020","","2017|2020","necVersions (state-adoption-table) — ahj-national is fallback-only and never adopts"
"al-calhoun-calhoun-county","AL","Calhoun County Building Department","2017","2020","","2017|2020","necVersions (state-adoption-table) — ahj-national is fallback-only and never adopts"
"al-chambers-chambers-county","AL","Chambers County Building Department","2017","2020","","2017|2020","necVersions (state-adoption-table) — ahj-national is fallback-only and never adopts"
"al-cherokee-cherokee-county","AL","Cherokee County Building Department","2017","2020","","2017|2020","necVersions (state-adoption-table) — ahj-national is fallback-only and never adopts"
"al-chilton-chilton-county","AL","Chilton County Building Department","2017","2020","","2017|2020","necVersions (state-adoption-table) — ahj-national is fallback-only and never adopts"
"al-choctaw-choctaw-county","AL","Choctaw County Building Department","2017","2020","","2017|2020","necVersions (state-adoption-table) — ahj-national is fallback-only and never adopts"
"al-clarke-clarke-county","AL","Clarke County Building Department","2017","2020","","2017|2020","necVersions (state-adoption-table) — ahj-national is fallback-only and never adopts"
"al-clay-clay-county","AL","Clay County Building Department","2017","2020","","2017|2020","necVersions (state-adoption-table) — ahj-national is fallback-only and never adopts"
"al-cleburne-cleburne-county","AL","Cleburne County Building Department","2017","2020","","2017|2020","necVersions (state-adoption-table) — ahj-national is fallback-only and never adopts"
"al-coffee-coffee-county","AL","Coffee County Building Department","2017","2020","","2017|2020","necVersions (state-adoption-table) — ahj-national is fallback-only and never adopts"
"al-colbert-colbert-county","AL","Colbert County Building Department","2017","2020","","2017|2020","necVersions (state-adoption-table) — ahj-national is fallback-only and never adopts"
"al-conecuh-conecuh-county","AL","Conecuh County Building Department","2017","2020","","2017|2020","necVersions (state-adoption-table) — ahj-national is fallback-only and never adopts"
"al-coosa-coosa-county","AL","Coosa County Building Department","2017","2020","","2017|2020","necVersions (state-adoption-table) — ahj-national is fallback-only and never adopts"
"al-covington-covington-county","AL","Covington County Building Department","2017","2020","","2017|2020","necVersions (state-adoption-table) — ahj-national is fallback-only and never adopts"
"al-crenshaw-crenshaw-county","AL","Crenshaw County Building Department","2017","2020","","2017|2020","necVersions (state-adoption-table) — ahj-national is fallback-only and never adopts"
"al-cullman-cullman-county","AL","Cullman County Building Department","2017","2020","","2017|2020","necVersions (state-adoption-table) — ahj-national is fallback-only and never adopts"
"al-dale-dale-county","AL","Dale County Building Department","2017","2020","","2017|2020","necVersions (state-adoption-table) — ahj-national is fallback-only and never adopts"
"al-dallas-dallas-county","AL","Dallas County Building Department","2017","2020","","2017|2020","necVersions (state-adoption-table) — ahj-national is fallback-only and never adopts"
"al-dekalb-dekalb-county","AL","DeKalb County Building Department","2017","2020","","2017|2020","necVersions (state-adoption-table) — ahj-national is fallback-only and never adopts"
"al-elmore-elmore-county","AL","Elmore County Building Department","2017","2020","","2017|2020","necVersions (state-adoption-table) — ahj-national is fallback-only and never adopts"
"al-escambia-escambia-county","AL","Escambia County Building Department","2017","2020","","2017|2020","necVersions (state-adoption-table) — ahj-national is fallback-only and never adopts"
"al-etowah-gadsden","AL","City of Gadsden Building Dept","2017","2020","","2017|2020","necVersions (state-adoption-table) — ahj-national is fallback-only and never adopts"
"al-etowah-etowah-county","AL","Etowah County Building Department","2017","2020","","2017|2020","necVersions (state-adoption-table) — ahj-national is fallback-only and never adopts"
"al-fayette-fayette-county","AL","Fayette County Building Department","2017","2020","","2017|2020","necVersions (state-adoption-table) — ahj-national is fallback-only and never adopts"
"al-franklin-franklin-county","AL","Franklin County Building Department","2017","2020","","2017|2020","necVersions (state-adoption-table) — ahj-national is fallback-only and never adopts"
"al-geneva-geneva-county","AL","Geneva County Building Department","2017","2020","","2017|2020","necVersions (state-adoption-table) — ahj-national is fallback-only and never adopts"
"al-greene-greene-county","AL","Greene County Building Department","2017","2020","","2017|2020","necVersions (state-adoption-table) — ahj-national is fallback-only and never adopts"
"al-hale-hale-county","AL","Hale County Building Department","2017","2020","","2017|2020","necVersions (state-adoption-table) — ahj-national is fallback-only and never adopts"
"al-henry-henry-county","AL","Henry County Building Department","2017","2020","","2017|2020","necVersions (state-adoption-table) — ahj-national is fallback-only and never adopts"
"al-houston-dothan","AL","City of Dothan Building Dept","2017","2020","","2017|2020","necVersions (state-adoption-table) — ahj-national is fallback-only and never adopts"
"al-houston-houston-county","AL","Houston County Building Department","2017","2020","","2017|2020","necVersions (state-adoption-table) — ahj-national is fallback-only and never adopts"
"al-jackson-jackson-county","AL","Jackson County Building Department","2017","2020","","2017|2020","necVersions (state-adoption-table) — ahj-national is fallback-only and never adopts"
"al-jefferson-hoover","AL","City of Hoover Building Dept","2017","2020","","2017|2020","necVersions (state-adoption-table) — ahj-national is fallback-only and never adopts"
"al-jefferson-jefferson-county","AL","Jefferson County Building Department","2017","2020","","2017|2020","necVersions (state-adoption-table) — ahj-national is fallback-only and never adopts"
"al-jefferson-vestavia-hills","AL","City of Vestavia Hills Building Dept","2017","2020","","2017|2020","necVersions (state-adoption-table) — ahj-national is fallback-only and never adopts"
"al-jeffersonshelby-hoover","AL","City of Hoover Building Department","2017","2020","","2017|2020","necVersions (state-adoption-table) — ahj-national is fallback-only and never adopts"
"al-lamar-lamar-county","AL","Lamar County Building Department","2017","2020","","2017|2020","necVersions (state-adoption-table) — ahj-national is fallback-only and never adopts"
"al-lauderdale-florence","AL","City of Florence Building Dept","2017","2020","","2017|2020","necVersions (state-adoption-table) — ahj-national is fallback-only and never adopts"
"al-lauderdale-lauderdale-county","AL","Lauderdale County Building Department","2017","2020","","2017|2020","necVersions (state-adoption-table) — ahj-national is fallback-only and never adopts"
"al-lawrence-lawrence-county","AL","Lawrence County Building Department","2017","2020","","2017|2020","necVersions (state-adoption-table) — ahj-national is fallback-only and never adopts"
"al-lee-auburn","AL","City of Auburn Building Dept","2017","2020","","2017|2020","necVersions (state-adoption-table) — ahj-national is fallback-only and never adopts"
"al-lee-opelika","AL","City of Opelika Building Dept","2017","2020","","2017|2020","necVersions (state-adoption-table) — ahj-national is fallback-only and never adopts"
"al-lee-lee-county","AL","Lee County Building Department","2017","2020","","2017|2020","necVersions (state-adoption-table) — ahj-national is fallback-only and never adopts"
"al-limestone-limestone-county","AL","Limestone County Building Department","2017","2020","","2017|2020","necVersions (state-adoption-table) — ahj-national is fallback-only and never adopts"
"al-lowndes-lowndes-county","AL","Lowndes County Building Department","2017","2020","","2017|2020","necVersions (state-adoption-table) — ahj-national is fallback-only and never adopts"
"al-macon-macon-county","AL","Macon County Building Department","2017","2020","","2017|2020","necVersions (state-adoption-table) — ahj-national is fallback-only and never adopts"
"al-madison-madison","AL","City of Madison Building Dept","2017","2020","","2017|2020","necVersions (state-adoption-table) — ahj-national is fallback-only and never adopts"
"al-madison-madison-county","AL","Madison County Building Department","2017","2020","","2017|2020","necVersions (state-adoption-table) — ahj-national is fallback-only and never adopts"
"al-marengo-marengo-county","AL","Marengo County Building Department","2017","2020","","2017|2020","necVersions (state-adoption-table) — ahj-national is fallback-only and never adopts"
"al-marion-marion-county","AL","Marion County Building Department","2017","2020","","2017|2020","necVersions (state-adoption-table) — ahj-national is fallback-only and never adopts"
"al-marshall-marshall-county","AL","Marshall County Building Department","2017","2020","","2017|2020","necVersions (state-adoption-table) — ahj-national is fallback-only and never adopts"
"al-mobile-mobile-county","AL","Mobile County Building Department","2017","2020","","2017|2020","necVersions (state-adoption-table) — ahj-national is fallback-only and never adopts"
"al-monroe-monroe-county","AL","Monroe County Building Department","2017","2020","","2017|2020","necVersions (state-adoption-table) — ahj-national is fallback-only and never adopts"
"al-montgomery-montgomery","AL","City of Montgomery Building Department","2017","2020","","2017|2020","necVersions (state-adoption-table) — ahj-national is fallback-only and never adopts"
"al-montgomery-montgomery-county","AL","Montgomery County Building Department","2017","2020","","2017|2020","necVersions (state-adoption-table) — ahj-national is fallback-only and never adopts"
"al-morgan-decatur","AL","City of Decatur Building Dept","2017","2020","","2017|2020","necVersions (state-adoption-table) — ahj-national is fallback-only and never adopts"
"al-morgan-morgan-county","AL","Morgan County Building Department","2017","2020","","2017|2020","necVersions (state-adoption-table) — ahj-national is fallback-only and never adopts"
"al-perry-perry-county","AL","Perry County Building Department","2017","2020","","2017|2020","necVersions (state-adoption-table) — ahj-national is fallback-only and never adopts"
"al-pickens-pickens-county","AL","Pickens County Building Department","2017","2020","","2017|2020","necVersions (state-adoption-table) — ahj-national is fallback-only and never adopts"
"al-pike-pike-county","AL","Pike County Building Department","2017","2020","","2017|2020","necVersions (state-adoption-table) — ahj-national is fallback-only and never adopts"
"al-randolph-randolph-county","AL","Randolph County Building Department","2017","2020","","2017|2020","necVersions (state-adoption-table) — ahj-national is fallback-only and never adopts"
"al-russell-phenix-city","AL","City of Phenix City Building Dept","2017","2020","","2017|2020","necVersions (state-adoption-table) — ahj-national is fallback-only and never adopts"
"al-russell-russell-county","AL","Russell County Building Department","2017","2020","","2017|2020","necVersions (state-adoption-table) — ahj-national is fallback-only and never adopts"
"al-shelby-alabaster","AL","City of Alabaster Building Dept","2017","2020","","2017|2020","necVersions (state-adoption-table) — ahj-national is fallback-only and never adopts"
"al-shelby-shelby-county","AL","Shelby County Building Department","2017","2020","","2017|2020","necVersions (state-adoption-table) — ahj-national is fallback-only and never adopts"
"al-st-clair-st-clair-county","AL","St. Clair County Building Department","2017","2020","","2017|2020","necVersions (state-adoption-table) — ahj-national is fallback-only and never adopts"
"al-sumter-sumter-county","AL","Sumter County Building Department","2017","2020","","2017|2020","necVersions (state-adoption-table) — ahj-national is fallback-only and never adopts"
"al-talladega-talladega-county","AL","Talladega County Building Department","2017","2020","","2017|2020","necVersions (state-adoption-table) — ahj-national is fallback-only and never adopts"
"al-tallapoosa-tallapoosa-county","AL","Tallapoosa County Building Department","2017","2020","","2017|2020","necVersions (state-adoption-table) — ahj-national is fallback-only and never adopts"
"al-tuscaloosa-tuscaloosa","AL","City of Tuscaloosa Building Department","2017","2020","","2017|2020","necVersions (state-adoption-table) — ahj-national is fallback-only and never adopts"
"al-tuscaloosa-tuscaloosa-county","AL","Tuscaloosa County Building Department","2017","2020","","2017|2020","necVersions (state-adoption-table) — ahj-national is fallback-only and never adopts"
"al-walker-walker-county","AL","Walker County Building Department","2017","2020","","2017|2020","necVersions (state-adoption-table) — ahj-national is fallback-only and never adopts"
"al-washington-washington-county","AL","Washington County Building Department","2017","2020","","2017|2020","necVersions (state-adoption-table) — ahj-national is fallback-only and never adopts"
"al-wilcox-wilcox-county","AL","Wilcox County Building Department","2017","2020","","2017|2020","necVersions (state-adoption-table) — ahj-national is fallback-only and never adopts"
"al-winston-winston-county","AL","Winston County Building Department","2017","2020","","2017|2020","necVersions (state-adoption-table) — ahj-national is fallback-only and never adopts"
"ar-arkansas-arkansas-county","AR","Arkansas County Building Department","2017","2020","","2017|2020","necVersions (state-adoption-table) — ahj-national is fallback-only and never adopts"
"ar-ashley-ashley-county","AR","Ashley County Building Department","2017","2020","","2017|2020","necVersions (state-adoption-table) — ahj-national is fallback-only and never adopts"
"ar-baxter-baxter-county","AR","Baxter County Building Department","2017","2020","","2017|2020","necVersions (state-adoption-table) — ahj-national is fallback-only and never adopts"
"ar-benton-bentonville","AR","City of Bentonville Building Dept","2017","2020","","2017|2020","necVersions (state-adoption-table) — ahj-national is fallback-only and never adopts"
"ar-benton-rogers","AR","City of Rogers Building Dept","2017","2020","","2017|2020","necVersions (state-adoption-table) — ahj-national is fallback-only and never adopts"
"ar-benton-benton-county","AR","Benton County Building Department","2017","2020","","2017|2020","necVersions (state-adoption-table) — ahj-national is fallback-only and never adopts"
"ar-boone-boone-county","AR","Boone County Building Department","2017","2020","","2017|2020","necVersions (state-adoption-table) — ahj-national is fallback-only and never adopts"
"ar-bradley-bradley-county","AR","Bradley County Building Department","2017","2020","","2017|2020","necVersions (state-adoption-table) — ahj-national is fallback-only and never adopts"
"ar-calhoun-calhoun-county","AR","Calhoun County Building Department","2017","2020","","2017|2020","necVersions (state-adoption-table) — ahj-national is fallback-only and never adopts"
"ar-carroll-carroll-county","AR","Carroll County Building Department","2017","2020","","2017|2020","necVersions (state-adoption-table) — ahj-national is fallback-only and never adopts"
"ar-chicot-chicot-county","AR","Chicot County Building Department","2017","2020","","2017|2020","necVersions (state-adoption-table) — ahj-national is fallback-only and never adopts"
"ar-clark-clark-county","AR","Clark County Building Department","2017","2020","","2017|2020","necVersions (state-adoption-table) — ahj-national is fallback-only and never adopts"
"ar-clay-clay-county","AR","Clay County Building Department","2017","2020","","2017|2020","necVersions (state-adoption-table) — ahj-national is fallback-only and never adopts"
"ar-cleburne-cleburne-county","AR","Cleburne County Building Department","2017","2020","","2017|2020","necVersions (state-adoption-table) — ahj-national is fallback-only and never adopts"
"ar-cleveland-cleveland-county","AR","Cleveland County Building Department","2017","2020","","2017|2020","necVersions (state-adoption-table) — ahj-national is fallback-only and never adopts"
"ar-columbia-columbia-county","AR","Columbia County Building Department","2017","2020","","2017|2020","necVersions (state-adoption-table) — ahj-national is fallback-only and never adopts"
"ar-conway-conway-county","AR","Conway County Building Department","2017","2020","","2017|2020","necVersions (state-adoption-table) — ahj-national is fallback-only and never adopts"
"ar-craighead-jonesboro","AR","City of Jonesboro Building Dept","2017","2020","","2017|2020","necVersions (state-adoption-table) — ahj-national is fallback-only and never adopts"
"ar-craighead-craighead-county","AR","Craighead County Building Department","2017","2020","","2017|2020","necVersions (state-adoption-table) — ahj-national is fallback-only and never adopts"
"ar-crawford-crawford-county","AR","Crawford County Building Department","2017","2020","","2017|2020","necVersions (state-adoption-table) — ahj-national is fallback-only and never adopts"
"ar-crittenden-crittenden-county","AR","Crittenden County Building Department","2017","2020","","2017|2020","necVersions (state-adoption-table) — ahj-national is fallback-only and never adopts"
"ar-cross-cross-county","AR","Cross County Building Department","2017","2020","","2017|2020","necVersions (state-adoption-table) — ahj-national is fallback-only and never adopts"
"ar-dallas-dallas-county","AR","Dallas County Building Department","2017","2020","","2017|2020","necVersions (state-adoption-table) — ahj-national is fallback-only and never adopts"
"ar-desha-desha-county","AR","Desha County Building Department","2017","2020","","2017|2020","necVersions (state-adoption-table) — ahj-national is fallback-only and never adopts"
"ar-drew-drew-county","AR","Drew County Building Department","2017","2020","","2017|2020","necVersions (state-adoption-table) — ahj-national is fallback-only and never adopts"
"ar-faulkner-conway","AR","City of Conway Building Dept","2017","2020","","2017|2020","necVersions (state-adoption-table) — ahj-national is fallback-only and never adopts"
"ar-faulkner-faulkner-county","AR","Faulkner County Building Department","2017","2020","","2017|2020","necVersions (state-adoption-table) — ahj-national is fallback-only and never adopts"
"ar-franklin-franklin-county","AR","Franklin County Building Department","2017","2020","","2017|2020","necVersions (state-adoption-table) — ahj-national is fallback-only and never adopts"
"ar-fulton-fulton-county","AR","Fulton County Building Department","2017","2020","","2017|2020","necVersions (state-adoption-table) — ahj-national is fallback-only and never adopts"
"ar-garland-hot-springs","AR","City of Hot Springs Building Dept","2017","2020","","2017|2020","necVersions (state-adoption-table) — ahj-national is fallback-only and never adopts"
"ar-garland-garland-county","AR","Garland County Building Department","2017","2020","","2017|2020","necVersions (state-adoption-table) — ahj-national is fallback-only and never adopts"
"ar-grant-grant-county","AR","Grant County Building Department","2017","2020","","2017|2020","necVersions (state-adoption-table) — ahj-national is fallback-only and never adopts"
"ar-greene-greene-county","AR","Greene County Building Department","2017","2020","","2017|2020","necVersions (state-adoption-table) — ahj-national is fallback-only and never adopts"
"ar-hempstead-hempstead-county","AR","Hempstead County Building Department","2017","2020","","2017|2020","necVersions (state-adoption-table) — ahj-national is fallback-only and never adopts"
"ar-hot-spring-hot-spring-county","AR","Hot Spring County Building Department","2017","2020","","2017|2020","necVersions (state-adoption-table) — ahj-national is fallback-only and never adopts"
"ar-howard-howard-county","AR","Howard County Building Department","2017","2020","","2017|2020","necVersions (state-adoption-table) — ahj-national is fallback-only and never adopts"
"ar-independence-independence-county","AR","Independence County Building Department","2017","2020","","2017|2020","necVersions (state-adoption-table) — ahj-national is fallback-only and never adopts"
"ar-izard-izard-county","AR","Izard County Building Department","2017","2020","","2017|2020","necVersions (state-adoption-table) — ahj-national is fallback-only and never adopts"
"ar-jackson-jackson-county","AR","Jackson County Building Department","2017","2020","","2017|2020","necVersions (state-adoption-table) — ahj-national is fallback-only and never adopts"
"ar-jefferson-pine-bluff","AR","City of Pine Bluff Building Dept","2017","2020","","2017|2020","necVersions (state-adoption-table) — ahj-national is fallback-only and never adopts"
"ar-jefferson-jefferson-county","AR","Jefferson County Building Department","2017","2020","","2017|2020","necVersions (state-adoption-table) — ahj-national is fallback-only and never adopts"
"ar-johnson-johnson-county","AR","Johnson County Building Department","2017","2020","","2017|2020","necVersions (state-adoption-table) — ahj-national is fallback-only and never adopts"
"ar-lafayette-lafayette-county","AR","Lafayette County Building Department","2017","2020","","2017|2020","necVersions (state-adoption-table) — ahj-national is fallback-only and never adopts"
"ar-lawrence-lawrence-county","AR","Lawrence County Building Department","2017","2020","","2017|2020","necVersions (state-adoption-table) — ahj-national is fallback-only and never adopts"
"ar-lee-lee-county","AR","Lee County Building Department","2017","2020","","2017|2020","necVersions (state-adoption-table) — ahj-national is fallback-only and never adopts"
"ar-lincoln-lincoln-county","AR","Lincoln County Building Department","2017","2020","","2017|2020","necVersions (state-adoption-table) — ahj-national is fallback-only and never adopts"
"ar-little-river-little-river-county","AR","Little River County Building Department","2017","2020","","2017|2020","necVersions (state-adoption-table) — ahj-national is fallback-only and never adopts"
"ar-logan-logan-county","AR","Logan County Building Department","2017","2020","","2017|2020","necVersions (state-adoption-table) — ahj-national is fallback-only and never adopts"
"ar-lonoke-lonoke-county","AR","Lonoke County Building Department","2017","2020","","2017|2020","necVersions (state-adoption-table) — ahj-national is fallback-only and never adopts"
"ar-madison-madison-county","AR","Madison County Building Department","2017","2020","","2017|2020","necVersions (state-adoption-table) — ahj-national is fallback-only and never adopts"
"ar-marion-marion-county","AR","Marion County Building Department","2017","2020","","2017|2020","necVersions (state-adoption-table) — ahj-national is fallback-only and never adopts"
"ar-miller-texarkana","AR","City of Texarkana Building Dept","2017","2020","","2017|2020","necVersions (state-adoption-table) — ahj-national is fallback-only and never adopts"
"ar-miller-miller-county","AR","Miller County Building Department","2017","2020","","2017|2020","necVersions (state-adoption-table) — ahj-national is fallback-only and never adopts"
"ar-mississippi-mississippi-county","AR","Mississippi County Building Department","2017","2020","","2017|2020","necVersions (state-adoption-table) — ahj-national is fallback-only and never adopts"
"ar-monroe-monroe-county","AR","Monroe County Building Department","2017","2020","","2017|2020","necVersions (state-adoption-table) — ahj-national is fallback-only and never adopts"
"ar-montgomery-montgomery-county","AR","Montgomery County Building Department","2017","2020","","2017|2020","necVersions (state-adoption-table) — ahj-national is fallback-only and never adopts"
"ar-nevada-nevada-county","AR","Nevada County Building Department","2017","2020","","2017|2020","necVersions (state-adoption-table) — ahj-national is fallback-only and never adopts"
"ar-newton-newton-county","AR","Newton County Building Department","2017","2020","","2017|2020","necVersions (state-adoption-table) — ahj-national is fallback-only and never adopts"
"ar-ouachita-ouachita-county","AR","Ouachita County Building Department","2017","2020","","2017|2020","necVersions (state-adoption-table) — ahj-national is fallback-only and never adopts"
"ar-perry-perry-county","AR","Perry County Building Department","2017","2020","","2017|2020","necVersions (state-adoption-table) — ahj-national is fallback-only and never adopts"
"ar-phillips-phillips-county","AR","Phillips County Building Department","2017","2020","","2017|2020","necVersions (state-adoption-table) — ahj-national is fallback-only and never adopts"
"ar-pike-pike-county","AR","Pike County Building Department","2017","2020","","2017|2020","necVersions (state-adoption-table) — ahj-national is fallback-only and never adopts"
"ar-poinsett-poinsett-county","AR","Poinsett County Building Department","2017","2020","","2017|2020","necVersions (state-adoption-table) — ahj-national is fallback-only and never adopts"
"ar-polk-polk-county","AR","Polk County Building Department","2017","2020","","2017|2020","necVersions (state-adoption-table) — ahj-national is fallback-only and never adopts"
"ar-pope-pope-county","AR","Pope County Building Department","2017","2020","","2017|2020","necVersions (state-adoption-table) — ahj-national is fallback-only and never adopts"
"ar-prairie-prairie-county","AR","Prairie County Building Department","2017","2020","","2017|2020","necVersions (state-adoption-table) — ahj-national is fallback-only and never adopts"
"ar-pulaski-north-little-rock","AR","City of North Little Rock Building Dept","2017","2020","","2017|2020","necVersions (state-adoption-table) — ahj-national is fallback-only and never adopts"
"ar-pulaski-pulaski-county","AR","Pulaski County Building Department","2017","2020","","2017|2020","necVersions (state-adoption-table) — ahj-national is fallback-only and never adopts"
"ar-randolph-randolph-county","AR","Randolph County Building Department","2017","2020","","2017|2020","necVersions (state-adoption-table) — ahj-national is fallback-only and never adopts"
"ar-saline-saline-county","AR","Saline County Building Department","2017","2020","","2017|2020","necVersions (state-adoption-table) — ahj-national is fallback-only and never adopts"
"ar-scott-scott-county","AR","Scott County Building Department","2017","2020","","2017|2020","necVersions (state-adoption-table) — ahj-national is fallback-only and never adopts"
"ar-searcy-searcy-county","AR","Searcy County Building Department","2017","2020","","2017|2020","necVersions (state-adoption-table) — ahj-national is fallback-only and never adopts"
"ar-sebastian-fort-smith","AR","City of Fort Smith Building Dept","2017","2020","","2017|2020","necVersions (state-adoption-table) — ahj-national is fallback-only and never adopts"
"ar-sebastian-sebastian-county","AR","Sebastian County Building Department","2017","2020","","2017|2020","necVersions (state-adoption-table) — ahj-national is fallback-only and never adopts"
"ar-sevier-sevier-county","AR","Sevier County Building Department","2017","2020","","2017|2020","necVersions (state-adoption-table) — ahj-national is fallback-only and never adopts"
"ar-sharp-sharp-county","AR","Sharp County Building Department","2017","2020","","2017|2020","necVersions (state-adoption-table) — ahj-national is fallback-only and never adopts"
"ar-st-francis-st-francis-county","AR","St. Francis County Building Department","2017","2020","","2017|2020","necVersions (state-adoption-table) — ahj-national is fallback-only and never adopts"
"ar-stone-stone-county","AR","Stone County Building Department","2017","2020","","2017|2020","necVersions (state-adoption-table) — ahj-national is fallback-only and never adopts"
"ar-union-union-county","AR","Union County Building Department","2017","2020","","2017|2020","necVersions (state-adoption-table) — ahj-national is fallback-only and never adopts"
"ar-van-buren-van-buren-county","AR","Van Buren County Building Department","2017","2020","","2017|2020","necVersions (state-adoption-table) — ahj-national is fallback-only and never adopts"
"ar-washington-fayetteville","AR","City of Fayetteville Building Department","2017","2020","","2017|2020","necVersions (state-adoption-table) — ahj-national is fallback-only and never adopts"
"ar-washington-springdale","AR","City of Springdale Building Department","2017","2020","","2017|2020","necVersions (state-adoption-table) — ahj-national is fallback-only and never adopts"
"ar-washington-washington-county","AR","Washington County Building Department","2017","2020","","2017|2020","necVersions (state-adoption-table) — ahj-national is fallback-only and never adopts"
"ar-white-white-county","AR","White County Building Department","2017","2020","","2017|2020","necVersions (state-adoption-table) — ahj-national is fallback-only and never adopts"
"ar-woodruff-woodruff-county","AR","Woodruff County Building Department","2017","2020","","2017|2020","necVersions (state-adoption-table) — ahj-national is fallback-only and never adopts"
"ar-yell-yell-county","AR","Yell County Building Department","2017","2020","","2017|2020","necVersions (state-adoption-table) — ahj-national is fallback-only and never adopts"
"az-apache-apache-county","AZ","Apache County Building Department","2020","2017","","2020|2017","necVersions (state-adoption-table) — ahj-national is fallback-only and never adopts"
"az-cochise-sierra-vista","AZ","City of Sierra Vista Building Dept","2020","2017","","2020|2017","necVersions (state-adoption-table) — ahj-national is fallback-only and never adopts"
"az-cochise-cochise-county","AZ","Cochise County Building Department","2020","2017","","2020|2017","necVersions (state-adoption-table) — ahj-national is fallback-only and never adopts"
"az-coconino-flagstaff","AZ","City of Flagstaff Building Department","2020","2017","","2020|2017","necVersions (state-adoption-table) — ahj-national is fallback-only and never adopts"
"az-coconino-sedona","AZ","City of Sedona Building Dept","2020","2017","","2020|2017","necVersions (state-adoption-table) — ahj-national is fallback-only and never adopts"
"az-coconino-coconino-county","AZ","Coconino County Building Department","2020","2017","","2020|2017","necVersions (state-adoption-table) — ahj-national is fallback-only and never adopts"
"az-gila-payson","AZ","Town of Payson Building Dept","2020","2017","","2020|2017","necVersions (state-adoption-table) — ahj-national is fallback-only and never adopts"
"az-gila-gila-county","AZ","Gila County Building Department","2020","2017","","2020|2017","necVersions (state-adoption-table) — ahj-national is fallback-only and never adopts"
"az-graham-graham-county","AZ","Graham County Building Department","2020","2017","","2020|2017","necVersions (state-adoption-table) — ahj-national is fallback-only and never adopts"
"az-greenlee-greenlee-county","AZ","Greenlee County Building Department","2020","2017","","2020|2017","necVersions (state-adoption-table) — ahj-national is fallback-only and never adopts"
"az-la-paz-la-paz-county","AZ","La Paz County Building Department","2020","2017","","2020|2017","necVersions (state-adoption-table) — ahj-national is fallback-only and never adopts"
"az-mohave-bullhead-city","AZ","City of Bullhead City Building Dept","2020","2017","","2020|2017","necVersions (state-adoption-table) — ahj-national is fallback-only and never adopts"
"az-mohave-kingman","AZ","City of Kingman Building Dept","2020","2017","","2020|2017","necVersions (state-adoption-table) — ahj-national is fallback-only and never adopts"
"az-mohave-lake-havasu-city","AZ","City of Lake Havasu Building Dept","2020","2017","","2020|2017","necVersions (state-adoption-table) — ahj-national is fallback-only and never adopts"
"az-mohave-mohave-county","AZ","Mohave County Building Department","2020","2017","","2020|2017","necVersions (state-adoption-table) — ahj-national is fallback-only and never adopts"
"az-navajo-show-low","AZ","City of Show Low Building Dept","2020","2017","","2020|2017","necVersions (state-adoption-table) — ahj-national is fallback-only and never adopts"
"az-navajo-navajo-county","AZ","Navajo County Building Department","2020","2017","","2020|2017","necVersions (state-adoption-table) — ahj-national is fallback-only and never adopts"
"az-pinal-apache-junction","AZ","City of Apache Junction Building Dept","2020","2017","","2020|2017","necVersions (state-adoption-table) — ahj-national is fallback-only and never adopts"
"az-pinal-casa-grande","AZ","City of Casa Grande Building Dept","2020","2017","","2020|2017","necVersions (state-adoption-table) — ahj-national is fallback-only and never adopts"
"az-pinal-maricopa","AZ","City of Maricopa Building Dept","2020","2017","","2020|2017","necVersions (state-adoption-table) — ahj-national is fallback-only and never adopts"
"az-pinal-pinal-county","AZ","Pinal County Building Department","2020","2017","","2020|2017","necVersions (state-adoption-table) — ahj-national is fallback-only and never adopts"
"az-santa-cruz-nogales","AZ","City of Nogales Building Dept","2020","2017","","2020|2017","necVersions (state-adoption-table) — ahj-national is fallback-only and never adopts"
"az-santa-cruz-santa-cruz-county","AZ","Santa Cruz County Building Department","2020","2017","","2020|2017","necVersions (state-adoption-table) — ahj-national is fallback-only and never adopts"
"az-yavapai-prescott","AZ","City of Prescott Building Dept","2020","2017","","2020|2017","necVersions (state-adoption-table) — ahj-national is fallback-only and never adopts"
"az-yavapai-prescott-valley","AZ","Town of Prescott Valley Building Dept","2020","2017","","2020|2017","necVersions (state-adoption-table) — ahj-national is fallback-only and never adopts"
"az-yavapai-yavapai-county","AZ","Yavapai County Building Department","2020","2017","","2020|2017","necVersions (state-adoption-table) — ahj-national is fallback-only and never adopts"
"az-yuma-yuma-county","AZ","Yuma County Building Department","2020","2017","","2020|2017","necVersions (state-adoption-table) — ahj-national is fallback-only and never adopts"
"az-yuma-yuma","AZ","City of Yuma Building Department","2020","2017","","2020|2017","necVersions (state-adoption-table) — ahj-national is fallback-only and never adopts"
"ga-appling-appling-county","GA","Appling County Building Department","2017","2020","","2017|2020","necVersions (state-adoption-table) — ahj-national is fallback-only and never adopts"
"ga-atkinson-atkinson-county","GA","Atkinson County Building Department","2017","2020","","2017|2020","necVersions (state-adoption-table) — ahj-national is fallback-only and never adopts"
"ga-bacon-bacon-county","GA","Bacon County Building Department","2017","2020","","2017|2020","necVersions (state-adoption-table) — ahj-national is fallback-only and never adopts"
"ga-baker-baker-county","GA","Baker County Building Department","2017","2020","","2017|2020","necVersions (state-adoption-table) — ahj-national is fallback-only and never adopts"
"ga-baldwin-baldwin-county","GA","Baldwin County Building Department","2017","2020","","2017|2020","necVersions (state-adoption-table) — ahj-national is fallback-only and never adopts"
"ga-banks-banks-county","GA","Banks County Building Department","2017","2020","","2017|2020","necVersions (state-adoption-table) — ahj-national is fallback-only and never adopts"
"ga-barrow-barrow-county","GA","Barrow County Building Department","2017","2020","","2017|2020","necVersions (state-adoption-table) — ahj-national is fallback-only and never adopts"
"ga-bartow-cartersville","GA","City of Cartersville Building Dept","2017","2020","","2017|2020","necVersions (state-adoption-table) — ahj-national is fallback-only and never adopts"
"ga-bartow-bartow-county","GA","Bartow County Building Department","2017","2020","","2017|2020","necVersions (state-adoption-table) — ahj-national is fallback-only and never adopts"
"ga-ben-hill-ben-hill-county","GA","Ben Hill County Building Department","2017","2020","","2017|2020","necVersions (state-adoption-table) — ahj-national is fallback-only and never adopts"
"ga-berrien-berrien-county","GA","Berrien County Building Department","2017","2020","","2017|2020","necVersions (state-adoption-table) — ahj-national is fallback-only and never adopts"
"ga-bibb-macon","GA","City of Macon Building Department","2017","2020","","2017|2020","necVersions (state-adoption-table) — ahj-national is fallback-only and never adopts"
"ga-bibb-bibb-county","GA","Bibb County Building Department","2017","2020","","2017|2020","necVersions (state-adoption-table) — ahj-national is fallback-only and never adopts"
"ga-bleckley-bleckley-county","GA","Bleckley County Building Department","2017","2020","","2017|2020","necVersions (state-adoption-table) — ahj-national is fallback-only and never adopts"
"ga-brantley-brantley-county","GA","Brantley County Building Department","2017","2020","","2017|2020","necVersions (state-adoption-table) — ahj-national is fallback-only and never adopts"
"ga-brooks-brooks-county","GA","Brooks County Building Department","2017","2020","","2017|2020","necVersions (state-adoption-table) — ahj-national is fallback-only and never adopts"
"ga-bryan-bryan-county","GA","Bryan County Building Department","2017","2020","","2017|2020","necVersions (state-adoption-table) — ahj-national is fallback-only and never adopts"
"ga-bulloch-statesboro","GA","City of Statesboro Building Dept","2017","2020","","2017|2020","necVersions (state-adoption-table) — ahj-national is fallback-only and never adopts"
"ga-bulloch-bulloch-county","GA","Bulloch County Building Department","2017","2020","","2017|2020","necVersions (state-adoption-table) — ahj-national is fallback-only and never adopts"
"ga-burke-burke-county","GA","Burke County Building Department","2017","2020","","2017|2020","necVersions (state-adoption-table) — ahj-national is fallback-only and never adopts"
"ga-butts-butts-county","GA","Butts County Building Department","2017","2020","","2017|2020","necVersions (state-adoption-table) — ahj-national is fallback-only and never adopts"
"ga-calhoun-calhoun-county","GA","Calhoun County Building Department","2017","2020","","2017|2020","necVersions (state-adoption-table) — ahj-national is fallback-only and never adopts"
"ga-camden-camden-county","GA","Camden County Building Department","2017","2020","","2017|2020","necVersions (state-adoption-table) — ahj-national is fallback-only and never adopts"
"ga-candler-candler-county","GA","Candler County Building Department","2017","2020","","2017|2020","necVersions (state-adoption-table) — ahj-national is fallback-only and never adopts"
"ga-carroll-carroll-county","GA","Carroll County Building Department","2017","2020","","2017|2020","necVersions (state-adoption-table) — ahj-national is fallback-only and never adopts"
"ga-catoosa-catoosa-county","GA","Catoosa County Building Department","2017","2020","","2017|2020","necVersions (state-adoption-table) — ahj-national is fallback-only and never adopts"
"ga-charlton-charlton-county","GA","Charlton County Building Department","2017","2020","","2017|2020","necVersions (state-adoption-table) — ahj-national is fallback-only and never adopts"
"ga-chatham-pooler","GA","City of Pooler Building Dept","2017","2020","","2017|2020","necVersions (state-adoption-table) — ahj-national is fallback-only and never adopts"
"ga-chatham-chatham-county","GA","Chatham County Building Department","2017","2020","","2017|2020","necVersions (state-adoption-table) — ahj-national is fallback-only and never adopts"
"ga-chattahoochee-chattahoochee-county","GA","Chattahoochee County Building Department","2017","2020","","2017|2020","necVersions (state-adoption-table) — ahj-national is fallback-only and never adopts"
"ga-chattooga-chattooga-county","GA","Chattooga County Building Department","2017","2020","","2017|2020","necVersions (state-adoption-table) — ahj-national is fallback-only and never adopts"
"ga-cherokee-canton","GA","City of Canton Building Dept","2017","2020","","2017|2020","necVersions (state-adoption-table) — ahj-national is fallback-only and never adopts"
"ga-cherokee-cherokee-county","GA","Cherokee County Building Department","2017","2020","","2017|2020","necVersions (state-adoption-table) — ahj-national is fallback-only and never adopts"
"ga-cherokee-woodstock","GA","City of Woodstock Building Dept","2017","2020","","2017|2020","necVersions (state-adoption-table) — ahj-national is fallback-only and never adopts"
"ga-clarke-athens","GA","City of Athens Building Department","2017","2020","","2017|2020","necVersions (state-adoption-table) — ahj-national is fallback-only and never adopts"
"ga-clarke-clarke-county","GA","Clarke County Building Department","2017","2020","","2017|2020","necVersions (state-adoption-table) — ahj-national is fallback-only and never adopts"
"ga-clay-clay-county","GA","Clay County Building Department","2017","2020","","2017|2020","necVersions (state-adoption-table) — ahj-national is fallback-only and never adopts"
"ga-clayton-clayton-county","GA","Clayton County Building Department","2017","2020","","2017|2020","necVersions (state-adoption-table) — ahj-national is fallback-only and never adopts"
"ga-clinch-clinch-county","GA","Clinch County Building Department","2017","2020","","2017|2020","necVersions (state-adoption-table) — ahj-national is fallback-only and never adopts"
"ga-cobb-kennesaw","GA","City of Kennesaw Building Dept","2017","2020","","2017|2020","necVersions (state-adoption-table) — ahj-national is fallback-only and never adopts"
"ga-cobb-marietta","GA","City of Marietta Building Department","2017","2020","","2017|2020","necVersions (state-adoption-table) — ahj-national is fallback-only and never adopts"
"ga-cobb-smyrna","GA","City of Smyrna Building Dept","2017","2020","","2017|2020","necVersions (state-adoption-table) — ahj-national is fallback-only and never adopts"
"ga-coffee-coffee-county","GA","Coffee County Building Department","2017","2020","","2017|2020","necVersions (state-adoption-table) — ahj-national is fallback-only and never adopts"
"ga-colquitt-colquitt-county","GA","Colquitt County Building Department","2017","2020","","2017|2020","necVersions (state-adoption-table) — ahj-national is fallback-only and never adopts"
"ga-columbia-columbia-county","GA","Columbia County Building Department","2017","2020","","2017|2020","necVersions (state-adoption-table) — ahj-national is fallback-only and never adopts"
"ga-cook-cook-county","GA","Cook County Building Department","2017","2020","","2017|2020","necVersions (state-adoption-table) — ahj-national is fallback-only and never adopts"
"ga-coweta-newnan","GA","City of Newnan Building Dept","2017","2020","","2017|2020","necVersions (state-adoption-table) — ahj-national is fallback-only and never adopts"
"ga-coweta-coweta-county","GA","Coweta County Building Department","2017","2020","","2017|2020","necVersions (state-adoption-table) — ahj-national is fallback-only and never adopts"
"ga-crawford-crawford-county","GA","Crawford County Building Department","2017","2020","","2017|2020","necVersions (state-adoption-table) — ahj-national is fallback-only and never adopts"
"ga-crisp-crisp-county","GA","Crisp County Building Department","2017","2020","","2017|2020","necVersions (state-adoption-table) — ahj-national is fallback-only and never adopts"
"ga-dade-dade-county","GA","Dade County Building Department","2017","2020","","2017|2020","necVersions (state-adoption-table) — ahj-national is fallback-only and never adopts"
"ga-dawson-dawson-county","GA","Dawson County Building Department","2017","2020","","2017|2020","necVersions (state-adoption-table) — ahj-national is fallback-only and never adopts"
"ga-decatur-decatur-county","GA","Decatur County Building Department","2017","2020","","2017|2020","necVersions (state-adoption-table) — ahj-national is fallback-only and never adopts"
"ga-dekalb-brookhaven","GA","City of Brookhaven Building Department","2017","2020","","2017|2020","necVersions (state-adoption-table) — ahj-national is fallback-only and never adopts"
"ga-dekalb-decatur","GA","City of Decatur Building Department","2017","2020","","2017|2020","necVersions (state-adoption-table) — ahj-national is fallback-only and never adopts"
"ga-dekalb-dunwoody","GA","City of Dunwoody Building Department","2017","2020","","2017|2020","necVersions (state-adoption-table) — ahj-national is fallback-only and never adopts"
"ga-dodge-dodge-county","GA","Dodge County Building Department","2017","2020","","2017|2020","necVersions (state-adoption-table) — ahj-national is fallback-only and never adopts"
"ga-dooly-dooly-county","GA","Dooly County Building Department","2017","2020","","2017|2020","necVersions (state-adoption-table) — ahj-national is fallback-only and never adopts"
"ga-dougherty-albany","GA","City of Albany Building Dept","2017","2020","","2017|2020","necVersions (state-adoption-table) — ahj-national is fallback-only and never adopts"
"ga-dougherty-dougherty-county","GA","Dougherty County Building Department","2017","2020","","2017|2020","necVersions (state-adoption-table) — ahj-national is fallback-only and never adopts"
"ga-douglas-douglas-county","GA","Douglas County Building Department","2017","2020","","2017|2020","necVersions (state-adoption-table) — ahj-national is fallback-only and never adopts"
"ga-early-early-county","GA","Early County Building Department","2017","2020","","2017|2020","necVersions (state-adoption-table) — ahj-national is fallback-only and never adopts"
"ga-echols-echols-county","GA","Echols County Building Department","2017","2020","","2017|2020","necVersions (state-adoption-table) — ahj-national is fallback-only and never adopts"
"ga-effingham-effingham-county","GA","Effingham County Building Department","2017","2020","","2017|2020","necVersions (state-adoption-table) — ahj-national is fallback-only and never adopts"
"ga-elbert-elbert-county","GA","Elbert County Building Department","2017","2020","","2017|2020","necVersions (state-adoption-table) — ahj-national is fallback-only and never adopts"
"ga-emanuel-emanuel-county","GA","Emanuel County Building Department","2017","2020","","2017|2020","necVersions (state-adoption-table) — ahj-national is fallback-only and never adopts"
"ga-evans-evans-county","GA","Evans County Building Department","2017","2020","","2017|2020","necVersions (state-adoption-table) — ahj-national is fallback-only and never adopts"
"ga-fannin-fannin-county","GA","Fannin County Building Department","2017","2020","","2017|2020","necVersions (state-adoption-table) — ahj-national is fallback-only and never adopts"
"ga-fayette-fayetteville","GA","City of Fayetteville Building Dept","2017","2020","","2017|2020","necVersions (state-adoption-table) — ahj-national is fallback-only and never adopts"
"ga-fayette-peachtree-city","GA","City of Peachtree City Building Dept","2017","2020","","2017|2020","necVersions (state-adoption-table) — ahj-national is fallback-only and never adopts"
"ga-fayette-fayette-county","GA","Fayette County Building Department","2017","2020","","2017|2020","necVersions (state-adoption-table) — ahj-national is fallback-only and never adopts"
"ga-floyd-rome","GA","City of Rome Building Department","2017","2020","","2017|2020","necVersions (state-adoption-table) — ahj-national is fallback-only and never adopts"
"ga-floyd-floyd-county","GA","Floyd County Building Department","2017","2020","","2017|2020","necVersions (state-adoption-table) — ahj-national is fallback-only and never adopts"
"ga-forsyth-cumming","GA","Forsyth County Building Dept","2017","2020","","2017|2020","necVersions (state-adoption-table) — ahj-national is fallback-only and never adopts"
"ga-forsyth-forsyth-county","GA","Forsyth County Building Department","2017","2020","","2017|2020","necVersions (state-adoption-table) — ahj-national is fallback-only and never adopts"
"ga-franklin-franklin-county","GA","Franklin County Building Department","2017","2020","","2017|2020","necVersions (state-adoption-table) — ahj-national is fallback-only and never adopts"
"ga-fulton-alpharetta","GA","City of Alpharetta Building Department","2017","2020","","2017|2020","necVersions (state-adoption-table) — ahj-national is fallback-only and never adopts"
"ga-fulton-johns-creek","GA","City of Johns Creek Building Department","2017","2020","","2017|2020","necVersions (state-adoption-table) — ahj-national is fallback-only and never adopts"
"ga-fulton-milton","GA","City of Milton Building Dept","2017","2020","","2017|2020","necVersions (state-adoption-table) — ahj-national is fallback-only and never adopts"
"ga-fulton-roswell","GA","City of Roswell Building Department","2017","2020","","2017|2020","necVersions (state-adoption-table) — ahj-national is fallback-only and never adopts"
"ga-fulton-sandy-springs","GA","City of Sandy Springs Building Department","2017","2020","","2017|2020","necVersions (state-adoption-table) — ahj-national is fallback-only and never adopts"
"ga-fulton-fulton-county","GA","Fulton County Building Department","2017","2020","","2017|2020","necVersions (state-adoption-table) — ahj-national is fallback-only and never adopts"
"ga-gilmer-gilmer-county","GA","Gilmer County Building Department","2017","2020","","2017|2020","necVersions (state-adoption-table) — ahj-national is fallback-only and never adopts"
"ga-glascock-glascock-county","GA","Glascock County Building Department","2017","2020","","2017|2020","necVersions (state-adoption-table) — ahj-national is fallback-only and never adopts"
"ga-glynn-glynn-county","GA","Glynn County Building Department","2017","2020","","2017|2020","necVersions (state-adoption-table) — ahj-national is fallback-only and never adopts"
"ga-gordon-gordon-county","GA","Gordon County Building Department","2017","2020","","2017|2020","necVersions (state-adoption-table) — ahj-national is fallback-only and never adopts"
"ga-grady-grady-county","GA","Grady County Building Department","2017","2020","","2017|2020","necVersions (state-adoption-table) — ahj-national is fallback-only and never adopts"
"ga-greene-greene-county","GA","Greene County Building Department","2017","2020","","2017|2020","necVersions (state-adoption-table) — ahj-national is fallback-only and never adopts"
"ga-gwinnett-duluth","GA","City of Duluth Building Dept","2017","2020","","2017|2020","necVersions (state-adoption-table) — ahj-national is fallback-only and never adopts"
"ga-gwinnett-lawrenceville","GA","City of Lawrenceville Building Department","2017","2020","","2017|2020","necVersions (state-adoption-table) — ahj-national is fallback-only and never adopts"
"ga-gwinnett-peachtree-corners","GA","City of Peachtree Corners Building","2017","2020","","2017|2020","necVersions (state-adoption-table) — ahj-national is fallback-only and never adopts"
"ga-gwinnett-snellville","GA","City of Snellville Building Dept","2017","2020","","2017|2020","necVersions (state-adoption-table) — ahj-national is fallback-only and never adopts"
"ga-gwinnett-suwanee","GA","City of Suwanee Building Dept","2017","2020","","2017|2020","necVersions (state-adoption-table) — ahj-national is fallback-only and never adopts"
"ga-habersham-habersham-county","GA","Habersham County Building Department","2017","2020","","2017|2020","necVersions (state-adoption-table) — ahj-national is fallback-only and never adopts"
"ga-hall-gainesville","GA","City of Gainesville Building Department","2017","2020","","2017|2020","necVersions (state-adoption-table) — ahj-national is fallback-only and never adopts"
"ga-hall-hall-county","GA","Hall County Building Department","2017","2020","","2017|2020","necVersions (state-adoption-table) — ahj-national is fallback-only and never adopts"
"ga-hancock-hancock-county","GA","Hancock County Building Department","2017","2020","","2017|2020","necVersions (state-adoption-table) — ahj-national is fallback-only and never adopts"
"ga-haralson-haralson-county","GA","Haralson County Building Department","2017","2020","","2017|2020","necVersions (state-adoption-table) — ahj-national is fallback-only and never adopts"
"ga-harris-harris-county","GA","Harris County Building Department","2017","2020","","2017|2020","necVersions (state-adoption-table) — ahj-national is fallback-only and never adopts"
"ga-hart-hart-county","GA","Hart County Building Department","2017","2020","","2017|2020","necVersions (state-adoption-table) — ahj-national is fallback-only and never adopts"
"ga-heard-heard-county","GA","Heard County Building Department","2017","2020","","2017|2020","necVersions (state-adoption-table) — ahj-national is fallback-only and never adopts"
"ga-henry-stockbridge","GA","City of Stockbridge Building Dept","2017","2020","","2017|2020","necVersions (state-adoption-table) — ahj-national is fallback-only and never adopts"
"ga-henry-henry-county","GA","Henry County Building Department","2017","2020","","2017|2020","necVersions (state-adoption-table) — ahj-national is fallback-only and never adopts"
"ga-houston-houston-county","GA","Houston County Building Department","2017","2020","","2017|2020","necVersions (state-adoption-table) — ahj-national is fallback-only and never adopts"
"ga-houston-warner-robins","GA","City of Warner Robins Building Department","2017","2020","","2017|2020","necVersions (state-adoption-table) — ahj-national is fallback-only and never adopts"
"ga-irwin-irwin-county","GA","Irwin County Building Department","2017","2020","","2017|2020","necVersions (state-adoption-table) — ahj-national is fallback-only and never adopts"
"ga-jackson-jackson-county","GA","Jackson County Building Department","2017","2020","","2017|2020","necVersions (state-adoption-table) — ahj-national is fallback-only and never adopts"
"ga-jasper-jasper-county","GA","Jasper County Building Department","2017","2020","","2017|2020","necVersions (state-adoption-table) — ahj-national is fallback-only and never adopts"
"ga-jeff-davis-jeff-davis-county","GA","Jeff Davis County Building Department","2017","2020","","2017|2020","necVersions (state-adoption-table) — ahj-national is fallback-only and never adopts"
"ga-jefferson-jefferson-county","GA","Jefferson County Building Department","2017","2020","","2017|2020","necVersions (state-adoption-table) — ahj-national is fallback-only and never adopts"
"ga-jenkins-jenkins-county","GA","Jenkins County Building Department","2017","2020","","2017|2020","necVersions (state-adoption-table) — ahj-national is fallback-only and never adopts"
"ga-johnson-johnson-county","GA","Johnson County Building Department","2017","2020","","2017|2020","necVersions (state-adoption-table) — ahj-national is fallback-only and never adopts"
"ga-jones-jones-county","GA","Jones County Building Department","2017","2020","","2017|2020","necVersions (state-adoption-table) — ahj-national is fallback-only and never adopts"
"ga-lamar-lamar-county","GA","Lamar County Building Department","2017","2020","","2017|2020","necVersions (state-adoption-table) — ahj-national is fallback-only and never adopts"
"ga-lanier-lanier-county","GA","Lanier County Building Department","2017","2020","","2017|2020","necVersions (state-adoption-table) — ahj-national is fallback-only and never adopts"
"ga-laurens-laurens-county","GA","Laurens County Building Department","2017","2020","","2017|2020","necVersions (state-adoption-table) — ahj-national is fallback-only and never adopts"
"ga-lee-lee-county","GA","Lee County Building Department","2017","2020","","2017|2020","necVersions (state-adoption-table) — ahj-national is fallback-only and never adopts"
"ga-liberty-hinesville","GA","City of Hinesville Building Department","2017","2020","","2017|2020","necVersions (state-adoption-table) — ahj-national is fallback-only and never adopts"
"ga-liberty-liberty-county","GA","Liberty County Building Department","2017","2020","","2017|2020","necVersions (state-adoption-table) — ahj-national is fallback-only and never adopts"
"ga-lincoln-lincoln-county","GA","Lincoln County Building Department","2017","2020","","2017|2020","necVersions (state-adoption-table) — ahj-national is fallback-only and never adopts"
"ga-long-long-county","GA","Long County Building Department","2017","2020","","2017|2020","necVersions (state-adoption-table) — ahj-national is fallback-only and never adopts"
"ga-lowndes-lowndes-county","GA","Lowndes County Building Department","2017","2020","","2017|2020","necVersions (state-adoption-table) — ahj-national is fallback-only and never adopts"
"ga-lowndes-valdosta","GA","City of Valdosta Building Department","2017","2020","","2017|2020","necVersions (state-adoption-table) — ahj-national is fallback-only and never adopts"
"ga-lumpkin-lumpkin-county","GA","Lumpkin County Building Department","2017","2020","","2017|2020","necVersions (state-adoption-table) — ahj-national is fallback-only and never adopts"
"ga-macon-macon-county","GA","Macon County Building Department","2017","2020","","2017|2020","necVersions (state-adoption-table) — ahj-national is fallback-only and never adopts"
"ga-madison-madison-county","GA","Madison County Building Department","2017","2020","","2017|2020","necVersions (state-adoption-table) — ahj-national is fallback-only and never adopts"
"ga-marion-marion-county","GA","Marion County Building Department","2017","2020","","2017|2020","necVersions (state-adoption-table) — ahj-national is fallback-only and never adopts"
"ga-mcduffie-mcduffie-county","GA","McDuffie County Building Department","2017","2020","","2017|2020","necVersions (state-adoption-table) — ahj-national is fallback-only and never adopts"
"ga-mcintosh-mcintosh-county","GA","McIntosh County Building Department","2017","2020","","2017|2020","necVersions (state-adoption-table) — ahj-national is fallback-only and never adopts"
"ga-meriwether-meriwether-county","GA","Meriwether County Building Department","2017","2020","","2017|2020","necVersions (state-adoption-table) — ahj-national is fallback-only and never adopts"
"ga-miller-miller-county","GA","Miller County Building Department","2017","2020","","2017|2020","necVersions (state-adoption-table) — ahj-national is fallback-only and never adopts"
"ga-mitchell-mitchell-county","GA","Mitchell County Building Department","2017","2020","","2017|2020","necVersions (state-adoption-table) — ahj-national is fallback-only and never adopts"
"ga-monroe-monroe-county","GA","Monroe County Building Department","2017","2020","","2017|2020","necVersions (state-adoption-table) — ahj-national is fallback-only and never adopts"
"ga-montgomery-montgomery-county","GA","Montgomery County Building Department","2017","2020","","2017|2020","necVersions (state-adoption-table) — ahj-national is fallback-only and never adopts"
"ga-morgan-morgan-county","GA","Morgan County Building Department","2017","2020","","2017|2020","necVersions (state-adoption-table) — ahj-national is fallback-only and never adopts"
"ga-murray-murray-county","GA","Murray County Building Department","2017","2020","","2017|2020","necVersions (state-adoption-table) — ahj-national is fallback-only and never adopts"
"ga-muscogee-columbus","GA","City of Columbus Building Department","2017","2020","","2017|2020","necVersions (state-adoption-table) — ahj-national is fallback-only and never adopts"
"ga-muscogee-muscogee-county","GA","Muscogee County Building Department","2017","2020","","2017|2020","necVersions (state-adoption-table) — ahj-national is fallback-only and never adopts"
"ga-newton-covington","GA","City of Covington Building Dept","2017","2020","","2017|2020","necVersions (state-adoption-table) — ahj-national is fallback-only and never adopts"
"ga-newton-newton-county","GA","Newton County Building Department","2017","2020","","2017|2020","necVersions (state-adoption-table) — ahj-national is fallback-only and never adopts"
"ga-oconee-oconee-county","GA","Oconee County Building Department","2017","2020","","2017|2020","necVersions (state-adoption-table) — ahj-national is fallback-only and never adopts"
"ga-oglethorpe-oglethorpe-county","GA","Oglethorpe County Building Department","2017","2020","","2017|2020","necVersions (state-adoption-table) — ahj-national is fallback-only and never adopts"
"ga-paulding-dallas","GA","City of Dallas Building Dept","2017","2020","","2017|2020","necVersions (state-adoption-table) — ahj-national is fallback-only and never adopts"
"ga-paulding-paulding-county","GA","Paulding County Building Department","2017","2020","","2017|2020","necVersions (state-adoption-table) — ahj-national is fallback-only and never adopts"
"ga-peach-peach-county","GA","Peach County Building Department","2017","2020","","2017|2020","necVersions (state-adoption-table) — ahj-national is fallback-only and never adopts"
"ga-pickens-pickens-county","GA","Pickens County Building Department","2017","2020","","2017|2020","necVersions (state-adoption-table) — ahj-national is fallback-only and never adopts"
"ga-pierce-pierce-county","GA","Pierce County Building Department","2017","2020","","2017|2020","necVersions (state-adoption-table) — ahj-national is fallback-only and never adopts"
"ga-pike-pike-county","GA","Pike County Building Department","2017","2020","","2017|2020","necVersions (state-adoption-table) — ahj-national is fallback-only and never adopts"
"ga-polk-polk-county","GA","Polk County Building Department","2017","2020","","2017|2020","necVersions (state-adoption-table) — ahj-national is fallback-only and never adopts"
"ga-pulaski-pulaski-county","GA","Pulaski County Building Department","2017","2020","","2017|2020","necVersions (state-adoption-table) — ahj-national is fallback-only and never adopts"
"ga-putnam-putnam-county","GA","Putnam County Building Department","2017","2020","","2017|2020","necVersions (state-adoption-table) — ahj-national is fallback-only and never adopts"
"ga-quitman-quitman-county","GA","Quitman County Building Department","2017","2020","","2017|2020","necVersions (state-adoption-table) — ahj-national is fallback-only and never adopts"
"ga-rabun-rabun-county","GA","Rabun County Building Department","2017","2020","","2017|2020","necVersions (state-adoption-table) — ahj-national is fallback-only and never adopts"
"ga-randolph-randolph-county","GA","Randolph County Building Department","2017","2020","","2017|2020","necVersions (state-adoption-table) — ahj-national is fallback-only and never adopts"
"ga-richmond-richmond-county","GA","Richmond County Building Department","2017","2020","","2017|2020","necVersions (state-adoption-table) — ahj-national is fallback-only and never adopts"
"ga-rockdale-conyers","GA","City of Conyers Building Dept","2017","2020","","2017|2020","necVersions (state-adoption-table) — ahj-national is fallback-only and never adopts"
"ga-rockdale-rockdale-county","GA","Rockdale County Building Department","2017","2020","","2017|2020","necVersions (state-adoption-table) — ahj-national is fallback-only and never adopts"
"ga-schley-schley-county","GA","Schley County Building Department","2017","2020","","2017|2020","necVersions (state-adoption-table) — ahj-national is fallback-only and never adopts"
"ga-screven-screven-county","GA","Screven County Building Department","2017","2020","","2017|2020","necVersions (state-adoption-table) — ahj-national is fallback-only and never adopts"
"ga-seminole-seminole-county","GA","Seminole County Building Department","2017","2020","","2017|2020","necVersions (state-adoption-table) — ahj-national is fallback-only and never adopts"
"ga-spalding-spalding-county","GA","Spalding County Building Department","2017","2020","","2017|2020","necVersions (state-adoption-table) — ahj-national is fallback-only and never adopts"
"ga-stephens-stephens-county","GA","Stephens County Building Department","2017","2020","","2017|2020","necVersions (state-adoption-table) — ahj-national is fallback-only and never adopts"
"ga-stewart-stewart-county","GA","Stewart County Building Department","2017","2020","","2017|2020","necVersions (state-adoption-table) — ahj-national is fallback-only and never adopts"
"ga-sumter-sumter-county","GA","Sumter County Building Department","2017","2020","","2017|2020","necVersions (state-adoption-table) — ahj-national is fallback-only and never adopts"
"ga-talbot-talbot-county","GA","Talbot County Building Department","2017","2020","","2017|2020","necVersions (state-adoption-table) — ahj-national is fallback-only and never adopts"
"ga-taliaferro-taliaferro-county","GA","Taliaferro County Building Department","2017","2020","","2017|2020","necVersions (state-adoption-table) — ahj-national is fallback-only and never adopts"
"ga-tattnall-tattnall-county","GA","Tattnall County Building Department","2017","2020","","2017|2020","necVersions (state-adoption-table) — ahj-national is fallback-only and never adopts"
"ga-taylor-taylor-county","GA","Taylor County Building Department","2017","2020","","2017|2020","necVersions (state-adoption-table) — ahj-national is fallback-only and never adopts"
"ga-telfair-telfair-county","GA","Telfair County Building Department","2017","2020","","2017|2020","necVersions (state-adoption-table) — ahj-national is fallback-only and never adopts"
"ga-terrell-terrell-county","GA","Terrell County Building Department","2017","2020","","2017|2020","necVersions (state-adoption-table) — ahj-national is fallback-only and never adopts"
"ga-thomas-thomas-county","GA","Thomas County Building Department","2017","2020","","2017|2020","necVersions (state-adoption-table) — ahj-national is fallback-only and never adopts"
"ga-tift-tift-county","GA","Tift County Building Department","2017","2020","","2017|2020","necVersions (state-adoption-table) — ahj-national is fallback-only and never adopts"
"ga-toombs-toombs-county","GA","Toombs County Building Department","2017","2020","","2017|2020","necVersions (state-adoption-table) — ahj-national is fallback-only and never adopts"
"ga-towns-towns-county","GA","Towns County Building Department","2017","2020","","2017|2020","necVersions (state-adoption-table) — ahj-national is fallback-only and never adopts"
"ga-treutlen-treutlen-county","GA","Treutlen County Building Department","2017","2020","","2017|2020","necVersions (state-adoption-table) — ahj-national is fallback-only and never adopts"
"ga-troup-troup-county","GA","Troup County Building Department","2017","2020","","2017|2020","necVersions (state-adoption-table) — ahj-national is fallback-only and never adopts"
"ga-turner-turner-county","GA","Turner County Building Department","2017","2020","","2017|2020","necVersions (state-adoption-table) — ahj-national is fallback-only and never adopts"
"ga-twiggs-twiggs-county","GA","Twiggs County Building Department","2017","2020","","2017|2020","necVersions (state-adoption-table) — ahj-national is fallback-only and never adopts"
"ga-union-union-county","GA","Union County Building Department","2017","2020","","2017|2020","necVersions (state-adoption-table) — ahj-national is fallback-only and never adopts"
"ga-upson-upson-county","GA","Upson County Building Department","2017","2020","","2017|2020","necVersions (state-adoption-table) — ahj-national is fallback-only and never adopts"
"ga-walker-walker-county","GA","Walker County Building Department","2017","2020","","2017|2020","necVersions (state-adoption-table) — ahj-national is fallback-only and never adopts"
"ga-walton-walton-county","GA","Walton County Building Department","2017","2020","","2017|2020","necVersions (state-adoption-table) — ahj-national is fallback-only and never adopts"
"ga-ware-ware-county","GA","Ware County Building Department","2017","2020","","2017|2020","necVersions (state-adoption-table) — ahj-national is fallback-only and never adopts"
"ga-warren-warren-county","GA","Warren County Building Department","2017","2020","","2017|2020","necVersions (state-adoption-table) — ahj-national is fallback-only and never adopts"
"ga-washington-washington-county","GA","Washington County Building Department","2017","2020","","2017|2020","necVersions (state-adoption-table) — ahj-national is fallback-only and never adopts"
"ga-wayne-wayne-county","GA","Wayne County Building Department","2017","2020","","2017|2020","necVersions (state-adoption-table) — ahj-national is fallback-only and never adopts"
"ga-webster-webster-county","GA","Webster County Building Department","2017","2020","","2017|2020","necVersions (state-adoption-table) — ahj-national is fallback-only and never adopts"
"ga-wheeler-wheeler-county","GA","Wheeler County Building Department","2017","2020","","2017|2020","necVersions (state-adoption-table) — ahj-national is fallback-only and never adopts"
"ga-white-white-county","GA","White County Building Department","2017","2020","","2017|2020","necVersions (state-adoption-table) — ahj-national is fallback-only and never adopts"
"ga-whitfield-whitfield-county","GA","Whitfield County Building Department","2017","2020","","2017|2020","necVersions (state-adoption-table) — ahj-national is fallback-only and never adopts"
"ga-wilcox-wilcox-county","GA","Wilcox County Building Department","2017","2020","","2017|2020","necVersions (state-adoption-table) — ahj-national is fallback-only and never adopts"
"ga-wilkes-wilkes-county","GA","Wilkes County Building Department","2017","2020","","2017|2020","necVersions (state-adoption-table) — ahj-national is fallback-only and never adopts"
"ga-wilkinson-wilkinson-county","GA","Wilkinson County Building Department","2017","2020","","2017|2020","necVersions (state-adoption-table) — ahj-national is fallback-only and never adopts"
"ga-worth-worth-county","GA","Worth County Building Department","2017","2020","","2017|2020","necVersions (state-adoption-table) — ahj-national is fallback-only and never adopts"
"ia-adair-adair-county","IA","Adair County Building Department","2017","2020","","2017|2020","necVersions (state-adoption-table) — ahj-national is fallback-only and never adopts"
"ia-adams-adams-county","IA","Adams County Building Department","2017","2020","","2017|2020","necVersions (state-adoption-table) — ahj-national is fallback-only and never adopts"
"ia-allamakee-allamakee-county","IA","Allamakee County Building Department","2017","2020","","2017|2020","necVersions (state-adoption-table) — ahj-national is fallback-only and never adopts"
"ia-appanoose-appanoose-county","IA","Appanoose County Building Department","2017","2020","","2017|2020","necVersions (state-adoption-table) — ahj-national is fallback-only and never adopts"
"ia-audubon-audubon-county","IA","Audubon County Building Department","2017","2020","","2017|2020","necVersions (state-adoption-table) — ahj-national is fallback-only and never adopts"
"ia-benton-benton-county","IA","Benton County Building Department","2017","2020","","2017|2020","necVersions (state-adoption-table) — ahj-national is fallback-only and never adopts"
"ia-black-hawk-cedar-falls","IA","City of Cedar Falls Building Department","2017","2020","","2017|2020","necVersions (state-adoption-table) — ahj-national is fallback-only and never adopts"
"ia-black-hawk-black-hawk-county","IA","Black Hawk County Building Department","2017","2020","","2017|2020","necVersions (state-adoption-table) — ahj-national is fallback-only and never adopts"
"ia-black-hawk-waterloo","IA","City of Waterloo Building Department","2017","2020","","2017|2020","necVersions (state-adoption-table) — ahj-national is fallback-only and never adopts"
"ia-boone-boone-county","IA","Boone County Building Department","2017","2020","","2017|2020","necVersions (state-adoption-table) — ahj-national is fallback-only and never adopts"
"ia-bremer-bremer-county","IA","Bremer County Building Department","2017","2020","","2017|2020","necVersions (state-adoption-table) — ahj-national is fallback-only and never adopts"
"ia-buchanan-buchanan-county","IA","Buchanan County Building Department","2017","2020","","2017|2020","necVersions (state-adoption-table) — ahj-national is fallback-only and never adopts"
"ia-buena-vista-buena-vista-county","IA","Buena Vista County Building Department","2017","2020","","2017|2020","necVersions (state-adoption-table) — ahj-national is fallback-only and never adopts"
"ia-butler-butler-county","IA","Butler County Building Department","2017","2020","","2017|2020","necVersions (state-adoption-table) — ahj-national is fallback-only and never adopts"
"ia-calhoun-calhoun-county","IA","Calhoun County Building Department","2017","2020","","2017|2020","necVersions (state-adoption-table) — ahj-national is fallback-only and never adopts"
"ia-carroll-carroll-county","IA","Carroll County Building Department","2017","2020","","2017|2020","necVersions (state-adoption-table) — ahj-national is fallback-only and never adopts"
"ia-cass-cass-county","IA","Cass County Building Department","2017","2020","","2017|2020","necVersions (state-adoption-table) — ahj-national is fallback-only and never adopts"
"ia-cedar-cedar-county","IA","Cedar County Building Department","2017","2020","","2017|2020","necVersions (state-adoption-table) — ahj-national is fallback-only and never adopts"
"ia-cerro-gordo-mason-city","IA","City of Mason City Building Department","2017","2020","","2017|2020","necVersions (state-adoption-table) — ahj-national is fallback-only and never adopts"
"ia-cerro-gordo-cerro-gordo-county","IA","Cerro Gordo County Building Department","2017","2020","","2017|2020","necVersions (state-adoption-table) — ahj-national is fallback-only and never adopts"
"ia-cherokee-cherokee-county","IA","Cherokee County Building Department","2017","2020","","2017|2020","necVersions (state-adoption-table) — ahj-national is fallback-only and never adopts"
"ia-chickasaw-chickasaw-county","IA","Chickasaw County Building Department","2017","2020","","2017|2020","necVersions (state-adoption-table) — ahj-national is fallback-only and never adopts"
"ia-clarke-clarke-county","IA","Clarke County Building Department","2017","2020","","2017|2020","necVersions (state-adoption-table) — ahj-national is fallback-only and never adopts"
"ia-clay-clay-county","IA","Clay County Building Department","2017","2020","","2017|2020","necVersions (state-adoption-table) — ahj-national is fallback-only and never adopts"
"ia-clayton-clayton-county","IA","Clayton County Building Department","2017","2020","","2017|2020","necVersions (state-adoption-table) — ahj-national is fallback-only and never adopts"
"ia-clinton-clinton-county","IA","Clinton County Building Department","2017","2020","","2017|2020","necVersions (state-adoption-table) — ahj-national is fallback-only and never adopts"
"ia-crawford-crawford-county","IA","Crawford County Building Department","2017","2020","","2017|2020","necVersions (state-adoption-table) — ahj-national is fallback-only and never adopts"
"ia-dallas-dallas-county","IA","Dallas County Building Department","2017","2020","","2017|2020","necVersions (state-adoption-table) — ahj-national is fallback-only and never adopts"
"ia-davis-davis-county","IA","Davis County Building Department","2017","2020","","2017|2020","necVersions (state-adoption-table) — ahj-national is fallback-only and never adopts"
"ia-decatur-decatur-county","IA","Decatur County Building Department","2017","2020","","2017|2020","necVersions (state-adoption-table) — ahj-national is fallback-only and never adopts"
"ia-delaware-delaware-county","IA","Delaware County Building Department","2017","2020","","2017|2020","necVersions (state-adoption-table) — ahj-national is fallback-only and never adopts"
"ia-des-moines-burlington","IA","City of Burlington Building Department","2017","2020","","2017|2020","necVersions (state-adoption-table) — ahj-national is fallback-only and never adopts"
"ia-des-moines-des-moines-county","IA","Des Moines County Building Department","2017","2020","","2017|2020","necVersions (state-adoption-table) — ahj-national is fallback-only and never adopts"
"ia-dickinson-dickinson-county","IA","Dickinson County Building Department","2017","2020","","2017|2020","necVersions (state-adoption-table) — ahj-national is fallback-only and never adopts"
"ia-dubuque-dubuque","IA","City of Dubuque Building Dept","2017","2020","","2017|2020","necVersions (state-adoption-table) — ahj-national is fallback-only and never adopts"
"ia-dubuque-dubuque-county","IA","Dubuque County Building Department","2017","2020","","2017|2020","necVersions (state-adoption-table) — ahj-national is fallback-only and never adopts"
"ia-emmet-emmet-county","IA","Emmet County Building Department","2017","2020","","2017|2020","necVersions (state-adoption-table) — ahj-national is fallback-only and never adopts"
"ia-fayette-fayette-county","IA","Fayette County Building Department","2017","2020","","2017|2020","necVersions (state-adoption-table) — ahj-national is fallback-only and never adopts"
"ia-floyd-floyd-county","IA","Floyd County Building Department","2017","2020","","2017|2020","necVersions (state-adoption-table) — ahj-national is fallback-only and never adopts"
"ia-franklin-franklin-county","IA","Franklin County Building Department","2017","2020","","2017|2020","necVersions (state-adoption-table) — ahj-national is fallback-only and never adopts"
"ia-fremont-fremont-county","IA","Fremont County Building Department","2017","2020","","2017|2020","necVersions (state-adoption-table) — ahj-national is fallback-only and never adopts"
"ia-greene-greene-county","IA","Greene County Building Department","2017","2020","","2017|2020","necVersions (state-adoption-table) — ahj-national is fallback-only and never adopts"
"ia-grundy-grundy-county","IA","Grundy County Building Department","2017","2020","","2017|2020","necVersions (state-adoption-table) — ahj-national is fallback-only and never adopts"
"ia-guthrie-guthrie-county","IA","Guthrie County Building Department","2017","2020","","2017|2020","necVersions (state-adoption-table) — ahj-national is fallback-only and never adopts"
"ia-hamilton-hamilton-county","IA","Hamilton County Building Department","2017","2020","","2017|2020","necVersions (state-adoption-table) — ahj-national is fallback-only and never adopts"
"ia-hancock-hancock-county","IA","Hancock County Building Department","2017","2020","","2017|2020","necVersions (state-adoption-table) — ahj-national is fallback-only and never adopts"
"ia-hardin-hardin-county","IA","Hardin County Building Department","2017","2020","","2017|2020","necVersions (state-adoption-table) — ahj-national is fallback-only and never adopts"
"ia-harrison-harrison-county","IA","Harrison County Building Department","2017","2020","","2017|2020","necVersions (state-adoption-table) — ahj-national is fallback-only and never adopts"
"ia-henry-henry-county","IA","Henry County Building Department","2017","2020","","2017|2020","necVersions (state-adoption-table) — ahj-national is fallback-only and never adopts"
"ia-howard-howard-county","IA","Howard County Building Department","2017","2020","","2017|2020","necVersions (state-adoption-table) — ahj-national is fallback-only and never adopts"
"ia-humboldt-humboldt-county","IA","Humboldt County Building Department","2017","2020","","2017|2020","necVersions (state-adoption-table) — ahj-national is fallback-only and never adopts"
"ia-ida-ida-county","IA","Ida County Building Department","2017","2020","","2017|2020","necVersions (state-adoption-table) — ahj-national is fallback-only and never adopts"
"ia-iowa-iowa-county","IA","Iowa County Building Department","2017","2020","","2017|2020","necVersions (state-adoption-table) — ahj-national is fallback-only and never adopts"
"ia-jackson-jackson-county","IA","Jackson County Building Department","2017","2020","","2017|2020","necVersions (state-adoption-table) — ahj-national is fallback-only and never adopts"
"ia-jasper-jasper-county","IA","Jasper County Building Department","2017","2020","","2017|2020","necVersions (state-adoption-table) — ahj-national is fallback-only and never adopts"
"ia-jefferson-jefferson-county","IA","Jefferson County Building Department","2017","2020","","2017|2020","necVersions (state-adoption-table) — ahj-national is fallback-only and never adopts"
"ia-johnson-iowa-city","IA","City of Iowa City Building Department","2017","2020","","2017|2020","necVersions (state-adoption-table) — ahj-national is fallback-only and never adopts"
"ia-johnson-johnson-county","IA","Johnson County Building Department","2017","2020","","2017|2020","necVersions (state-adoption-table) — ahj-national is fallback-only and never adopts"
"ia-jones-jones-county","IA","Jones County Building Department","2017","2020","","2017|2020","necVersions (state-adoption-table) — ahj-national is fallback-only and never adopts"
"ia-keokuk-keokuk-county","IA","Keokuk County Building Department","2017","2020","","2017|2020","necVersions (state-adoption-table) — ahj-national is fallback-only and never adopts"
"ia-kossuth-kossuth-county","IA","Kossuth County Building Department","2017","2020","","2017|2020","necVersions (state-adoption-table) — ahj-national is fallback-only and never adopts"
"ia-lee-lee-county","IA","Lee County Building Department","2017","2020","","2017|2020","necVersions (state-adoption-table) — ahj-national is fallback-only and never adopts"
"ia-linn-cedar-rapids","IA","City of Cedar Rapids Building Department","2017","2020","","2017|2020","necVersions (state-adoption-table) — ahj-national is fallback-only and never adopts"
"ia-linn-linn-county","IA","Linn County Building Department","2017","2020","","2017|2020","necVersions (state-adoption-table) — ahj-national is fallback-only and never adopts"
"ia-louisa-louisa-county","IA","Louisa County Building Department","2017","2020","","2017|2020","necVersions (state-adoption-table) — ahj-national is fallback-only and never adopts"
"ia-lucas-lucas-county","IA","Lucas County Building Department","2017","2020","","2017|2020","necVersions (state-adoption-table) — ahj-national is fallback-only and never adopts"
"ia-lyon-lyon-county","IA","Lyon County Building Department","2017","2020","","2017|2020","necVersions (state-adoption-table) — ahj-national is fallback-only and never adopts"
"ia-madison-madison-county","IA","Madison County Building Department","2017","2020","","2017|2020","necVersions (state-adoption-table) — ahj-national is fallback-only and never adopts"
"ia-mahaska-mahaska-county","IA","Mahaska County Building Department","2017","2020","","2017|2020","necVersions (state-adoption-table) — ahj-national is fallback-only and never adopts"
"ia-marion-marion-county","IA","Marion County Building Department","2017","2020","","2017|2020","necVersions (state-adoption-table) — ahj-national is fallback-only and never adopts"
"ia-marshall-marshalltown","IA","City of Marshalltown Building Department","2017","2020","","2017|2020","necVersions (state-adoption-table) — ahj-national is fallback-only and never adopts"
"ia-marshall-marshall-county","IA","Marshall County Building Department","2017","2020","","2017|2020","necVersions (state-adoption-table) — ahj-national is fallback-only and never adopts"
"ia-mills-mills-county","IA","Mills County Building Department","2017","2020","","2017|2020","necVersions (state-adoption-table) — ahj-national is fallback-only and never adopts"
"ia-mitchell-mitchell-county","IA","Mitchell County Building Department","2017","2020","","2017|2020","necVersions (state-adoption-table) — ahj-national is fallback-only and never adopts"
"ia-monona-monona-county","IA","Monona County Building Department","2017","2020","","2017|2020","necVersions (state-adoption-table) — ahj-national is fallback-only and never adopts"
"ia-monroe-monroe-county","IA","Monroe County Building Department","2017","2020","","2017|2020","necVersions (state-adoption-table) — ahj-national is fallback-only and never adopts"
"ia-montgomery-montgomery-county","IA","Montgomery County Building Department","2017","2020","","2017|2020","necVersions (state-adoption-table) — ahj-national is fallback-only and never adopts"
"ia-muscatine-muscatine-county","IA","Muscatine County Building Department","2017","2020","","2017|2020","necVersions (state-adoption-table) — ahj-national is fallback-only and never adopts"
"ia-obrien-obrien-county","IA","O'Brien County Building Department","2017","2020","","2017|2020","necVersions (state-adoption-table) — ahj-national is fallback-only and never adopts"
"ia-osceola-osceola-county","IA","Osceola County Building Department","2017","2020","","2017|2020","necVersions (state-adoption-table) — ahj-national is fallback-only and never adopts"
"ia-page-page-county","IA","Page County Building Department","2017","2020","","2017|2020","necVersions (state-adoption-table) — ahj-national is fallback-only and never adopts"
"ia-palo-alto-palo-alto-county","IA","Palo Alto County Building Department","2017","2020","","2017|2020","necVersions (state-adoption-table) — ahj-national is fallback-only and never adopts"
"ia-plymouth-plymouth-county","IA","Plymouth County Building Department","2017","2020","","2017|2020","necVersions (state-adoption-table) — ahj-national is fallback-only and never adopts"
"ia-pocahontas-pocahontas-county","IA","Pocahontas County Building Department","2017","2020","","2017|2020","necVersions (state-adoption-table) — ahj-national is fallback-only and never adopts"
"ia-polk-ankeny","IA","City of Ankeny Building Department","2017","2020","","2017|2020","necVersions (state-adoption-table) — ahj-national is fallback-only and never adopts"
"ia-polk-polk-county","IA","Polk County Building Department","2017","2020","","2017|2020","necVersions (state-adoption-table) — ahj-national is fallback-only and never adopts"
"ia-polk-urbandale","IA","City of Urbandale Building Dept","2017","2020","","2017|2020","necVersions (state-adoption-table) — ahj-national is fallback-only and never adopts"
"ia-polk-west-des-moines","IA","City of West Des Moines Building Department","2017","2020","","2017|2020","necVersions (state-adoption-table) — ahj-national is fallback-only and never adopts"
"ia-pottawattamie-council-bluffs","IA","City of Council Bluffs Building Dept","2017","2020","","2017|2020","necVersions (state-adoption-table) — ahj-national is fallback-only and never adopts"
"ia-pottawattamie-pottawattamie-county","IA","Pottawattamie County Building Department","2017","2020","","2017|2020","necVersions (state-adoption-table) — ahj-national is fallback-only and never adopts"
"ia-poweshiek-poweshiek-county","IA","Poweshiek County Building Department","2017","2020","","2017|2020","necVersions (state-adoption-table) — ahj-national is fallback-only and never adopts"
"ia-ringgold-ringgold-county","IA","Ringgold County Building Department","2017","2020","","2017|2020","necVersions (state-adoption-table) — ahj-national is fallback-only and never adopts"
"ia-sac-sac-county","IA","Sac County Building Department","2017","2020","","2017|2020","necVersions (state-adoption-table) — ahj-national is fallback-only and never adopts"
"ia-scott-davenport","IA","City of Davenport Building Department","2017","2020","","2017|2020","necVersions (state-adoption-table) — ahj-national is fallback-only and never adopts"
"ia-scott-scott-county","IA","Scott County Building Department","2017","2020","","2017|2020","necVersions (state-adoption-table) — ahj-national is fallback-only and never adopts"
"ia-shelby-shelby-county","IA","Shelby County Building Department","2017","2020","","2017|2020","necVersions (state-adoption-table) — ahj-national is fallback-only and never adopts"
"ia-sioux-sioux-county","IA","Sioux County Building Department","2017","2020","","2017|2020","necVersions (state-adoption-table) — ahj-national is fallback-only and never adopts"
"ia-story-ames","IA","City of Ames Building Dept","2017","2020","","2017|2020","necVersions (state-adoption-table) — ahj-national is fallback-only and never adopts"
"ia-story-story-county","IA","Story County Building Department","2017","2020","","2017|2020","necVersions (state-adoption-table) — ahj-national is fallback-only and never adopts"
"ia-tama-tama-county","IA","Tama County Building Department","2017","2020","","2017|2020","necVersions (state-adoption-table) — ahj-national is fallback-only and never adopts"
"ia-taylor-taylor-county","IA","Taylor County Building Department","2017","2020","","2017|2020","necVersions (state-adoption-table) — ahj-national is fallback-only and never adopts"
"ia-union-union-county","IA","Union County Building Department","2017","2020","","2017|2020","necVersions (state-adoption-table) — ahj-national is fallback-only and never adopts"
"ia-van-buren-van-buren-county","IA","Van Buren County Building Department","2017","2020","","2017|2020","necVersions (state-adoption-table) — ahj-national is fallback-only and never adopts"
"ia-wapello-wapello-county","IA","Wapello County Building Department","2017","2020","","2017|2020","necVersions (state-adoption-table) — ahj-national is fallback-only and never adopts"
"ia-warren-warren-county","IA","Warren County Building Department","2017","2020","","2017|2020","necVersions (state-adoption-table) — ahj-national is fallback-only and never adopts"
"ia-washington-washington-county","IA","Washington County Building Department","2017","2020","","2017|2020","necVersions (state-adoption-table) — ahj-national is fallback-only and never adopts"
"ia-wayne-wayne-county","IA","Wayne County Building Department","2017","2020","","2017|2020","necVersions (state-adoption-table) — ahj-national is fallback-only and never adopts"
"ia-webster-fort-dodge","IA","City of Fort Dodge Building Department","2017","2020","","2017|2020","necVersions (state-adoption-table) — ahj-national is fallback-only and never adopts"
"ia-webster-webster-county","IA","Webster County Building Department","2017","2020","","2017|2020","necVersions (state-adoption-table) — ahj-national is fallback-only and never adopts"
"ia-winnebago-winnebago-county","IA","Winnebago County Building Department","2017","2020","","2017|2020","necVersions (state-adoption-table) — ahj-national is fallback-only and never adopts"
"ia-winneshiek-winneshiek-county","IA","Winneshiek County Building Department","2017","2020","","2017|2020","necVersions (state-adoption-table) — ahj-national is fallback-only and never adopts"
"ia-woodbury-sioux-city","IA","City of Sioux City Building Department","2017","2020","","2017|2020","necVersions (state-adoption-table) — ahj-national is fallback-only and never adopts"
"ia-woodbury-woodbury-county","IA","Woodbury County Building Department","2017","2020","","2017|2020","necVersions (state-adoption-table) — ahj-national is fallback-only and never adopts"
"ia-worth-worth-county","IA","Worth County Building Department","2017","2020","","2017|2020","necVersions (state-adoption-table) — ahj-national is fallback-only and never adopts"
"ia-wright-wright-county","IA","Wright County Building Department","2017","2020","","2017|2020","necVersions (state-adoption-table) — ahj-national is fallback-only and never adopts"
"ks-allen-allen-county","KS","Allen County Building Department","2017","2020","","2017|2020","necVersions (state-adoption-table) — ahj-national is fallback-only and never adopts"
"ks-anderson-anderson-county","KS","Anderson County Building Department","2017","2020","","2017|2020","necVersions (state-adoption-table) — ahj-national is fallback-only and never adopts"
"ks-atchison-atchison-county","KS","Atchison County Building Department","2017","2020","","2017|2020","necVersions (state-adoption-table) — ahj-national is fallback-only and never adopts"
"ks-barber-barber-county","KS","Barber County Building Department","2017","2020","","2017|2020","necVersions (state-adoption-table) — ahj-national is fallback-only and never adopts"
"ks-barton-barton-county","KS","Barton County Building Department","2017","2020","","2017|2020","necVersions (state-adoption-table) — ahj-national is fallback-only and never adopts"
"ks-bourbon-bourbon-county","KS","Bourbon County Building Department","2017","2020","","2017|2020","necVersions (state-adoption-table) — ahj-national is fallback-only and never adopts"
"ks-brown-brown-county","KS","Brown County Building Department","2017","2020","","2017|2020","necVersions (state-adoption-table) — ahj-national is fallback-only and never adopts"
"ks-butler-butler-county","KS","Butler County Building Department","2017","2020","","2017|2020","necVersions (state-adoption-table) — ahj-national is fallback-only and never adopts"
"ks-chase-chase-county","KS","Chase County Building Department","2017","2020","","2017|2020","necVersions (state-adoption-table) — ahj-national is fallback-only and never adopts"
"ks-chautauqua-chautauqua-county","KS","Chautauqua County Building Department","2017","2020","","2017|2020","necVersions (state-adoption-table) — ahj-national is fallback-only and never adopts"
"ks-cherokee-cherokee-county","KS","Cherokee County Building Department","2017","2020","","2017|2020","necVersions (state-adoption-table) — ahj-national is fallback-only and never adopts"
"ks-cheyenne-cheyenne-county","KS","Cheyenne County Building Department","2017","2020","","2017|2020","necVersions (state-adoption-table) — ahj-national is fallback-only and never adopts"
"ks-clark-clark-county","KS","Clark County Building Department","2017","2020","","2017|2020","necVersions (state-adoption-table) — ahj-national is fallback-only and never adopts"
"ks-clay-clay-county","KS","Clay County Building Department","2017","2020","","2017|2020","necVersions (state-adoption-table) — ahj-national is fallback-only and never adopts"
"ks-cloud-cloud-county","KS","Cloud County Building Department","2017","2020","","2017|2020","necVersions (state-adoption-table) — ahj-national is fallback-only and never adopts"
"ks-coffey-coffey-county","KS","Coffey County Building Department","2017","2020","","2017|2020","necVersions (state-adoption-table) — ahj-national is fallback-only and never adopts"
"ks-comanche-comanche-county","KS","Comanche County Building Department","2017","2020","","2017|2020","necVersions (state-adoption-table) — ahj-national is fallback-only and never adopts"
"ks-cowley-cowley-county","KS","Cowley County Building Department","2017","2020","","2017|2020","necVersions (state-adoption-table) — ahj-national is fallback-only and never adopts"
"ks-crawford-crawford-county","KS","Crawford County Building Department","2017","2020","","2017|2020","necVersions (state-adoption-table) — ahj-national is fallback-only and never adopts"
"ks-decatur-decatur-county","KS","Decatur County Building Department","2017","2020","","2017|2020","necVersions (state-adoption-table) — ahj-national is fallback-only and never adopts"
"ks-dickinson-dickinson-county","KS","Dickinson County Building Department","2017","2020","","2017|2020","necVersions (state-adoption-table) — ahj-national is fallback-only and never adopts"
"ks-doniphan-doniphan-county","KS","Doniphan County Building Department","2017","2020","","2017|2020","necVersions (state-adoption-table) — ahj-national is fallback-only and never adopts"
"ks-douglas-lawrence","KS","City of Lawrence Building Department","2017","2020","","2017|2020","necVersions (state-adoption-table) — ahj-national is fallback-only and never adopts"
"ks-douglas-douglas-county","KS","Douglas County Building Department","2017","2020","","2017|2020","necVersions (state-adoption-table) — ahj-national is fallback-only and never adopts"
"ks-edwards-edwards-county","KS","Edwards County Building Department","2017","2020","","2017|2020","necVersions (state-adoption-table) — ahj-national is fallback-only and never adopts"
"ks-elk-elk-county","KS","Elk County Building Department","2017","2020","","2017|2020","necVersions (state-adoption-table) — ahj-national is fallback-only and never adopts"
"ks-ellis-hays","KS","City of Hays Building Dept","2017","2020","","2017|2020","necVersions (state-adoption-table) — ahj-national is fallback-only and never adopts"
"ks-ellis-ellis-county","KS","Ellis County Building Department","2017","2020","","2017|2020","necVersions (state-adoption-table) — ahj-national is fallback-only and never adopts"
"ks-ellsworth-ellsworth-county","KS","Ellsworth County Building Department","2017","2020","","2017|2020","necVersions (state-adoption-table) — ahj-national is fallback-only and never adopts"
"ks-finney-garden-city","KS","City of Garden City Building Dept","2017","2020","","2017|2020","necVersions (state-adoption-table) — ahj-national is fallback-only and never adopts"
"ks-finney-finney-county","KS","Finney County Building Department","2017","2020","","2017|2020","necVersions (state-adoption-table) — ahj-national is fallback-only and never adopts"
"ks-ford-dodge-city","KS","City of Dodge City Building Dept","2017","2020","","2017|2020","necVersions (state-adoption-table) — ahj-national is fallback-only and never adopts"
"ks-ford-ford-county","KS","Ford County Building Department","2017","2020","","2017|2020","necVersions (state-adoption-table) — ahj-national is fallback-only and never adopts"
"ks-franklin-franklin-county","KS","Franklin County Building Department","2017","2020","","2017|2020","necVersions (state-adoption-table) — ahj-national is fallback-only and never adopts"
"ks-geary-geary-county","KS","Geary County Building Department","2017","2020","","2017|2020","necVersions (state-adoption-table) — ahj-national is fallback-only and never adopts"
"ks-gove-gove-county","KS","Gove County Building Department","2017","2020","","2017|2020","necVersions (state-adoption-table) — ahj-national is fallback-only and never adopts"
"ks-graham-graham-county","KS","Graham County Building Department","2017","2020","","2017|2020","necVersions (state-adoption-table) — ahj-national is fallback-only and never adopts"
"ks-grant-grant-county","KS","Grant County Building Department","2017","2020","","2017|2020","necVersions (state-adoption-table) — ahj-national is fallback-only and never adopts"
"ks-gray-gray-county","KS","Gray County Building Department","2017","2020","","2017|2020","necVersions (state-adoption-table) — ahj-national is fallback-only and never adopts"
"ks-greeley-greeley-county","KS","Greeley County Building Department","2017","2020","","2017|2020","necVersions (state-adoption-table) — ahj-national is fallback-only and never adopts"
"ks-greenwood-greenwood-county","KS","Greenwood County Building Department","2017","2020","","2017|2020","necVersions (state-adoption-table) — ahj-national is fallback-only and never adopts"
"ks-hamilton-hamilton-county","KS","Hamilton County Building Department","2017","2020","","2017|2020","necVersions (state-adoption-table) — ahj-national is fallback-only and never adopts"
"ks-harper-harper-county","KS","Harper County Building Department","2017","2020","","2017|2020","necVersions (state-adoption-table) — ahj-national is fallback-only and never adopts"
"ks-harvey-harvey-county","KS","Harvey County Building Department","2017","2020","","2017|2020","necVersions (state-adoption-table) — ahj-national is fallback-only and never adopts"
"ks-haskell-haskell-county","KS","Haskell County Building Department","2017","2020","","2017|2020","necVersions (state-adoption-table) — ahj-national is fallback-only and never adopts"
"ks-hodgeman-hodgeman-county","KS","Hodgeman County Building Department","2017","2020","","2017|2020","necVersions (state-adoption-table) — ahj-national is fallback-only and never adopts"
"ks-jackson-jackson-county","KS","Jackson County Building Department","2017","2020","","2017|2020","necVersions (state-adoption-table) — ahj-national is fallback-only and never adopts"
"ks-jefferson-jefferson-county","KS","Jefferson County Building Department","2017","2020","","2017|2020","necVersions (state-adoption-table) — ahj-national is fallback-only and never adopts"
"ks-jewell-jewell-county","KS","Jewell County Building Department","2017","2020","","2017|2020","necVersions (state-adoption-table) — ahj-national is fallback-only and never adopts"
"ks-johnson-leawood","KS","City of Leawood Building Department","2017","2020","","2017|2020","necVersions (state-adoption-table) — ahj-national is fallback-only and never adopts"
"ks-johnson-lenexa","KS","City of Lenexa Building Department","2017","2020","","2017|2020","necVersions (state-adoption-table) — ahj-national is fallback-only and never adopts"
"ks-johnson-olathe","KS","City of Olathe Building Department","2017","2020","","2017|2020","necVersions (state-adoption-table) — ahj-national is fallback-only and never adopts"
"ks-johnson-overland-park","KS","City of Overland Park Building Department","2017","2020","","2017|2020","necVersions (state-adoption-table) — ahj-national is fallback-only and never adopts"
"ks-johnson-shawnee","KS","City of Shawnee Building Department","2017","2020","","2017|2020","necVersions (state-adoption-table) — ahj-national is fallback-only and never adopts"
"ks-johnson-johnson-county","KS","Johnson County Building Department","2017","2020","","2017|2020","necVersions (state-adoption-table) — ahj-national is fallback-only and never adopts"
"ks-kearny-kearny-county","KS","Kearny County Building Department","2017","2020","","2017|2020","necVersions (state-adoption-table) — ahj-national is fallback-only and never adopts"
"ks-kingman-kingman-county","KS","Kingman County Building Department","2017","2020","","2017|2020","necVersions (state-adoption-table) — ahj-national is fallback-only and never adopts"
"ks-kiowa-kiowa-county","KS","Kiowa County Building Department","2017","2020","","2017|2020","necVersions (state-adoption-table) — ahj-national is fallback-only and never adopts"
"ks-labette-labette-county","KS","Labette County Building Department","2017","2020","","2017|2020","necVersions (state-adoption-table) — ahj-national is fallback-only and never adopts"
"ks-lane-lane-county","KS","Lane County Building Department","2017","2020","","2017|2020","necVersions (state-adoption-table) — ahj-national is fallback-only and never adopts"
"ks-leavenworth-leavenworth","KS","City of Leavenworth Building Department","2017","2020","","2017|2020","necVersions (state-adoption-table) — ahj-national is fallback-only and never adopts"
"ks-leavenworth-leavenworth-county","KS","Leavenworth County Building Department","2017","2020","","2017|2020","necVersions (state-adoption-table) — ahj-national is fallback-only and never adopts"
"ks-lincoln-lincoln-county","KS","Lincoln County Building Department","2017","2020","","2017|2020","necVersions (state-adoption-table) — ahj-national is fallback-only and never adopts"
"ks-linn-linn-county","KS","Linn County Building Department","2017","2020","","2017|2020","necVersions (state-adoption-table) — ahj-national is fallback-only and never adopts"
"ks-logan-logan-county","KS","Logan County Building Department","2017","2020","","2017|2020","necVersions (state-adoption-table) — ahj-national is fallback-only and never adopts"
"ks-lyon-emporia","KS","City of Emporia Building Dept","2017","2020","","2017|2020","necVersions (state-adoption-table) — ahj-national is fallback-only and never adopts"
"ks-lyon-lyon-county","KS","Lyon County Building Department","2017","2020","","2017|2020","necVersions (state-adoption-table) — ahj-national is fallback-only and never adopts"
"ks-marion-marion-county","KS","Marion County Building Department","2017","2020","","2017|2020","necVersions (state-adoption-table) — ahj-national is fallback-only and never adopts"
"ks-marshall-marshall-county","KS","Marshall County Building Department","2017","2020","","2017|2020","necVersions (state-adoption-table) — ahj-national is fallback-only and never adopts"
"ks-mcpherson-mcpherson-county","KS","McPherson County Building Department","2017","2020","","2017|2020","necVersions (state-adoption-table) — ahj-national is fallback-only and never adopts"
"ks-meade-meade-county","KS","Meade County Building Department","2017","2020","","2017|2020","necVersions (state-adoption-table) — ahj-national is fallback-only and never adopts"
"ks-miami-miami-county","KS","Miami County Building Department","2017","2020","","2017|2020","necVersions (state-adoption-table) — ahj-national is fallback-only and never adopts"
"ks-mitchell-mitchell-county","KS","Mitchell County Building Department","2017","2020","","2017|2020","necVersions (state-adoption-table) — ahj-national is fallback-only and never adopts"
"ks-montgomery-montgomery-county","KS","Montgomery County Building Department","2017","2020","","2017|2020","necVersions (state-adoption-table) — ahj-national is fallback-only and never adopts"
"ks-morris-morris-county","KS","Morris County Building Department","2017","2020","","2017|2020","necVersions (state-adoption-table) — ahj-national is fallback-only and never adopts"
"ks-morton-morton-county","KS","Morton County Building Department","2017","2020","","2017|2020","necVersions (state-adoption-table) — ahj-national is fallback-only and never adopts"
"ks-nemaha-nemaha-county","KS","Nemaha County Building Department","2017","2020","","2017|2020","necVersions (state-adoption-table) — ahj-national is fallback-only and never adopts"
"ks-neosho-neosho-county","KS","Neosho County Building Department","2017","2020","","2017|2020","necVersions (state-adoption-table) — ahj-national is fallback-only and never adopts"
"ks-ness-ness-county","KS","Ness County Building Department","2017","2020","","2017|2020","necVersions (state-adoption-table) — ahj-national is fallback-only and never adopts"
"ks-norton-norton-county","KS","Norton County Building Department","2017","2020","","2017|2020","necVersions (state-adoption-table) — ahj-national is fallback-only and never adopts"
"ks-osage-osage-county","KS","Osage County Building Department","2017","2020","","2017|2020","necVersions (state-adoption-table) — ahj-national is fallback-only and never adopts"
"ks-osborne-osborne-county","KS","Osborne County Building Department","2017","2020","","2017|2020","necVersions (state-adoption-table) — ahj-national is fallback-only and never adopts"
"ks-ottawa-ottawa-county","KS","Ottawa County Building Department","2017","2020","","2017|2020","necVersions (state-adoption-table) — ahj-national is fallback-only and never adopts"
"ks-pawnee-pawnee-county","KS","Pawnee County Building Department","2017","2020","","2017|2020","necVersions (state-adoption-table) — ahj-national is fallback-only and never adopts"
"ks-phillips-phillips-county","KS","Phillips County Building Department","2017","2020","","2017|2020","necVersions (state-adoption-table) — ahj-national is fallback-only and never adopts"
"ks-pottawatomie-pottawatomie-county","KS","Pottawatomie County Building Department","2017","2020","","2017|2020","necVersions (state-adoption-table) — ahj-national is fallback-only and never adopts"
"ks-pratt-pratt-county","KS","Pratt County Building Department","2017","2020","","2017|2020","necVersions (state-adoption-table) — ahj-national is fallback-only and never adopts"
"ks-rawlins-rawlins-county","KS","Rawlins County Building Department","2017","2020","","2017|2020","necVersions (state-adoption-table) — ahj-national is fallback-only and never adopts"
"ks-reno-reno-county","KS","Reno County Building Department","2017","2020","","2017|2020","necVersions (state-adoption-table) — ahj-national is fallback-only and never adopts"
"ks-republic-republic-county","KS","Republic County Building Department","2017","2020","","2017|2020","necVersions (state-adoption-table) — ahj-national is fallback-only and never adopts"
"ks-rice-rice-county","KS","Rice County Building Department","2017","2020","","2017|2020","necVersions (state-adoption-table) — ahj-national is fallback-only and never adopts"
"ks-riley-manhattan","KS","City of Manhattan Building Department","2017","2020","","2017|2020","necVersions (state-adoption-table) — ahj-national is fallback-only and never adopts"
"ks-riley-riley-county","KS","Riley County Building Department","2017","2020","","2017|2020","necVersions (state-adoption-table) — ahj-national is fallback-only and never adopts"
"ks-rooks-rooks-county","KS","Rooks County Building Department","2017","2020","","2017|2020","necVersions (state-adoption-table) — ahj-national is fallback-only and never adopts"
"ks-rush-rush-county","KS","Rush County Building Department","2017","2020","","2017|2020","necVersions (state-adoption-table) — ahj-national is fallback-only and never adopts"
"ks-russell-russell-county","KS","Russell County Building Department","2017","2020","","2017|2020","necVersions (state-adoption-table) — ahj-national is fallback-only and never adopts"
"ks-saline-saline-county","KS","Saline County Building Department","2017","2020","","2017|2020","necVersions (state-adoption-table) — ahj-national is fallback-only and never adopts"
"ks-scott-scott-county","KS","Scott County Building Department","2017","2020","","2017|2020","necVersions (state-adoption-table) — ahj-national is fallback-only and never adopts"
"ks-sedgwick-sedgwick-county","KS","Sedgwick County Building Department","2017","2020","","2017|2020","necVersions (state-adoption-table) — ahj-national is fallback-only and never adopts"
"ks-seward-seward-county","KS","Seward County Building Department","2017","2020","","2017|2020","necVersions (state-adoption-table) — ahj-national is fallback-only and never adopts"
"ks-shawnee-topeka","KS","City of Topeka Building Department","2017","2020","","2017|2020","necVersions (state-adoption-table) — ahj-national is fallback-only and never adopts"
"ks-shawnee-shawnee-county","KS","Shawnee County Building Department","2017","2020","","2017|2020","necVersions (state-adoption-table) — ahj-national is fallback-only and never adopts"
"ks-sheridan-sheridan-county","KS","Sheridan County Building Department","2017","2020","","2017|2020","necVersions (state-adoption-table) — ahj-national is fallback-only and never adopts"
"ks-sherman-sherman-county","KS","Sherman County Building Department","2017","2020","","2017|2020","necVersions (state-adoption-table) — ahj-national is fallback-only and never adopts"
"ks-smith-smith-county","KS","Smith County Building Department","2017","2020","","2017|2020","necVersions (state-adoption-table) — ahj-national is fallback-only and never adopts"
"ks-stafford-stafford-county","KS","Stafford County Building Department","2017","2020","","2017|2020","necVersions (state-adoption-table) — ahj-national is fallback-only and never adopts"
"ks-stanton-stanton-county","KS","Stanton County Building Department","2017","2020","","2017|2020","necVersions (state-adoption-table) — ahj-national is fallback-only and never adopts"
"ks-stevens-stevens-county","KS","Stevens County Building Department","2017","2020","","2017|2020","necVersions (state-adoption-table) — ahj-national is fallback-only and never adopts"
"ks-sumner-sumner-county","KS","Sumner County Building Department","2017","2020","","2017|2020","necVersions (state-adoption-table) — ahj-national is fallback-only and never adopts"
"ks-thomas-thomas-county","KS","Thomas County Building Department","2017","2020","","2017|2020","necVersions (state-adoption-table) — ahj-national is fallback-only and never adopts"
"ks-trego-trego-county","KS","Trego County Building Department","2017","2020","","2017|2020","necVersions (state-adoption-table) — ahj-national is fallback-only and never adopts"
"ks-wabaunsee-wabaunsee-county","KS","Wabaunsee County Building Department","2017","2020","","2017|2020","necVersions (state-adoption-table) — ahj-national is fallback-only and never adopts"
"ks-wallace-wallace-county","KS","Wallace County Building Department","2017","2020","","2017|2020","necVersions (state-adoption-table) — ahj-national is fallback-only and never adopts"
"ks-washington-washington-county","KS","Washington County Building Department","2017","2020","","2017|2020","necVersions (state-adoption-table) — ahj-national is fallback-only and never adopts"
"ks-wichita-wichita-county","KS","Wichita County Building Department","2017","2020","","2017|2020","necVersions (state-adoption-table) — ahj-national is fallback-only and never adopts"
"ks-wilson-wilson-county","KS","Wilson County Building Department","2017","2020","","2017|2020","necVersions (state-adoption-table) — ahj-national is fallback-only and never adopts"
"ks-woodson-woodson-county","KS","Woodson County Building Department","2017","2020","","2017|2020","necVersions (state-adoption-table) — ahj-national is fallback-only and never adopts"
"ks-wyandotte-kansas-city","KS","Unified Government of Wyandotte County/KCK Building","2017","2020","","2017|2020","necVersions (state-adoption-table) — ahj-national is fallback-only and never adopts"
"ks-wyandotte-wyandotte-county","KS","Wyandotte County Building Department","2017","2020","","2017|2020","necVersions (state-adoption-table) — ahj-national is fallback-only and never adopts"
"ky-adair-adair-county","KY","Adair County Building Department","2017","2020","","2017|2020","necVersions (state-adoption-table) — ahj-national is fallback-only and never adopts"
"ky-allen-allen-county","KY","Allen County Building Department","2017","2020","","2017|2020","necVersions (state-adoption-table) — ahj-national is fallback-only and never adopts"
"ky-anderson-anderson-county","KY","Anderson County Building Department","2017","2020","","2017|2020","necVersions (state-adoption-table) — ahj-national is fallback-only and never adopts"
"ky-ballard-ballard-county","KY","Ballard County Building Department","2017","2020","","2017|2020","necVersions (state-adoption-table) — ahj-national is fallback-only and never adopts"
"ky-barren-barren-county","KY","Barren County Building Department","2017","2020","","2017|2020","necVersions (state-adoption-table) — ahj-national is fallback-only and never adopts"
"ky-bath-bath-county","KY","Bath County Building Department","2017","2020","","2017|2020","necVersions (state-adoption-table) — ahj-national is fallback-only and never adopts"
"ky-bell-bell-county","KY","Bell County Building Department","2017","2020","","2017|2020","necVersions (state-adoption-table) — ahj-national is fallback-only and never adopts"
"ky-boone-florence","KY","City of Florence Building Dept","2017","2020","","2017|2020","necVersions (state-adoption-table) — ahj-national is fallback-only and never adopts"
"ky-boone-boone-county","KY","Boone County Building Department","2017","2020","","2017|2020","necVersions (state-adoption-table) — ahj-national is fallback-only and never adopts"
"ky-bourbon-bourbon-county","KY","Bourbon County Building Department","2017","2020","","2017|2020","necVersions (state-adoption-table) — ahj-national is fallback-only and never adopts"
"ky-boyd-ashland","KY","City of Ashland Building Department","2017","2020","","2017|2020","necVersions (state-adoption-table) — ahj-national is fallback-only and never adopts"
"ky-boyd-boyd-county","KY","Boyd County Building Department","2017","2020","","2017|2020","necVersions (state-adoption-table) — ahj-national is fallback-only and never adopts"
"ky-boyle-danville","KY","City of Danville Building Dept","2017","2020","","2017|2020","necVersions (state-adoption-table) — ahj-national is fallback-only and never adopts"
"ky-boyle-boyle-county","KY","Boyle County Building Department","2017","2020","","2017|2020","necVersions (state-adoption-table) — ahj-national is fallback-only and never adopts"
"ky-bracken-bracken-county","KY","Bracken County Building Department","2017","2020","","2017|2020","necVersions (state-adoption-table) — ahj-national is fallback-only and never adopts"
"ky-breathitt-breathitt-county","KY","Breathitt County Building Department","2017","2020","","2017|2020","necVersions (state-adoption-table) — ahj-national is fallback-only and never adopts"
"ky-breckinridge-breckinridge-county","KY","Breckinridge County Building Department","2017","2020","","2017|2020","necVersions (state-adoption-table) — ahj-national is fallback-only and never adopts"
"ky-bullitt-bullitt-county","KY","Bullitt County Building Department","2017","2020","","2017|2020","necVersions (state-adoption-table) — ahj-national is fallback-only and never adopts"
"ky-butler-butler-county","KY","Butler County Building Department","2017","2020","","2017|2020","necVersions (state-adoption-table) — ahj-national is fallback-only and never adopts"
"ky-caldwell-caldwell-county","KY","Caldwell County Building Department","2017","2020","","2017|2020","necVersions (state-adoption-table) — ahj-national is fallback-only and never adopts"
"ky-calloway-calloway-county","KY","Calloway County Building Department","2017","2020","","2017|2020","necVersions (state-adoption-table) — ahj-national is fallback-only and never adopts"
"ky-campbell-campbell-county","KY","Campbell County Building Department","2017","2020","","2017|2020","necVersions (state-adoption-table) — ahj-national is fallback-only and never adopts"
"ky-carlisle-carlisle-county","KY","Carlisle County Building Department","2017","2020","","2017|2020","necVersions (state-adoption-table) — ahj-national is fallback-only and never adopts"
"ky-carroll-carroll-county","KY","Carroll County Building Department","2017","2020","","2017|2020","necVersions (state-adoption-table) — ahj-national is fallback-only and never adopts"
"ky-carter-carter-county","KY","Carter County Building Department","2017","2020","","2017|2020","necVersions (state-adoption-table) — ahj-national is fallback-only and never adopts"
"ky-casey-casey-county","KY","Casey County Building Department","2017","2020","","2017|2020","necVersions (state-adoption-table) — ahj-national is fallback-only and never adopts"
"ky-christian-hopkinsville","KY","City of Hopkinsville Building Dept","2017","2020","","2017|2020","necVersions (state-adoption-table) — ahj-national is fallback-only and never adopts"
"ky-christian-christian-county","KY","Christian County Building Department","2017","2020","","2017|2020","necVersions (state-adoption-table) — ahj-national is fallback-only and never adopts"
"ky-clark-clark-county","KY","Clark County Building Department","2017","2020","","2017|2020","necVersions (state-adoption-table) — ahj-national is fallback-only and never adopts"
"ky-clay-clay-county","KY","Clay County Building Department","2017","2020","","2017|2020","necVersions (state-adoption-table) — ahj-national is fallback-only and never adopts"
"ky-clinton-clinton-county","KY","Clinton County Building Department","2017","2020","","2017|2020","necVersions (state-adoption-table) — ahj-national is fallback-only and never adopts"
"ky-crittenden-crittenden-county","KY","Crittenden County Building Department","2017","2020","","2017|2020","necVersions (state-adoption-table) — ahj-national is fallback-only and never adopts"
"ky-cumberland-cumberland-county","KY","Cumberland County Building Department","2017","2020","","2017|2020","necVersions (state-adoption-table) — ahj-national is fallback-only and never adopts"
"ky-daviess-owensboro","KY","City of Owensboro Building Department","2017","2020","","2017|2020","necVersions (state-adoption-table) — ahj-national is fallback-only and never adopts"
"ky-daviess-daviess-county","KY","Daviess County Building Department","2017","2020","","2017|2020","necVersions (state-adoption-table) — ahj-national is fallback-only and never adopts"
"ky-edmonson-edmonson-county","KY","Edmonson County Building Department","2017","2020","","2017|2020","necVersions (state-adoption-table) — ahj-national is fallback-only and never adopts"
"ky-elliott-elliott-county","KY","Elliott County Building Department","2017","2020","","2017|2020","necVersions (state-adoption-table) — ahj-national is fallback-only and never adopts"
"ky-estill-estill-county","KY","Estill County Building Department","2017","2020","","2017|2020","necVersions (state-adoption-table) — ahj-national is fallback-only and never adopts"
"ky-fayette-lexington","KY","City of Lexington Building Department","2017","2020","","2017|2020","necVersions (state-adoption-table) — ahj-national is fallback-only and never adopts"
"ky-fayette-fayette-county","KY","Fayette County Building Department","2017","2020","","2017|2020","necVersions (state-adoption-table) — ahj-national is fallback-only and never adopts"
"ky-fleming-fleming-county","KY","Fleming County Building Department","2017","2020","","2017|2020","necVersions (state-adoption-table) — ahj-national is fallback-only and never adopts"
"ky-floyd-floyd-county","KY","Floyd County Building Department","2017","2020","","2017|2020","necVersions (state-adoption-table) — ahj-national is fallback-only and never adopts"
"ky-franklin-frankfort","KY","City of Frankfort Building Department","2017","2020","","2017|2020","necVersions (state-adoption-table) — ahj-national is fallback-only and never adopts"
"ky-franklin-franklin-county","KY","Franklin County Building Department","2017","2020","","2017|2020","necVersions (state-adoption-table) — ahj-national is fallback-only and never adopts"
"ky-fulton-fulton-county","KY","Fulton County Building Department","2017","2020","","2017|2020","necVersions (state-adoption-table) — ahj-national is fallback-only and never adopts"
"ky-gallatin-gallatin-county","KY","Gallatin County Building Department","2017","2020","","2017|2020","necVersions (state-adoption-table) — ahj-national is fallback-only and never adopts"
"ky-garrard-garrard-county","KY","Garrard County Building Department","2017","2020","","2017|2020","necVersions (state-adoption-table) — ahj-national is fallback-only and never adopts"
"ky-grant-grant-county","KY","Grant County Building Department","2017","2020","","2017|2020","necVersions (state-adoption-table) — ahj-national is fallback-only and never adopts"
"ky-graves-graves-county","KY","Graves County Building Department","2017","2020","","2017|2020","necVersions (state-adoption-table) — ahj-national is fallback-only and never adopts"
"ky-grayson-grayson-county","KY","Grayson County Building Department","2017","2020","","2017|2020","necVersions (state-adoption-table) — ahj-national is fallback-only and never adopts"
"ky-green-green-county","KY","Green County Building Department","2017","2020","","2017|2020","necVersions (state-adoption-table) — ahj-national is fallback-only and never adopts"
"ky-greenup-greenup-county","KY","Greenup County Building Department","2017","2020","","2017|2020","necVersions (state-adoption-table) — ahj-national is fallback-only and never adopts"
"ky-hancock-hancock-county","KY","Hancock County Building Department","2017","2020","","2017|2020","necVersions (state-adoption-table) — ahj-national is fallback-only and never adopts"
"ky-hardin-elizabethtown","KY","City of Elizabethtown Building Dept","2017","2020","","2017|2020","necVersions (state-adoption-table) — ahj-national is fallback-only and never adopts"
"ky-hardin-hardin-county","KY","Hardin County Building Department","2017","2020","","2017|2020","necVersions (state-adoption-table) — ahj-national is fallback-only and never adopts"
"ky-harlan-harlan-county","KY","Harlan County Building Department","2017","2020","","2017|2020","necVersions (state-adoption-table) — ahj-national is fallback-only and never adopts"
"ky-harrison-harrison-county","KY","Harrison County Building Department","2017","2020","","2017|2020","necVersions (state-adoption-table) — ahj-national is fallback-only and never adopts"
"ky-hart-hart-county","KY","Hart County Building Department","2017","2020","","2017|2020","necVersions (state-adoption-table) — ahj-national is fallback-only and never adopts"
"ky-henderson-henderson","KY","City of Henderson Building Department","2017","2020","","2017|2020","necVersions (state-adoption-table) — ahj-national is fallback-only and never adopts"
"ky-henderson-henderson-county","KY","Henderson County Building Department","2017","2020","","2017|2020","necVersions (state-adoption-table) — ahj-national is fallback-only and never adopts"
"ky-henry-henry-county","KY","Henry County Building Department","2017","2020","","2017|2020","necVersions (state-adoption-table) — ahj-national is fallback-only and never adopts"
"ky-hickman-hickman-county","KY","Hickman County Building Department","2017","2020","","2017|2020","necVersions (state-adoption-table) — ahj-national is fallback-only and never adopts"
"ky-hopkins-hopkins-county","KY","Hopkins County Building Department","2017","2020","","2017|2020","necVersions (state-adoption-table) — ahj-national is fallback-only and never adopts"
"ky-jackson-jackson-county","KY","Jackson County Building Department","2017","2020","","2017|2020","necVersions (state-adoption-table) — ahj-national is fallback-only and never adopts"
"ky-jefferson-jefferson-county","KY","Jefferson County Building Department","2017","2020","","2017|2020","necVersions (state-adoption-table) — ahj-national is fallback-only and never adopts"
"ky-jessamine-nicholasville","KY","City of Nicholasville Building Dept","2017","2020","","2017|2020","necVersions (state-adoption-table) — ahj-national is fallback-only and never adopts"
"ky-jessamine-jessamine-county","KY","Jessamine County Building Department","2017","2020","","2017|2020","necVersions (state-adoption-table) — ahj-national is fallback-only and never adopts"
"ky-johnson-johnson-county","KY","Johnson County Building Department","2017","2020","","2017|2020","necVersions (state-adoption-table) — ahj-national is fallback-only and never adopts"
"ky-kenton-covington","KY","City of Covington Building Department","2017","2020","","2017|2020","necVersions (state-adoption-table) — ahj-national is fallback-only and never adopts"
"ky-kenton-kenton-county","KY","Kenton County Building Department","2017","2020","","2017|2020","necVersions (state-adoption-table) — ahj-national is fallback-only and never adopts"
"ky-knott-knott-county","KY","Knott County Building Department","2017","2020","","2017|2020","necVersions (state-adoption-table) — ahj-national is fallback-only and never adopts"
"ky-knox-knox-county","KY","Knox County Building Department","2017","2020","","2017|2020","necVersions (state-adoption-table) — ahj-national is fallback-only and never adopts"
"ky-larue-larue-county","KY","Larue County Building Department","2017","2020","","2017|2020","necVersions (state-adoption-table) — ahj-national is fallback-only and never adopts"
"ky-laurel-laurel-county","KY","Laurel County Building Department","2017","2020","","2017|2020","necVersions (state-adoption-table) — ahj-national is fallback-only and never adopts"
"ky-lawrence-lawrence-county","KY","Lawrence County Building Department","2017","2020","","2017|2020","necVersions (state-adoption-table) — ahj-national is fallback-only and never adopts"
"ky-lee-lee-county","KY","Lee County Building Department","2017","2020","","2017|2020","necVersions (state-adoption-table) — ahj-national is fallback-only and never adopts"
"ky-leslie-leslie-county","KY","Leslie County Building Department","2017","2020","","2017|2020","necVersions (state-adoption-table) — ahj-national is fallback-only and never adopts"
"ky-letcher-letcher-county","KY","Letcher County Building Department","2017","2020","","2017|2020","necVersions (state-adoption-table) — ahj-national is fallback-only and never adopts"
"ky-lewis-lewis-county","KY","Lewis County Building Department","2017","2020","","2017|2020","necVersions (state-adoption-table) — ahj-national is fallback-only and never adopts"
"ky-lincoln-lincoln-county","KY","Lincoln County Building Department","2017","2020","","2017|2020","necVersions (state-adoption-table) — ahj-national is fallback-only and never adopts"
"ky-livingston-livingston-county","KY","Livingston County Building Department","2017","2020","","2017|2020","necVersions (state-adoption-table) — ahj-national is fallback-only and never adopts"
"ky-logan-logan-county","KY","Logan County Building Department","2017","2020","","2017|2020","necVersions (state-adoption-table) — ahj-national is fallback-only and never adopts"
"ky-lyon-lyon-county","KY","Lyon County Building Department","2017","2020","","2017|2020","necVersions (state-adoption-table) — ahj-national is fallback-only and never adopts"
"ky-madison-richmond","KY","City of Richmond Building Dept","2017","2020","","2017|2020","necVersions (state-adoption-table) — ahj-national is fallback-only and never adopts"
"ky-madison-madison-county","KY","Madison County Building Department","2017","2020","","2017|2020","necVersions (state-adoption-table) — ahj-national is fallback-only and never adopts"
"ky-magoffin-magoffin-county","KY","Magoffin County Building Department","2017","2020","","2017|2020","necVersions (state-adoption-table) — ahj-national is fallback-only and never adopts"
"ky-marion-marion-county","KY","Marion County Building Department","2017","2020","","2017|2020","necVersions (state-adoption-table) — ahj-national is fallback-only and never adopts"
"ky-marshall-marshall-county","KY","Marshall County Building Department","2017","2020","","2017|2020","necVersions (state-adoption-table) — ahj-national is fallback-only and never adopts"
"ky-martin-martin-county","KY","Martin County Building Department","2017","2020","","2017|2020","necVersions (state-adoption-table) — ahj-national is fallback-only and never adopts"
"ky-mason-mason-county","KY","Mason County Building Department","2017","2020","","2017|2020","necVersions (state-adoption-table) — ahj-national is fallback-only and never adopts"
"ky-mccracken-paducah","KY","City of Paducah Building Department","2017","2020","","2017|2020","necVersions (state-adoption-table) — ahj-national is fallback-only and never adopts"
"ky-mccracken-mccracken-county","KY","McCracken County Building Department","2017","2020","","2017|2020","necVersions (state-adoption-table) — ahj-national is fallback-only and never adopts"
"ky-mccreary-mccreary-county","KY","McCreary County Building Department","2017","2020","","2017|2020","necVersions (state-adoption-table) — ahj-national is fallback-only and never adopts"
"ky-mclean-mclean-county","KY","McLean County Building Department","2017","2020","","2017|2020","necVersions (state-adoption-table) — ahj-national is fallback-only and never adopts"
"ky-meade-meade-county","KY","Meade County Building Department","2017","2020","","2017|2020","necVersions (state-adoption-table) — ahj-national is fallback-only and never adopts"
"ky-menifee-menifee-county","KY","Menifee County Building Department","2017","2020","","2017|2020","necVersions (state-adoption-table) — ahj-national is fallback-only and never adopts"
"ky-mercer-mercer-county","KY","Mercer County Building Department","2017","2020","","2017|2020","necVersions (state-adoption-table) — ahj-national is fallback-only and never adopts"
"ky-metcalfe-metcalfe-county","KY","Metcalfe County Building Department","2017","2020","","2017|2020","necVersions (state-adoption-table) — ahj-national is fallback-only and never adopts"
"ky-monroe-monroe-county","KY","Monroe County Building Department","2017","2020","","2017|2020","necVersions (state-adoption-table) — ahj-national is fallback-only and never adopts"
"ky-montgomery-montgomery-county","KY","Montgomery County Building Department","2017","2020","","2017|2020","necVersions (state-adoption-table) — ahj-national is fallback-only and never adopts"
"ky-morgan-morgan-county","KY","Morgan County Building Department","2017","2020","","2017|2020","necVersions (state-adoption-table) — ahj-national is fallback-only and never adopts"
"ky-muhlenberg-muhlenberg-county","KY","Muhlenberg County Building Department","2017","2020","","2017|2020","necVersions (state-adoption-table) — ahj-national is fallback-only and never adopts"
"ky-nelson-nelson-county","KY","Nelson County Building Department","2017","2020","","2017|2020","necVersions (state-adoption-table) — ahj-national is fallback-only and never adopts"
"ky-nicholas-nicholas-county","KY","Nicholas County Building Department","2017","2020","","2017|2020","necVersions (state-adoption-table) — ahj-national is fallback-only and never adopts"
"ky-ohio-ohio-county","KY","Ohio County Building Department","2017","2020","","2017|2020","necVersions (state-adoption-table) — ahj-national is fallback-only and never adopts"
"ky-oldham-oldham-county","KY","Oldham County Building Department","2017","2020","","2017|2020","necVersions (state-adoption-table) — ahj-national is fallback-only and never adopts"
"ky-owen-owen-county","KY","Owen County Building Department","2017","2020","","2017|2020","necVersions (state-adoption-table) — ahj-national is fallback-only and never adopts"
"ky-owsley-owsley-county","KY","Owsley County Building Department","2017","2020","","2017|2020","necVersions (state-adoption-table) — ahj-national is fallback-only and never adopts"
"ky-pendleton-pendleton-county","KY","Pendleton County Building Department","2017","2020","","2017|2020","necVersions (state-adoption-table) — ahj-national is fallback-only and never adopts"
"ky-perry-perry-county","KY","Perry County Building Department","2017","2020","","2017|2020","necVersions (state-adoption-table) — ahj-national is fallback-only and never adopts"
"ky-pike-pikeville","KY","City of Pikeville Building Department","2017","2020","","2017|2020","necVersions (state-adoption-table) — ahj-national is fallback-only and never adopts"
"ky-pike-pike-county","KY","Pike County Building Department","2017","2020","","2017|2020","necVersions (state-adoption-table) — ahj-national is fallback-only and never adopts"
"ky-powell-powell-county","KY","Powell County Building Department","2017","2020","","2017|2020","necVersions (state-adoption-table) — ahj-national is fallback-only and never adopts"
"ky-pulaski-somerset","KY","City of Somerset Building Dept","2017","2020","","2017|2020","necVersions (state-adoption-table) — ahj-national is fallback-only and never adopts"
"ky-pulaski-pulaski-county","KY","Pulaski County Building Department","2017","2020","","2017|2020","necVersions (state-adoption-table) — ahj-national is fallback-only and never adopts"
"ky-robertson-robertson-county","KY","Robertson County Building Department","2017","2020","","2017|2020","necVersions (state-adoption-table) — ahj-national is fallback-only and never adopts"
"ky-rockcastle-rockcastle-county","KY","Rockcastle County Building Department","2017","2020","","2017|2020","necVersions (state-adoption-table) — ahj-national is fallback-only and never adopts"
"ky-rowan-morehead","KY","City of Morehead Building Dept","2017","2020","","2017|2020","necVersions (state-adoption-table) — ahj-national is fallback-only and never adopts"
"ky-rowan-rowan-county","KY","Rowan County Building Department","2017","2020","","2017|2020","necVersions (state-adoption-table) — ahj-national is fallback-only and never adopts"
"ky-russell-russell-county","KY","Russell County Building Department","2017","2020","","2017|2020","necVersions (state-adoption-table) — ahj-national is fallback-only and never adopts"
"ky-scott-georgetown","KY","City of Georgetown Building Dept","2017","2020","","2017|2020","necVersions (state-adoption-table) — ahj-national is fallback-only and never adopts"
"ky-scott-scott-county","KY","Scott County Building Department","2017","2020","","2017|2020","necVersions (state-adoption-table) — ahj-national is fallback-only and never adopts"
"ky-shelby-shelby-county","KY","Shelby County Building Department","2017","2020","","2017|2020","necVersions (state-adoption-table) — ahj-national is fallback-only and never adopts"
"ky-simpson-simpson-county","KY","Simpson County Building Department","2017","2020","","2017|2020","necVersions (state-adoption-table) — ahj-national is fallback-only and never adopts"
"ky-spencer-spencer-county","KY","Spencer County Building Department","2017","2020","","2017|2020","necVersions (state-adoption-table) — ahj-national is fallback-only and never adopts"
"ky-taylor-taylor-county","KY","Taylor County Building Department","2017","2020","","2017|2020","necVersions (state-adoption-table) — ahj-national is fallback-only and never adopts"
"ky-todd-todd-county","KY","Todd County Building Department","2017","2020","","2017|2020","necVersions (state-adoption-table) — ahj-national is fallback-only and never adopts"
"ky-trigg-trigg-county","KY","Trigg County Building Department","2017","2020","","2017|2020","necVersions (state-adoption-table) — ahj-national is fallback-only and never adopts"
"ky-trimble-trimble-county","KY","Trimble County Building Department","2017","2020","","2017|2020","necVersions (state-adoption-table) — ahj-national is fallback-only and never adopts"
"ky-union-union-county","KY","Union County Building Department","2017","2020","","2017|2020","necVersions (state-adoption-table) — ahj-national is fallback-only and never adopts"
"ky-warren-bowling-green","KY","City of Bowling Green Building Department","2017","2020","","2017|2020","necVersions (state-adoption-table) — ahj-national is fallback-only and never adopts"
"ky-warren-warren-county","KY","Warren County Building Department","2017","2020","","2017|2020","necVersions (state-adoption-table) — ahj-national is fallback-only and never adopts"
"ky-washington-washington-county","KY","Washington County Building Department","2017","2020","","2017|2020","necVersions (state-adoption-table) — ahj-national is fallback-only and never adopts"
"ky-wayne-wayne-county","KY","Wayne County Building Department","2017","2020","","2017|2020","necVersions (state-adoption-table) — ahj-national is fallback-only and never adopts"
"ky-webster-webster-county","KY","Webster County Building Department","2017","2020","","2017|2020","necVersions (state-adoption-table) — ahj-national is fallback-only and never adopts"
"ky-whitley-whitley-county","KY","Whitley County Building Department","2017","2020","","2017|2020","necVersions (state-adoption-table) — ahj-national is fallback-only and never adopts"
"ky-wolfe-wolfe-county","KY","Wolfe County Building Department","2017","2020","","2017|2020","necVersions (state-adoption-table) — ahj-national is fallback-only and never adopts"
"ky-woodford-woodford-county","KY","Woodford County Building Department","2017","2020","","2017|2020","necVersions (state-adoption-table) — ahj-national is fallback-only and never adopts"
"la-ascension-prairieville","LA","Ascension Parish Building Dept","2017","2020","","2017|2020","necVersions (state-adoption-table) — ahj-national is fallback-only and never adopts"
"la-bossier-bossier-city","LA","City of Bossier City Building Dept","2017","2020","","2017|2020","necVersions (state-adoption-table) — ahj-national is fallback-only and never adopts"
"la-caddo-shreveport","LA","City of Shreveport Building Department","2017","2020","","2017|2020","necVersions (state-adoption-table) — ahj-national is fallback-only and never adopts"
"la-calcasieu-lake-charles","LA","City of Lake Charles Building Dept","2017","2020","","2017|2020","necVersions (state-adoption-table) — ahj-national is fallback-only and never adopts"
"la-jefferson-kenner","LA","City of Kenner Building Dept","2017","2020","","2017|2020","necVersions (state-adoption-table) — ahj-national is fallback-only and never adopts"
"la-lafayette-lafayette","LA","City of Lafayette Building Department","2017","2020","","2017|2020","necVersions (state-adoption-table) — ahj-national is fallback-only and never adopts"
"la-ouachita-monroe","LA","City of Monroe Building Dept","2017","2020","","2017|2020","necVersions (state-adoption-table) — ahj-national is fallback-only and never adopts"
"la-rapides-alexandria","LA","City of Alexandria Building Dept","2017","2020","","2017|2020","necVersions (state-adoption-table) — ahj-national is fallback-only and never adopts"
"la-st-tammany-slidell","LA","City of Slidell Building Dept","2017","2020","","2017|2020","necVersions (state-adoption-table) — ahj-national is fallback-only and never adopts"
"la-terrebonne-houma","LA","City of Houma Building Dept","2017","2020","","2017|2020","necVersions (state-adoption-table) — ahj-national is fallback-only and never adopts"
"mo-adair-adair-county","MO","Adair County Building Department","2017","2020","","2017|2020","necVersions (state-adoption-table) — ahj-national is fallback-only and never adopts"
"mo-andrew-andrew-county","MO","Andrew County Building Department","2017","2020","","2017|2020","necVersions (state-adoption-table) — ahj-national is fallback-only and never adopts"
"mo-atchison-atchison-county","MO","Atchison County Building Department","2017","2020","","2017|2020","necVersions (state-adoption-table) — ahj-national is fallback-only and never adopts"
"mo-audrain-audrain-county","MO","Audrain County Building Department","2017","2020","","2017|2020","necVersions (state-adoption-table) — ahj-national is fallback-only and never adopts"
"mo-barry-barry-county","MO","Barry County Building Department","2017","2020","","2017|2020","necVersions (state-adoption-table) — ahj-national is fallback-only and never adopts"
"mo-barton-barton-county","MO","Barton County Building Department","2017","2020","","2017|2020","necVersions (state-adoption-table) — ahj-national is fallback-only and never adopts"
"mo-bates-bates-county","MO","Bates County Building Department","2017","2020","","2017|2020","necVersions (state-adoption-table) — ahj-national is fallback-only and never adopts"
"mo-benton-benton-county","MO","Benton County Building Department","2017","2020","","2017|2020","necVersions (state-adoption-table) — ahj-national is fallback-only and never adopts"
"mo-bollinger-bollinger-county","MO","Bollinger County Building Department","2017","2020","","2017|2020","necVersions (state-adoption-table) — ahj-national is fallback-only and never adopts"
"mo-boone-columbia","MO","City of Columbia Building Department","2017","2020","","2017|2020","necVersions (state-adoption-table) — ahj-national is fallback-only and never adopts"
"mo-boone-boone-county","MO","Boone County Building Department","2017","2020","","2017|2020","necVersions (state-adoption-table) — ahj-national is fallback-only and never adopts"
"mo-buchanan-st-joseph","MO","City of St. Joseph Building Department","2017","2020","","2017|2020","necVersions (state-adoption-table) — ahj-national is fallback-only and never adopts"
"mo-buchanan-buchanan-county","MO","Buchanan County Building Department","2017","2020","","2017|2020","necVersions (state-adoption-table) — ahj-national is fallback-only and never adopts"
"mo-butler-butler-county","MO","Butler County Building Department","2017","2020","","2017|2020","necVersions (state-adoption-table) — ahj-national is fallback-only and never adopts"
"mo-caldwell-caldwell-county","MO","Caldwell County Building Department","2017","2020","","2017|2020","necVersions (state-adoption-table) — ahj-national is fallback-only and never adopts"
"mo-callaway-callaway-county","MO","Callaway County Building Department","2017","2020","","2017|2020","necVersions (state-adoption-table) — ahj-national is fallback-only and never adopts"
"mo-camden-camden-county","MO","Camden County Building Department","2017","2020","","2017|2020","necVersions (state-adoption-table) — ahj-national is fallback-only and never adopts"
"mo-cape-girardeau-cape-girardeau","MO","City of Cape Girardeau Building Dept","2017","2020","","2017|2020","necVersions (state-adoption-table) — ahj-national is fallback-only and never adopts"
"mo-cape-girardeau-cape-girardeau-county","MO","Cape Girardeau County Building Department","2017","2020","","2017|2020","necVersions (state-adoption-table) — ahj-national is fallback-only and never adopts"
"mo-carroll-carroll-county","MO","Carroll County Building Department","2017","2020","","2017|2020","necVersions (state-adoption-table) — ahj-national is fallback-only and never adopts"
"mo-carter-carter-county","MO","Carter County Building Department","2017","2020","","2017|2020","necVersions (state-adoption-table) — ahj-national is fallback-only and never adopts"
"mo-cass-cass-county","MO","Cass County Building Department","2017","2020","","2017|2020","necVersions (state-adoption-table) — ahj-national is fallback-only and never adopts"
"mo-cedar-cedar-county","MO","Cedar County Building Department","2017","2020","","2017|2020","necVersions (state-adoption-table) — ahj-national is fallback-only and never adopts"
"mo-chariton-chariton-county","MO","Chariton County Building Department","2017","2020","","2017|2020","necVersions (state-adoption-table) — ahj-national is fallback-only and never adopts"
"mo-christian-nixa","MO","City of Nixa Building Dept","2017","2020","","2017|2020","necVersions (state-adoption-table) — ahj-national is fallback-only and never adopts"
"mo-christian-christian-county","MO","Christian County Building Department","2017","2020","","2017|2020","necVersions (state-adoption-table) — ahj-national is fallback-only and never adopts"
"mo-clark-clark-county","MO","Clark County Building Department","2017","2020","","2017|2020","necVersions (state-adoption-table) — ahj-national is fallback-only and never adopts"
"mo-clay-clay-county","MO","Clay County Building Department","2017","2020","","2017|2020","necVersions (state-adoption-table) — ahj-national is fallback-only and never adopts"
"mo-clinton-clinton-county","MO","Clinton County Building Department","2017","2020","","2017|2020","necVersions (state-adoption-table) — ahj-national is fallback-only and never adopts"
"mo-cole-jefferson-city","MO","City of Jefferson City Building Department","2017","2020","","2017|2020","necVersions (state-adoption-table) — ahj-national is fallback-only and never adopts"
"mo-cole-cole-county","MO","Cole County Building Department","2017","2020","","2017|2020","necVersions (state-adoption-table) — ahj-national is fallback-only and never adopts"
"mo-cooper-cooper-county","MO","Cooper County Building Department","2017","2020","","2017|2020","necVersions (state-adoption-table) — ahj-national is fallback-only and never adopts"
"mo-crawford-crawford-county","MO","Crawford County Building Department","2017","2020","","2017|2020","necVersions (state-adoption-table) — ahj-national is fallback-only and never adopts"
"mo-dade-dade-county","MO","Dade County Building Department","2017","2020","","2017|2020","necVersions (state-adoption-table) — ahj-national is fallback-only and never adopts"
"mo-dallas-dallas-county","MO","Dallas County Building Department","2017","2020","","2017|2020","necVersions (state-adoption-table) — ahj-national is fallback-only and never adopts"
"mo-daviess-daviess-county","MO","Daviess County Building Department","2017","2020","","2017|2020","necVersions (state-adoption-table) — ahj-national is fallback-only and never adopts"
"mo-dekalb-dekalb-county","MO","DeKalb County Building Department","2017","2020","","2017|2020","necVersions (state-adoption-table) — ahj-national is fallback-only and never adopts"
"mo-dent-dent-county","MO","Dent County Building Department","2017","2020","","2017|2020","necVersions (state-adoption-table) — ahj-national is fallback-only and never adopts"
"mo-douglas-douglas-county","MO","Douglas County Building Department","2017","2020","","2017|2020","necVersions (state-adoption-table) — ahj-national is fallback-only and never adopts"
"mo-dunklin-dunklin-county","MO","Dunklin County Building Department","2017","2020","","2017|2020","necVersions (state-adoption-table) — ahj-national is fallback-only and never adopts"
"mo-franklin-franklin-county","MO","Franklin County Building Department","2017","2020","","2017|2020","necVersions (state-adoption-table) — ahj-national is fallback-only and never adopts"
"mo-gasconade-gasconade-county","MO","Gasconade County Building Department","2017","2020","","2017|2020","necVersions (state-adoption-table) — ahj-national is fallback-only and never adopts"
"mo-gentry-gentry-county","MO","Gentry County Building Department","2017","2020","","2017|2020","necVersions (state-adoption-table) — ahj-national is fallback-only and never adopts"
"mo-greene-springfield","MO","City of Springfield Building Development Services","2017","2020","","2017|2020","necVersions (state-adoption-table) — ahj-national is fallback-only and never adopts"
"mo-greene-greene-county","MO","Greene County Building Department","2017","2020","","2017|2020","necVersions (state-adoption-table) — ahj-national is fallback-only and never adopts"
"mo-grundy-grundy-county","MO","Grundy County Building Department","2017","2020","","2017|2020","necVersions (state-adoption-table) — ahj-national is fallback-only and never adopts"
"mo-harrison-harrison-county","MO","Harrison County Building Department","2017","2020","","2017|2020","necVersions (state-adoption-table) — ahj-national is fallback-only and never adopts"
"mo-henry-henry-county","MO","Henry County Building Department","2017","2020","","2017|2020","necVersions (state-adoption-table) — ahj-national is fallback-only and never adopts"
"mo-hickory-hickory-county","MO","Hickory County Building Department","2017","2020","","2017|2020","necVersions (state-adoption-table) — ahj-national is fallback-only and never adopts"
"mo-holt-holt-county","MO","Holt County Building Department","2017","2020","","2017|2020","necVersions (state-adoption-table) — ahj-national is fallback-only and never adopts"
"mo-howard-howard-county","MO","Howard County Building Department","2017","2020","","2017|2020","necVersions (state-adoption-table) — ahj-national is fallback-only and never adopts"
"mo-howell-howell-county","MO","Howell County Building Department","2017","2020","","2017|2020","necVersions (state-adoption-table) — ahj-national is fallback-only and never adopts"
"mo-iron-iron-county","MO","Iron County Building Department","2017","2020","","2017|2020","necVersions (state-adoption-table) — ahj-national is fallback-only and never adopts"
"mo-jackson-blue-springs","MO","City of Blue Springs Building Dept","2017","2020","","2017|2020","necVersions (state-adoption-table) — ahj-national is fallback-only and never adopts"
"mo-jackson-independence","MO","City of Independence Building Department","2017","2020","","2017|2020","necVersions (state-adoption-table) — ahj-national is fallback-only and never adopts"
"mo-jackson-lees-summit","MO","City of Lee's Summit Building Department","2017","2020","","2017|2020","necVersions (state-adoption-table) — ahj-national is fallback-only and never adopts"
"mo-jackson-raytown","MO","City of Raytown Building Dept","2017","2020","","2017|2020","necVersions (state-adoption-table) — ahj-national is fallback-only and never adopts"
"mo-jackson-jackson-county","MO","Jackson County Building Department","2017","2020","","2017|2020","necVersions (state-adoption-table) — ahj-national is fallback-only and never adopts"
"mo-jasper-joplin","MO","City of Joplin Building Department","2017","2020","","2017|2020","necVersions (state-adoption-table) — ahj-national is fallback-only and never adopts"
"mo-jasper-jasper-county","MO","Jasper County Building Department","2017","2020","","2017|2020","necVersions (state-adoption-table) — ahj-national is fallback-only and never adopts"
"mo-jefferson-jefferson-county","MO","Jefferson County Building Department","2017","2020","","2017|2020","necVersions (state-adoption-table) — ahj-national is fallback-only and never adopts"
"mo-johnson-johnson-county","MO","Johnson County Building Department","2017","2020","","2017|2020","necVersions (state-adoption-table) — ahj-national is fallback-only and never adopts"
"mo-knox-knox-county","MO","Knox County Building Department","2017","2020","","2017|2020","necVersions (state-adoption-table) — ahj-national is fallback-only and never adopts"
"mo-laclede-laclede-county","MO","Laclede County Building Department","2017","2020","","2017|2020","necVersions (state-adoption-table) — ahj-national is fallback-only and never adopts"
"mo-lafayette-lafayette-county","MO","Lafayette County Building Department","2017","2020","","2017|2020","necVersions (state-adoption-table) — ahj-national is fallback-only and never adopts"
"mo-lawrence-lawrence-county","MO","Lawrence County Building Department","2017","2020","","2017|2020","necVersions (state-adoption-table) — ahj-national is fallback-only and never adopts"
"mo-lewis-lewis-county","MO","Lewis County Building Department","2017","2020","","2017|2020","necVersions (state-adoption-table) — ahj-national is fallback-only and never adopts"
"mo-lincoln-lincoln-county","MO","Lincoln County Building Department","2017","2020","","2017|2020","necVersions (state-adoption-table) — ahj-national is fallback-only and never adopts"
"mo-linn-linn-county","MO","Linn County Building Department","2017","2020","","2017|2020","necVersions (state-adoption-table) — ahj-national is fallback-only and never adopts"
"mo-livingston-livingston-county","MO","Livingston County Building Department","2017","2020","","2017|2020","necVersions (state-adoption-table) — ahj-national is fallback-only and never adopts"
"mo-macon-macon-county","MO","Macon County Building Department","2017","2020","","2017|2020","necVersions (state-adoption-table) — ahj-national is fallback-only and never adopts"
"mo-madison-madison-county","MO","Madison County Building Department","2017","2020","","2017|2020","necVersions (state-adoption-table) — ahj-national is fallback-only and never adopts"
"mo-maries-maries-county","MO","Maries County Building Department","2017","2020","","2017|2020","necVersions (state-adoption-table) — ahj-national is fallback-only and never adopts"
"mo-marion-marion-county","MO","Marion County Building Department","2017","2020","","2017|2020","necVersions (state-adoption-table) — ahj-national is fallback-only and never adopts"
"mo-mcdonald-mcdonald-county","MO","McDonald County Building Department","2017","2020","","2017|2020","necVersions (state-adoption-table) — ahj-national is fallback-only and never adopts"
"mo-mercer-mercer-county","MO","Mercer County Building Department","2017","2020","","2017|2020","necVersions (state-adoption-table) — ahj-national is fallback-only and never adopts"
"mo-miller-miller-county","MO","Miller County Building Department","2017","2020","","2017|2020","necVersions (state-adoption-table) — ahj-national is fallback-only and never adopts"
"mo-mississippi-mississippi-county","MO","Mississippi County Building Department","2017","2020","","2017|2020","necVersions (state-adoption-table) — ahj-national is fallback-only and never adopts"
"mo-moniteau-moniteau-county","MO","Moniteau County Building Department","2017","2020","","2017|2020","necVersions (state-adoption-table) — ahj-national is fallback-only and never adopts"
"mo-monroe-monroe-county","MO","Monroe County Building Department","2017","2020","","2017|2020","necVersions (state-adoption-table) — ahj-national is fallback-only and never adopts"
"mo-montgomery-montgomery-county","MO","Montgomery County Building Department","2017","2020","","2017|2020","necVersions (state-adoption-table) — ahj-national is fallback-only and never adopts"
"mo-morgan-morgan-county","MO","Morgan County Building Department","2017","2020","","2017|2020","necVersions (state-adoption-table) — ahj-national is fallback-only and never adopts"
"mo-new-madrid-new-madrid-county","MO","New Madrid County Building Department","2017","2020","","2017|2020","necVersions (state-adoption-table) — ahj-national is fallback-only and never adopts"
"mo-newton-newton-county","MO","Newton County Building Department","2017","2020","","2017|2020","necVersions (state-adoption-table) — ahj-national is fallback-only and never adopts"
"mo-nodaway-nodaway-county","MO","Nodaway County Building Department","2017","2020","","2017|2020","necVersions (state-adoption-table) — ahj-national is fallback-only and never adopts"
"mo-oregon-oregon-county","MO","Oregon County Building Department","2017","2020","","2017|2020","necVersions (state-adoption-table) — ahj-national is fallback-only and never adopts"
"mo-osage-osage-county","MO","Osage County Building Department","2017","2020","","2017|2020","necVersions (state-adoption-table) — ahj-national is fallback-only and never adopts"
"mo-ozark-ozark-county","MO","Ozark County Building Department","2017","2020","","2017|2020","necVersions (state-adoption-table) — ahj-national is fallback-only and never adopts"
"mo-pemiscot-pemiscot-county","MO","Pemiscot County Building Department","2017","2020","","2017|2020","necVersions (state-adoption-table) — ahj-national is fallback-only and never adopts"
"mo-perry-perry-county","MO","Perry County Building Department","2017","2020","","2017|2020","necVersions (state-adoption-table) — ahj-national is fallback-only and never adopts"
"mo-pettis-pettis-county","MO","Pettis County Building Department","2017","2020","","2017|2020","necVersions (state-adoption-table) — ahj-national is fallback-only and never adopts"
"mo-phelps-phelps-county","MO","Phelps County Building Department","2017","2020","","2017|2020","necVersions (state-adoption-table) — ahj-national is fallback-only and never adopts"
"mo-pike-pike-county","MO","Pike County Building Department","2017","2020","","2017|2020","necVersions (state-adoption-table) — ahj-national is fallback-only and never adopts"
"mo-platte-platte-county","MO","Platte County Building Department","2017","2020","","2017|2020","necVersions (state-adoption-table) — ahj-national is fallback-only and never adopts"
"mo-polk-polk-county","MO","Polk County Building Department","2017","2020","","2017|2020","necVersions (state-adoption-table) — ahj-national is fallback-only and never adopts"
"mo-pulaski-pulaski-county","MO","Pulaski County Building Department","2017","2020","","2017|2020","necVersions (state-adoption-table) — ahj-national is fallback-only and never adopts"
"mo-putnam-putnam-county","MO","Putnam County Building Department","2017","2020","","2017|2020","necVersions (state-adoption-table) — ahj-national is fallback-only and never adopts"
"mo-ralls-ralls-county","MO","Ralls County Building Department","2017","2020","","2017|2020","necVersions (state-adoption-table) — ahj-national is fallback-only and never adopts"
"mo-randolph-randolph-county","MO","Randolph County Building Department","2017","2020","","2017|2020","necVersions (state-adoption-table) — ahj-national is fallback-only and never adopts"
"mo-ray-ray-county","MO","Ray County Building Department","2017","2020","","2017|2020","necVersions (state-adoption-table) — ahj-national is fallback-only and never adopts"
"mo-reynolds-reynolds-county","MO","Reynolds County Building Department","2017","2020","","2017|2020","necVersions (state-adoption-table) — ahj-national is fallback-only and never adopts"
"mo-ripley-ripley-county","MO","Ripley County Building Department","2017","2020","","2017|2020","necVersions (state-adoption-table) — ahj-national is fallback-only and never adopts"
"mo-saline-saline-county","MO","Saline County Building Department","2017","2020","","2017|2020","necVersions (state-adoption-table) — ahj-national is fallback-only and never adopts"
"mo-schuyler-schuyler-county","MO","Schuyler County Building Department","2017","2020","","2017|2020","necVersions (state-adoption-table) — ahj-national is fallback-only and never adopts"
"mo-scotland-scotland-county","MO","Scotland County Building Department","2017","2020","","2017|2020","necVersions (state-adoption-table) — ahj-national is fallback-only and never adopts"
"mo-scott-scott-county","MO","Scott County Building Department","2017","2020","","2017|2020","necVersions (state-adoption-table) — ahj-national is fallback-only and never adopts"
"mo-shannon-shannon-county","MO","Shannon County Building Department","2017","2020","","2017|2020","necVersions (state-adoption-table) — ahj-national is fallback-only and never adopts"
"mo-shelby-shelby-county","MO","Shelby County Building Department","2017","2020","","2017|2020","necVersions (state-adoption-table) — ahj-national is fallback-only and never adopts"
"mo-st-charles-ofallon","MO","City of O'Fallon Building Department","2017","2020","","2017|2020","necVersions (state-adoption-table) — ahj-national is fallback-only and never adopts"
"mo-st-charles-st-charles","MO","City of St. Charles Building Dept","2017","2020","","2017|2020","necVersions (state-adoption-table) — ahj-national is fallback-only and never adopts"
"mo-st-charles-st-peters","MO","City of St. Peters Building Department","2017","2020","","2017|2020","necVersions (state-adoption-table) — ahj-national is fallback-only and never adopts"
"mo-st-charles-st-charles-county","MO","St. Charles County Building Department","2017","2020","","2017|2020","necVersions (state-adoption-table) — ahj-national is fallback-only and never adopts"
"mo-st-clair-st-clair-county","MO","St. Clair County Building Department","2017","2020","","2017|2020","necVersions (state-adoption-table) — ahj-national is fallback-only and never adopts"
"mo-st-francois-st-francois-county","MO","St. Francois County Building Department","2017","2020","","2017|2020","necVersions (state-adoption-table) — ahj-national is fallback-only and never adopts"
"mo-st-louis-chesterfield","MO","City of Chesterfield Building Dept","2017","2020","","2017|2020","necVersions (state-adoption-table) — ahj-national is fallback-only and never adopts"
"mo-st-louis-florissant","MO","City of Florissant Building Dept","2017","2020","","2017|2020","necVersions (state-adoption-table) — ahj-national is fallback-only and never adopts"
"mo-st-louis-st-louis-county","MO","St. Louis County Building Department","2017","2020","","2017|2020","necVersions (state-adoption-table) — ahj-national is fallback-only and never adopts"
"mo-st-louis-wildwood","MO","City of Wildwood Building Dept","2017","2020","","2017|2020","necVersions (state-adoption-table) — ahj-national is fallback-only and never adopts"
"mo-ste-genevieve-ste-genevieve-county","MO","Ste. Genevieve County Building Department","2017","2020","","2017|2020","necVersions (state-adoption-table) — ahj-national is fallback-only and never adopts"
"mo-stoddard-stoddard-county","MO","Stoddard County Building Department","2017","2020","","2017|2020","necVersions (state-adoption-table) — ahj-national is fallback-only and never adopts"
"mo-stone-stone-county","MO","Stone County Building Department","2017","2020","","2017|2020","necVersions (state-adoption-table) — ahj-national is fallback-only and never adopts"
"mo-sullivan-sullivan-county","MO","Sullivan County Building Department","2017","2020","","2017|2020","necVersions (state-adoption-table) — ahj-national is fallback-only and never adopts"
"mo-taney-taney-county","MO","Taney County Building Department","2017","2020","","2017|2020","necVersions (state-adoption-table) — ahj-national is fallback-only and never adopts"
"mo-texas-texas-county","MO","Texas County Building Department","2017","2020","","2017|2020","necVersions (state-adoption-table) — ahj-national is fallback-only and never adopts"
"mo-vernon-vernon-county","MO","Vernon County Building Department","2017","2020","","2017|2020","necVersions (state-adoption-table) — ahj-national is fallback-only and never adopts"
"mo-warren-warren-county","MO","Warren County Building Department","2017","2020","","2017|2020","necVersions (state-adoption-table) — ahj-national is fallback-only and never adopts"
"mo-washington-washington-county","MO","Washington County Building Department","2017","2020","","2017|2020","necVersions (state-adoption-table) — ahj-national is fallback-only and never adopts"
"mo-wayne-wayne-county","MO","Wayne County Building Department","2017","2020","","2017|2020","necVersions (state-adoption-table) — ahj-national is fallback-only and never adopts"
"mo-webster-webster-county","MO","Webster County Building Department","2017","2020","","2017|2020","necVersions (state-adoption-table) — ahj-national is fallback-only and never adopts"
"mo-worth-worth-county","MO","Worth County Building Department","2017","2020","","2017|2020","necVersions (state-adoption-table) — ahj-national is fallback-only and never adopts"
"mo-wright-wright-county","MO","Wright County Building Department","2017","2020","","2017|2020","necVersions (state-adoption-table) — ahj-national is fallback-only and never adopts"
"ms-adams-natchez","MS","City of Natchez Building Dept","2017","2020","","2017|2020","necVersions (state-adoption-table) — ahj-national is fallback-only and never adopts"
"ms-adams-adams-county","MS","Adams County Building Department","2017","2020","","2017|2020","necVersions (state-adoption-table) — ahj-national is fallback-only and never adopts"
"ms-alcorn-alcorn-county","MS","Alcorn County Building Department","2017","2020","","2017|2020","necVersions (state-adoption-table) — ahj-national is fallback-only and never adopts"
"ms-amite-amite-county","MS","Amite County Building Department","2017","2020","","2017|2020","necVersions (state-adoption-table) — ahj-national is fallback-only and never adopts"
"ms-attala-attala-county","MS","Attala County Building Department","2017","2020","","2017|2020","necVersions (state-adoption-table) — ahj-national is fallback-only and never adopts"
"ms-benton-benton-county","MS","Benton County Building Department","2017","2020","","2017|2020","necVersions (state-adoption-table) — ahj-national is fallback-only and never adopts"
"ms-bolivar-bolivar-county","MS","Bolivar County Building Department","2017","2020","","2017|2020","necVersions (state-adoption-table) — ahj-national is fallback-only and never adopts"
"ms-calhoun-calhoun-county","MS","Calhoun County Building Department","2017","2020","","2017|2020","necVersions (state-adoption-table) — ahj-national is fallback-only and never adopts"
"ms-carroll-carroll-county","MS","Carroll County Building Department","2017","2020","","2017|2020","necVersions (state-adoption-table) — ahj-national is fallback-only and never adopts"
"ms-chickasaw-chickasaw-county","MS","Chickasaw County Building Department","2017","2020","","2017|2020","necVersions (state-adoption-table) — ahj-national is fallback-only and never adopts"
"ms-choctaw-choctaw-county","MS","Choctaw County Building Department","2017","2020","","2017|2020","necVersions (state-adoption-table) — ahj-national is fallback-only and never adopts"
"ms-claiborne-claiborne-county","MS","Claiborne County Building Department","2017","2020","","2017|2020","necVersions (state-adoption-table) — ahj-national is fallback-only and never adopts"
"ms-clarke-clarke-county","MS","Clarke County Building Department","2017","2020","","2017|2020","necVersions (state-adoption-table) — ahj-national is fallback-only and never adopts"
"ms-clay-clay-county","MS","Clay County Building Department","2017","2020","","2017|2020","necVersions (state-adoption-table) — ahj-national is fallback-only and never adopts"
"ms-coahoma-coahoma-county","MS","Coahoma County Building Department","2017","2020","","2017|2020","necVersions (state-adoption-table) — ahj-national is fallback-only and never adopts"
"ms-copiah-copiah-county","MS","Copiah County Building Department","2017","2020","","2017|2020","necVersions (state-adoption-table) — ahj-national is fallback-only and never adopts"
"ms-covington-covington-county","MS","Covington County Building Department","2017","2020","","2017|2020","necVersions (state-adoption-table) — ahj-national is fallback-only and never adopts"
"ms-desoto-olive-branch","MS","City of Olive Branch Building Department","2017","2020","","2017|2020","necVersions (state-adoption-table) — ahj-national is fallback-only and never adopts"
"ms-desoto-southaven","MS","City of Southaven Building Department","2017","2020","","2017|2020","necVersions (state-adoption-table) — ahj-national is fallback-only and never adopts"
"ms-desoto-desoto-county","MS","DeSoto County Building Department","2017","2020","","2017|2020","necVersions (state-adoption-table) — ahj-national is fallback-only and never adopts"
"ms-forrest-hattiesburg","MS","City of Hattiesburg Building Department","2017","2020","","2017|2020","necVersions (state-adoption-table) — ahj-national is fallback-only and never adopts"
"ms-forrest-forrest-county","MS","Forrest County Building Department","2017","2020","","2017|2020","necVersions (state-adoption-table) — ahj-national is fallback-only and never adopts"
"ms-franklin-franklin-county","MS","Franklin County Building Department","2017","2020","","2017|2020","necVersions (state-adoption-table) — ahj-national is fallback-only and never adopts"
"ms-george-george-county","MS","George County Building Department","2017","2020","","2017|2020","necVersions (state-adoption-table) — ahj-national is fallback-only and never adopts"
"ms-greene-greene-county","MS","Greene County Building Department","2017","2020","","2017|2020","necVersions (state-adoption-table) — ahj-national is fallback-only and never adopts"
"ms-grenada-grenada-county","MS","Grenada County Building Department","2017","2020","","2017|2020","necVersions (state-adoption-table) — ahj-national is fallback-only and never adopts"
"ms-hancock-hancock-county","MS","Hancock County Building Department","2017","2020","","2017|2020","necVersions (state-adoption-table) — ahj-national is fallback-only and never adopts"
"ms-harrison-biloxi","MS","City of Biloxi Building Department","2017","2020","","2017|2020","necVersions (state-adoption-table) — ahj-national is fallback-only and never adopts"
"ms-harrison-gulfport","MS","City of Gulfport Building Department","2017","2020","","2017|2020","necVersions (state-adoption-table) — ahj-national is fallback-only and never adopts"
"ms-harrison-harrison-county","MS","Harrison County Building Department","2017","2020","","2017|2020","necVersions (state-adoption-table) — ahj-national is fallback-only and never adopts"
"ms-hinds-clinton","MS","City of Clinton Building Dept","2017","2020","","2017|2020","necVersions (state-adoption-table) — ahj-national is fallback-only and never adopts"
"ms-hinds-hinds-county","MS","Hinds County Building Department","2017","2020","","2017|2020","necVersions (state-adoption-table) — ahj-national is fallback-only and never adopts"
"ms-holmes-holmes-county","MS","Holmes County Building Department","2017","2020","","2017|2020","necVersions (state-adoption-table) — ahj-national is fallback-only and never adopts"
"ms-humphreys-humphreys-county","MS","Humphreys County Building Department","2017","2020","","2017|2020","necVersions (state-adoption-table) — ahj-national is fallback-only and never adopts"
"ms-issaquena-issaquena-county","MS","Issaquena County Building Department","2017","2020","","2017|2020","necVersions (state-adoption-table) — ahj-national is fallback-only and never adopts"
"ms-itawamba-itawamba-county","MS","Itawamba County Building Department","2017","2020","","2017|2020","necVersions (state-adoption-table) — ahj-national is fallback-only and never adopts"
"ms-jackson-pascagoula","MS","City of Pascagoula Building Dept","2017","2020","","2017|2020","necVersions (state-adoption-table) — ahj-national is fallback-only and never adopts"
"ms-jackson-jackson-county","MS","Jackson County Building Department","2017","2020","","2017|2020","necVersions (state-adoption-table) — ahj-national is fallback-only and never adopts"
"ms-jasper-jasper-county","MS","Jasper County Building Department","2017","2020","","2017|2020","necVersions (state-adoption-table) — ahj-national is fallback-only and never adopts"
"ms-jefferson-jefferson-county","MS","Jefferson County Building Department","2017","2020","","2017|2020","necVersions (state-adoption-table) — ahj-national is fallback-only and never adopts"
"ms-jefferson-davis-jefferson-davis-county","MS","Jefferson Davis County Building Department","2017","2020","","2017|2020","necVersions (state-adoption-table) — ahj-national is fallback-only and never adopts"
"ms-jones-jones-county","MS","Jones County Building Department","2017","2020","","2017|2020","necVersions (state-adoption-table) — ahj-national is fallback-only and never adopts"
"ms-kemper-kemper-county","MS","Kemper County Building Department","2017","2020","","2017|2020","necVersions (state-adoption-table) — ahj-national is fallback-only and never adopts"
"ms-lafayette-lafayette-county","MS","Lafayette County Building Department","2017","2020","","2017|2020","necVersions (state-adoption-table) — ahj-national is fallback-only and never adopts"
"ms-lamar-lamar-county","MS","Lamar County Building Department","2017","2020","","2017|2020","necVersions (state-adoption-table) — ahj-national is fallback-only and never adopts"
"ms-lauderdale-meridian","MS","City of Meridian Building Department","2017","2020","","2017|2020","necVersions (state-adoption-table) — ahj-national is fallback-only and never adopts"
"ms-lauderdale-lauderdale-county","MS","Lauderdale County Building Department","2017","2020","","2017|2020","necVersions (state-adoption-table) — ahj-national is fallback-only and never adopts"
"ms-lawrence-lawrence-county","MS","Lawrence County Building Department","2017","2020","","2017|2020","necVersions (state-adoption-table) — ahj-national is fallback-only and never adopts"
"ms-leake-leake-county","MS","Leake County Building Department","2017","2020","","2017|2020","necVersions (state-adoption-table) — ahj-national is fallback-only and never adopts"
"ms-lee-tupelo","MS","City of Tupelo Building Dept","2017","2020","","2017|2020","necVersions (state-adoption-table) — ahj-national is fallback-only and never adopts"
"ms-lee-lee-county","MS","Lee County Building Department","2017","2020","","2017|2020","necVersions (state-adoption-table) — ahj-national is fallback-only and never adopts"
"ms-leflore-leflore-county","MS","Leflore County Building Department","2017","2020","","2017|2020","necVersions (state-adoption-table) — ahj-national is fallback-only and never adopts"
"ms-lincoln-lincoln-county","MS","Lincoln County Building Department","2017","2020","","2017|2020","necVersions (state-adoption-table) — ahj-national is fallback-only and never adopts"
"ms-lowndes-columbus","MS","City of Columbus Building Dept","2017","2020","","2017|2020","necVersions (state-adoption-table) — ahj-national is fallback-only and never adopts"
"ms-lowndes-lowndes-county","MS","Lowndes County Building Department","2017","2020","","2017|2020","necVersions (state-adoption-table) — ahj-national is fallback-only and never adopts"
"ms-madison-madison","MS","City of Madison Building Dept","2017","2020","","2017|2020","necVersions (state-adoption-table) — ahj-national is fallback-only and never adopts"
"ms-madison-ridgeland","MS","City of Ridgeland Building Dept","2017","2020","","2017|2020","necVersions (state-adoption-table) — ahj-national is fallback-only and never adopts"
"ms-madison-madison-county","MS","Madison County Building Department","2017","2020","","2017|2020","necVersions (state-adoption-table) — ahj-national is fallback-only and never adopts"
"ms-marion-marion-county","MS","Marion County Building Department","2017","2020","","2017|2020","necVersions (state-adoption-table) — ahj-national is fallback-only and never adopts"
"ms-marshall-marshall-county","MS","Marshall County Building Department","2017","2020","","2017|2020","necVersions (state-adoption-table) — ahj-national is fallback-only and never adopts"
"ms-monroe-monroe-county","MS","Monroe County Building Department","2017","2020","","2017|2020","necVersions (state-adoption-table) — ahj-national is fallback-only and never adopts"
"ms-montgomery-montgomery-county","MS","Montgomery County Building Department","2017","2020","","2017|2020","necVersions (state-adoption-table) — ahj-national is fallback-only and never adopts"
"ms-neshoba-neshoba-county","MS","Neshoba County Building Department","2017","2020","","2017|2020","necVersions (state-adoption-table) — ahj-national is fallback-only and never adopts"
"ms-newton-newton-county","MS","Newton County Building Department","2017","2020","","2017|2020","necVersions (state-adoption-table) — ahj-national is fallback-only and never adopts"
"ms-noxubee-noxubee-county","MS","Noxubee County Building Department","2017","2020","","2017|2020","necVersions (state-adoption-table) — ahj-national is fallback-only and never adopts"
"ms-oktibbeha-starkville","MS","City of Starkville Building Dept","2017","2020","","2017|2020","necVersions (state-adoption-table) — ahj-national is fallback-only and never adopts"
"ms-oktibbeha-oktibbeha-county","MS","Oktibbeha County Building Department","2017","2020","","2017|2020","necVersions (state-adoption-table) — ahj-national is fallback-only and never adopts"
"ms-panola-panola-county","MS","Panola County Building Department","2017","2020","","2017|2020","necVersions (state-adoption-table) — ahj-national is fallback-only and never adopts"
"ms-pearl-river-pearl-river-county","MS","Pearl River County Building Department","2017","2020","","2017|2020","necVersions (state-adoption-table) — ahj-national is fallback-only and never adopts"
"ms-perry-perry-county","MS","Perry County Building Department","2017","2020","","2017|2020","necVersions (state-adoption-table) — ahj-national is fallback-only and never adopts"
"ms-pike-pike-county","MS","Pike County Building Department","2017","2020","","2017|2020","necVersions (state-adoption-table) — ahj-national is fallback-only and never adopts"
"ms-pontotoc-pontotoc-county","MS","Pontotoc County Building Department","2017","2020","","2017|2020","necVersions (state-adoption-table) — ahj-national is fallback-only and never adopts"
"ms-prentiss-prentiss-county","MS","Prentiss County Building Department","2017","2020","","2017|2020","necVersions (state-adoption-table) — ahj-national is fallback-only and never adopts"
"ms-quitman-quitman-county","MS","Quitman County Building Department","2017","2020","","2017|2020","necVersions (state-adoption-table) — ahj-national is fallback-only and never adopts"
"ms-rankin-brandon","MS","City of Brandon Building Dept","2017","2020","","2017|2020","necVersions (state-adoption-table) — ahj-national is fallback-only and never adopts"
"ms-rankin-flowood","MS","City of Flowood Building Dept","2017","2020","","2017|2020","necVersions (state-adoption-table) — ahj-national is fallback-only and never adopts"
"ms-rankin-pearl","MS","City of Pearl Building Dept","2017","2020","","2017|2020","necVersions (state-adoption-table) — ahj-national is fallback-only and never adopts"
"ms-rankin-rankin-county","MS","Rankin County Building Department","2017","2020","","2017|2020","necVersions (state-adoption-table) — ahj-national is fallback-only and never adopts"
"ms-scott-scott-county","MS","Scott County Building Department","2017","2020","","2017|2020","necVersions (state-adoption-table) — ahj-national is fallback-only and never adopts"
"ms-sharkey-sharkey-county","MS","Sharkey County Building Department","2017","2020","","2017|2020","necVersions (state-adoption-table) — ahj-national is fallback-only and never adopts"
"ms-simpson-simpson-county","MS","Simpson County Building Department","2017","2020","","2017|2020","necVersions (state-adoption-table) — ahj-national is fallback-only and never adopts"
"ms-smith-smith-county","MS","Smith County Building Department","2017","2020","","2017|2020","necVersions (state-adoption-table) — ahj-national is fallback-only and never adopts"
"ms-stone-stone-county","MS","Stone County Building Department","2017","2020","","2017|2020","necVersions (state-adoption-table) — ahj-national is fallback-only and never adopts"
"ms-sunflower-sunflower-county","MS","Sunflower County Building Department","2017","2020","","2017|2020","necVersions (state-adoption-table) — ahj-national is fallback-only and never adopts"
"ms-tallahatchie-tallahatchie-county","MS","Tallahatchie County Building Department","2017","2020","","2017|2020","necVersions (state-adoption-table) — ahj-national is fallback-only and never adopts"
"ms-tate-tate-county","MS","Tate County Building Department","2017","2020","","2017|2020","necVersions (state-adoption-table) — ahj-national is fallback-only and never adopts"
"ms-tippah-tippah-county","MS","Tippah County Building Department","2017","2020","","2017|2020","necVersions (state-adoption-table) — ahj-national is fallback-only and never adopts"
"ms-tishomingo-tishomingo-county","MS","Tishomingo County Building Department","2017","2020","","2017|2020","necVersions (state-adoption-table) — ahj-national is fallback-only and never adopts"
"ms-tunica-tunica-county","MS","Tunica County Building Department","2017","2020","","2017|2020","necVersions (state-adoption-table) — ahj-national is fallback-only and never adopts"
"ms-union-union-county","MS","Union County Building Department","2017","2020","","2017|2020","necVersions (state-adoption-table) — ahj-national is fallback-only and never adopts"
"ms-walthall-walthall-county","MS","Walthall County Building Department","2017","2020","","2017|2020","necVersions (state-adoption-table) — ahj-national is fallback-only and never adopts"
"ms-warren-warren-county","MS","Warren County Building Department","2017","2020","","2017|2020","necVersions (state-adoption-table) — ahj-national is fallback-only and never adopts"
"ms-warren-vicksburg","MS","City of Vicksburg Building Dept","2017","2020","","2017|2020","necVersions (state-adoption-table) — ahj-national is fallback-only and never adopts"
"ms-washington-washington-county","MS","Washington County Building Department","2017","2020","","2017|2020","necVersions (state-adoption-table) — ahj-national is fallback-only and never adopts"
"ms-wayne-wayne-county","MS","Wayne County Building Department","2017","2020","","2017|2020","necVersions (state-adoption-table) — ahj-national is fallback-only and never adopts"
"ms-webster-webster-county","MS","Webster County Building Department","2017","2020","","2017|2020","necVersions (state-adoption-table) — ahj-national is fallback-only and never adopts"
"ms-wilkinson-wilkinson-county","MS","Wilkinson County Building Department","2017","2020","","2017|2020","necVersions (state-adoption-table) — ahj-national is fallback-only and never adopts"
"ms-winston-winston-county","MS","Winston County Building Department","2017","2020","","2017|2020","necVersions (state-adoption-table) — ahj-national is fallback-only and never adopts"
"ms-yalobusha-yalobusha-county","MS","Yalobusha County Building Department","2017","2020","","2017|2020","necVersions (state-adoption-table) — ahj-national is fallback-only and never adopts"
"ms-yazoo-yazoo-county","MS","Yazoo County Building Department","2017","2020","","2017|2020","necVersions (state-adoption-table) — ahj-national is fallback-only and never adopts"
"nd-adams-adams-county","ND","Adams County Building Department","2017","2020","","2017|2020","necVersions (state-adoption-table) — ahj-national is fallback-only and never adopts"
"nd-barnes-barnes-county","ND","Barnes County Building Department","2017","2020","","2017|2020","necVersions (state-adoption-table) — ahj-national is fallback-only and never adopts"
"nd-benson-benson-county","ND","Benson County Building Department","2017","2020","","2017|2020","necVersions (state-adoption-table) — ahj-national is fallback-only and never adopts"
"nd-billings-billings-county","ND","Billings County Building Department","2017","2020","","2017|2020","necVersions (state-adoption-table) — ahj-national is fallback-only and never adopts"
"nd-bottineau-bottineau-county","ND","Bottineau County Building Department","2017","2020","","2017|2020","necVersions (state-adoption-table) — ahj-national is fallback-only and never adopts"
"nd-bowman-bowman-county","ND","Bowman County Building Department","2017","2020","","2017|2020","necVersions (state-adoption-table) — ahj-national is fallback-only and never adopts"
"nd-burke-burke-county","ND","Burke County Building Department","2017","2020","","2017|2020","necVersions (state-adoption-table) — ahj-national is fallback-only and never adopts"
"nd-burleigh-bismarck","ND","City of Bismarck Building Department","2017","2020","","2017|2020","necVersions (state-adoption-table) — ahj-national is fallback-only and never adopts"
"nd-burleigh-burleigh-county","ND","Burleigh County Building Department","2017","2020","","2017|2020","necVersions (state-adoption-table) — ahj-national is fallback-only and never adopts"
"nd-cass-cass-county","ND","Cass County Building Department","2017","2020","","2017|2020","necVersions (state-adoption-table) — ahj-national is fallback-only and never adopts"
"nd-cass-west-fargo","ND","City of West Fargo Building Dept","2017","2020","","2017|2020","necVersions (state-adoption-table) — ahj-national is fallback-only and never adopts"
"nd-cavalier-cavalier-county","ND","Cavalier County Building Department","2017","2020","","2017|2020","necVersions (state-adoption-table) — ahj-national is fallback-only and never adopts"
"nd-dickey-dickey-county","ND","Dickey County Building Department","2017","2020","","2017|2020","necVersions (state-adoption-table) — ahj-national is fallback-only and never adopts"
"nd-divide-divide-county","ND","Divide County Building Department","2017","2020","","2017|2020","necVersions (state-adoption-table) — ahj-national is fallback-only and never adopts"
"nd-dunn-dunn-county","ND","Dunn County Building Department","2017","2020","","2017|2020","necVersions (state-adoption-table) — ahj-national is fallback-only and never adopts"
"nd-eddy-eddy-county","ND","Eddy County Building Department","2017","2020","","2017|2020","necVersions (state-adoption-table) — ahj-national is fallback-only and never adopts"
"nd-emmons-emmons-county","ND","Emmons County Building Department","2017","2020","","2017|2020","necVersions (state-adoption-table) — ahj-national is fallback-only and never adopts"
"nd-foster-foster-county","ND","Foster County Building Department","2017","2020","","2017|2020","necVersions (state-adoption-table) — ahj-national is fallback-only and never adopts"
"nd-golden-valley-golden-valley-county","ND","Golden Valley County Building Department","2017","2020","","2017|2020","necVersions (state-adoption-table) — ahj-national is fallback-only and never adopts"
"nd-grand-forks-grand-forks","ND","City of Grand Forks Building Dept","2017","2020","","2017|2020","necVersions (state-adoption-table) — ahj-national is fallback-only and never adopts"
"nd-grand-forks-grand-forks-county","ND","Grand Forks County Building Department","2017","2020","","2017|2020","necVersions (state-adoption-table) — ahj-national is fallback-only and never adopts"
"nd-grant-grant-county","ND","Grant County Building Department","2017","2020","","2017|2020","necVersions (state-adoption-table) — ahj-national is fallback-only and never adopts"
"nd-griggs-griggs-county","ND","Griggs County Building Department","2017","2020","","2017|2020","necVersions (state-adoption-table) — ahj-national is fallback-only and never adopts"
"nd-hettinger-hettinger-county","ND","Hettinger County Building Department","2017","2020","","2017|2020","necVersions (state-adoption-table) — ahj-national is fallback-only and never adopts"
"nd-kidder-kidder-county","ND","Kidder County Building Department","2017","2020","","2017|2020","necVersions (state-adoption-table) — ahj-national is fallback-only and never adopts"
"nd-lamoure-lamoure-county","ND","LaMoure County Building Department","2017","2020","","2017|2020","necVersions (state-adoption-table) — ahj-national is fallback-only and never adopts"
"nd-logan-logan-county","ND","Logan County Building Department","2017","2020","","2017|2020","necVersions (state-adoption-table) — ahj-national is fallback-only and never adopts"
"nd-mchenry-mchenry-county","ND","McHenry County Building Department","2017","2020","","2017|2020","necVersions (state-adoption-table) — ahj-national is fallback-only and never adopts"
"nd-mcintosh-mcintosh-county","ND","McIntosh County Building Department","2017","2020","","2017|2020","necVersions (state-adoption-table) — ahj-national is fallback-only and never adopts"
"nd-mckenzie-mckenzie-county","ND","McKenzie County Building Department","2017","2020","","2017|2020","necVersions (state-adoption-table) — ahj-national is fallback-only and never adopts"
"nd-mclean-mclean-county","ND","McLean County Building Department","2017","2020","","2017|2020","necVersions (state-adoption-table) — ahj-national is fallback-only and never adopts"
"nd-mercer-mercer-county","ND","Mercer County Building Department","2017","2020","","2017|2020","necVersions (state-adoption-table) — ahj-national is fallback-only and never adopts"
"nd-morton-mandan","ND","City of Mandan Building Dept","2017","2020","","2017|2020","necVersions (state-adoption-table) — ahj-national is fallback-only and never adopts"
"nd-morton-morton-county","ND","Morton County Building Department","2017","2020","","2017|2020","necVersions (state-adoption-table) — ahj-national is fallback-only and never adopts"
"nd-mountrail-mountrail-county","ND","Mountrail County Building Department","2017","2020","","2017|2020","necVersions (state-adoption-table) — ahj-national is fallback-only and never adopts"
"nd-nelson-nelson-county","ND","Nelson County Building Department","2017","2020","","2017|2020","necVersions (state-adoption-table) — ahj-national is fallback-only and never adopts"
"nd-oliver-oliver-county","ND","Oliver County Building Department","2017","2020","","2017|2020","necVersions (state-adoption-table) — ahj-national is fallback-only and never adopts"
"nd-pembina-pembina-county","ND","Pembina County Building Department","2017","2020","","2017|2020","necVersions (state-adoption-table) — ahj-national is fallback-only and never adopts"
"nd-pierce-pierce-county","ND","Pierce County Building Department","2017","2020","","2017|2020","necVersions (state-adoption-table) — ahj-national is fallback-only and never adopts"
"nd-ramsey-ramsey-county","ND","Ramsey County Building Department","2017","2020","","2017|2020","necVersions (state-adoption-table) — ahj-national is fallback-only and never adopts"
"nd-ransom-ransom-county","ND","Ransom County Building Department","2017","2020","","2017|2020","necVersions (state-adoption-table) — ahj-national is fallback-only and never adopts"
"nd-renville-renville-county","ND","Renville County Building Department","2017","2020","","2017|2020","necVersions (state-adoption-table) — ahj-national is fallback-only and never adopts"
"nd-richland-richland-county","ND","Richland County Building Department","2017","2020","","2017|2020","necVersions (state-adoption-table) — ahj-national is fallback-only and never adopts"
"nd-richland-wahpeton","ND","City of Wahpeton Building Dept","2017","2020","","2017|2020","necVersions (state-adoption-table) — ahj-national is fallback-only and never adopts"
"nd-rolette-rolette-county","ND","Rolette County Building Department","2017","2020","","2017|2020","necVersions (state-adoption-table) — ahj-national is fallback-only and never adopts"
"nd-sargent-sargent-county","ND","Sargent County Building Department","2017","2020","","2017|2020","necVersions (state-adoption-table) — ahj-national is fallback-only and never adopts"
"nd-sheridan-sheridan-county","ND","Sheridan County Building Department","2017","2020","","2017|2020","necVersions (state-adoption-table) — ahj-national is fallback-only and never adopts"
"nd-sioux-sioux-county","ND","Sioux County Building Department","2017","2020","","2017|2020","necVersions (state-adoption-table) — ahj-national is fallback-only and never adopts"
"nd-slope-slope-county","ND","Slope County Building Department","2017","2020","","2017|2020","necVersions (state-adoption-table) — ahj-national is fallback-only and never adopts"
"nd-stark-dickinson","ND","City of Dickinson Building Dept","2017","2020","","2017|2020","necVersions (state-adoption-table) — ahj-national is fallback-only and never adopts"
"nd-stark-stark-county","ND","Stark County Building Department","2017","2020","","2017|2020","necVersions (state-adoption-table) — ahj-national is fallback-only and never adopts"
"nd-steele-steele-county","ND","Steele County Building Department","2017","2020","","2017|2020","necVersions (state-adoption-table) — ahj-national is fallback-only and never adopts"
"nd-stutsman-jamestown","ND","City of Jamestown Building Dept","2017","2020","","2017|2020","necVersions (state-adoption-table) — ahj-national is fallback-only and never adopts"
"nd-stutsman-stutsman-county","ND","Stutsman County Building Department","2017","2020","","2017|2020","necVersions (state-adoption-table) — ahj-national is fallback-only and never adopts"
"nd-towner-towner-county","ND","Towner County Building Department","2017","2020","","2017|2020","necVersions (state-adoption-table) — ahj-national is fallback-only and never adopts"
"nd-traill-traill-county","ND","Traill County Building Department","2017","2020","","2017|2020","necVersions (state-adoption-table) — ahj-national is fallback-only and never adopts"
"nd-walsh-walsh-county","ND","Walsh County Building Department","2017","2020","","2017|2020","necVersions (state-adoption-table) — ahj-national is fallback-only and never adopts"
"nd-ward-minot","ND","City of Minot Building Dept","2017","2020","","2017|2020","necVersions (state-adoption-table) — ahj-national is fallback-only and never adopts"
"nd-ward-ward-county","ND","Ward County Building Department","2017","2020","","2017|2020","necVersions (state-adoption-table) — ahj-national is fallback-only and never adopts"
"nd-wells-wells-county","ND","Wells County Building Department","2017","2020","","2017|2020","necVersions (state-adoption-table) — ahj-national is fallback-only and never adopts"
"nd-williams-williams-county","ND","Williams County Building Department","2017","2020","","2017|2020","necVersions (state-adoption-table) — ahj-national is fallback-only and never adopts"
"nd-williams-williston","ND","City of Williston Building Dept","2017","2020","","2017|2020","necVersions (state-adoption-table) — ahj-national is fallback-only and never adopts"
"ne-adams-hastings","NE","City of Hastings Building Department","2017","2020","","2017|2020","necVersions (state-adoption-table) — ahj-national is fallback-only and never adopts"
"ne-adams-adams-county","NE","Adams County Building Department","2017","2020","","2017|2020","necVersions (state-adoption-table) — ahj-national is fallback-only and never adopts"
"ne-antelope-antelope-county","NE","Antelope County Building Department","2017","2020","","2017|2020","necVersions (state-adoption-table) — ahj-national is fallback-only and never adopts"
"ne-arthur-arthur-county","NE","Arthur County Building Department","2017","2020","","2017|2020","necVersions (state-adoption-table) — ahj-national is fallback-only and never adopts"
"ne-banner-banner-county","NE","Banner County Building Department","2017","2020","","2017|2020","necVersions (state-adoption-table) — ahj-national is fallback-only and never adopts"
"ne-blaine-blaine-county","NE","Blaine County Building Department","2017","2020","","2017|2020","necVersions (state-adoption-table) — ahj-national is fallback-only and never adopts"
"ne-boone-boone-county","NE","Boone County Building Department","2017","2020","","2017|2020","necVersions (state-adoption-table) — ahj-national is fallback-only and never adopts"
"ne-box-butte-box-butte-county","NE","Box Butte County Building Department","2017","2020","","2017|2020","necVersions (state-adoption-table) — ahj-national is fallback-only and never adopts"
"ne-boyd-boyd-county","NE","Boyd County Building Department","2017","2020","","2017|2020","necVersions (state-adoption-table) — ahj-national is fallback-only and never adopts"
"ne-brown-brown-county","NE","Brown County Building Department","2017","2020","","2017|2020","necVersions (state-adoption-table) — ahj-national is fallback-only and never adopts"
"ne-buffalo-kearney","NE","City of Kearney Building Department","2017","2020","","2017|2020","necVersions (state-adoption-table) — ahj-national is fallback-only and never adopts"
"ne-buffalo-buffalo-county","NE","Buffalo County Building Department","2017","2020","","2017|2020","necVersions (state-adoption-table) — ahj-national is fallback-only and never adopts"
"ne-burt-burt-county","NE","Burt County Building Department","2017","2020","","2017|2020","necVersions (state-adoption-table) — ahj-national is fallback-only and never adopts"
"ne-butler-butler-county","NE","Butler County Building Department","2017","2020","","2017|2020","necVersions (state-adoption-table) — ahj-national is fallback-only and never adopts"
"ne-cass-cass-county","NE","Cass County Building Department","2017","2020","","2017|2020","necVersions (state-adoption-table) — ahj-national is fallback-only and never adopts"
"ne-cedar-cedar-county","NE","Cedar County Building Department","2017","2020","","2017|2020","necVersions (state-adoption-table) — ahj-national is fallback-only and never adopts"
"ne-chase-chase-county","NE","Chase County Building Department","2017","2020","","2017|2020","necVersions (state-adoption-table) — ahj-national is fallback-only and never adopts"
"ne-cherry-cherry-county","NE","Cherry County Building Department","2017","2020","","2017|2020","necVersions (state-adoption-table) — ahj-national is fallback-only and never adopts"
"ne-cheyenne-cheyenne-county","NE","Cheyenne County Building Department","2017","2020","","2017|2020","necVersions (state-adoption-table) — ahj-national is fallback-only and never adopts"
"ne-clay-clay-county","NE","Clay County Building Department","2017","2020","","2017|2020","necVersions (state-adoption-table) — ahj-national is fallback-only and never adopts"
"ne-colfax-colfax-county","NE","Colfax County Building Department","2017","2020","","2017|2020","necVersions (state-adoption-table) — ahj-national is fallback-only and never adopts"
"ne-cuming-cuming-county","NE","Cuming County Building Department","2017","2020","","2017|2020","necVersions (state-adoption-table) — ahj-national is fallback-only and never adopts"
"ne-custer-custer-county","NE","Custer County Building Department","2017","2020","","2017|2020","necVersions (state-adoption-table) — ahj-national is fallback-only and never adopts"
"ne-dakota-dakota-county","NE","Dakota County Building Department","2017","2020","","2017|2020","necVersions (state-adoption-table) — ahj-national is fallback-only and never adopts"
"ne-dawes-dawes-county","NE","Dawes County Building Department","2017","2020","","2017|2020","necVersions (state-adoption-table) — ahj-national is fallback-only and never adopts"
"ne-dawson-dawson-county","NE","Dawson County Building Department","2017","2020","","2017|2020","necVersions (state-adoption-table) — ahj-national is fallback-only and never adopts"
"ne-deuel-deuel-county","NE","Deuel County Building Department","2017","2020","","2017|2020","necVersions (state-adoption-table) — ahj-national is fallback-only and never adopts"
"ne-dixon-dixon-county","NE","Dixon County Building Department","2017","2020","","2017|2020","necVersions (state-adoption-table) — ahj-national is fallback-only and never adopts"
"ne-dodge-fremont","NE","City of Fremont Building Department","2017","2020","","2017|2020","necVersions (state-adoption-table) — ahj-national is fallback-only and never adopts"
"ne-dodge-dodge-county","NE","Dodge County Building Department","2017","2020","","2017|2020","necVersions (state-adoption-table) — ahj-national is fallback-only and never adopts"
"ne-douglas-douglas-county","NE","Douglas County Building Department","2017","2020","","2017|2020","necVersions (state-adoption-table) — ahj-national is fallback-only and never adopts"
"ne-dundy-dundy-county","NE","Dundy County Building Department","2017","2020","","2017|2020","necVersions (state-adoption-table) — ahj-national is fallback-only and never adopts"
"ne-fillmore-fillmore-county","NE","Fillmore County Building Department","2017","2020","","2017|2020","necVersions (state-adoption-table) — ahj-national is fallback-only and never adopts"
"ne-franklin-franklin-county","NE","Franklin County Building Department","2017","2020","","2017|2020","necVersions (state-adoption-table) — ahj-national is fallback-only and never adopts"
"ne-frontier-frontier-county","NE","Frontier County Building Department","2017","2020","","2017|2020","necVersions (state-adoption-table) — ahj-national is fallback-only and never adopts"
"ne-furnas-furnas-county","NE","Furnas County Building Department","2017","2020","","2017|2020","necVersions (state-adoption-table) — ahj-national is fallback-only and never adopts"
"ne-gage-beatrice","NE","City of Beatrice Building Dept","2017","2020","","2017|2020","necVersions (state-adoption-table) — ahj-national is fallback-only and never adopts"
"ne-gage-gage-county","NE","Gage County Building Department","2017","2020","","2017|2020","necVersions (state-adoption-table) — ahj-national is fallback-only and never adopts"
"ne-garden-garden-county","NE","Garden County Building Department","2017","2020","","2017|2020","necVersions (state-adoption-table) — ahj-national is fallback-only and never adopts"
"ne-garfield-garfield-county","NE","Garfield County Building Department","2017","2020","","2017|2020","necVersions (state-adoption-table) — ahj-national is fallback-only and never adopts"
"ne-gosper-gosper-county","NE","Gosper County Building Department","2017","2020","","2017|2020","necVersions (state-adoption-table) — ahj-national is fallback-only and never adopts"
"ne-grant-grant-county","NE","Grant County Building Department","2017","2020","","2017|2020","necVersions (state-adoption-table) — ahj-national is fallback-only and never adopts"
"ne-greeley-greeley-county","NE","Greeley County Building Department","2017","2020","","2017|2020","necVersions (state-adoption-table) — ahj-national is fallback-only and never adopts"
"ne-hall-grand-island","NE","City of Grand Island Building Department","2017","2020","","2017|2020","necVersions (state-adoption-table) — ahj-national is fallback-only and never adopts"
"ne-hall-hall-county","NE","Hall County Building Department","2017","2020","","2017|2020","necVersions (state-adoption-table) — ahj-national is fallback-only and never adopts"
"ne-hamilton-hamilton-county","NE","Hamilton County Building Department","2017","2020","","2017|2020","necVersions (state-adoption-table) — ahj-national is fallback-only and never adopts"
"ne-harlan-harlan-county","NE","Harlan County Building Department","2017","2020","","2017|2020","necVersions (state-adoption-table) — ahj-national is fallback-only and never adopts"
"ne-hayes-hayes-county","NE","Hayes County Building Department","2017","2020","","2017|2020","necVersions (state-adoption-table) — ahj-national is fallback-only and never adopts"
"ne-hitchcock-hitchcock-county","NE","Hitchcock County Building Department","2017","2020","","2017|2020","necVersions (state-adoption-table) — ahj-national is fallback-only and never adopts"
"ne-holt-holt-county","NE","Holt County Building Department","2017","2020","","2017|2020","necVersions (state-adoption-table) — ahj-national is fallback-only and never adopts"
"ne-hooker-hooker-county","NE","Hooker County Building Department","2017","2020","","2017|2020","necVersions (state-adoption-table) — ahj-national is fallback-only and never adopts"
"ne-howard-howard-county","NE","Howard County Building Department","2017","2020","","2017|2020","necVersions (state-adoption-table) — ahj-national is fallback-only and never adopts"
"ne-jefferson-jefferson-county","NE","Jefferson County Building Department","2017","2020","","2017|2020","necVersions (state-adoption-table) — ahj-national is fallback-only and never adopts"
"ne-johnson-johnson-county","NE","Johnson County Building Department","2017","2020","","2017|2020","necVersions (state-adoption-table) — ahj-national is fallback-only and never adopts"
"ne-kearney-kearney-county","NE","Kearney County Building Department","2017","2020","","2017|2020","necVersions (state-adoption-table) — ahj-national is fallback-only and never adopts"
"ne-keith-keith-county","NE","Keith County Building Department","2017","2020","","2017|2020","necVersions (state-adoption-table) — ahj-national is fallback-only and never adopts"
"ne-keya-paha-keya-paha-county","NE","Keya Paha County Building Department","2017","2020","","2017|2020","necVersions (state-adoption-table) — ahj-national is fallback-only and never adopts"
"ne-kimball-kimball-county","NE","Kimball County Building Department","2017","2020","","2017|2020","necVersions (state-adoption-table) — ahj-national is fallback-only and never adopts"
"ne-knox-knox-county","NE","Knox County Building Department","2017","2020","","2017|2020","necVersions (state-adoption-table) — ahj-national is fallback-only and never adopts"
"ne-lancaster-lincoln","NE","City of Lincoln Building & Safety","2017","2020","","2017|2020","necVersions (state-adoption-table) — ahj-national is fallback-only and never adopts"
"ne-lancaster-lancaster-county","NE","Lancaster County Building Department","2017","2020","","2017|2020","necVersions (state-adoption-table) — ahj-national is fallback-only and never adopts"
"ne-lincoln-north-platte","NE","City of North Platte Building Department","2017","2020","","2017|2020","necVersions (state-adoption-table) — ahj-national is fallback-only and never adopts"
"ne-lincoln-lincoln-county","NE","Lincoln County Building Department","2017","2020","","2017|2020","necVersions (state-adoption-table) — ahj-national is fallback-only and never adopts"
"ne-logan-logan-county","NE","Logan County Building Department","2017","2020","","2017|2020","necVersions (state-adoption-table) — ahj-national is fallback-only and never adopts"
"ne-loup-loup-county","NE","Loup County Building Department","2017","2020","","2017|2020","necVersions (state-adoption-table) — ahj-national is fallback-only and never adopts"
"ne-madison-norfolk","NE","City of Norfolk Building Department","2017","2020","","2017|2020","necVersions (state-adoption-table) — ahj-national is fallback-only and never adopts"
"ne-madison-madison-county","NE","Madison County Building Department","2017","2020","","2017|2020","necVersions (state-adoption-table) — ahj-national is fallback-only and never adopts"
"ne-mcpherson-mcpherson-county","NE","McPherson County Building Department","2017","2020","","2017|2020","necVersions (state-adoption-table) — ahj-national is fallback-only and never adopts"
"ne-merrick-merrick-county","NE","Merrick County Building Department","2017","2020","","2017|2020","necVersions (state-adoption-table) — ahj-national is fallback-only and never adopts"
"ne-morrill-morrill-county","NE","Morrill County Building Department","2017","2020","","2017|2020","necVersions (state-adoption-table) — ahj-national is fallback-only and never adopts"
"ne-nance-nance-county","NE","Nance County Building Department","2017","2020","","2017|2020","necVersions (state-adoption-table) — ahj-national is fallback-only and never adopts"
"ne-nemaha-nemaha-county","NE","Nemaha County Building Department","2017","2020","","2017|2020","necVersions (state-adoption-table) — ahj-national is fallback-only and never adopts"
"ne-nuckolls-nuckolls-county","NE","Nuckolls County Building Department","2017","2020","","2017|2020","necVersions (state-adoption-table) — ahj-national is fallback-only and never adopts"
"ne-otoe-otoe-county","NE","Otoe County Building Department","2017","2020","","2017|2020","necVersions (state-adoption-table) — ahj-national is fallback-only and never adopts"
"ne-pawnee-pawnee-county","NE","Pawnee County Building Department","2017","2020","","2017|2020","necVersions (state-adoption-table) — ahj-national is fallback-only and never adopts"
"ne-perkins-perkins-county","NE","Perkins County Building Department","2017","2020","","2017|2020","necVersions (state-adoption-table) — ahj-national is fallback-only and never adopts"
"ne-phelps-phelps-county","NE","Phelps County Building Department","2017","2020","","2017|2020","necVersions (state-adoption-table) — ahj-national is fallback-only and never adopts"
"ne-pierce-pierce-county","NE","Pierce County Building Department","2017","2020","","2017|2020","necVersions (state-adoption-table) — ahj-national is fallback-only and never adopts"
"ne-platte-columbus","NE","City of Columbus Building Dept","2017","2020","","2017|2020","necVersions (state-adoption-table) — ahj-national is fallback-only and never adopts"
"ne-platte-platte-county","NE","Platte County Building Department","2017","2020","","2017|2020","necVersions (state-adoption-table) — ahj-national is fallback-only and never adopts"
"ne-polk-polk-county","NE","Polk County Building Department","2017","2020","","2017|2020","necVersions (state-adoption-table) — ahj-national is fallback-only and never adopts"
"ne-red-willow-red-willow-county","NE","Red Willow County Building Department","2017","2020","","2017|2020","necVersions (state-adoption-table) — ahj-national is fallback-only and never adopts"
"ne-richardson-richardson-county","NE","Richardson County Building Department","2017","2020","","2017|2020","necVersions (state-adoption-table) — ahj-national is fallback-only and never adopts"
"ne-rock-rock-county","NE","Rock County Building Department","2017","2020","","2017|2020","necVersions (state-adoption-table) — ahj-national is fallback-only and never adopts"
"ne-saline-saline-county","NE","Saline County Building Department","2017","2020","","2017|2020","necVersions (state-adoption-table) — ahj-national is fallback-only and never adopts"
"ne-sarpy-bellevue","NE","City of Bellevue Building Department","2017","2020","","2017|2020","necVersions (state-adoption-table) — ahj-national is fallback-only and never adopts"
"ne-sarpy-la-vista","NE","City of La Vista Building Dept","2017","2020","","2017|2020","necVersions (state-adoption-table) — ahj-national is fallback-only and never adopts"
"ne-sarpy-papillion","NE","City of Papillion Building Dept","2017","2020","","2017|2020","necVersions (state-adoption-table) — ahj-national is fallback-only and never adopts"
"ne-sarpy-sarpy-county","NE","Sarpy County Building Department","2017","2020","","2017|2020","necVersions (state-adoption-table) — ahj-national is fallback-only and never adopts"
"ne-saunders-saunders-county","NE","Saunders County Building Department","2017","2020","","2017|2020","necVersions (state-adoption-table) — ahj-national is fallback-only and never adopts"
"ne-scotts-bluff-scottsbluff","NE","City of Scottsbluff Building Dept","2017","2020","","2017|2020","necVersions (state-adoption-table) — ahj-national is fallback-only and never adopts"
"ne-scotts-bluff-scotts-bluff-county","NE","Scotts Bluff County Building Department","2017","2020","","2017|2020","necVersions (state-adoption-table) — ahj-national is fallback-only and never adopts"
"ne-seward-seward-county","NE","Seward County Building Department","2017","2020","","2017|2020","necVersions (state-adoption-table) — ahj-national is fallback-only and never adopts"
"ne-sheridan-sheridan-county","NE","Sheridan County Building Department","2017","2020","","2017|2020","necVersions (state-adoption-table) — ahj-national is fallback-only and never adopts"
"ne-sherman-sherman-county","NE","Sherman County Building Department","2017","2020","","2017|2020","necVersions (state-adoption-table) — ahj-national is fallback-only and never adopts"
"ne-sioux-sioux-county","NE","Sioux County Building Department","2017","2020","","2017|2020","necVersions (state-adoption-table) — ahj-national is fallback-only and never adopts"
"ne-stanton-stanton-county","NE","Stanton County Building Department","2017","2020","","2017|2020","necVersions (state-adoption-table) — ahj-national is fallback-only and never adopts"
"ne-thayer-thayer-county","NE","Thayer County Building Department","2017","2020","","2017|2020","necVersions (state-adoption-table) — ahj-national is fallback-only and never adopts"
"ne-thomas-thomas-county","NE","Thomas County Building Department","2017","2020","","2017|2020","necVersions (state-adoption-table) — ahj-national is fallback-only and never adopts"
"ne-thurston-thurston-county","NE","Thurston County Building Department","2017","2020","","2017|2020","necVersions (state-adoption-table) — ahj-national is fallback-only and never adopts"
"ne-valley-valley-county","NE","Valley County Building Department","2017","2020","","2017|2020","necVersions (state-adoption-table) — ahj-national is fallback-only and never adopts"
"ne-washington-washington-county","NE","Washington County Building Department","2017","2020","","2017|2020","necVersions (state-adoption-table) — ahj-national is fallback-only and never adopts"
"ne-wayne-wayne-county","NE","Wayne County Building Department","2017","2020","","2017|2020","necVersions (state-adoption-table) — ahj-national is fallback-only and never adopts"
"ne-webster-webster-county","NE","Webster County Building Department","2017","2020","","2017|2020","necVersions (state-adoption-table) — ahj-national is fallback-only and never adopts"
"ne-wheeler-wheeler-county","NE","Wheeler County Building Department","2017","2020","","2017|2020","necVersions (state-adoption-table) — ahj-national is fallback-only and never adopts"
"ne-york-york-county","NE","York County Building Department","2017","2020","","2017|2020","necVersions (state-adoption-table) — ahj-national is fallback-only and never adopts"
"nj-atlantic-atlantic-county","NJ","Atlantic County Building Department","2020","2017","","2020|2017","necVersions (state-adoption-table) — ahj-national is fallback-only and never adopts"
"nj-burlington-burlington-county","NJ","Burlington County Building Department","2020","2017","","2020|2017","necVersions (state-adoption-table) — ahj-national is fallback-only and never adopts"
"nj-cape-may-cape-may-county","NJ","Cape May County Building Department","2020","2017","","2020|2017","necVersions (state-adoption-table) — ahj-national is fallback-only and never adopts"
"nj-cumberland-cumberland-county","NJ","Cumberland County Building Department","2020","2017","","2020|2017","necVersions (state-adoption-table) — ahj-national is fallback-only and never adopts"
"nj-essex-essex-county","NJ","Essex County Building Department","2020","2017","","2020|2017","necVersions (state-adoption-table) — ahj-national is fallback-only and never adopts"
"nj-gloucester-gloucester-county","NJ","Gloucester County Building Department","2020","2017","","2020|2017","necVersions (state-adoption-table) — ahj-national is fallback-only and never adopts"
"nj-hudson-hudson-county","NJ","Hudson County Building Department","2020","2017","","2020|2017","necVersions (state-adoption-table) — ahj-national is fallback-only and never adopts"
"nj-hunterdon-hunterdon-county","NJ","Hunterdon County Building Department","2020","2017","","2020|2017","necVersions (state-adoption-table) — ahj-national is fallback-only and never adopts"
"nj-mercer-trenton","NJ","City of Trenton Dept of Housing & Economic Development","2020","2017","","2020|2017","necVersions (state-adoption-table) — ahj-national is fallback-only and never adopts"
"nj-mercer-mercer-county","NJ","Mercer County Building Department","2020","2017","","2020|2017","necVersions (state-adoption-table) — ahj-national is fallback-only and never adopts"
"nj-middlesex-edison","NJ","Township of Edison Building Department","2020","2017","","2020|2017","necVersions (state-adoption-table) — ahj-national is fallback-only and never adopts"
"nj-middlesex-woodbridge","NJ","Township of Woodbridge Building Department","2020","2017","","2020|2017","necVersions (state-adoption-table) — ahj-national is fallback-only and never adopts"
"nj-morris-morris-county","NJ","Morris County Building Department","2020","2017","","2020|2017","necVersions (state-adoption-table) — ahj-national is fallback-only and never adopts"
"nj-ocean-lakewood","NJ","Township of Lakewood Building Department","2020","2017","","2020|2017","necVersions (state-adoption-table) — ahj-national is fallback-only and never adopts"
"nj-ocean-toms-river","NJ","Township of Toms River Building Department","2020","2017","","2020|2017","necVersions (state-adoption-table) — ahj-national is fallback-only and never adopts"
"nj-passaic-paterson","NJ","City of Paterson Building Department","2020","2017","","2020|2017","necVersions (state-adoption-table) — ahj-national is fallback-only and never adopts"
"nj-passaic-passaic-county","NJ","Passaic County Building Department","2020","2017","","2020|2017","necVersions (state-adoption-table) — ahj-national is fallback-only and never adopts"
"nj-salem-salem-county","NJ","Salem County Building Department","2020","2017","","2020|2017","necVersions (state-adoption-table) — ahj-national is fallback-only and never adopts"
"nj-somerset-somerset-county","NJ","Somerset County Building Department","2020","2017","","2020|2017","necVersions (state-adoption-table) — ahj-national is fallback-only and never adopts"
"nj-sussex-sussex-county","NJ","Sussex County Building Department","2020","2017","","2020|2017","necVersions (state-adoption-table) — ahj-national is fallback-only and never adopts"
"nj-union-elizabeth","NJ","City of Elizabeth Building Department","2020","2017","","2020|2017","necVersions (state-adoption-table) — ahj-national is fallback-only and never adopts"
"nj-union-union-county","NJ","Union County Building Department","2020","2017","","2020|2017","necVersions (state-adoption-table) — ahj-national is fallback-only and never adopts"
"nj-warren-warren-county","NJ","Warren County Building Department","2020","2017","","2020|2017","necVersions (state-adoption-table) — ahj-national is fallback-only and never adopts"
"ok-adair-adair-county","OK","Adair County Building Department","2017","2020","","2017|2020","necVersions (state-adoption-table) — ahj-national is fallback-only and never adopts"
"ok-alfalfa-alfalfa-county","OK","Alfalfa County Building Department","2017","2020","","2017|2020","necVersions (state-adoption-table) — ahj-national is fallback-only and never adopts"
"ok-atoka-atoka-county","OK","Atoka County Building Department","2017","2020","","2017|2020","necVersions (state-adoption-table) — ahj-national is fallback-only and never adopts"
"ok-beaver-beaver-county","OK","Beaver County Building Department","2017","2020","","2017|2020","necVersions (state-adoption-table) — ahj-national is fallback-only and never adopts"
"ok-beckham-beckham-county","OK","Beckham County Building Department","2017","2020","","2017|2020","necVersions (state-adoption-table) — ahj-national is fallback-only and never adopts"
"ok-blaine-blaine-county","OK","Blaine County Building Department","2017","2020","","2017|2020","necVersions (state-adoption-table) — ahj-national is fallback-only and never adopts"
"ok-bryan-bryan-county","OK","Bryan County Building Department","2017","2020","","2017|2020","necVersions (state-adoption-table) — ahj-national is fallback-only and never adopts"
"ok-caddo-caddo-county","OK","Caddo County Building Department","2017","2020","","2017|2020","necVersions (state-adoption-table) — ahj-national is fallback-only and never adopts"
"ok-canadian-canadian-county","OK","Canadian County Building Department","2017","2020","","2017|2020","necVersions (state-adoption-table) — ahj-national is fallback-only and never adopts"
"ok-carter-ardmore","OK","City of Ardmore Building Dept","2017","2020","","2017|2020","necVersions (state-adoption-table) — ahj-national is fallback-only and never adopts"
"ok-carter-carter-county","OK","Carter County Building Department","2017","2020","","2017|2020","necVersions (state-adoption-table) — ahj-national is fallback-only and never adopts"
"ok-cherokee-cherokee-county","OK","Cherokee County Building Department","2017","2020","","2017|2020","necVersions (state-adoption-table) — ahj-national is fallback-only and never adopts"
"ok-choctaw-choctaw-county","OK","Choctaw County Building Department","2017","2020","","2017|2020","necVersions (state-adoption-table) — ahj-national is fallback-only and never adopts"
"ok-cimarron-cimarron-county","OK","Cimarron County Building Department","2017","2020","","2017|2020","necVersions (state-adoption-table) — ahj-national is fallback-only and never adopts"
"ok-cleveland-moore","OK","City of Moore Building Dept","2017","2020","","2017|2020","necVersions (state-adoption-table) — ahj-national is fallback-only and never adopts"
"ok-cleveland-norman","OK","City of Norman Building Department","2017","2020","","2017|2020","necVersions (state-adoption-table) — ahj-national is fallback-only and never adopts"
"ok-cleveland-cleveland-county","OK","Cleveland County Building Department","2017","2020","","2017|2020","necVersions (state-adoption-table) — ahj-national is fallback-only and never adopts"
"ok-coal-coal-county","OK","Coal County Building Department","2017","2020","","2017|2020","necVersions (state-adoption-table) — ahj-national is fallback-only and never adopts"
"ok-comanche-lawton","OK","City of Lawton Building Dept","2017","2020","","2017|2020","necVersions (state-adoption-table) — ahj-national is fallback-only and never adopts"
"ok-comanche-comanche-county","OK","Comanche County Building Department","2017","2020","","2017|2020","necVersions (state-adoption-table) — ahj-national is fallback-only and never adopts"
"ok-cotton-cotton-county","OK","Cotton County Building Department","2017","2020","","2017|2020","necVersions (state-adoption-table) — ahj-national is fallback-only and never adopts"
"ok-craig-craig-county","OK","Craig County Building Department","2017","2020","","2017|2020","necVersions (state-adoption-table) — ahj-national is fallback-only and never adopts"
"ok-creek-creek-county","OK","Creek County Building Department","2017","2020","","2017|2020","necVersions (state-adoption-table) — ahj-national is fallback-only and never adopts"
"ok-custer-custer-county","OK","Custer County Building Department","2017","2020","","2017|2020","necVersions (state-adoption-table) — ahj-national is fallback-only and never adopts"
"ok-delaware-delaware-county","OK","Delaware County Building Department","2017","2020","","2017|2020","necVersions (state-adoption-table) — ahj-national is fallback-only and never adopts"
"ok-dewey-dewey-county","OK","Dewey County Building Department","2017","2020","","2017|2020","necVersions (state-adoption-table) — ahj-national is fallback-only and never adopts"
"ok-ellis-ellis-county","OK","Ellis County Building Department","2017","2020","","2017|2020","necVersions (state-adoption-table) — ahj-national is fallback-only and never adopts"
"ok-garfield-enid","OK","City of Enid Building Dept","2017","2020","","2017|2020","necVersions (state-adoption-table) — ahj-national is fallback-only and never adopts"
"ok-garfield-garfield-county","OK","Garfield County Building Department","2017","2020","","2017|2020","necVersions (state-adoption-table) — ahj-national is fallback-only and never adopts"
"ok-garvin-garvin-county","OK","Garvin County Building Department","2017","2020","","2017|2020","necVersions (state-adoption-table) — ahj-national is fallback-only and never adopts"
"ok-grady-grady-county","OK","Grady County Building Department","2017","2020","","2017|2020","necVersions (state-adoption-table) — ahj-national is fallback-only and never adopts"
"ok-grant-grant-county","OK","Grant County Building Department","2017","2020","","2017|2020","necVersions (state-adoption-table) — ahj-national is fallback-only and never adopts"
"ok-greer-greer-county","OK","Greer County Building Department","2017","2020","","2017|2020","necVersions (state-adoption-table) — ahj-national is fallback-only and never adopts"
"ok-harmon-harmon-county","OK","Harmon County Building Department","2017","2020","","2017|2020","necVersions (state-adoption-table) — ahj-national is fallback-only and never adopts"
"ok-harper-harper-county","OK","Harper County Building Department","2017","2020","","2017|2020","necVersions (state-adoption-table) — ahj-national is fallback-only and never adopts"
"ok-haskell-haskell-county","OK","Haskell County Building Department","2017","2020","","2017|2020","necVersions (state-adoption-table) — ahj-national is fallback-only and never adopts"
"ok-hughes-hughes-county","OK","Hughes County Building Department","2017","2020","","2017|2020","necVersions (state-adoption-table) — ahj-national is fallback-only and never adopts"
"ok-jackson-jackson-county","OK","Jackson County Building Department","2017","2020","","2017|2020","necVersions (state-adoption-table) — ahj-national is fallback-only and never adopts"
"ok-jefferson-jefferson-county","OK","Jefferson County Building Department","2017","2020","","2017|2020","necVersions (state-adoption-table) — ahj-national is fallback-only and never adopts"
"ok-johnston-johnston-county","OK","Johnston County Building Department","2017","2020","","2017|2020","necVersions (state-adoption-table) — ahj-national is fallback-only and never adopts"
"ok-kay-ponca-city","OK","City of Ponca City Building Dept","2017","2020","","2017|2020","necVersions (state-adoption-table) — ahj-national is fallback-only and never adopts"
"ok-kay-kay-county","OK","Kay County Building Department","2017","2020","","2017|2020","necVersions (state-adoption-table) — ahj-national is fallback-only and never adopts"
"ok-kingfisher-kingfisher-county","OK","Kingfisher County Building Department","2017","2020","","2017|2020","necVersions (state-adoption-table) — ahj-national is fallback-only and never adopts"
"ok-kiowa-kiowa-county","OK","Kiowa County Building Department","2017","2020","","2017|2020","necVersions (state-adoption-table) — ahj-national is fallback-only and never adopts"
"ok-latimer-latimer-county","OK","Latimer County Building Department","2017","2020","","2017|2020","necVersions (state-adoption-table) — ahj-national is fallback-only and never adopts"
"ok-le-flore-le-flore-county","OK","Le Flore County Building Department","2017","2020","","2017|2020","necVersions (state-adoption-table) — ahj-national is fallback-only and never adopts"
"ok-lincoln-lincoln-county","OK","Lincoln County Building Department","2017","2020","","2017|2020","necVersions (state-adoption-table) — ahj-national is fallback-only and never adopts"
"ok-logan-logan-county","OK","Logan County Building Department","2017","2020","","2017|2020","necVersions (state-adoption-table) — ahj-national is fallback-only and never adopts"
"ok-love-love-county","OK","Love County Building Department","2017","2020","","2017|2020","necVersions (state-adoption-table) — ahj-national is fallback-only and never adopts"
"ok-major-major-county","OK","Major County Building Department","2017","2020","","2017|2020","necVersions (state-adoption-table) — ahj-national is fallback-only and never adopts"
"ok-marshall-marshall-county","OK","Marshall County Building Department","2017","2020","","2017|2020","necVersions (state-adoption-table) — ahj-national is fallback-only and never adopts"
"ok-mayes-mayes-county","OK","Mayes County Building Department","2017","2020","","2017|2020","necVersions (state-adoption-table) — ahj-national is fallback-only and never adopts"
"ok-mcclain-mcclain-county","OK","McClain County Building Department","2017","2020","","2017|2020","necVersions (state-adoption-table) — ahj-national is fallback-only and never adopts"
"ok-mccurtain-mccurtain-county","OK","McCurtain County Building Department","2017","2020","","2017|2020","necVersions (state-adoption-table) — ahj-national is fallback-only and never adopts"
"ok-mcintosh-mcintosh-county","OK","McIntosh County Building Department","2017","2020","","2017|2020","necVersions (state-adoption-table) — ahj-national is fallback-only and never adopts"
"ok-murray-murray-county","OK","Murray County Building Department","2017","2020","","2017|2020","necVersions (state-adoption-table) — ahj-national is fallback-only and never adopts"
"ok-muskogee-muskogee","OK","City of Muskogee Building Dept","2017","2020","","2017|2020","necVersions (state-adoption-table) — ahj-national is fallback-only and never adopts"
"ok-muskogee-muskogee-county","OK","Muskogee County Building Department","2017","2020","","2017|2020","necVersions (state-adoption-table) — ahj-national is fallback-only and never adopts"
"ok-noble-noble-county","OK","Noble County Building Department","2017","2020","","2017|2020","necVersions (state-adoption-table) — ahj-national is fallback-only and never adopts"
"ok-nowata-nowata-county","OK","Nowata County Building Department","2017","2020","","2017|2020","necVersions (state-adoption-table) — ahj-national is fallback-only and never adopts"
"ok-okfuskee-okfuskee-county","OK","Okfuskee County Building Department","2017","2020","","2017|2020","necVersions (state-adoption-table) — ahj-national is fallback-only and never adopts"
"ok-oklahoma-edmond","OK","City of Edmond Building Dept","2017","2020","","2017|2020","necVersions (state-adoption-table) — ahj-national is fallback-only and never adopts"
"ok-oklahoma-midwest-city","OK","City of Midwest City Building Dept","2017","2020","","2017|2020","necVersions (state-adoption-table) — ahj-national is fallback-only and never adopts"
"ok-oklahoma-oklahoma-county","OK","Oklahoma County Building Department","2017","2020","","2017|2020","necVersions (state-adoption-table) — ahj-national is fallback-only and never adopts"
"ok-okmulgee-okmulgee-county","OK","Okmulgee County Building Department","2017","2020","","2017|2020","necVersions (state-adoption-table) — ahj-national is fallback-only and never adopts"
"ok-osage-osage-county","OK","Osage County Building Department","2017","2020","","2017|2020","necVersions (state-adoption-table) — ahj-national is fallback-only and never adopts"
"ok-ottawa-ottawa-county","OK","Ottawa County Building Department","2017","2020","","2017|2020","necVersions (state-adoption-table) — ahj-national is fallback-only and never adopts"
"ok-pawnee-pawnee-county","OK","Pawnee County Building Department","2017","2020","","2017|2020","necVersions (state-adoption-table) — ahj-national is fallback-only and never adopts"
"ok-payne-stillwater","OK","City of Stillwater Building Dept","2017","2020","","2017|2020","necVersions (state-adoption-table) — ahj-national is fallback-only and never adopts"
"ok-payne-payne-county","OK","Payne County Building Department","2017","2020","","2017|2020","necVersions (state-adoption-table) — ahj-national is fallback-only and never adopts"
"ok-pittsburg-pittsburg-county","OK","Pittsburg County Building Department","2017","2020","","2017|2020","necVersions (state-adoption-table) — ahj-national is fallback-only and never adopts"
"ok-pontotoc-pontotoc-county","OK","Pontotoc County Building Department","2017","2020","","2017|2020","necVersions (state-adoption-table) — ahj-national is fallback-only and never adopts"
"ok-pottawatomie-shawnee","OK","City of Shawnee Building Dept","2017","2020","","2017|2020","necVersions (state-adoption-table) — ahj-national is fallback-only and never adopts"
"ok-pottawatomie-pottawatomie-county","OK","Pottawatomie County Building Department","2017","2020","","2017|2020","necVersions (state-adoption-table) — ahj-national is fallback-only and never adopts"
"ok-pushmataha-pushmataha-county","OK","Pushmataha County Building Department","2017","2020","","2017|2020","necVersions (state-adoption-table) — ahj-national is fallback-only and never adopts"
"ok-roger-mills-roger-mills-county","OK","Roger Mills County Building Department","2017","2020","","2017|2020","necVersions (state-adoption-table) — ahj-national is fallback-only and never adopts"
"ok-rogers-rogers-county","OK","Rogers County Building Department","2017","2020","","2017|2020","necVersions (state-adoption-table) — ahj-national is fallback-only and never adopts"
"ok-seminole-seminole-county","OK","Seminole County Building Department","2017","2020","","2017|2020","necVersions (state-adoption-table) — ahj-national is fallback-only and never adopts"
"ok-sequoyah-sequoyah-county","OK","Sequoyah County Building Department","2017","2020","","2017|2020","necVersions (state-adoption-table) — ahj-national is fallback-only and never adopts"
"ok-stephens-duncan","OK","City of Duncan Building Dept","2017","2020","","2017|2020","necVersions (state-adoption-table) — ahj-national is fallback-only and never adopts"
"ok-stephens-stephens-county","OK","Stephens County Building Department","2017","2020","","2017|2020","necVersions (state-adoption-table) — ahj-national is fallback-only and never adopts"
"ok-texas-texas-county","OK","Texas County Building Department","2017","2020","","2017|2020","necVersions (state-adoption-table) — ahj-national is fallback-only and never adopts"
"ok-tillman-tillman-county","OK","Tillman County Building Department","2017","2020","","2017|2020","necVersions (state-adoption-table) — ahj-national is fallback-only and never adopts"
"ok-tulsa-broken-arrow","OK","City of Broken Arrow Building Dept","2017","2020","","2017|2020","necVersions (state-adoption-table) — ahj-national is fallback-only and never adopts"
"ok-tulsa-tulsa-county","OK","Tulsa County Building Department","2017","2020","","2017|2020","necVersions (state-adoption-table) — ahj-national is fallback-only and never adopts"
"ok-wagoner-wagoner-county","OK","Wagoner County Building Department","2017","2020","","2017|2020","necVersions (state-adoption-table) — ahj-national is fallback-only and never adopts"
"ok-washington-bartlesville","OK","City of Bartlesville Building Dept","2017","2020","","2017|2020","necVersions (state-adoption-table) — ahj-national is fallback-only and never adopts"
"ok-washington-washington-county","OK","Washington County Building Department","2017","2020","","2017|2020","necVersions (state-adoption-table) — ahj-national is fallback-only and never adopts"
"ok-washita-washita-county","OK","Washita County Building Department","2017","2020","","2017|2020","necVersions (state-adoption-table) — ahj-national is fallback-only and never adopts"
"ok-woods-woods-county","OK","Woods County Building Department","2017","2020","","2017|2020","necVersions (state-adoption-table) — ahj-national is fallback-only and never adopts"
"ok-woodward-woodward-county","OK","Woodward County Building Department","2017","2020","","2017|2020","necVersions (state-adoption-table) — ahj-national is fallback-only and never adopts"
"pa-adams-adams-county","PA","Adams County Building Department","2020","2017","","2020|2017","necVersions (state-adoption-table) — ahj-national is fallback-only and never adopts"
"pa-allegheny-allegheny-county","PA","Allegheny County Building Department","2020","2017","","2020|2017","necVersions (state-adoption-table) — ahj-national is fallback-only and never adopts"
"pa-armstrong-armstrong-county","PA","Armstrong County Building Department","2020","2017","","2020|2017","necVersions (state-adoption-table) — ahj-national is fallback-only and never adopts"
"pa-beaver-beaver-county","PA","Beaver County Building Department","2020","2017","","2020|2017","necVersions (state-adoption-table) — ahj-national is fallback-only and never adopts"
"pa-bedford-bedford-county","PA","Bedford County Building Department","2020","2017","","2020|2017","necVersions (state-adoption-table) — ahj-national is fallback-only and never adopts"
"pa-berks-reading","PA","City of Reading Building Department","2020","2017","","2020|2017","necVersions (state-adoption-table) — ahj-national is fallback-only and never adopts"
"pa-berks-berks-county","PA","Berks County Building Department","2020","2017","","2020|2017","necVersions (state-adoption-table) — ahj-national is fallback-only and never adopts"
"pa-blair-blair-county","PA","Blair County Building Department","2020","2017","","2020|2017","necVersions (state-adoption-table) — ahj-national is fallback-only and never adopts"
"pa-bradford-bradford-county","PA","Bradford County Building Department","2020","2017","","2020|2017","necVersions (state-adoption-table) — ahj-national is fallback-only and never adopts"
"pa-bucks-bucks-county","PA","Bucks County Building Department","2020","2017","","2020|2017","necVersions (state-adoption-table) — ahj-national is fallback-only and never adopts"
"pa-butler-butler-county","PA","Butler County Building Department","2020","2017","","2020|2017","necVersions (state-adoption-table) — ahj-national is fallback-only and never adopts"
"pa-cambria-cambria-county","PA","Cambria County Building Department","2020","2017","","2020|2017","necVersions (state-adoption-table) — ahj-national is fallback-only and never adopts"
"pa-cameron-cameron-county","PA","Cameron County Building Department","2020","2017","","2020|2017","necVersions (state-adoption-table) — ahj-national is fallback-only and never adopts"
"pa-carbon-carbon-county","PA","Carbon County Building Department","2020","2017","","2020|2017","necVersions (state-adoption-table) — ahj-national is fallback-only and never adopts"
"pa-centre-centre-county","PA","Centre County Building Department","2020","2017","","2020|2017","necVersions (state-adoption-table) — ahj-national is fallback-only and never adopts"
"pa-chester-chester-county","PA","Chester County Building Department","2020","2017","","2020|2017","necVersions (state-adoption-table) — ahj-national is fallback-only and never adopts"
"pa-clarion-clarion-county","PA","Clarion County Building Department","2020","2017","","2020|2017","necVersions (state-adoption-table) — ahj-national is fallback-only and never adopts"
"pa-clearfield-clearfield-county","PA","Clearfield County Building Department","2020","2017","","2020|2017","necVersions (state-adoption-table) — ahj-national is fallback-only and never adopts"
"pa-clinton-clinton-county","PA","Clinton County Building Department","2020","2017","","2020|2017","necVersions (state-adoption-table) — ahj-national is fallback-only and never adopts"
"pa-columbia-columbia-county","PA","Columbia County Building Department","2020","2017","","2020|2017","necVersions (state-adoption-table) — ahj-national is fallback-only and never adopts"
"pa-crawford-crawford-county","PA","Crawford County Building Department","2020","2017","","2020|2017","necVersions (state-adoption-table) — ahj-national is fallback-only and never adopts"
"pa-cumberland-cumberland-county","PA","Cumberland County Building Department","2020","2017","","2020|2017","necVersions (state-adoption-table) — ahj-national is fallback-only and never adopts"
"pa-dauphin-dauphin-county","PA","Dauphin County Building Department","2020","2017","","2020|2017","necVersions (state-adoption-table) — ahj-national is fallback-only and never adopts"
"pa-delaware-delaware-county","PA","Delaware County Building Department","2020","2017","","2020|2017","necVersions (state-adoption-table) — ahj-national is fallback-only and never adopts"
"pa-elk-elk-county","PA","Elk County Building Department","2020","2017","","2020|2017","necVersions (state-adoption-table) — ahj-national is fallback-only and never adopts"
"pa-erie-erie","PA","City of Erie Building Department","2020","2017","","2020|2017","necVersions (state-adoption-table) — ahj-national is fallback-only and never adopts"
"pa-erie-erie-county","PA","Erie County Building Department","2020","2017","","2020|2017","necVersions (state-adoption-table) — ahj-national is fallback-only and never adopts"
"pa-fayette-fayette-county","PA","Fayette County Building Department","2020","2017","","2020|2017","necVersions (state-adoption-table) — ahj-national is fallback-only and never adopts"
"pa-forest-forest-county","PA","Forest County Building Department","2020","2017","","2020|2017","necVersions (state-adoption-table) — ahj-national is fallback-only and never adopts"
"pa-franklin-franklin-county","PA","Franklin County Building Department","2020","2017","","2020|2017","necVersions (state-adoption-table) — ahj-national is fallback-only and never adopts"
"pa-fulton-fulton-county","PA","Fulton County Building Department","2020","2017","","2020|2017","necVersions (state-adoption-table) — ahj-national is fallback-only and never adopts"
"pa-greene-greene-county","PA","Greene County Building Department","2020","2017","","2020|2017","necVersions (state-adoption-table) — ahj-national is fallback-only and never adopts"
"pa-huntingdon-huntingdon-county","PA","Huntingdon County Building Department","2020","2017","","2020|2017","necVersions (state-adoption-table) — ahj-national is fallback-only and never adopts"
"pa-indiana-indiana-county","PA","Indiana County Building Department","2020","2017","","2020|2017","necVersions (state-adoption-table) — ahj-national is fallback-only and never adopts"
"pa-jefferson-jefferson-county","PA","Jefferson County Building Department","2020","2017","","2020|2017","necVersions (state-adoption-table) — ahj-national is fallback-only and never adopts"
"pa-juniata-juniata-county","PA","Juniata County Building Department","2020","2017","","2020|2017","necVersions (state-adoption-table) — ahj-national is fallback-only and never adopts"
"pa-lackawanna-scranton","PA","City of Scranton Building Department","2020","2017","","2020|2017","necVersions (state-adoption-table) — ahj-national is fallback-only and never adopts"
"pa-lackawanna-lackawanna-county","PA","Lackawanna County Building Department","2020","2017","","2020|2017","necVersions (state-adoption-table) — ahj-national is fallback-only and never adopts"
"pa-lancaster-lancaster","PA","City of Lancaster Building Department","2020","2017","","2020|2017","necVersions (state-adoption-table) — ahj-national is fallback-only and never adopts"
"pa-lancaster-lancaster-county","PA","Lancaster County Building Department","2020","2017","","2020|2017","necVersions (state-adoption-table) — ahj-national is fallback-only and never adopts"
"pa-lawrence-lawrence-county","PA","Lawrence County Building Department","2020","2017","","2020|2017","necVersions (state-adoption-table) — ahj-national is fallback-only and never adopts"
"pa-lebanon-lebanon-county","PA","Lebanon County Building Department","2020","2017","","2020|2017","necVersions (state-adoption-table) — ahj-national is fallback-only and never adopts"
"pa-lehigh-allentown","PA","City of Allentown Building & Code Enforcement","2020","2017","","2020|2017","necVersions (state-adoption-table) — ahj-national is fallback-only and never adopts"
"pa-lehigh-lehigh-county","PA","Lehigh County Building Department","2020","2017","","2020|2017","necVersions (state-adoption-table) — ahj-national is fallback-only and never adopts"
"pa-luzerne-luzerne-county","PA","Luzerne County Building Department","2020","2017","","2020|2017","necVersions (state-adoption-table) — ahj-national is fallback-only and never adopts"
"pa-lycoming-lycoming-county","PA","Lycoming County Building Department","2020","2017","","2020|2017","necVersions (state-adoption-table) — ahj-national is fallback-only and never adopts"
"pa-mckean-mckean-county","PA","McKean County Building Department","2020","2017","","2020|2017","necVersions (state-adoption-table) — ahj-national is fallback-only and never adopts"
"pa-mercer-mercer-county","PA","Mercer County Building Department","2020","2017","","2020|2017","necVersions (state-adoption-table) — ahj-national is fallback-only and never adopts"
"pa-mifflin-mifflin-county","PA","Mifflin County Building Department","2020","2017","","2020|2017","necVersions (state-adoption-table) — ahj-national is fallback-only and never adopts"
"pa-monroe-monroe-county","PA","Monroe County Building Department","2020","2017","","2020|2017","necVersions (state-adoption-table) — ahj-national is fallback-only and never adopts"
"pa-montgomery-montgomery-county","PA","Montgomery County Building Department","2020","2017","","2020|2017","necVersions (state-adoption-table) — ahj-national is fallback-only and never adopts"
"pa-montour-montour-county","PA","Montour County Building Department","2020","2017","","2020|2017","necVersions (state-adoption-table) — ahj-national is fallback-only and never adopts"
"pa-northampton-bethlehem","PA","City of Bethlehem Building Department","2020","2017","","2020|2017","necVersions (state-adoption-table) — ahj-national is fallback-only and never adopts"
"pa-northampton-northampton-county","PA","Northampton County Building Department","2020","2017","","2020|2017","necVersions (state-adoption-table) — ahj-national is fallback-only and never adopts"
"pa-northumberland-northumberland-county","PA","Northumberland County Building Department","2020","2017","","2020|2017","necVersions (state-adoption-table) — ahj-national is fallback-only and never adopts"
"pa-perry-perry-county","PA","Perry County Building Department","2020","2017","","2020|2017","necVersions (state-adoption-table) — ahj-national is fallback-only and never adopts"
"pa-philadelphia-philadelphia-county","PA","Philadelphia County Building Department","2020","2017","","2020|2017","necVersions (state-adoption-table) — ahj-national is fallback-only and never adopts"
"pa-pike-pike-county","PA","Pike County Building Department","2020","2017","","2020|2017","necVersions (state-adoption-table) — ahj-national is fallback-only and never adopts"
"pa-potter-potter-county","PA","Potter County Building Department","2020","2017","","2020|2017","necVersions (state-adoption-table) — ahj-national is fallback-only and never adopts"
"pa-schuylkill-schuylkill-county","PA","Schuylkill County Building Department","2020","2017","","2020|2017","necVersions (state-adoption-table) — ahj-national is fallback-only and never adopts"
"pa-snyder-snyder-county","PA","Snyder County Building Department","2020","2017","","2020|2017","necVersions (state-adoption-table) — ahj-national is fallback-only and never adopts"
"pa-somerset-somerset-county","PA","Somerset County Building Department","2020","2017","","2020|2017","necVersions (state-adoption-table) — ahj-national is fallback-only and never adopts"
"pa-sullivan-sullivan-county","PA","Sullivan County Building Department","2020","2017","","2020|2017","necVersions (state-adoption-table) — ahj-national is fallback-only and never adopts"
"pa-susquehanna-susquehanna-county","PA","Susquehanna County Building Department","2020","2017","","2020|2017","necVersions (state-adoption-table) — ahj-national is fallback-only and never adopts"
"pa-tioga-tioga-county","PA","Tioga County Building Department","2020","2017","","2020|2017","necVersions (state-adoption-table) — ahj-national is fallback-only and never adopts"
"pa-union-union-county","PA","Union County Building Department","2020","2017","","2020|2017","necVersions (state-adoption-table) — ahj-national is fallback-only and never adopts"
"pa-venango-venango-county","PA","Venango County Building Department","2020","2017","","2020|2017","necVersions (state-adoption-table) — ahj-national is fallback-only and never adopts"
"pa-warren-warren-county","PA","Warren County Building Department","2020","2017","","2020|2017","necVersions (state-adoption-table) — ahj-national is fallback-only and never adopts"
"pa-washington-washington-county","PA","Washington County Building Department","2020","2017","","2020|2017","necVersions (state-adoption-table) — ahj-national is fallback-only and never adopts"
"pa-wayne-wayne-county","PA","Wayne County Building Department","2020","2017","","2020|2017","necVersions (state-adoption-table) — ahj-national is fallback-only and never adopts"
"pa-westmoreland-westmoreland-county","PA","Westmoreland County Building Department","2020","2017","","2020|2017","necVersions (state-adoption-table) — ahj-national is fallback-only and never adopts"
"pa-wyoming-wyoming-county","PA","Wyoming County Building Department","2020","2017","","2020|2017","necVersions (state-adoption-table) — ahj-national is fallback-only and never adopts"
"pa-york-york-county","PA","York County Building Department","2020","2017","","2020|2017","necVersions (state-adoption-table) — ahj-national is fallback-only and never adopts"
"pa-york-york","PA","City of York Building Department","2020","2017","","2020|2017","necVersions (state-adoption-table) — ahj-national is fallback-only and never adopts"
"sc-abbeville-abbeville-county","SC","Abbeville County Building Department","2017","2020","","2017|2020","necVersions (state-adoption-table) — ahj-national is fallback-only and never adopts"
"sc-aiken-aiken","SC","City of Aiken Building Dept","2017","2020","","2017|2020","necVersions (state-adoption-table) — ahj-national is fallback-only and never adopts"
"sc-aiken-aiken-county","SC","Aiken County Building Department","2017","2020","","2017|2020","necVersions (state-adoption-table) — ahj-national is fallback-only and never adopts"
"sc-allendale-allendale-county","SC","Allendale County Building Department","2017","2020","","2017|2020","necVersions (state-adoption-table) — ahj-national is fallback-only and never adopts"
"sc-anderson-anderson","SC","City of Anderson Building Dept","2017","2020","","2017|2020","necVersions (state-adoption-table) — ahj-national is fallback-only and never adopts"
"sc-anderson-anderson-county","SC","Anderson County Building Department","2017","2020","","2017|2020","necVersions (state-adoption-table) — ahj-national is fallback-only and never adopts"
"sc-bamberg-bamberg-county","SC","Bamberg County Building Department","2017","2020","","2017|2020","necVersions (state-adoption-table) — ahj-national is fallback-only and never adopts"
"sc-barnwell-barnwell-county","SC","Barnwell County Building Department","2017","2020","","2017|2020","necVersions (state-adoption-table) — ahj-national is fallback-only and never adopts"
"sc-beaufort-hilton-head","SC","Town of Hilton Head Building Dept","2017","2020","","2017|2020","necVersions (state-adoption-table) — ahj-national is fallback-only and never adopts"
"sc-beaufort-beaufort-county","SC","Beaufort County Building Department","2017","2020","","2017|2020","necVersions (state-adoption-table) — ahj-national is fallback-only and never adopts"
"sc-berkeley-goose-creek","SC","City of Goose Creek Building Dept","2017","2020","","2017|2020","necVersions (state-adoption-table) — ahj-national is fallback-only and never adopts"
"sc-berkeley-berkeley-county","SC","Berkeley County Building Department","2017","2020","","2017|2020","necVersions (state-adoption-table) — ahj-national is fallback-only and never adopts"
"sc-calhoun-calhoun-county","SC","Calhoun County Building Department","2017","2020","","2017|2020","necVersions (state-adoption-table) — ahj-national is fallback-only and never adopts"
"sc-charleston-mount-pleasant","SC","Town of Mount Pleasant Building Department","2017","2020","","2017|2020","necVersions (state-adoption-table) — ahj-national is fallback-only and never adopts"
"sc-charleston-north-charleston","SC","City of North Charleston Building Department","2017","2020","","2017|2020","necVersions (state-adoption-table) — ahj-national is fallback-only and never adopts"
"sc-charleston-charleston-county","SC","Charleston County Building Department","2017","2020","","2017|2020","necVersions (state-adoption-table) — ahj-national is fallback-only and never adopts"
"sc-cherokee-cherokee-county","SC","Cherokee County Building Department","2017","2020","","2017|2020","necVersions (state-adoption-table) — ahj-national is fallback-only and never adopts"
"sc-chester-chester-county","SC","Chester County Building Department","2017","2020","","2017|2020","necVersions (state-adoption-table) — ahj-national is fallback-only and never adopts"
"sc-chesterfield-chesterfield-county","SC","Chesterfield County Building Department","2017","2020","","2017|2020","necVersions (state-adoption-table) — ahj-national is fallback-only and never adopts"
"sc-clarendon-clarendon-county","SC","Clarendon County Building Department","2017","2020","","2017|2020","necVersions (state-adoption-table) — ahj-national is fallback-only and never adopts"
"sc-colleton-colleton-county","SC","Colleton County Building Department","2017","2020","","2017|2020","necVersions (state-adoption-table) — ahj-national is fallback-only and never adopts"
"sc-darlington-darlington-county","SC","Darlington County Building Department","2017","2020","","2017|2020","necVersions (state-adoption-table) — ahj-national is fallback-only and never adopts"
"sc-dillon-dillon-county","SC","Dillon County Building Department","2017","2020","","2017|2020","necVersions (state-adoption-table) — ahj-national is fallback-only and never adopts"
"sc-dorchester-summerville","SC","Town of Summerville Building Dept","2017","2020","","2017|2020","necVersions (state-adoption-table) — ahj-national is fallback-only and never adopts"
"sc-dorchester-dorchester-county","SC","Dorchester County Building Department","2017","2020","","2017|2020","necVersions (state-adoption-table) — ahj-national is fallback-only and never adopts"
"sc-edgefield-edgefield-county","SC","Edgefield County Building Department","2017","2020","","2017|2020","necVersions (state-adoption-table) — ahj-national is fallback-only and never adopts"
"sc-fairfield-fairfield-county","SC","Fairfield County Building Department","2017","2020","","2017|2020","necVersions (state-adoption-table) — ahj-national is fallback-only and never adopts"
"sc-florence-florence","SC","City of Florence Building Dept","2017","2020","","2017|2020","necVersions (state-adoption-table) — ahj-national is fallback-only and never adopts"
"sc-florence-florence-county","SC","Florence County Building Department","2017","2020","","2017|2020","necVersions (state-adoption-table) — ahj-national is fallback-only and never adopts"
"sc-georgetown-georgetown-county","SC","Georgetown County Building Department","2017","2020","","2017|2020","necVersions (state-adoption-table) — ahj-national is fallback-only and never adopts"
"sc-greenville-greenville-county","SC","Greenville County Building Department","2017","2020","","2017|2020","necVersions (state-adoption-table) — ahj-national is fallback-only and never adopts"
"sc-greenwood-greenwood-county","SC","Greenwood County Building Department","2017","2020","","2017|2020","necVersions (state-adoption-table) — ahj-national is fallback-only and never adopts"
"sc-hampton-hampton-county","SC","Hampton County Building Department","2017","2020","","2017|2020","necVersions (state-adoption-table) — ahj-national is fallback-only and never adopts"
"sc-horry-horry-county","SC","Horry County Building Department","2017","2020","","2017|2020","necVersions (state-adoption-table) — ahj-national is fallback-only and never adopts"
"sc-jasper-jasper-county","SC","Jasper County Building Department","2017","2020","","2017|2020","necVersions (state-adoption-table) — ahj-national is fallback-only and never adopts"
"sc-kershaw-kershaw-county","SC","Kershaw County Building Department","2017","2020","","2017|2020","necVersions (state-adoption-table) — ahj-national is fallback-only and never adopts"
"sc-lancaster-lancaster-county","SC","Lancaster County Building Department","2017","2020","","2017|2020","necVersions (state-adoption-table) — ahj-national is fallback-only and never adopts"
"sc-laurens-laurens-county","SC","Laurens County Building Department","2017","2020","","2017|2020","necVersions (state-adoption-table) — ahj-national is fallback-only and never adopts"
"sc-lee-lee-county","SC","Lee County Building Department","2017","2020","","2017|2020","necVersions (state-adoption-table) — ahj-national is fallback-only and never adopts"
"sc-lexington-lexington-county","SC","Lexington County Building Department","2017","2020","","2017|2020","necVersions (state-adoption-table) — ahj-national is fallback-only and never adopts"
"sc-marion-marion-county","SC","Marion County Building Department","2017","2020","","2017|2020","necVersions (state-adoption-table) — ahj-national is fallback-only and never adopts"
"sc-marlboro-marlboro-county","SC","Marlboro County Building Department","2017","2020","","2017|2020","necVersions (state-adoption-table) — ahj-national is fallback-only and never adopts"
"sc-mccormick-mccormick-county","SC","McCormick County Building Department","2017","2020","","2017|2020","necVersions (state-adoption-table) — ahj-national is fallback-only and never adopts"
"sc-newberry-newberry-county","SC","Newberry County Building Department","2017","2020","","2017|2020","necVersions (state-adoption-table) — ahj-national is fallback-only and never adopts"
"sc-oconee-oconee-county","SC","Oconee County Building Department","2017","2020","","2017|2020","necVersions (state-adoption-table) — ahj-national is fallback-only and never adopts"
"sc-orangeburg-orangeburg-county","SC","Orangeburg County Building Department","2017","2020","","2017|2020","necVersions (state-adoption-table) — ahj-national is fallback-only and never adopts"
"sc-pickens-pickens-county","SC","Pickens County Building Department","2017","2020","","2017|2020","necVersions (state-adoption-table) — ahj-national is fallback-only and never adopts"
"sc-richland-richland-county","SC","Richland County Building Department","2017","2020","","2017|2020","necVersions (state-adoption-table) — ahj-national is fallback-only and never adopts"
"sc-saluda-saluda-county","SC","Saluda County Building Department","2017","2020","","2017|2020","necVersions (state-adoption-table) — ahj-national is fallback-only and never adopts"
"sc-spartanburg-spartanburg","SC","City of Spartanburg Building Dept","2017","2020","","2017|2020","necVersions (state-adoption-table) — ahj-national is fallback-only and never adopts"
"sc-spartanburg-spartanburg-county","SC","Spartanburg County Building Department","2017","2020","","2017|2020","necVersions (state-adoption-table) — ahj-national is fallback-only and never adopts"
"sc-sumter-sumter-county","SC","Sumter County Building Department","2017","2020","","2017|2020","necVersions (state-adoption-table) — ahj-national is fallback-only and never adopts"
"sc-union-union-county","SC","Union County Building Department","2017","2020","","2017|2020","necVersions (state-adoption-table) — ahj-national is fallback-only and never adopts"
"sc-williamsburg-williamsburg-county","SC","Williamsburg County Building Department","2017","2020","","2017|2020","necVersions (state-adoption-table) — ahj-national is fallback-only and never adopts"
"sc-york-rock-hill","SC","City of Rock Hill Building Department","2017","2020","","2017|2020","necVersions (state-adoption-table) — ahj-national is fallback-only and never adopts"
"sc-york-york-county","SC","York County Building Department","2017","2020","","2017|2020","necVersions (state-adoption-table) — ahj-national is fallback-only and never adopts"
"sd-aurora-aurora-county","SD","Aurora County Building Department","2017","2020","","2017|2020","necVersions (state-adoption-table) — ahj-national is fallback-only and never adopts"
"sd-beadle-huron","SD","City of Huron Building Dept","2017","2020","","2017|2020","necVersions (state-adoption-table) — ahj-national is fallback-only and never adopts"
"sd-beadle-beadle-county","SD","Beadle County Building Department","2017","2020","","2017|2020","necVersions (state-adoption-table) — ahj-national is fallback-only and never adopts"
"sd-bennett-bennett-county","SD","Bennett County Building Department","2017","2020","","2017|2020","necVersions (state-adoption-table) — ahj-national is fallback-only and never adopts"
"sd-bon-homme-bon-homme-county","SD","Bon Homme County Building Department","2017","2020","","2017|2020","necVersions (state-adoption-table) — ahj-national is fallback-only and never adopts"
"sd-brookings-brookings","SD","City of Brookings Building Dept","2017","2020","","2017|2020","necVersions (state-adoption-table) — ahj-national is fallback-only and never adopts"
"sd-brookings-brookings-county","SD","Brookings County Building Department","2017","2020","","2017|2020","necVersions (state-adoption-table) — ahj-national is fallback-only and never adopts"
"sd-brown-aberdeen","SD","City of Aberdeen Building Dept","2017","2020","","2017|2020","necVersions (state-adoption-table) — ahj-national is fallback-only and never adopts"
"sd-brown-brown-county","SD","Brown County Building Department","2017","2020","","2017|2020","necVersions (state-adoption-table) — ahj-national is fallback-only and never adopts"
"sd-brule-brule-county","SD","Brule County Building Department","2017","2020","","2017|2020","necVersions (state-adoption-table) — ahj-national is fallback-only and never adopts"
"sd-buffalo-buffalo-county","SD","Buffalo County Building Department","2017","2020","","2017|2020","necVersions (state-adoption-table) — ahj-national is fallback-only and never adopts"
"sd-butte-butte-county","SD","Butte County Building Department","2017","2020","","2017|2020","necVersions (state-adoption-table) — ahj-national is fallback-only and never adopts"
"sd-campbell-campbell-county","SD","Campbell County Building Department","2017","2020","","2017|2020","necVersions (state-adoption-table) — ahj-national is fallback-only and never adopts"
"sd-charles-mix-charles-mix-county","SD","Charles Mix County Building Department","2017","2020","","2017|2020","necVersions (state-adoption-table) — ahj-national is fallback-only and never adopts"
"sd-clark-clark-county","SD","Clark County Building Department","2017","2020","","2017|2020","necVersions (state-adoption-table) — ahj-national is fallback-only and never adopts"
"sd-clay-clay-county","SD","Clay County Building Department","2017","2020","","2017|2020","necVersions (state-adoption-table) — ahj-national is fallback-only and never adopts"
"sd-clay-vermillion","SD","City of Vermillion Building Dept","2017","2020","","2017|2020","necVersions (state-adoption-table) — ahj-national is fallback-only and never adopts"
"sd-codington-codington-county","SD","Codington County Building Department","2017","2020","","2017|2020","necVersions (state-adoption-table) — ahj-national is fallback-only and never adopts"
"sd-codington-watertown","SD","City of Watertown Building Dept","2017","2020","","2017|2020","necVersions (state-adoption-table) — ahj-national is fallback-only and never adopts"
"sd-corson-corson-county","SD","Corson County Building Department","2017","2020","","2017|2020","necVersions (state-adoption-table) — ahj-national is fallback-only and never adopts"
"sd-custer-custer-county","SD","Custer County Building Department","2017","2020","","2017|2020","necVersions (state-adoption-table) — ahj-national is fallback-only and never adopts"
"sd-davison-mitchell","SD","City of Mitchell Building Dept","2017","2020","","2017|2020","necVersions (state-adoption-table) — ahj-national is fallback-only and never adopts"
"sd-davison-davison-county","SD","Davison County Building Department","2017","2020","","2017|2020","necVersions (state-adoption-table) — ahj-national is fallback-only and never adopts"
"sd-day-day-county","SD","Day County Building Department","2017","2020","","2017|2020","necVersions (state-adoption-table) — ahj-national is fallback-only and never adopts"
"sd-deuel-deuel-county","SD","Deuel County Building Department","2017","2020","","2017|2020","necVersions (state-adoption-table) — ahj-national is fallback-only and never adopts"
"sd-dewey-dewey-county","SD","Dewey County Building Department","2017","2020","","2017|2020","necVersions (state-adoption-table) — ahj-national is fallback-only and never adopts"
"sd-douglas-douglas-county","SD","Douglas County Building Department","2017","2020","","2017|2020","necVersions (state-adoption-table) — ahj-national is fallback-only and never adopts"
"sd-edmunds-edmunds-county","SD","Edmunds County Building Department","2017","2020","","2017|2020","necVersions (state-adoption-table) — ahj-national is fallback-only and never adopts"
"sd-fall-river-fall-river-county","SD","Fall River County Building Department","2017","2020","","2017|2020","necVersions (state-adoption-table) — ahj-national is fallback-only and never adopts"
"sd-faulk-faulk-county","SD","Faulk County Building Department","2017","2020","","2017|2020","necVersions (state-adoption-table) — ahj-national is fallback-only and never adopts"
"sd-grant-grant-county","SD","Grant County Building Department","2017","2020","","2017|2020","necVersions (state-adoption-table) — ahj-national is fallback-only and never adopts"
"sd-gregory-gregory-county","SD","Gregory County Building Department","2017","2020","","2017|2020","necVersions (state-adoption-table) — ahj-national is fallback-only and never adopts"
"sd-haakon-haakon-county","SD","Haakon County Building Department","2017","2020","","2017|2020","necVersions (state-adoption-table) — ahj-national is fallback-only and never adopts"
"sd-hamlin-hamlin-county","SD","Hamlin County Building Department","2017","2020","","2017|2020","necVersions (state-adoption-table) — ahj-national is fallback-only and never adopts"
"sd-hand-hand-county","SD","Hand County Building Department","2017","2020","","2017|2020","necVersions (state-adoption-table) — ahj-national is fallback-only and never adopts"
"sd-hanson-hanson-county","SD","Hanson County Building Department","2017","2020","","2017|2020","necVersions (state-adoption-table) — ahj-national is fallback-only and never adopts"
"sd-harding-harding-county","SD","Harding County Building Department","2017","2020","","2017|2020","necVersions (state-adoption-table) — ahj-national is fallback-only and never adopts"
"sd-hughes-pierre","SD","City of Pierre Building Dept","2017","2020","","2017|2020","necVersions (state-adoption-table) — ahj-national is fallback-only and never adopts"
"sd-hughes-hughes-county","SD","Hughes County Building Department","2017","2020","","2017|2020","necVersions (state-adoption-table) — ahj-national is fallback-only and never adopts"
"sd-hutchinson-hutchinson-county","SD","Hutchinson County Building Department","2017","2020","","2017|2020","necVersions (state-adoption-table) — ahj-national is fallback-only and never adopts"
"sd-hyde-hyde-county","SD","Hyde County Building Department","2017","2020","","2017|2020","necVersions (state-adoption-table) — ahj-national is fallback-only and never adopts"
"sd-jackson-jackson-county","SD","Jackson County Building Department","2017","2020","","2017|2020","necVersions (state-adoption-table) — ahj-national is fallback-only and never adopts"
"sd-jerauld-jerauld-county","SD","Jerauld County Building Department","2017","2020","","2017|2020","necVersions (state-adoption-table) — ahj-national is fallback-only and never adopts"
"sd-jones-jones-county","SD","Jones County Building Department","2017","2020","","2017|2020","necVersions (state-adoption-table) — ahj-national is fallback-only and never adopts"
"sd-kingsbury-kingsbury-county","SD","Kingsbury County Building Department","2017","2020","","2017|2020","necVersions (state-adoption-table) — ahj-national is fallback-only and never adopts"
"sd-lake-lake-county","SD","Lake County Building Department","2017","2020","","2017|2020","necVersions (state-adoption-table) — ahj-national is fallback-only and never adopts"
"sd-lawrence-lawrence-county","SD","Lawrence County Building Department","2017","2020","","2017|2020","necVersions (state-adoption-table) — ahj-national is fallback-only and never adopts"
"sd-lincoln-lincoln-county","SD","Lincoln County Building Department","2017","2020","","2017|2020","necVersions (state-adoption-table) — ahj-national is fallback-only and never adopts"
"sd-lyman-lyman-county","SD","Lyman County Building Department","2017","2020","","2017|2020","necVersions (state-adoption-table) — ahj-national is fallback-only and never adopts"
"sd-marshall-marshall-county","SD","Marshall County Building Department","2017","2020","","2017|2020","necVersions (state-adoption-table) — ahj-national is fallback-only and never adopts"
"sd-mccook-mccook-county","SD","McCook County Building Department","2017","2020","","2017|2020","necVersions (state-adoption-table) — ahj-national is fallback-only and never adopts"
"sd-mcpherson-mcpherson-county","SD","McPherson County Building Department","2017","2020","","2017|2020","necVersions (state-adoption-table) — ahj-national is fallback-only and never adopts"
"sd-meade-meade-county","SD","Meade County Building Department","2017","2020","","2017|2020","necVersions (state-adoption-table) — ahj-national is fallback-only and never adopts"
"sd-mellette-mellette-county","SD","Mellette County Building Department","2017","2020","","2017|2020","necVersions (state-adoption-table) — ahj-national is fallback-only and never adopts"
"sd-miner-miner-county","SD","Miner County Building Department","2017","2020","","2017|2020","necVersions (state-adoption-table) — ahj-national is fallback-only and never adopts"
"sd-minnehaha-minnehaha-county","SD","Minnehaha County Building Department","2017","2020","","2017|2020","necVersions (state-adoption-table) — ahj-national is fallback-only and never adopts"
"sd-moody-moody-county","SD","Moody County Building Department","2017","2020","","2017|2020","necVersions (state-adoption-table) — ahj-national is fallback-only and never adopts"
"sd-pennington-rapid-city","SD","City of Rapid City Building Department","2017","2020","","2017|2020","necVersions (state-adoption-table) — ahj-national is fallback-only and never adopts"
"sd-pennington-pennington-county","SD","Pennington County Building Department","2017","2020","","2017|2020","necVersions (state-adoption-table) — ahj-national is fallback-only and never adopts"
"sd-perkins-perkins-county","SD","Perkins County Building Department","2017","2020","","2017|2020","necVersions (state-adoption-table) — ahj-national is fallback-only and never adopts"
"sd-potter-potter-county","SD","Potter County Building Department","2017","2020","","2017|2020","necVersions (state-adoption-table) — ahj-national is fallback-only and never adopts"
"sd-roberts-roberts-county","SD","Roberts County Building Department","2017","2020","","2017|2020","necVersions (state-adoption-table) — ahj-national is fallback-only and never adopts"
"sd-sanborn-sanborn-county","SD","Sanborn County Building Department","2017","2020","","2017|2020","necVersions (state-adoption-table) — ahj-national is fallback-only and never adopts"
"sd-shannon-shannon-county","SD","Shannon County Building Department","2017","2020","","2017|2020","necVersions (state-adoption-table) — ahj-national is fallback-only and never adopts"
"sd-spink-spink-county","SD","Spink County Building Department","2017","2020","","2017|2020","necVersions (state-adoption-table) — ahj-national is fallback-only and never adopts"
"sd-stanley-stanley-county","SD","Stanley County Building Department","2017","2020","","2017|2020","necVersions (state-adoption-table) — ahj-national is fallback-only and never adopts"
"sd-sully-sully-county","SD","Sully County Building Department","2017","2020","","2017|2020","necVersions (state-adoption-table) — ahj-national is fallback-only and never adopts"
"sd-todd-todd-county","SD","Todd County Building Department","2017","2020","","2017|2020","necVersions (state-adoption-table) — ahj-national is fallback-only and never adopts"
"sd-tripp-tripp-county","SD","Tripp County Building Department","2017","2020","","2017|2020","necVersions (state-adoption-table) — ahj-national is fallback-only and never adopts"
"sd-turner-turner-county","SD","Turner County Building Department","2017","2020","","2017|2020","necVersions (state-adoption-table) — ahj-national is fallback-only and never adopts"
"sd-union-union-county","SD","Union County Building Department","2017","2020","","2017|2020","necVersions (state-adoption-table) — ahj-national is fallback-only and never adopts"
"sd-walworth-walworth-county","SD","Walworth County Building Department","2017","2020","","2017|2020","necVersions (state-adoption-table) — ahj-national is fallback-only and never adopts"
"sd-yankton-yankton-county","SD","Yankton County Building Department","2017","2020","","2017|2020","necVersions (state-adoption-table) — ahj-national is fallback-only and never adopts"
"sd-yankton-yankton","SD","City of Yankton Building Dept","2017","2020","","2017|2020","necVersions (state-adoption-table) — ahj-national is fallback-only and never adopts"
"sd-ziebach-ziebach-county","SD","Ziebach County Building Department","2017","2020","","2017|2020","necVersions (state-adoption-table) — ahj-national is fallback-only and never adopts"
"tn-anderson-anderson-county","TN","Anderson County Building Department","2017","2020","","2017|2020","necVersions (state-adoption-table) — ahj-national is fallback-only and never adopts"
"tn-bedford-bedford-county","TN","Bedford County Building Department","2017","2020","","2017|2020","necVersions (state-adoption-table) — ahj-national is fallback-only and never adopts"
"tn-benton-benton-county","TN","Benton County Building Department","2017","2020","","2017|2020","necVersions (state-adoption-table) — ahj-national is fallback-only and never adopts"
"tn-bledsoe-bledsoe-county","TN","Bledsoe County Building Department","2017","2020","","2017|2020","necVersions (state-adoption-table) — ahj-national is fallback-only and never adopts"
"tn-blount-blount-county","TN","Blount County Building Department","2017","2020","","2017|2020","necVersions (state-adoption-table) — ahj-national is fallback-only and never adopts"
"tn-bradley-bradley-county","TN","Bradley County Building Department","2017","2020","","2017|2020","necVersions (state-adoption-table) — ahj-national is fallback-only and never adopts"
"tn-campbell-campbell-county","TN","Campbell County Building Department","2017","2020","","2017|2020","necVersions (state-adoption-table) — ahj-national is fallback-only and never adopts"
"tn-cannon-cannon-county","TN","Cannon County Building Department","2017","2020","","2017|2020","necVersions (state-adoption-table) — ahj-national is fallback-only and never adopts"
"tn-carroll-carroll-county","TN","Carroll County Building Department","2017","2020","","2017|2020","necVersions (state-adoption-table) — ahj-national is fallback-only and never adopts"
"tn-carter-carter-county","TN","Carter County Building Department","2017","2020","","2017|2020","necVersions (state-adoption-table) — ahj-national is fallback-only and never adopts"
"tn-cheatham-cheatham-county","TN","Cheatham County Building Department","2017","2020","","2017|2020","necVersions (state-adoption-table) — ahj-national is fallback-only and never adopts"
"tn-chester-chester-county","TN","Chester County Building Department","2017","2020","","2017|2020","necVersions (state-adoption-table) — ahj-national is fallback-only and never adopts"
"tn-claiborne-claiborne-county","TN","Claiborne County Building Department","2017","2020","","2017|2020","necVersions (state-adoption-table) — ahj-national is fallback-only and never adopts"
"tn-clay-clay-county","TN","Clay County Building Department","2017","2020","","2017|2020","necVersions (state-adoption-table) — ahj-national is fallback-only and never adopts"
"tn-cocke-cocke-county","TN","Cocke County Building Department","2017","2020","","2017|2020","necVersions (state-adoption-table) — ahj-national is fallback-only and never adopts"
"tn-coffee-coffee-county","TN","Coffee County Building Department","2017","2020","","2017|2020","necVersions (state-adoption-table) — ahj-national is fallback-only and never adopts"
"tn-crockett-crockett-county","TN","Crockett County Building Department","2017","2020","","2017|2020","necVersions (state-adoption-table) — ahj-national is fallback-only and never adopts"
"tn-cumberland-cumberland-county","TN","Cumberland County Building Department","2017","2020","","2017|2020","necVersions (state-adoption-table) — ahj-national is fallback-only and never adopts"
"tn-davidson-davidson-county","TN","Davidson County Building Department","2017","2020","","2017|2020","necVersions (state-adoption-table) — ahj-national is fallback-only and never adopts"
"tn-decatur-decatur-county","TN","Decatur County Building Department","2017","2020","","2017|2020","necVersions (state-adoption-table) — ahj-national is fallback-only and never adopts"
"tn-dekalb-dekalb-county","TN","DeKalb County Building Department","2017","2020","","2017|2020","necVersions (state-adoption-table) — ahj-national is fallback-only and never adopts"
"tn-dickson-dickson-county","TN","Dickson County Building Department","2017","2020","","2017|2020","necVersions (state-adoption-table) — ahj-national is fallback-only and never adopts"
"tn-dyer-dyer-county","TN","Dyer County Building Department","2017","2020","","2017|2020","necVersions (state-adoption-table) — ahj-national is fallback-only and never adopts"
"tn-fayette-fayette-county","TN","Fayette County Building Department","2017","2020","","2017|2020","necVersions (state-adoption-table) — ahj-national is fallback-only and never adopts"
"tn-fentress-fentress-county","TN","Fentress County Building Department","2017","2020","","2017|2020","necVersions (state-adoption-table) — ahj-national is fallback-only and never adopts"
"tn-franklin-franklin-county","TN","Franklin County Building Department","2017","2020","","2017|2020","necVersions (state-adoption-table) — ahj-national is fallback-only and never adopts"
"tn-gibson-gibson-county","TN","Gibson County Building Department","2017","2020","","2017|2020","necVersions (state-adoption-table) — ahj-national is fallback-only and never adopts"
"tn-giles-giles-county","TN","Giles County Building Department","2017","2020","","2017|2020","necVersions (state-adoption-table) — ahj-national is fallback-only and never adopts"
"tn-grainger-grainger-county","TN","Grainger County Building Department","2017","2020","","2017|2020","necVersions (state-adoption-table) — ahj-national is fallback-only and never adopts"
"tn-greene-greene-county","TN","Greene County Building Department","2017","2020","","2017|2020","necVersions (state-adoption-table) — ahj-national is fallback-only and never adopts"
"tn-grundy-grundy-county","TN","Grundy County Building Department","2017","2020","","2017|2020","necVersions (state-adoption-table) — ahj-national is fallback-only and never adopts"
"tn-hamblen-hamblen-county","TN","Hamblen County Building Department","2017","2020","","2017|2020","necVersions (state-adoption-table) — ahj-national is fallback-only and never adopts"
"tn-hamilton-chattanooga","TN","City of Chattanooga Building Department","2017","2020","","2017|2020","necVersions (state-adoption-table) — ahj-national is fallback-only and never adopts"
"tn-hamilton-hamilton-county","TN","Hamilton County Building Department","2017","2020","","2017|2020","necVersions (state-adoption-table) — ahj-national is fallback-only and never adopts"
"tn-hancock-hancock-county","TN","Hancock County Building Department","2017","2020","","2017|2020","necVersions (state-adoption-table) — ahj-national is fallback-only and never adopts"
"tn-hardeman-hardeman-county","TN","Hardeman County Building Department","2017","2020","","2017|2020","necVersions (state-adoption-table) — ahj-national is fallback-only and never adopts"
"tn-hardin-hardin-county","TN","Hardin County Building Department","2017","2020","","2017|2020","necVersions (state-adoption-table) — ahj-national is fallback-only and never adopts"
"tn-hawkins-hawkins-county","TN","Hawkins County Building Department","2017","2020","","2017|2020","necVersions (state-adoption-table) — ahj-national is fallback-only and never adopts"
"tn-haywood-haywood-county","TN","Haywood County Building Department","2017","2020","","2017|2020","necVersions (state-adoption-table) — ahj-national is fallback-only and never adopts"
"tn-henderson-henderson-county","TN","Henderson County Building Department","2017","2020","","2017|2020","necVersions (state-adoption-table) — ahj-national is fallback-only and never adopts"
"tn-henry-henry-county","TN","Henry County Building Department","2017","2020","","2017|2020","necVersions (state-adoption-table) — ahj-national is fallback-only and never adopts"
"tn-hickman-hickman-county","TN","Hickman County Building Department","2017","2020","","2017|2020","necVersions (state-adoption-table) — ahj-national is fallback-only and never adopts"
"tn-houston-houston-county","TN","Houston County Building Department","2017","2020","","2017|2020","necVersions (state-adoption-table) — ahj-national is fallback-only and never adopts"
"tn-humphreys-humphreys-county","TN","Humphreys County Building Department","2017","2020","","2017|2020","necVersions (state-adoption-table) — ahj-national is fallback-only and never adopts"
"tn-jackson-jackson-county","TN","Jackson County Building Department","2017","2020","","2017|2020","necVersions (state-adoption-table) — ahj-national is fallback-only and never adopts"
"tn-jefferson-jefferson-county","TN","Jefferson County Building Department","2017","2020","","2017|2020","necVersions (state-adoption-table) — ahj-national is fallback-only and never adopts"
"tn-johnson-johnson-county","TN","Johnson County Building Department","2017","2020","","2017|2020","necVersions (state-adoption-table) — ahj-national is fallback-only and never adopts"
"tn-knox-knoxville","TN","City of Knoxville Building Department","2017","2020","","2017|2020","necVersions (state-adoption-table) — ahj-national is fallback-only and never adopts"
"tn-knox-knox-county","TN","Knox County Building Department","2017","2020","","2017|2020","necVersions (state-adoption-table) — ahj-national is fallback-only and never adopts"
"tn-lake-lake-county","TN","Lake County Building Department","2017","2020","","2017|2020","necVersions (state-adoption-table) — ahj-national is fallback-only and never adopts"
"tn-lauderdale-lauderdale-county","TN","Lauderdale County Building Department","2017","2020","","2017|2020","necVersions (state-adoption-table) — ahj-national is fallback-only and never adopts"
"tn-lawrence-lawrence-county","TN","Lawrence County Building Department","2017","2020","","2017|2020","necVersions (state-adoption-table) — ahj-national is fallback-only and never adopts"
"tn-lewis-lewis-county","TN","Lewis County Building Department","2017","2020","","2017|2020","necVersions (state-adoption-table) — ahj-national is fallback-only and never adopts"
"tn-lincoln-lincoln-county","TN","Lincoln County Building Department","2017","2020","","2017|2020","necVersions (state-adoption-table) — ahj-national is fallback-only and never adopts"
"tn-loudon-loudon-county","TN","Loudon County Building Department","2017","2020","","2017|2020","necVersions (state-adoption-table) — ahj-national is fallback-only and never adopts"
"tn-macon-macon-county","TN","Macon County Building Department","2017","2020","","2017|2020","necVersions (state-adoption-table) — ahj-national is fallback-only and never adopts"
"tn-madison-jackson","TN","City of Jackson Building Department","2017","2020","","2017|2020","necVersions (state-adoption-table) — ahj-national is fallback-only and never adopts"
"tn-madison-madison-county","TN","Madison County Building Department","2017","2020","","2017|2020","necVersions (state-adoption-table) — ahj-national is fallback-only and never adopts"
"tn-marion-marion-county","TN","Marion County Building Department","2017","2020","","2017|2020","necVersions (state-adoption-table) — ahj-national is fallback-only and never adopts"
"tn-marshall-marshall-county","TN","Marshall County Building Department","2017","2020","","2017|2020","necVersions (state-adoption-table) — ahj-national is fallback-only and never adopts"
"tn-maury-columbia","TN","City of Columbia Building Department","2017","2020","","2017|2020","necVersions (state-adoption-table) — ahj-national is fallback-only and never adopts"
"tn-maury-maury-county","TN","Maury County Building Department","2017","2020","","2017|2020","necVersions (state-adoption-table) — ahj-national is fallback-only and never adopts"
"tn-mcminn-mcminn-county","TN","McMinn County Building Department","2017","2020","","2017|2020","necVersions (state-adoption-table) — ahj-national is fallback-only and never adopts"
"tn-mcnairy-mcnairy-county","TN","McNairy County Building Department","2017","2020","","2017|2020","necVersions (state-adoption-table) — ahj-national is fallback-only and never adopts"
"tn-meigs-meigs-county","TN","Meigs County Building Department","2017","2020","","2017|2020","necVersions (state-adoption-table) — ahj-national is fallback-only and never adopts"
"tn-monroe-monroe-county","TN","Monroe County Building Department","2017","2020","","2017|2020","necVersions (state-adoption-table) — ahj-national is fallback-only and never adopts"
"tn-montgomery-clarksville","TN","City of Clarksville Building Department","2017","2020","","2017|2020","necVersions (state-adoption-table) — ahj-national is fallback-only and never adopts"
"tn-montgomery-montgomery-county","TN","Montgomery County Building Department","2017","2020","","2017|2020","necVersions (state-adoption-table) — ahj-national is fallback-only and never adopts"
"tn-moore-moore-county","TN","Moore County Building Department","2017","2020","","2017|2020","necVersions (state-adoption-table) — ahj-national is fallback-only and never adopts"
"tn-morgan-morgan-county","TN","Morgan County Building Department","2017","2020","","2017|2020","necVersions (state-adoption-table) — ahj-national is fallback-only and never adopts"
"tn-obion-obion-county","TN","Obion County Building Department","2017","2020","","2017|2020","necVersions (state-adoption-table) — ahj-national is fallback-only and never adopts"
"tn-overton-overton-county","TN","Overton County Building Department","2017","2020","","2017|2020","necVersions (state-adoption-table) — ahj-national is fallback-only and never adopts"
"tn-perry-perry-county","TN","Perry County Building Department","2017","2020","","2017|2020","necVersions (state-adoption-table) — ahj-national is fallback-only and never adopts"
"tn-pickett-pickett-county","TN","Pickett County Building Department","2017","2020","","2017|2020","necVersions (state-adoption-table) — ahj-national is fallback-only and never adopts"
"tn-polk-polk-county","TN","Polk County Building Department","2017","2020","","2017|2020","necVersions (state-adoption-table) — ahj-national is fallback-only and never adopts"
"tn-putnam-cookeville","TN","City of Cookeville Building Dept","2017","2020","","2017|2020","necVersions (state-adoption-table) — ahj-national is fallback-only and never adopts"
"tn-putnam-putnam-county","TN","Putnam County Building Department","2017","2020","","2017|2020","necVersions (state-adoption-table) — ahj-national is fallback-only and never adopts"
"tn-rhea-rhea-county","TN","Rhea County Building Department","2017","2020","","2017|2020","necVersions (state-adoption-table) — ahj-national is fallback-only and never adopts"
"tn-roane-roane-county","TN","Roane County Building Department","2017","2020","","2017|2020","necVersions (state-adoption-table) — ahj-national is fallback-only and never adopts"
"tn-robertson-robertson-county","TN","Robertson County Building Department","2017","2020","","2017|2020","necVersions (state-adoption-table) — ahj-national is fallback-only and never adopts"
"tn-rutherford-la-vergne","TN","City of La Vergne Building Dept","2017","2020","","2017|2020","necVersions (state-adoption-table) — ahj-national is fallback-only and never adopts"
"tn-rutherford-murfreesboro","TN","City of Murfreesboro Building Department","2017","2020","","2017|2020","necVersions (state-adoption-table) — ahj-national is fallback-only and never adopts"
"tn-rutherford-smyrna","TN","Town of Smyrna Building Dept","2017","2020","","2017|2020","necVersions (state-adoption-table) — ahj-national is fallback-only and never adopts"
"tn-rutherford-rutherford-county","TN","Rutherford County Building Department","2017","2020","","2017|2020","necVersions (state-adoption-table) — ahj-national is fallback-only and never adopts"
"tn-scott-scott-county","TN","Scott County Building Department","2017","2020","","2017|2020","necVersions (state-adoption-table) — ahj-national is fallback-only and never adopts"
"tn-sequatchie-sequatchie-county","TN","Sequatchie County Building Department","2017","2020","","2017|2020","necVersions (state-adoption-table) — ahj-national is fallback-only and never adopts"
"tn-sevier-sevier-county","TN","Sevier County Building Department","2017","2020","","2017|2020","necVersions (state-adoption-table) — ahj-national is fallback-only and never adopts"
"tn-shelby-bartlett","TN","City of Bartlett Building Dept","2017","2020","","2017|2020","necVersions (state-adoption-table) — ahj-national is fallback-only and never adopts"
"tn-shelby-shelby-county","TN","Shelby County Building Department","2017","2020","","2017|2020","necVersions (state-adoption-table) — ahj-national is fallback-only and never adopts"
"tn-smith-smith-county","TN","Smith County Building Department","2017","2020","","2017|2020","necVersions (state-adoption-table) — ahj-national is fallback-only and never adopts"
"tn-stewart-stewart-county","TN","Stewart County Building Department","2017","2020","","2017|2020","necVersions (state-adoption-table) — ahj-national is fallback-only and never adopts"
"tn-sullivan-sullivan-county","TN","Sullivan County Building Department","2017","2020","","2017|2020","necVersions (state-adoption-table) — ahj-national is fallback-only and never adopts"
"tn-sumner-gallatin","TN","City of Gallatin Building Dept","2017","2020","","2017|2020","necVersions (state-adoption-table) — ahj-national is fallback-only and never adopts"
"tn-sumner-hendersonville","TN","City of Hendersonville Building Department","2017","2020","","2017|2020","necVersions (state-adoption-table) — ahj-national is fallback-only and never adopts"
"tn-sumner-sumner-county","TN","Sumner County Building Department","2017","2020","","2017|2020","necVersions (state-adoption-table) — ahj-national is fallback-only and never adopts"
"tn-tipton-tipton-county","TN","Tipton County Building Department","2017","2020","","2017|2020","necVersions (state-adoption-table) — ahj-national is fallback-only and never adopts"
"tn-trousdale-trousdale-county","TN","Trousdale County Building Department","2017","2020","","2017|2020","necVersions (state-adoption-table) — ahj-national is fallback-only and never adopts"
"tn-unicoi-unicoi-county","TN","Unicoi County Building Department","2017","2020","","2017|2020","necVersions (state-adoption-table) — ahj-national is fallback-only and never adopts"
"tn-union-union-county","TN","Union County Building Department","2017","2020","","2017|2020","necVersions (state-adoption-table) — ahj-national is fallback-only and never adopts"
"tn-van-buren-van-buren-county","TN","Van Buren County Building Department","2017","2020","","2017|2020","necVersions (state-adoption-table) — ahj-national is fallback-only and never adopts"
"tn-warren-warren-county","TN","Warren County Building Department","2017","2020","","2017|2020","necVersions (state-adoption-table) — ahj-national is fallback-only and never adopts"
"tn-washington-johnson-city","TN","City of Johnson City Building Department","2017","2020","","2017|2020","necVersions (state-adoption-table) — ahj-national is fallback-only and never adopts"
"tn-washington-washington-county","TN","Washington County Building Department","2017","2020","","2017|2020","necVersions (state-adoption-table) — ahj-national is fallback-only and never adopts"
"tn-wayne-wayne-county","TN","Wayne County Building Department","2017","2020","","2017|2020","necVersions (state-adoption-table) — ahj-national is fallback-only and never adopts"
"tn-weakley-weakley-county","TN","Weakley County Building Department","2017","2020","","2017|2020","necVersions (state-adoption-table) — ahj-national is fallback-only and never adopts"
"tn-white-white-county","TN","White County Building Department","2017","2020","","2017|2020","necVersions (state-adoption-table) — ahj-national is fallback-only and never adopts"
"tn-williamson-brentwood","TN","City of Brentwood Building Department","2017","2020","","2017|2020","necVersions (state-adoption-table) — ahj-national is fallback-only and never adopts"
"tn-williamson-franklin","TN","City of Franklin Building Department","2017","2020","","2017|2020","necVersions (state-adoption-table) — ahj-national is fallback-only and never adopts"
"tn-williamson-williamson-county","TN","Williamson County Building Department","2017","2020","","2017|2020","necVersions (state-adoption-table) — ahj-national is fallback-only and never adopts"
"tn-wilson-lebanon","TN","City of Lebanon Building Dept","2017","2020","","2017|2020","necVersions (state-adoption-table) — ahj-national is fallback-only and never adopts"
"tn-wilson-wilson-county","TN","Wilson County Building Department","2017","2020","","2017|2020","necVersions (state-adoption-table) — ahj-national is fallback-only and never adopts"
"ut-beaver-beaver-county","UT","Beaver County Building Department","2017","2020","","2017|2020","necVersions (state-adoption-table) — ahj-national is fallback-only and never adopts"
"ut-box-elder-box-elder-county","UT","Box Elder County Building Department","2017","2020","","2017|2020","necVersions (state-adoption-table) — ahj-national is fallback-only and never adopts"
"ut-cache-logan","UT","City of Logan Building Dept","2017","2020","","2017|2020","necVersions (state-adoption-table) — ahj-national is fallback-only and never adopts"
"ut-cache-cache-county","UT","Cache County Building Department","2017","2020","","2017|2020","necVersions (state-adoption-table) — ahj-national is fallback-only and never adopts"
"ut-carbon-price","UT","City of Price Building Dept","2017","2020","","2017|2020","necVersions (state-adoption-table) — ahj-national is fallback-only and never adopts"
"ut-carbon-carbon-county","UT","Carbon County Building Department","2017","2020","","2017|2020","necVersions (state-adoption-table) — ahj-national is fallback-only and never adopts"
"ut-daggett-daggett-county","UT","Daggett County Building Department","2017","2020","","2017|2020","necVersions (state-adoption-table) — ahj-national is fallback-only and never adopts"
"ut-davis-bountiful","UT","City of Bountiful Building Dept","2017","2020","","2017|2020","necVersions (state-adoption-table) — ahj-national is fallback-only and never adopts"
"ut-davis-layton","UT","City of Layton Building Dept","2017","2020","","2017|2020","necVersions (state-adoption-table) — ahj-national is fallback-only and never adopts"
"ut-davis-davis-county","UT","Davis County Building Department","2017","2020","","2017|2020","necVersions (state-adoption-table) — ahj-national is fallback-only and never adopts"
"ut-duchesne-duchesne-county","UT","Duchesne County Building Department","2017","2020","","2017|2020","necVersions (state-adoption-table) — ahj-national is fallback-only and never adopts"
"ut-emery-emery-county","UT","Emery County Building Department","2017","2020","","2017|2020","necVersions (state-adoption-table) — ahj-national is fallback-only and never adopts"
"ut-garfield-garfield-county","UT","Garfield County Building Department","2017","2020","","2017|2020","necVersions (state-adoption-table) — ahj-national is fallback-only and never adopts"
"ut-grand-grand-county","UT","Grand County Building Department","2017","2020","","2017|2020","necVersions (state-adoption-table) — ahj-national is fallback-only and never adopts"
"ut-iron-cedar-city","UT","City of Cedar City Building Dept","2017","2020","","2017|2020","necVersions (state-adoption-table) — ahj-national is fallback-only and never adopts"
"ut-iron-iron-county","UT","Iron County Building Department","2017","2020","","2017|2020","necVersions (state-adoption-table) — ahj-national is fallback-only and never adopts"
"ut-juab-juab-county","UT","Juab County Building Department","2017","2020","","2017|2020","necVersions (state-adoption-table) — ahj-national is fallback-only and never adopts"
"ut-kane-kane-county","UT","Kane County Building Department","2017","2020","","2017|2020","necVersions (state-adoption-table) — ahj-national is fallback-only and never adopts"
"ut-millard-millard-county","UT","Millard County Building Department","2017","2020","","2017|2020","necVersions (state-adoption-table) — ahj-national is fallback-only and never adopts"
"ut-morgan-morgan-county","UT","Morgan County Building Department","2017","2020","","2017|2020","necVersions (state-adoption-table) — ahj-national is fallback-only and never adopts"
"ut-piute-piute-county","UT","Piute County Building Department","2017","2020","","2017|2020","necVersions (state-adoption-table) — ahj-national is fallback-only and never adopts"
"ut-rich-rich-county","UT","Rich County Building Department","2017","2020","","2017|2020","necVersions (state-adoption-table) — ahj-national is fallback-only and never adopts"
"ut-salt-lake-herriman","UT","City of Herriman Building Dept","2017","2020","","2017|2020","necVersions (state-adoption-table) — ahj-national is fallback-only and never adopts"
"ut-salt-lake-murray","UT","City of Murray Building Dept","2017","2020","","2017|2020","necVersions (state-adoption-table) — ahj-national is fallback-only and never adopts"
"ut-salt-lake-sandy","UT","City of Sandy Building Dept","2017","2020","","2017|2020","necVersions (state-adoption-table) — ahj-national is fallback-only and never adopts"
"ut-salt-lake-south-jordan","UT","City of South Jordan Building Dept","2017","2020","","2017|2020","necVersions (state-adoption-table) — ahj-national is fallback-only and never adopts"
"ut-salt-lake-salt-lake-county","UT","Salt Lake County Building Department","2017","2020","","2017|2020","necVersions (state-adoption-table) — ahj-national is fallback-only and never adopts"
"ut-salt-lake-west-jordan","UT","City of West Jordan Building Dept","2017","2020","","2017|2020","necVersions (state-adoption-table) — ahj-national is fallback-only and never adopts"
"ut-salt-lake-west-valley-city","UT","City of West Valley Building Department","2017","2020","","2017|2020","necVersions (state-adoption-table) — ahj-national is fallback-only and never adopts"
"ut-san-juan-san-juan-county","UT","San Juan County Building Department","2017","2020","","2017|2020","necVersions (state-adoption-table) — ahj-national is fallback-only and never adopts"
"ut-sanpete-sanpete-county","UT","Sanpete County Building Department","2017","2020","","2017|2020","necVersions (state-adoption-table) — ahj-national is fallback-only and never adopts"
"ut-sevier-sevier-county","UT","Sevier County Building Department","2017","2020","","2017|2020","necVersions (state-adoption-table) — ahj-national is fallback-only and never adopts"
"ut-summit-summit-county","UT","Summit County Building Department","2017","2020","","2017|2020","necVersions (state-adoption-table) — ahj-national is fallback-only and never adopts"
"ut-tooele-tooele-county","UT","Tooele County Building Department","2017","2020","","2017|2020","necVersions (state-adoption-table) — ahj-national is fallback-only and never adopts"
"ut-uintah-uintah-county","UT","Uintah County Building Department","2017","2020","","2017|2020","necVersions (state-adoption-table) — ahj-national is fallback-only and never adopts"
"ut-utah-lehi","UT","City of Lehi Building Dept","2017","2020","","2017|2020","necVersions (state-adoption-table) — ahj-national is fallback-only and never adopts"
"ut-utah-orem","UT","City of Orem Building Department","2017","2020","","2017|2020","necVersions (state-adoption-table) — ahj-national is fallback-only and never adopts"
"ut-utah-pleasant-grove","UT","City of Pleasant Grove Building Dept","2017","2020","","2017|2020","necVersions (state-adoption-table) — ahj-national is fallback-only and never adopts"
"ut-utah-utah-county","UT","Utah County Building Department","2017","2020","","2017|2020","necVersions (state-adoption-table) — ahj-national is fallback-only and never adopts"
"ut-wasatch-wasatch-county","UT","Wasatch County Building Department","2017","2020","","2017|2020","necVersions (state-adoption-table) — ahj-national is fallback-only and never adopts"
"ut-washington-st-george","UT","City of St. George Building Dept","2017","2020","","2017|2020","necVersions (state-adoption-table) — ahj-national is fallback-only and never adopts"
"ut-washington-washington-county","UT","Washington County Building Department","2017","2020","","2017|2020","necVersions (state-adoption-table) — ahj-national is fallback-only and never adopts"
"ut-wayne-wayne-county","UT","Wayne County Building Department","2017","2020","","2017|2020","necVersions (state-adoption-table) — ahj-national is fallback-only and never adopts"
"ut-weber-weber-county","UT","Weber County Building Department","2017","2020","","2017|2020","necVersions (state-adoption-table) — ahj-national is fallback-only and never adopts"
"wv-barbour-barbour-county","WV","Barbour County Building Department","2017","2020","","2017|2020","necVersions (state-adoption-table) — ahj-national is fallback-only and never adopts"
"wv-berkeley-martinsburg","WV","City of Martinsburg Building Dept","2017","2020","","2017|2020","necVersions (state-adoption-table) — ahj-national is fallback-only and never adopts"
"wv-berkeley-berkeley-county","WV","Berkeley County Building Department","2017","2020","","2017|2020","necVersions (state-adoption-table) — ahj-national is fallback-only and never adopts"
"wv-boone-boone-county","WV","Boone County Building Department","2017","2020","","2017|2020","necVersions (state-adoption-table) — ahj-national is fallback-only and never adopts"
"wv-braxton-braxton-county","WV","Braxton County Building Department","2017","2020","","2017|2020","necVersions (state-adoption-table) — ahj-national is fallback-only and never adopts"
"wv-brooke-brooke-county","WV","Brooke County Building Department","2017","2020","","2017|2020","necVersions (state-adoption-table) — ahj-national is fallback-only and never adopts"
"wv-cabell-huntington","WV","City of Huntington Building Department","2017","2020","","2017|2020","necVersions (state-adoption-table) — ahj-national is fallback-only and never adopts"
"wv-cabell-cabell-county","WV","Cabell County Building Department","2017","2020","","2017|2020","necVersions (state-adoption-table) — ahj-national is fallback-only and never adopts"
"wv-calhoun-calhoun-county","WV","Calhoun County Building Department","2017","2020","","2017|2020","necVersions (state-adoption-table) — ahj-national is fallback-only and never adopts"
"wv-clay-clay-county","WV","Clay County Building Department","2017","2020","","2017|2020","necVersions (state-adoption-table) — ahj-national is fallback-only and never adopts"
"wv-doddridge-doddridge-county","WV","Doddridge County Building Department","2017","2020","","2017|2020","necVersions (state-adoption-table) — ahj-national is fallback-only and never adopts"
"wv-fayette-fayette-county","WV","Fayette County Building Department","2017","2020","","2017|2020","necVersions (state-adoption-table) — ahj-national is fallback-only and never adopts"
"wv-gilmer-gilmer-county","WV","Gilmer County Building Department","2017","2020","","2017|2020","necVersions (state-adoption-table) — ahj-national is fallback-only and never adopts"
"wv-grant-grant-county","WV","Grant County Building Department","2017","2020","","2017|2020","necVersions (state-adoption-table) — ahj-national is fallback-only and never adopts"
"wv-greenbrier-greenbrier-county","WV","Greenbrier County Building Department","2017","2020","","2017|2020","necVersions (state-adoption-table) — ahj-national is fallback-only and never adopts"
"wv-hampshire-hampshire-county","WV","Hampshire County Building Department","2017","2020","","2017|2020","necVersions (state-adoption-table) — ahj-national is fallback-only and never adopts"
"wv-hancock-hancock-county","WV","Hancock County Building Department","2017","2020","","2017|2020","necVersions (state-adoption-table) — ahj-national is fallback-only and never adopts"
"wv-hancock-weirton","WV","City of Weirton Building Dept","2017","2020","","2017|2020","necVersions (state-adoption-table) — ahj-national is fallback-only and never adopts"
"wv-hardy-hardy-county","WV","Hardy County Building Department","2017","2020","","2017|2020","necVersions (state-adoption-table) — ahj-national is fallback-only and never adopts"
"wv-harrison-clarksburg","WV","City of Clarksburg Building Dept","2017","2020","","2017|2020","necVersions (state-adoption-table) — ahj-national is fallback-only and never adopts"
"wv-harrison-harrison-county","WV","Harrison County Building Department","2017","2020","","2017|2020","necVersions (state-adoption-table) — ahj-national is fallback-only and never adopts"
"wv-jackson-jackson-county","WV","Jackson County Building Department","2017","2020","","2017|2020","necVersions (state-adoption-table) — ahj-national is fallback-only and never adopts"
"wv-jefferson-jefferson-county","WV","Jefferson County Building Department","2017","2020","","2017|2020","necVersions (state-adoption-table) — ahj-national is fallback-only and never adopts"
"wv-kanawha-kanawha-county","WV","Kanawha County Building Department","2017","2020","","2017|2020","necVersions (state-adoption-table) — ahj-national is fallback-only and never adopts"
"wv-lewis-lewis-county","WV","Lewis County Building Department","2017","2020","","2017|2020","necVersions (state-adoption-table) — ahj-national is fallback-only and never adopts"
"wv-lincoln-lincoln-county","WV","Lincoln County Building Department","2017","2020","","2017|2020","necVersions (state-adoption-table) — ahj-national is fallback-only and never adopts"
"wv-logan-logan-county","WV","Logan County Building Department","2017","2020","","2017|2020","necVersions (state-adoption-table) — ahj-national is fallback-only and never adopts"
"wv-marion-fairmont","WV","City of Fairmont Building Dept","2017","2020","","2017|2020","necVersions (state-adoption-table) — ahj-national is fallback-only and never adopts"
"wv-marion-marion-county","WV","Marion County Building Department","2017","2020","","2017|2020","necVersions (state-adoption-table) — ahj-national is fallback-only and never adopts"
"wv-marshall-marshall-county","WV","Marshall County Building Department","2017","2020","","2017|2020","necVersions (state-adoption-table) — ahj-national is fallback-only and never adopts"
"wv-mason-mason-county","WV","Mason County Building Department","2017","2020","","2017|2020","necVersions (state-adoption-table) — ahj-national is fallback-only and never adopts"
"wv-mcdowell-mcdowell-county","WV","McDowell County Building Department","2017","2020","","2017|2020","necVersions (state-adoption-table) — ahj-national is fallback-only and never adopts"
"wv-mercer-mercer-county","WV","Mercer County Building Department","2017","2020","","2017|2020","necVersions (state-adoption-table) — ahj-national is fallback-only and never adopts"
"wv-mineral-mineral-county","WV","Mineral County Building Department","2017","2020","","2017|2020","necVersions (state-adoption-table) — ahj-national is fallback-only and never adopts"
"wv-mingo-mingo-county","WV","Mingo County Building Department","2017","2020","","2017|2020","necVersions (state-adoption-table) — ahj-national is fallback-only and never adopts"
"wv-monongalia-morgantown","WV","City of Morgantown Building Department","2017","2020","","2017|2020","necVersions (state-adoption-table) — ahj-national is fallback-only and never adopts"
"wv-monongalia-monongalia-county","WV","Monongalia County Building Department","2017","2020","","2017|2020","necVersions (state-adoption-table) — ahj-national is fallback-only and never adopts"
"wv-monroe-monroe-county","WV","Monroe County Building Department","2017","2020","","2017|2020","necVersions (state-adoption-table) — ahj-national is fallback-only and never adopts"
"wv-morgan-morgan-county","WV","Morgan County Building Department","2017","2020","","2017|2020","necVersions (state-adoption-table) — ahj-national is fallback-only and never adopts"
"wv-nicholas-nicholas-county","WV","Nicholas County Building Department","2017","2020","","2017|2020","necVersions (state-adoption-table) — ahj-national is fallback-only and never adopts"
"wv-ohio-ohio-county","WV","Ohio County Building Department","2017","2020","","2017|2020","necVersions (state-adoption-table) — ahj-national is fallback-only and never adopts"
"wv-ohio-wheeling","WV","City of Wheeling Building Dept","2017","2020","","2017|2020","necVersions (state-adoption-table) — ahj-national is fallback-only and never adopts"
"wv-pendleton-pendleton-county","WV","Pendleton County Building Department","2017","2020","","2017|2020","necVersions (state-adoption-table) — ahj-national is fallback-only and never adopts"
"wv-pleasants-pleasants-county","WV","Pleasants County Building Department","2017","2020","","2017|2020","necVersions (state-adoption-table) — ahj-national is fallback-only and never adopts"
"wv-pocahontas-pocahontas-county","WV","Pocahontas County Building Department","2017","2020","","2017|2020","necVersions (state-adoption-table) — ahj-national is fallback-only and never adopts"
"wv-preston-preston-county","WV","Preston County Building Department","2017","2020","","2017|2020","necVersions (state-adoption-table) — ahj-national is fallback-only and never adopts"
"wv-putnam-putnam-county","WV","Putnam County Building Department","2017","2020","","2017|2020","necVersions (state-adoption-table) — ahj-national is fallback-only and never adopts"
"wv-raleigh-beckley","WV","City of Beckley Building Dept","2017","2020","","2017|2020","necVersions (state-adoption-table) — ahj-national is fallback-only and never adopts"
"wv-raleigh-raleigh-county","WV","Raleigh County Building Department","2017","2020","","2017|2020","necVersions (state-adoption-table) — ahj-national is fallback-only and never adopts"
"wv-randolph-randolph-county","WV","Randolph County Building Department","2017","2020","","2017|2020","necVersions (state-adoption-table) — ahj-national is fallback-only and never adopts"
"wv-ritchie-ritchie-county","WV","Ritchie County Building Department","2017","2020","","2017|2020","necVersions (state-adoption-table) — ahj-national is fallback-only and never adopts"
"wv-roane-roane-county","WV","Roane County Building Department","2017","2020","","2017|2020","necVersions (state-adoption-table) — ahj-national is fallback-only and never adopts"
"wv-summers-summers-county","WV","Summers County Building Department","2017","2020","","2017|2020","necVersions (state-adoption-table) — ahj-national is fallback-only and never adopts"
"wv-taylor-taylor-county","WV","Taylor County Building Department","2017","2020","","2017|2020","necVersions (state-adoption-table) — ahj-national is fallback-only and never adopts"
"wv-tucker-tucker-county","WV","Tucker County Building Department","2017","2020","","2017|2020","necVersions (state-adoption-table) — ahj-national is fallback-only and never adopts"
"wv-tyler-tyler-county","WV","Tyler County Building Department","2017","2020","","2017|2020","necVersions (state-adoption-table) — ahj-national is fallback-only and never adopts"
"wv-upshur-upshur-county","WV","Upshur County Building Department","2017","2020","","2017|2020","necVersions (state-adoption-table) — ahj-national is fallback-only and never adopts"
"wv-wayne-wayne-county","WV","Wayne County Building Department","2017","2020","","2017|2020","necVersions (state-adoption-table) — ahj-national is fallback-only and never adopts"
"wv-webster-webster-county","WV","Webster County Building Department","2017","2020","","2017|2020","necVersions (state-adoption-table) — ahj-national is fallback-only and never adopts"
"wv-wetzel-wetzel-county","WV","Wetzel County Building Department","2017","2020","","2017|2020","necVersions (state-adoption-table) — ahj-national is fallback-only and never adopts"
"wv-wirt-wirt-county","WV","Wirt County Building Department","2017","2020","","2017|2020","necVersions (state-adoption-table) — ahj-national is fallback-only and never adopts"
"wv-wood-parkersburg","WV","City of Parkersburg Building Dept","2017","2020","","2017|2020","necVersions (state-adoption-table) — ahj-national is fallback-only and never adopts"
"wv-wood-wood-county","WV","Wood County Building Department","2017","2020","","2017|2020","necVersions (state-adoption-table) — ahj-national is fallback-only and never adopts"
"wv-wyoming-wyoming-county","WV","Wyoming County Building Department","2017","2020","","2017|2020","necVersions (state-adoption-table) — ahj-national is fallback-only and never adopts"
