id,state,name,necVersion,hasIdentity,permitAuthority,why
"al-jefferson-birmingham","AL","City of Birmingham Building Department","2020","true","Local Building Department","no codeSourceUrl + codeRetrievedAtIso — every value on this row is unprovenanced"
"al-mobile-mobile","AL","City of Mobile Building Inspections","2020","true","Local Building Department","no codeSourceUrl + codeRetrievedAtIso — every value on this row is unprovenanced"
"al-madison-huntsville","AL","City of Huntsville Permits & Inspections","2020","true","Local Building Department","no codeSourceUrl + codeRetrievedAtIso — every value on this row is unprovenanced"
"az-maricopa-phoenix","AZ","City of Phoenix Development Services","2020","true","Local Building Department","no codeSourceUrl + codeRetrievedAtIso — every value on this row is unprovenanced"
"az-maricopa-scottsdale","AZ","City of Scottsdale Building Safety","2020","true","Local Building Department","no codeSourceUrl + codeRetrievedAtIso — every value on this row is unprovenanced"
"az-maricopa-mesa","AZ","City of Mesa Development Services","2020","true","Local Building Department","no codeSourceUrl + codeRetrievedAtIso — every value on this row is unprovenanced"
"az-maricopa-chandler","AZ","City of Chandler Building Safety","2020","true","Local Building Department","no codeSourceUrl + codeRetrievedAtIso — every value on this row is unprovenanced"
"az-maricopa-tempe","AZ","City of Tempe Community Development","2020","true","Local Building Department","no codeSourceUrl + codeRetrievedAtIso — every value on this row is unprovenanced"
"az-pima-tucson","AZ","City of Tucson Development Services","2020","true","Local Building Department","no codeSourceUrl + codeRetrievedAtIso — every value on this row is unprovenanced"
"az-pima-county","AZ","Pima County Development Services","2020","true","Local Building Department","no codeSourceUrl + codeRetrievedAtIso — every value on this row is unprovenanced"
"ca-los-angeles-la","CA","City of Los Angeles LADBS","2023","true","Local Building Department","no codeSourceUrl + codeRetrievedAtIso — every value on this row is unprovenanced"
"ca-los-angeles-long-beach","CA","City of Long Beach Development Services","2023","true","Local Building Department","no codeSourceUrl + codeRetrievedAtIso — every value on this row is unprovenanced"
"ca-los-angeles-county","CA","LA County Building & Safety","2023","true","Local Building Department","no codeSourceUrl + codeRetrievedAtIso — every value on this row is unprovenanced"
"ca-san-diego-san-diego","CA","City of San Diego Development Services","2023","true","Local Building Department","no codeSourceUrl + codeRetrievedAtIso — every value on this row is unprovenanced"
"ca-san-diego-county","CA","San Diego County Planning & Development","2023","true","Local Building Department","no codeSourceUrl + codeRetrievedAtIso — every value on this row is unprovenanced"
"ca-orange-anaheim","CA","City of Anaheim Planning & Building","2023","true","Local Building Department","no codeSourceUrl + codeRetrievedAtIso — every value on this row is unprovenanced"
"ca-orange-irvine","CA","City of Irvine Community Development","2023","true","Local Building Department","no codeSourceUrl + codeRetrievedAtIso — every value on this row is unprovenanced"
"ca-riverside-riverside","CA","City of Riverside Building & Safety","2023","true","Local Building Department","no codeSourceUrl + codeRetrievedAtIso — every value on this row is unprovenanced"
"ca-sacramento-sacramento","CA","City of Sacramento Community Development","2023","true","Local Building Department","no codeSourceUrl + codeRetrievedAtIso — every value on this row is unprovenanced"
"ca-santa-clara-san-jose","CA","City of San Jose Building Division","2023","true","Local Building Department","no codeSourceUrl + codeRetrievedAtIso — every value on this row is unprovenanced"
"ca-alameda-oakland","CA","City of Oakland Building Services","2023","true","Local Building Department","no codeSourceUrl + codeRetrievedAtIso — every value on this row is unprovenanced"
"ca-fresno-fresno","CA","City of Fresno Development & Resource Management","2023","true","Local Building Department","no codeSourceUrl + codeRetrievedAtIso — every value on this row is unprovenanced"
"co-denver-denver","CO","City & County of Denver Community Planning","2020","true","Local Building Department","no codeSourceUrl + codeRetrievedAtIso — every value on this row is unprovenanced"
"co-jefferson-lakewood","CO","City of Lakewood Building Division","2020","true","Local Building Department","no codeSourceUrl + codeRetrievedAtIso — every value on this row is unprovenanced"
"co-boulder-boulder","CO","City of Boulder Building Services","2020","true","Local Building Department","no codeSourceUrl + codeRetrievedAtIso — every value on this row is unprovenanced"
"fl-miami-dade-miami","FL","Miami-Dade County Building Department","2020","false","Local Building Department","no codeSourceUrl + codeRetrievedAtIso — every value on this row is unprovenanced"
"fl-broward-fort-lauderdale","FL","City of Fort Lauderdale Building Services","2020","true","Local Building Department","no codeSourceUrl + codeRetrievedAtIso — every value on this row is unprovenanced"
"fl-palm-beach-west-palm-beach","FL","City of West Palm Beach Building","2020","true","Local Building Department","no codeSourceUrl + codeRetrievedAtIso — every value on this row is unprovenanced"
"fl-hillsborough-tampa","FL","City of Tampa Construction Services","2020","true","Local Building Department","no codeSourceUrl + codeRetrievedAtIso — every value on this row is unprovenanced"
"fl-orange-orlando","FL","City of Orlando Permitting Services","2020","true","Local Building Department","no codeSourceUrl + codeRetrievedAtIso — every value on this row is unprovenanced"
"fl-duval-jacksonville","FL","City of Jacksonville Building Inspection Division","2020","true","Local Building Department","no codeSourceUrl + codeRetrievedAtIso — every value on this row is unprovenanced"
"ga-fulton-atlanta","GA","City of Atlanta Office of Buildings","2020","true","Local Building Department","no codeSourceUrl + codeRetrievedAtIso — every value on this row is unprovenanced"
"ga-gwinnett-county","GA","Gwinnett County Building & Construction","2020","true","Local Building Department","no codeSourceUrl + codeRetrievedAtIso — every value on this row is unprovenanced"
"il-cook-chicago","IL","City of Chicago Department of Buildings","2017","true","Local Building Department","no codeSourceUrl + codeRetrievedAtIso — every value on this row is unprovenanced"
"il-cook-county","IL","Cook County Building & Zoning","2017","true","Local Building Department","no codeSourceUrl + codeRetrievedAtIso — every value on this row is unprovenanced"
"il-madison-granite-city","IL","City of Granite City Building & Zoning","2020","true","Local Building Department","no codeSourceUrl + codeRetrievedAtIso — every value on this row is unprovenanced"
"il-madison-county","IL","Madison County Building & Zoning","2020","true","Local Building Department","no codeSourceUrl + codeRetrievedAtIso — every value on this row is unprovenanced"
"il-madison-edwardsville","IL","City of Edwardsville Building Department","2020","true","Local Building Department","no codeSourceUrl + codeRetrievedAtIso — every value on this row is unprovenanced"
"il-st-clair-belleville","IL","City of Belleville Building & Inspections","2020","true","Local Building Department","no codeSourceUrl + codeRetrievedAtIso — every value on this row is unprovenanced"
"il-sangamon-springfield","IL","City of Springfield Office of Planning & Economic Development","2020","true","Local Building Department","no codeSourceUrl + codeRetrievedAtIso — every value on this row is unprovenanced"
"il-winnebago-rockford","IL","City of Rockford Building & Inspections","2020","true","Local Building Department","no codeSourceUrl + codeRetrievedAtIso — every value on this row is unprovenanced"
"il-kane-aurora","IL","City of Aurora Building Division","2020","true","Local Building Department","no codeSourceUrl + codeRetrievedAtIso — every value on this row is unprovenanced"
"il-dupage-naperville","IL","City of Naperville Development Services","2020","true","Local Building Department","no codeSourceUrl + codeRetrievedAtIso — every value on this row is unprovenanced"
"il-state","IL","Illinois Local Building Department","2020","true","Local Building Department","no codeSourceUrl + codeRetrievedAtIso — every value on this row is unprovenanced"
"nv-clark-las-vegas","NV","City of Las Vegas Building & Safety","2020","true","Local Building Department","no codeSourceUrl + codeRetrievedAtIso — every value on this row is unprovenanced"
"nv-clark-henderson","NV","City of Henderson Building & Fire Safety","2020","true","Local Building Department","no codeSourceUrl + codeRetrievedAtIso — every value on this row is unprovenanced"
"nv-clark-north-las-vegas","NV","City of North Las Vegas Building & Code Enforcement","2020","true","Local Building Department","no codeSourceUrl + codeRetrievedAtIso — every value on this row is unprovenanced"
"nv-washoe-reno","NV","City of Reno Development Services","2020","true","Local Building Department","no codeSourceUrl + codeRetrievedAtIso — every value on this row is unprovenanced"
"nj-bergen-county","NJ","Bergen County Building Department","2017","true","Local Building Department","no codeSourceUrl + codeRetrievedAtIso — every value on this row is unprovenanced"
"nj-essex-newark","NJ","City of Newark Division of Buildings","2017","true","Local Building Department","no codeSourceUrl + codeRetrievedAtIso — every value on this row is unprovenanced"
"nj-middlesex-county","NJ","Middlesex County Construction Office","2017","true","Local Building Department","no codeSourceUrl + codeRetrievedAtIso — every value on this row is unprovenanced"
"ny-new-york-nyc","NY","NYC Department of Buildings (DOB)","2020","false","Local Building Department","no codeSourceUrl + codeRetrievedAtIso — every value on this row is unprovenanced"
"ny-suffolk-county","NY","Suffolk County Department of Public Works","2020","true","Local Building Department","no codeSourceUrl + codeRetrievedAtIso — every value on this row is unprovenanced"
"ny-westchester-county","NY","Westchester County Building Department","2020","true","Local Building Department","no codeSourceUrl + codeRetrievedAtIso — every value on this row is unprovenanced"
"nc-mecklenburg-charlotte","NC","Mecklenburg County Code Enforcement","2020","false","Local Building Department","no codeSourceUrl + codeRetrievedAtIso — every value on this row is unprovenanced"
"nc-wake-raleigh","NC","City of Raleigh Inspections & Permits","2020","true","Local Building Department","no codeSourceUrl + codeRetrievedAtIso — every value on this row is unprovenanced"
"tx-harris-houston","TX","City of Houston Permits & Inspections","2020","true","Local Building Department","no codeSourceUrl + codeRetrievedAtIso — every value on this row is unprovenanced"
"tx-dallas-dallas","TX","City of Dallas Development Services","2020","true","Local Building Department","no codeSourceUrl + codeRetrievedAtIso — every value on this row is unprovenanced"
"tx-travis-austin","TX","City of Austin Development Services","2020","true","Local Building Department","no codeSourceUrl + codeRetrievedAtIso — every value on this row is unprovenanced"
"tx-bexar-san-antonio","TX","City of San Antonio Development Services","2020","true","Local Building Department","no codeSourceUrl + codeRetrievedAtIso — every value on this row is unprovenanced"
"tx-tarrant-fort-worth","TX","City of Fort Worth Development Services","2020","true","Local Building Department","no codeSourceUrl + codeRetrievedAtIso — every value on this row is unprovenanced"
"tx-collin-plano","TX","City of Plano Building Inspections","2020","true","Local Building Department","no codeSourceUrl + codeRetrievedAtIso — every value on this row is unprovenanced"
"va-fairfax-county","VA","Fairfax County Building Development Division","2020","true","Local Building Department","no codeSourceUrl + codeRetrievedAtIso — every value on this row is unprovenanced"
"va-arlington-county","VA","Arlington County Building Division","2020","false","Local Building Department","no codeSourceUrl + codeRetrievedAtIso — every value on this row is unprovenanced"
"va-richmond-richmond","VA","City of Richmond Permits & Inspections","2020","true","Local Building Department","no codeSourceUrl + codeRetrievedAtIso — every value on this row is unprovenanced"
"wa-king-seattle","WA","City of Seattle Department of Construction & Inspections","2020","true","Local Building Department","no codeSourceUrl + codeRetrievedAtIso — every value on this row is unprovenanced"
"wa-king-county","WA","King County Department of Local Services","2020","true","Local Building Department","no codeSourceUrl + codeRetrievedAtIso — every value on this row is unprovenanced"
"wa-pierce-tacoma","WA","City of Tacoma Planning & Development Services","2020","true","Local Building Department","no codeSourceUrl + codeRetrievedAtIso — every value on this row is unprovenanced"
"ma-suffolk-boston","MA","City of Boston Inspectional Services Department","2020","true","Local Building Department","no codeSourceUrl + codeRetrievedAtIso — every value on this row is unprovenanced"
"ma-middlesex-cambridge","MA","City of Cambridge Inspectional Services","2020","true","Local Building Department","no codeSourceUrl + codeRetrievedAtIso — every value on this row is unprovenanced"
"md-prince-georges-county","MD","Prince George's County Department of Permitting, Inspections & Enforcement","2020","true","Local Building Department","no codeSourceUrl + codeRetrievedAtIso — every value on this row is unprovenanced"
"md-baltimore-baltimore","MD","Baltimore City Department of Housing & Community Development","2020","true","Local Building Department","no codeSourceUrl + codeRetrievedAtIso — every value on this row is unprovenanced"
"mn-ramsey-saint-paul","MN","City of Saint Paul Department of Safety & Inspections","2020","true","Local Building Department","no codeSourceUrl + codeRetrievedAtIso — every value on this row is unprovenanced"
"or-multnomah-portland","OR","City of Portland Bureau of Development Services","2020","true","Local Building Department","no codeSourceUrl + codeRetrievedAtIso — every value on this row is unprovenanced"
"or-washington-hillsboro","OR","City of Hillsboro Building Division","2020","true","Local Building Department","no codeSourceUrl + codeRetrievedAtIso — every value on this row is unprovenanced"
"sc-charleston-charleston","SC","City of Charleston Building Inspection Services","2020","true","Local Building Department","no codeSourceUrl + codeRetrievedAtIso — every value on this row is unprovenanced"
"sc-richland-columbia","SC","City of Columbia Building Permits","2020","true","Local Building Department","no codeSourceUrl + codeRetrievedAtIso — every value on this row is unprovenanced"
"ut-salt-lake-salt-lake-city","UT","Salt Lake City Building Services","2020","true","Local Building Department","no codeSourceUrl + codeRetrievedAtIso — every value on this row is unprovenanced"
"ut-utah-provo","UT","City of Provo Building Division","2020","true","Local Building Department","no codeSourceUrl + codeRetrievedAtIso — every value on this row is unprovenanced"
"hi-honolulu-honolulu","HI","City & County of Honolulu Department of Planning & Permitting","2020","false","Local Building Department","no codeSourceUrl + codeRetrievedAtIso — every value on this row is unprovenanced"
"hi-maui-kahului","HI","County of Maui Department of Public Works","2020","false","Local Building Department","no codeSourceUrl + codeRetrievedAtIso — every value on this row is unprovenanced"
"hi-hawaii-hilo","HI","County of Hawaii Department of Public Works","2020","false","Local Building Department","no codeSourceUrl + codeRetrievedAtIso — every value on this row is unprovenanced"
"id-ada-boise","ID","City of Boise Planning & Development Services","2020","false","Local Building Department","no codeSourceUrl + codeRetrievedAtIso — every value on this row is unprovenanced"
"id-bonneville-idaho-falls","ID","City of Idaho Falls Building Division","2020","true","Local Building Department","no codeSourceUrl + codeRetrievedAtIso — every value on this row is unprovenanced"
"id-canyon-nampa","ID","City of Nampa Building Services","2020","true","Local Building Department","no codeSourceUrl + codeRetrievedAtIso — every value on this row is unprovenanced"
"nm-bernalillo-albuquerque","NM","City of Albuquerque Planning Department","2020","true","Local Building Department","no codeSourceUrl + codeRetrievedAtIso — every value on this row is unprovenanced"
"nm-santa-fe-santa-fe","NM","City of Santa Fe Building Division","2020","true","Local Building Department","no codeSourceUrl + codeRetrievedAtIso — every value on this row is unprovenanced"
"nm-dona-ana-las-cruces","NM","City of Las Cruces Planning & Community Development","2020","true","Local Building Department","no codeSourceUrl + codeRetrievedAtIso — every value on this row is unprovenanced"
"la-orleans-new-orleans","LA","City of New Orleans Department of Safety & Permits","2020","true","Local Building Department","no codeSourceUrl + codeRetrievedAtIso — every value on this row is unprovenanced"
"la-east-baton-rouge-baton-rouge","LA","City-Parish of Baton Rouge Building Codes","2020","true","Local Building Department","no codeSourceUrl + codeRetrievedAtIso — every value on this row is unprovenanced"
"ky-jefferson-louisville","KY","Louisville Metro Inspections, Permits & Licenses","2020","false","Local Building Department","no codeSourceUrl + codeRetrievedAtIso — every value on this row is unprovenanced"
"wi-milwaukee-milwaukee","WI","City of Milwaukee Department of Neighborhood Services","2020","true","Local Building Department","no codeSourceUrl + codeRetrievedAtIso — every value on this row is unprovenanced"
"wi-dane-madison","WI","City of Madison Building Inspection","2020","true","Local Building Department","no codeSourceUrl + codeRetrievedAtIso — every value on this row is unprovenanced"
"mo-st-louis-st-louis","MO","City of St. Louis Building Division","2020","true","Local Building Department","no codeSourceUrl + codeRetrievedAtIso — every value on this row is unprovenanced"
"ks-sedgwick-wichita","KS","City of Wichita Building Inspection","2020","true","Local Building Department","no codeSourceUrl + codeRetrievedAtIso — every value on this row is unprovenanced"
"ok-oklahoma-oklahoma-city","OK","City of Oklahoma City Development Services","2020","true","Local Building Department","no codeSourceUrl + codeRetrievedAtIso — every value on this row is unprovenanced"
"ok-tulsa-tulsa","OK","City of Tulsa Development Services","2020","true","Local Building Department","no codeSourceUrl + codeRetrievedAtIso — every value on this row is unprovenanced"
"ar-pulaski-little-rock","AR","City of Little Rock Building Permits","2020","true","Local Building Department","no codeSourceUrl + codeRetrievedAtIso — every value on this row is unprovenanced"
"ms-hinds-jackson","MS","City of Jackson Building Permits","2020","true","Local Building Department","no codeSourceUrl + codeRetrievedAtIso — every value on this row is unprovenanced"
"ia-polk-des-moines","IA","City of Des Moines Permit & Development Center","2020","true","Local Building Department","no codeSourceUrl + codeRetrievedAtIso — every value on this row is unprovenanced"
"ne-douglas-omaha","NE","City of Omaha Building Permits","2020","true","Local Building Department","no codeSourceUrl + codeRetrievedAtIso — every value on this row is unprovenanced"
"sd-minnehaha-sioux-falls","SD","City of Sioux Falls Building Services","2020","true","Local Building Department","no codeSourceUrl + codeRetrievedAtIso — every value on this row is unprovenanced"
"nd-cass-fargo","ND","City of Fargo Building Inspections","2020","true","Local Building Department","no codeSourceUrl + codeRetrievedAtIso — every value on this row is unprovenanced"
"mt-yellowstone-billings","MT","City of Billings Building Division","2020","true","Local Building Department","no codeSourceUrl + codeRetrievedAtIso — every value on this row is unprovenanced"
"wy-laramie-cheyenne","WY","City of Cheyenne Building Division","2020","true","Local Building Department","no codeSourceUrl + codeRetrievedAtIso — every value on this row is unprovenanced"
"ak-anchorage-anchorage","AK","Municipality of Anchorage Development Services","2020","true","Local Building Department","no codeSourceUrl + codeRetrievedAtIso — every value on this row is unprovenanced"
"ri-providence-providence","RI","City of Providence Inspection & Standards","2020","true","Local Building Department","no codeSourceUrl + codeRetrievedAtIso — every value on this row is unprovenanced"
"nh-hillsborough-manchester","NH","City of Manchester Building Department","2020","true","Local Building Department","no codeSourceUrl + codeRetrievedAtIso — every value on this row is unprovenanced"
"vt-chittenden-burlington","VT","City of Burlington Code Enforcement","2020","true","Local Building Department","no codeSourceUrl + codeRetrievedAtIso — every value on this row is unprovenanced"
"me-cumberland-portland","ME","City of Portland Inspections Division","2020","true","Local Building Department","no codeSourceUrl + codeRetrievedAtIso — every value on this row is unprovenanced"
"de-new-castle-wilmington","DE","City of Wilmington License & Inspections","2020","true","Local Building Department","no codeSourceUrl + codeRetrievedAtIso — every value on this row is unprovenanced"
"wv-kanawha-charleston","WV","City of Charleston Building Permits","2020","true","Local Building Department","no codeSourceUrl + codeRetrievedAtIso — every value on this row is unprovenanced"
"dc-dc-washington","DC","DC Department of Buildings","2020","false","Local Building Department","no codeSourceUrl + codeRetrievedAtIso — every value on this row is unprovenanced"
"ca-san-bernardino-san-bernardino","CA","City of San Bernardino Development Services","2023","true","Local Building Department","no codeSourceUrl + codeRetrievedAtIso — every value on this row is unprovenanced"
"ca-san-bernardino-county","CA","San Bernardino County Building & Safety","2023","true","Local Building Department","no codeSourceUrl + codeRetrievedAtIso — every value on this row is unprovenanced"
"ca-riverside-county","CA","Riverside County Building & Safety","2023","true","Local Building Department","no codeSourceUrl + codeRetrievedAtIso — every value on this row is unprovenanced"
"ca-kern-bakersfield","CA","City of Bakersfield Building Division","2023","true","Local Building Department","no codeSourceUrl + codeRetrievedAtIso — every value on this row is unprovenanced"
"ca-san-joaquin-stockton","CA","City of Stockton Community Development","2023","true","Local Building Department","no codeSourceUrl + codeRetrievedAtIso — every value on this row is unprovenanced"
"ca-stanislaus-modesto","CA","City of Modesto Development Services","2023","true","Local Building Department","no codeSourceUrl + codeRetrievedAtIso — every value on this row is unprovenanced"
"ca-san-diego-chula-vista","CA","City of Chula Vista Development Services","2023","true","Local Building Department","no codeSourceUrl + codeRetrievedAtIso — every value on this row is unprovenanced"
"ca-contra-costa-county","CA","Contra Costa County Building Inspection Division","2023","true","Local Building Department","no codeSourceUrl + codeRetrievedAtIso — every value on this row is unprovenanced"
"ca-ventura-county","CA","Ventura County Building & Safety","2023","true","Local Building Department","no codeSourceUrl + codeRetrievedAtIso — every value on this row is unprovenanced"
"tx-collin-mckinney","TX","City of McKinney Development Services","2020","true","Local Building Department","no codeSourceUrl + codeRetrievedAtIso — every value on this row is unprovenanced"
"tx-denton-county","TX","Denton County Development Services","2020","true","Local Building Department","no codeSourceUrl + codeRetrievedAtIso — every value on this row is unprovenanced"
"tx-travis-round-rock","TX","City of Round Rock Building and Development Services","2020","true","Local Building Department","no codeSourceUrl + codeRetrievedAtIso — every value on this row is unprovenanced"
"tx-el-paso-el-paso","TX","City of El Paso Development Services","2020","true","Local Building Department","no codeSourceUrl + codeRetrievedAtIso — every value on this row is unprovenanced"
"tx-nueces-corpus-christi","TX","City of Corpus Christi Development Services","2020","true","Local Building Department","no codeSourceUrl + codeRetrievedAtIso — every value on this row is unprovenanced"
"fl-pinellas-st-pete","FL","City of St. Petersburg Building & Development Review Services","2020","true","Local Building Department","no codeSourceUrl + codeRetrievedAtIso — every value on this row is unprovenanced"
"fl-pinellas-clearwater","FL","City of Clearwater Planning & Development","2020","true","Local Building Department","no codeSourceUrl + codeRetrievedAtIso — every value on this row is unprovenanced"
"fl-miami-dade-county","FL","Miami-Dade County Regulatory and Economic Resources","2020","false","Local Building Department","no codeSourceUrl + codeRetrievedAtIso — every value on this row is unprovenanced"
"fl-broward-pembroke-pines","FL","City of Pembroke Pines Building Division","2020","true","Local Building Department","no codeSourceUrl + codeRetrievedAtIso — every value on this row is unprovenanced"
"fl-lee-cape-coral","FL","City of Cape Coral Building Division","2020","true","Local Building Department","no codeSourceUrl + codeRetrievedAtIso — every value on this row is unprovenanced"
"fl-volusia-daytona-beach","FL","City of Daytona Beach Building Services","2020","true","Local Building Department","no codeSourceUrl + codeRetrievedAtIso — every value on this row is unprovenanced"
"fl-seminole-county","FL","Seminole County Building Division","2020","true","Local Building Department","no codeSourceUrl + codeRetrievedAtIso — every value on this row is unprovenanced"
"nc-guilford-greensboro","NC","City of Greensboro Inspections Division","2020","true","Local Building Department","no codeSourceUrl + codeRetrievedAtIso — every value on this row is unprovenanced"
"nc-forsyth-winston-salem","NC","City of Winston-Salem Inspections Division","2020","true","Local Building Department","no codeSourceUrl + codeRetrievedAtIso — every value on this row is unprovenanced"
"nc-durham-durham","NC","City of Durham Inspections","2020","true","Local Building Department","no codeSourceUrl + codeRetrievedAtIso — every value on this row is unprovenanced"
"nc-buncombe-asheville","NC","City of Asheville Development Services","2020","true","Local Building Department","no codeSourceUrl + codeRetrievedAtIso — every value on this row is unprovenanced"
"ga-dekalb-county","GA","DeKalb County Planning & Sustainability","2020","true","Local Building Department","no codeSourceUrl + codeRetrievedAtIso — every value on this row is unprovenanced"
"ga-cobb-county","GA","Cobb County Community Development Agency","2020","true","Local Building Department","no codeSourceUrl + codeRetrievedAtIso — every value on this row is unprovenanced"
"ga-chatham-savannah","GA","City of Savannah Building Safety & Regulatory Services","2020","true","Local Building Department","no codeSourceUrl + codeRetrievedAtIso — every value on this row is unprovenanced"
"ga-richmond-augusta","GA","Augusta-Richmond County Planning & Development","2020","false","Local Building Department","no codeSourceUrl + codeRetrievedAtIso — every value on this row is unprovenanced"
"sc-greenville-greenville","SC","City of Greenville Building Safety Division","2020","true","Local Building Department","no codeSourceUrl + codeRetrievedAtIso — every value on this row is unprovenanced"
"sc-horry-myrtle-beach","SC","City of Myrtle Beach Building Services","2020","true","Local Building Department","no codeSourceUrl + codeRetrievedAtIso — every value on this row is unprovenanced"
"nj-hudson-jersey-city","NJ","Jersey City Division of Building","2020","true","Local Building Department","no codeSourceUrl + codeRetrievedAtIso — every value on this row is unprovenanced"
"nj-monmouth-county","NJ","Monmouth County Division of Engineering","2020","true","Local Building Department","no codeSourceUrl + codeRetrievedAtIso — every value on this row is unprovenanced"
"nj-ocean-county","NJ","Ocean County Department of Planning","2020","true","Local Building Department","no codeSourceUrl + codeRetrievedAtIso — every value on this row is unprovenanced"
"nj-camden-county","NJ","Camden County Board of Commissioners","2020","true","Local Building Department","no codeSourceUrl + codeRetrievedAtIso — every value on this row is unprovenanced"
"ny-erie-buffalo","NY","City of Buffalo Permit & Inspection Services","2020","true","Local Building Department","no codeSourceUrl + codeRetrievedAtIso — every value on this row is unprovenanced"
"ny-nassau-county","NY","Nassau County Office of Consumer Affairs / Local municipalities","2020","true","Local Building Department","no codeSourceUrl + codeRetrievedAtIso — every value on this row is unprovenanced"
"ny-albany-albany","NY","City of Albany Department of Buildings & Regulatory Compliance","2020","true","Local Building Department","no codeSourceUrl + codeRetrievedAtIso — every value on this row is unprovenanced"
"ny-monroe-rochester","NY","City of Rochester Bureau of Buildings","2020","true","Local Building Department","no codeSourceUrl + codeRetrievedAtIso — every value on this row is unprovenanced"
"mi-wayne-detroit","MI","Detroit Buildings Safety & Engineering","2020","true","Local Building Department","no codeSourceUrl + codeRetrievedAtIso — every value on this row is unprovenanced"
"mi-kent-grand-rapids","MI","City of Grand Rapids Inspections Services","2020","true","Local Building Department","no codeSourceUrl + codeRetrievedAtIso — every value on this row is unprovenanced"
"oh-franklin-columbus","OH","Columbus Building & Zoning Services","2020","true","Local Building Department","no codeSourceUrl + codeRetrievedAtIso — every value on this row is unprovenanced"
"oh-cuyahoga-cleveland","OH","City of Cleveland Building & Housing","2020","true","Local Building Department","no codeSourceUrl + codeRetrievedAtIso — every value on this row is unprovenanced"
"pa-philadelphia-philadelphia","PA","City of Philadelphia Department of Licenses & Inspections","2020","true","Local Building Department","no codeSourceUrl + codeRetrievedAtIso — every value on this row is unprovenanced"
"pa-allegheny-pittsburgh","PA","City of Pittsburgh Permits, Licenses & Inspections","2020","true","Local Building Department","no codeSourceUrl + codeRetrievedAtIso — every value on this row is unprovenanced"
"mn-hennepin-minneapolis","MN","City of Minneapolis Community Planning & Economic Development","2020","true","Local Building Department","no codeSourceUrl + codeRetrievedAtIso — every value on this row is unprovenanced"
"va-virginia-beach-city","VA","City of Virginia Beach Department of Planning & Community Development","2020","true","Local Building Department","no codeSourceUrl + codeRetrievedAtIso — every value on this row is unprovenanced"
"va-chesterfield-county","VA","Chesterfield County Building Inspections","2020","true","Local Building Department","no codeSourceUrl + codeRetrievedAtIso — every value on this row is unprovenanced"
"co-el-paso-colorado-springs","CO","City of Colorado Springs Permits & Inspections","2020","true","Local Building Department","no codeSourceUrl + codeRetrievedAtIso — every value on this row is unprovenanced"
"co-arapahoe-aurora","CO","City of Aurora Building Division","2020","true","Local Building Department","no codeSourceUrl + codeRetrievedAtIso — every value on this row is unprovenanced"
"co-jefferson-county","CO","Jefferson County Building Safety","2020","true","Local Building Department","no codeSourceUrl + codeRetrievedAtIso — every value on this row is unprovenanced"
"md-montgomery-county","MD","Montgomery County Department of Permitting Services","2020","true","Local Building Department","no codeSourceUrl + codeRetrievedAtIso — every value on this row is unprovenanced"
"md-anne-arundel-county","MD","Anne Arundel County Inspections & Permits","2020","true","Local Building Department","no codeSourceUrl + codeRetrievedAtIso — every value on this row is unprovenanced"
"ma-worcester-worcester","MA","City of Worcester Building Division","2020","true","Local Building Department","no codeSourceUrl + codeRetrievedAtIso — every value on this row is unprovenanced"
"ma-essex-lowell","MA","City of Lowell Inspectional Services","2020","true","Local Building Department","no codeSourceUrl + codeRetrievedAtIso — every value on this row is unprovenanced"
"ct-fairfield-bridgeport","CT","City of Bridgeport Department of Planning & Economic Development","2020","true","Local Building Department","no codeSourceUrl + codeRetrievedAtIso — every value on this row is unprovenanced"
"ct-hartford-hartford","CT","City of Hartford Licenses & Inspections","2020","true","Local Building Department","no codeSourceUrl + codeRetrievedAtIso — every value on this row is unprovenanced"
"tn-davidson-nashville","TN","Metro Nashville-Davidson County Codes Administration","2020","false","Local Building Department","no codeSourceUrl + codeRetrievedAtIso — every value on this row is unprovenanced"
"tn-shelby-memphis","TN","City of Memphis Division of Housing & Community Development","2020","true","Local Building Department","no codeSourceUrl + codeRetrievedAtIso — every value on this row is unprovenanced"
"in-marion-indianapolis","IN","City of Indianapolis Division of Planning","2020","false","Local Building Department","no codeSourceUrl + codeRetrievedAtIso — every value on this row is unprovenanced"
"mo-jackson-kansas-city","MO","City of Kansas City Development Services","2020","true","Local Building Department","no codeSourceUrl + codeRetrievedAtIso — every value on this row is unprovenanced"
"ak-aleutians-east-aleutians-east-county","AK","Aleutians East County Building Department","2017","true","Local Building Department","no codeSourceUrl + codeRetrievedAtIso — every value on this row is unprovenanced"
"ak-aleutians-west-aleutians-west-county","AK","Aleutians West County Building Department","2017","false","Local Building Department","no codeSourceUrl + codeRetrievedAtIso — every value on this row is unprovenanced"
"ak-anchorage-anchorage-county","AK","Anchorage County Building Department","2017","true","Local Building Department","no codeSourceUrl + codeRetrievedAtIso — every value on this row is unprovenanced"
"ak-bethel-bethel-county","AK","Bethel County Building Department","2017","false","Local Building Department","no codeSourceUrl + codeRetrievedAtIso — every value on this row is unprovenanced"
"ak-bristol-bay-bristol-bay-county","AK","Bristol Bay County Building Department","2017","true","Local Building Department","no codeSourceUrl + codeRetrievedAtIso — every value on this row is unprovenanced"
"ak-denali-denali-county","AK","Denali County Building Department","2017","true","Local Building Department","no codeSourceUrl + codeRetrievedAtIso — every value on this row is unprovenanced"
"ak-dillingham-dillingham-county","AK","Dillingham County Building Department","2017","false","Local Building Department","no codeSourceUrl + codeRetrievedAtIso — every value on this row is unprovenanced"
"ak-fairbanks-north-star-fairbanks","AK","City of Fairbanks Building Department","2017","true","Local Building Department","no codeSourceUrl + codeRetrievedAtIso — every value on this row is unprovenanced"
"ak-fairbanks-north-star-fairbanks-north-star-county","AK","Fairbanks North Star County Building Department","2017","true","Local Building Department","no codeSourceUrl + codeRetrievedAtIso — every value on this row is unprovenanced"
"ak-haines-haines-county","AK","Haines County Building Department","2017","true","Local Building Department","no codeSourceUrl + codeRetrievedAtIso — every value on this row is unprovenanced"
"ak-hoonah-angoon-hoonah-angoon-county","AK","Hoonah-Angoon County Building Department","2017","false","Local Building Department","no codeSourceUrl + codeRetrievedAtIso — every value on this row is unprovenanced"
"ak-juneau-juneau","AK","City & Borough of Juneau Building Department","2017","true","Local Building Department","no codeSourceUrl + codeRetrievedAtIso — every value on this row is unprovenanced"
"ak-juneau-juneau-county","AK","Juneau County Building Department","2017","true","Local Building Department","no codeSourceUrl + codeRetrievedAtIso — every value on this row is unprovenanced"
"ak-kenai-peninsula-kenai-peninsula-county","AK","Kenai Peninsula County Building Department","2017","true","Local Building Department","no codeSourceUrl + codeRetrievedAtIso — every value on this row is unprovenanced"
"ak-ketchikan-gateway-ketchikan","AK","City of Ketchikan Building Dept","2017","true","Local Building Department","no codeSourceUrl + codeRetrievedAtIso — every value on this row is unprovenanced"
"ak-ketchikan-gateway-ketchikan-gateway-county","AK","Ketchikan Gateway County Building Department","2017","true","Local Building Department","no codeSourceUrl + codeRetrievedAtIso — every value on this row is unprovenanced"
"ak-kodiak-island-kodiak-island-county","AK","Kodiak Island County Building Department","2017","true","Local Building Department","no codeSourceUrl + codeRetrievedAtIso — every value on this row is unprovenanced"
"ak-lake-and-peninsula-lake-and-peninsula-county","AK","Lake and Peninsula County Building Department","2017","true","Local Building Department","no codeSourceUrl + codeRetrievedAtIso — every value on this row is unprovenanced"
"ak-matanuska-susitna-matanuska-susitna-county","AK","Matanuska-Susitna County Building Department","2017","true","Local Building Department","no codeSourceUrl + codeRetrievedAtIso — every value on this row is unprovenanced"
"ak-matanuska-susitna-wasilla","AK","City of Wasilla Building Dept","2017","true","Local Building Department","no codeSourceUrl + codeRetrievedAtIso — every value on this row is unprovenanced"
"ak-nome-nome-county","AK","Nome County Building Department","2017","false","Local Building Department","no codeSourceUrl + codeRetrievedAtIso — every value on this row is unprovenanced"
"ak-north-slope-north-slope-county","AK","North Slope County Building Department","2017","true","Local Building Department","no codeSourceUrl + codeRetrievedAtIso — every value on this row is unprovenanced"
"ak-northwest-arctic-northwest-arctic-county","AK","Northwest Arctic County Building Department","2017","true","Local Building Department","no codeSourceUrl + codeRetrievedAtIso — every value on this row is unprovenanced"
"ak-petersburg-petersburg-county","AK","Petersburg County Building Department","2017","true","Local Building Department","no codeSourceUrl + codeRetrievedAtIso — every value on this row is unprovenanced"
"ak-prince-of-wales-hyder-prince-of-wales-hyder-county","AK","Prince of Wales-Hyder County Building Department","2017","false","Local Building Department","no codeSourceUrl + codeRetrievedAtIso — every value on this row is unprovenanced"
"ak-sitka-sitka","AK","City & Borough of Sitka Building Dept","2017","true","Local Building Department","no codeSourceUrl + codeRetrievedAtIso — every value on this row is unprovenanced"
"ak-sitka-sitka-county","AK","Sitka County Building Department","2017","true","Local Building Department","no codeSourceUrl + codeRetrievedAtIso — every value on this row is unprovenanced"
"ak-skagway-skagway-county","AK","Skagway County Building Department","2017","true","Local Building Department","no codeSourceUrl + codeRetrievedAtIso — every value on this row is unprovenanced"
"ak-southeast-fairbanks-southeast-fairbanks-county","AK","Southeast Fairbanks County Building Department","2017","false","Local Building Department","no codeSourceUrl + codeRetrievedAtIso — every value on this row is unprovenanced"
"ak-valdez-cordova-valdez-cordova-county","AK","Valdez-Cordova County Building Department","2017","false","Local Building Department","no codeSourceUrl + codeRetrievedAtIso — every value on this row is unprovenanced"
"ak-wrangell-wrangell-county","AK","Wrangell County Building Department","2017","true","Local Building Department","no codeSourceUrl + codeRetrievedAtIso — every value on this row is unprovenanced"
"ak-yakutat-yakutat-county","AK","Yakutat County Building Department","2017","true","Local Building Department","no codeSourceUrl + codeRetrievedAtIso — every value on this row is unprovenanced"
"ak-yukon-koyukuk-yukon-koyukuk-county","AK","Yukon-Koyukuk County Building Department","2017","false","Local Building Department","no codeSourceUrl + codeRetrievedAtIso — every value on this row is unprovenanced"
"al-autauga-prattville","AL","City of Prattville Building Dept","2017","true","Local Building Department","no codeSourceUrl + codeRetrievedAtIso — every value on this row is unprovenanced"
"al-autauga-autauga-county","AL","Autauga County Building Department","2017","true","Local Building Department","no codeSourceUrl + codeRetrievedAtIso — every value on this row is unprovenanced"
"al-baldwin-baldwin-county","AL","Baldwin County Building Department","2017","true","Local Building Department","no codeSourceUrl + codeRetrievedAtIso — every value on this row is unprovenanced"
"al-barbour-barbour-county","AL","Barbour County Building Department","2017","true","Local Building Department","no codeSourceUrl + codeRetrievedAtIso — every value on this row is unprovenanced"
"al-bibb-bibb-county","AL","Bibb County Building Department","2017","true","Local Building Department","no codeSourceUrl + codeRetrievedAtIso — every value on this row is unprovenanced"
"al-blount-blount-county","AL","Blount County Building Department","2017","true","Local Building Department","no codeSourceUrl + codeRetrievedAtIso — every value on this row is unprovenanced"
"al-bullock-bullock-county","AL","Bullock County Building Department","2017","true","Local Building Department","no codeSourceUrl + codeRetrievedAtIso — every value on this row is unprovenanced"
"al-butler-butler-county","AL","Butler County Building Department","2017","true","Local Building Department","no codeSourceUrl + codeRetrievedAtIso — every value on this row is unprovenanced"
"al-calhoun-calhoun-county","AL","Calhoun County Building Department","2017","true","Local Building Department","no codeSourceUrl + codeRetrievedAtIso — every value on this row is unprovenanced"
"al-chambers-chambers-county","AL","Chambers County Building Department","2017","true","Local Building Department","no codeSourceUrl + codeRetrievedAtIso — every value on this row is unprovenanced"
"al-cherokee-cherokee-county","AL","Cherokee County Building Department","2017","true","Local Building Department","no codeSourceUrl + codeRetrievedAtIso — every value on this row is unprovenanced"
"al-chilton-chilton-county","AL","Chilton County Building Department","2017","true","Local Building Department","no codeSourceUrl + codeRetrievedAtIso — every value on this row is unprovenanced"
"al-choctaw-choctaw-county","AL","Choctaw County Building Department","2017","true","Local Building Department","no codeSourceUrl + codeRetrievedAtIso — every value on this row is unprovenanced"
"al-clarke-clarke-county","AL","Clarke County Building Department","2017","true","Local Building Department","no codeSourceUrl + codeRetrievedAtIso — every value on this row is unprovenanced"
"al-clay-clay-county","AL","Clay County Building Department","2017","true","Local Building Department","no codeSourceUrl + codeRetrievedAtIso — every value on this row is unprovenanced"
"al-cleburne-cleburne-county","AL","Cleburne County Building Department","2017","true","Local Building Department","no codeSourceUrl + codeRetrievedAtIso — every value on this row is unprovenanced"
"al-coffee-coffee-county","AL","Coffee County Building Department","2017","true","Local Building Department","no codeSourceUrl + codeRetrievedAtIso — every value on this row is unprovenanced"
"al-colbert-colbert-county","AL","Colbert County Building Department","2017","true","Local Building Department","no codeSourceUrl + codeRetrievedAtIso — every value on this row is unprovenanced"
"al-conecuh-conecuh-county","AL","Conecuh County Building Department","2017","true","Local Building Department","no codeSourceUrl + codeRetrievedAtIso — every value on this row is unprovenanced"
"al-coosa-coosa-county","AL","Coosa County Building Department","2017","true","Local Building Department","no codeSourceUrl + codeRetrievedAtIso — every value on this row is unprovenanced"
"al-covington-covington-county","AL","Covington County Building Department","2017","true","Local Building Department","no codeSourceUrl + codeRetrievedAtIso — every value on this row is unprovenanced"
"al-crenshaw-crenshaw-county","AL","Crenshaw County Building Department","2017","true","Local Building Department","no codeSourceUrl + codeRetrievedAtIso — every value on this row is unprovenanced"
"al-cullman-cullman-county","AL","Cullman County Building Department","2017","true","Local Building Department","no codeSourceUrl + codeRetrievedAtIso — every value on this row is unprovenanced"
"al-dale-dale-county","AL","Dale County Building Department","2017","true","Local Building Department","no codeSourceUrl + codeRetrievedAtIso — every value on this row is unprovenanced"
"al-dallas-dallas-county","AL","Dallas County Building Department","2017","true","Local Building Department","no codeSourceUrl + codeRetrievedAtIso — every value on this row is unprovenanced"
"al-dekalb-dekalb-county","AL","DeKalb County Building Department","2017","true","Local Building Department","no codeSourceUrl + codeRetrievedAtIso — every value on this row is unprovenanced"
"al-elmore-elmore-county","AL","Elmore County Building Department","2017","true","Local Building Department","no codeSourceUrl + codeRetrievedAtIso — every value on this row is unprovenanced"
"al-escambia-escambia-county","AL","Escambia County Building Department","2017","true","Local Building Department","no codeSourceUrl + codeRetrievedAtIso — every value on this row is unprovenanced"
"al-etowah-gadsden","AL","City of Gadsden Building Dept","2017","true","Local Building Department","no codeSourceUrl + codeRetrievedAtIso — every value on this row is unprovenanced"
"al-etowah-etowah-county","AL","Etowah County Building Department","2017","true","Local Building Department","no codeSourceUrl + codeRetrievedAtIso — every value on this row is unprovenanced"
"al-fayette-fayette-county","AL","Fayette County Building Department","2017","true","Local Building Department","no codeSourceUrl + codeRetrievedAtIso — every value on this row is unprovenanced"
"al-franklin-franklin-county","AL","Franklin County Building Department","2017","true","Local Building Department","no codeSourceUrl + codeRetrievedAtIso — every value on this row is unprovenanced"
"al-geneva-geneva-county","AL","Geneva County Building Department","2017","true","Local Building Department","no codeSourceUrl + codeRetrievedAtIso — every value on this row is unprovenanced"
"al-greene-greene-county","AL","Greene County Building Department","2017","true","Local Building Department","no codeSourceUrl + codeRetrievedAtIso — every value on this row is unprovenanced"
"al-hale-hale-county","AL","Hale County Building Department","2017","true","Local Building Department","no codeSourceUrl + codeRetrievedAtIso — every value on this row is unprovenanced"
"al-henry-henry-county","AL","Henry County Building Department","2017","true","Local Building Department","no codeSourceUrl + codeRetrievedAtIso — every value on this row is unprovenanced"
"al-houston-dothan","AL","City of Dothan Building Dept","2017","true","Local Building Department","no codeSourceUrl + codeRetrievedAtIso — every value on this row is unprovenanced"
"al-houston-houston-county","AL","Houston County Building Department","2017","true","Local Building Department","no codeSourceUrl + codeRetrievedAtIso — every value on this row is unprovenanced"
"al-jackson-jackson-county","AL","Jackson County Building Department","2017","true","Local Building Department","no codeSourceUrl + codeRetrievedAtIso — every value on this row is unprovenanced"
"al-jefferson-hoover","AL","City of Hoover Building Dept","2017","false","Local Building Department","no codeSourceUrl + codeRetrievedAtIso — every value on this row is unprovenanced"
"al-jefferson-jefferson-county","AL","Jefferson County Building Department","2017","true","Local Building Department","no codeSourceUrl + codeRetrievedAtIso — every value on this row is unprovenanced"
"al-jefferson-vestavia-hills","AL","City of Vestavia Hills Building Dept","2017","true","Local Building Department","no codeSourceUrl + codeRetrievedAtIso — every value on this row is unprovenanced"
"al-jeffersonshelby-hoover","AL","City of Hoover Building Department","2017","false","Local Building Department","no codeSourceUrl + codeRetrievedAtIso — every value on this row is unprovenanced"
"al-lamar-lamar-county","AL","Lamar County Building Department","2017","true","Local Building Department","no codeSourceUrl + codeRetrievedAtIso — every value on this row is unprovenanced"
"al-lauderdale-florence","AL","City of Florence Building Dept","2017","true","Local Building Department","no codeSourceUrl + codeRetrievedAtIso — every value on this row is unprovenanced"
"al-lauderdale-lauderdale-county","AL","Lauderdale County Building Department","2017","true","Local Building Department","no codeSourceUrl + codeRetrievedAtIso — every value on this row is unprovenanced"
"al-lawrence-lawrence-county","AL","Lawrence County Building Department","2017","true","Local Building Department","no codeSourceUrl + codeRetrievedAtIso — every value on this row is unprovenanced"
"al-lee-auburn","AL","City of Auburn Building Dept","2017","true","Local Building Department","no codeSourceUrl + codeRetrievedAtIso — every value on this row is unprovenanced"
"al-lee-opelika","AL","City of Opelika Building Dept","2017","true","Local Building Department","no codeSourceUrl + codeRetrievedAtIso — every value on this row is unprovenanced"
"al-lee-lee-county","AL","Lee County Building Department","2017","true","Local Building Department","no codeSourceUrl + codeRetrievedAtIso — every value on this row is unprovenanced"
"al-limestone-limestone-county","AL","Limestone County Building Department","2017","true","Local Building Department","no codeSourceUrl + codeRetrievedAtIso — every value on this row is unprovenanced"
"al-lowndes-lowndes-county","AL","Lowndes County Building Department","2017","true","Local Building Department","no codeSourceUrl + codeRetrievedAtIso — every value on this row is unprovenanced"
"al-macon-macon-county","AL","Macon County Building Department","2017","true","Local Building Department","no codeSourceUrl + codeRetrievedAtIso — every value on this row is unprovenanced"
"al-madison-madison","AL","City of Madison Building Dept","2017","true","Local Building Department","no codeSourceUrl + codeRetrievedAtIso — every value on this row is unprovenanced"
"al-madison-madison-county","AL","Madison County Building Department","2017","true","Local Building Department","no codeSourceUrl + codeRetrievedAtIso — every value on this row is unprovenanced"
"al-marengo-marengo-county","AL","Marengo County Building Department","2017","true","Local Building Department","no codeSourceUrl + codeRetrievedAtIso — every value on this row is unprovenanced"
"al-marion-marion-county","AL","Marion County Building Department","2017","true","Local Building Department","no codeSourceUrl + codeRetrievedAtIso — every value on this row is unprovenanced"
"al-marshall-marshall-county","AL","Marshall County Building Department","2017","true","Local Building Department","no codeSourceUrl + codeRetrievedAtIso — every value on this row is unprovenanced"
"al-mobile-mobile-county","AL","Mobile County Building Department","2017","true","Local Building Department","no codeSourceUrl + codeRetrievedAtIso — every value on this row is unprovenanced"
"al-monroe-monroe-county","AL","Monroe County Building Department","2017","true","Local Building Department","no codeSourceUrl + codeRetrievedAtIso — every value on this row is unprovenanced"
"al-montgomery-montgomery","AL","City of Montgomery Building Department","2017","true","Local Building Department","no codeSourceUrl + codeRetrievedAtIso — every value on this row is unprovenanced"
"al-montgomery-montgomery-county","AL","Montgomery County Building Department","2017","true","Local Building Department","no codeSourceUrl + codeRetrievedAtIso — every value on this row is unprovenanced"
"al-morgan-decatur","AL","City of Decatur Building Dept","2017","true","Local Building Department","no codeSourceUrl + codeRetrievedAtIso — every value on this row is unprovenanced"
"al-morgan-morgan-county","AL","Morgan County Building Department","2017","true","Local Building Department","no codeSourceUrl + codeRetrievedAtIso — every value on this row is unprovenanced"
"al-perry-perry-county","AL","Perry County Building Department","2017","true","Local Building Department","no codeSourceUrl + codeRetrievedAtIso — every value on this row is unprovenanced"
"al-pickens-pickens-county","AL","Pickens County Building Department","2017","true","Local Building Department","no codeSourceUrl + codeRetrievedAtIso — every value on this row is unprovenanced"
"al-pike-pike-county","AL","Pike County Building Department","2017","true","Local Building Department","no codeSourceUrl + codeRetrievedAtIso — every value on this row is unprovenanced"
"al-randolph-randolph-county","AL","Randolph County Building Department","2017","true","Local Building Department","no codeSourceUrl + codeRetrievedAtIso — every value on this row is unprovenanced"
"al-russell-phenix-city","AL","City of Phenix City Building Dept","2017","true","Local Building Department","no codeSourceUrl + codeRetrievedAtIso — every value on this row is unprovenanced"
"al-russell-russell-county","AL","Russell County Building Department","2017","true","Local Building Department","no codeSourceUrl + codeRetrievedAtIso — every value on this row is unprovenanced"
"al-shelby-alabaster","AL","City of Alabaster Building Dept","2017","true","Local Building Department","no codeSourceUrl + codeRetrievedAtIso — every value on this row is unprovenanced"
"al-shelby-shelby-county","AL","Shelby County Building Department","2017","true","Local Building Department","no codeSourceUrl + codeRetrievedAtIso — every value on this row is unprovenanced"
"al-st-clair-st-clair-county","AL","St. Clair County Building Department","2017","true","Local Building Department","no codeSourceUrl + codeRetrievedAtIso — every value on this row is unprovenanced"
"al-sumter-sumter-county","AL","Sumter County Building Department","2017","true","Local Building Department","no codeSourceUrl + codeRetrievedAtIso — every value on this row is unprovenanced"
"al-talladega-talladega-county","AL","Talladega County Building Department","2017","true","Local Building Department","no codeSourceUrl + codeRetrievedAtIso — every value on this row is unprovenanced"
"al-tallapoosa-tallapoosa-county","AL","Tallapoosa County Building Department","2017","true","Local Building Department","no codeSourceUrl + codeRetrievedAtIso — every value on this row is unprovenanced"
"al-tuscaloosa-tuscaloosa","AL","City of Tuscaloosa Building Department","2017","true","Local Building Department","no codeSourceUrl + codeRetrievedAtIso — every value on this row is unprovenanced"
"al-tuscaloosa-tuscaloosa-county","AL","Tuscaloosa County Building Department","2017","true","Local Building Department","no codeSourceUrl + codeRetrievedAtIso — every value on this row is unprovenanced"
"al-walker-walker-county","AL","Walker County Building Department","2017","true","Local Building Department","no codeSourceUrl + codeRetrievedAtIso — every value on this row is unprovenanced"
"al-washington-washington-county","AL","Washington County Building Department","2017","true","Local Building Department","no codeSourceUrl + codeRetrievedAtIso — every value on this row is unprovenanced"
"al-wilcox-wilcox-county","AL","Wilcox County Building Department","2017","true","Local Building Department","no codeSourceUrl + codeRetrievedAtIso — every value on this row is unprovenanced"
"al-winston-winston-county","AL","Winston County Building Department","2017","true","Local Building Department","no codeSourceUrl + codeRetrievedAtIso — every value on this row is unprovenanced"
"ar-arkansas-arkansas-county","AR","Arkansas County Building Department","2017","true","Local Building Department","no codeSourceUrl + codeRetrievedAtIso — every value on this row is unprovenanced"
"ar-ashley-ashley-county","AR","Ashley County Building Department","2017","true","Local Building Department","no codeSourceUrl + codeRetrievedAtIso — every value on this row is unprovenanced"
"ar-baxter-baxter-county","AR","Baxter County Building Department","2017","true","Local Building Department","no codeSourceUrl + codeRetrievedAtIso — every value on this row is unprovenanced"
"ar-benton-bentonville","AR","City of Bentonville Building Dept","2017","true","Local Building Department","no codeSourceUrl + codeRetrievedAtIso — every value on this row is unprovenanced"
"ar-benton-rogers","AR","City of Rogers Building Dept","2017","true","Local Building Department","no codeSourceUrl + codeRetrievedAtIso — every value on this row is unprovenanced"
"ar-benton-benton-county","AR","Benton County Building Department","2017","true","Local Building Department","no codeSourceUrl + codeRetrievedAtIso — every value on this row is unprovenanced"
"ar-boone-boone-county","AR","Boone County Building Department","2017","true","Local Building Department","no codeSourceUrl + codeRetrievedAtIso — every value on this row is unprovenanced"
"ar-bradley-bradley-county","AR","Bradley County Building Department","2017","true","Local Building Department","no codeSourceUrl + codeRetrievedAtIso — every value on this row is unprovenanced"
"ar-calhoun-calhoun-county","AR","Calhoun County Building Department","2017","true","Local Building Department","no codeSourceUrl + codeRetrievedAtIso — every value on this row is unprovenanced"
"ar-carroll-carroll-county","AR","Carroll County Building Department","2017","true","Local Building Department","no codeSourceUrl + codeRetrievedAtIso — every value on this row is unprovenanced"
"ar-chicot-chicot-county","AR","Chicot County Building Department","2017","true","Local Building Department","no codeSourceUrl + codeRetrievedAtIso — every value on this row is unprovenanced"
"ar-clark-clark-county","AR","Clark County Building Department","2017","true","Local Building Department","no codeSourceUrl + codeRetrievedAtIso — every value on this row is unprovenanced"
"ar-clay-clay-county","AR","Clay County Building Department","2017","true","Local Building Department","no codeSourceUrl + codeRetrievedAtIso — every value on this row is unprovenanced"
"ar-cleburne-cleburne-county","AR","Cleburne County Building Department","2017","true","Local Building Department","no codeSourceUrl + codeRetrievedAtIso — every value on this row is unprovenanced"
"ar-cleveland-cleveland-county","AR","Cleveland County Building Department","2017","true","Local Building Department","no codeSourceUrl + codeRetrievedAtIso — every value on this row is unprovenanced"
"ar-columbia-columbia-county","AR","Columbia County Building Department","2017","true","Local Building Department","no codeSourceUrl + codeRetrievedAtIso — every value on this row is unprovenanced"
"ar-conway-conway-county","AR","Conway County Building Department","2017","true","Local Building Department","no codeSourceUrl + codeRetrievedAtIso — every value on this row is unprovenanced"
"ar-craighead-jonesboro","AR","City of Jonesboro Building Dept","2017","true","Local Building Department","no codeSourceUrl + codeRetrievedAtIso — every value on this row is unprovenanced"
"ar-craighead-craighead-county","AR","Craighead County Building Department","2017","true","Local Building Department","no codeSourceUrl + codeRetrievedAtIso — every value on this row is unprovenanced"
"ar-crawford-crawford-county","AR","Crawford County Building Department","2017","true","Local Building Department","no codeSourceUrl + codeRetrievedAtIso — every value on this row is unprovenanced"
"ar-crittenden-crittenden-county","AR","Crittenden County Building Department","2017","true","Local Building Department","no codeSourceUrl + codeRetrievedAtIso — every value on this row is unprovenanced"
"ar-cross-cross-county","AR","Cross County Building Department","2017","true","Local Building Department","no codeSourceUrl + codeRetrievedAtIso — every value on this row is unprovenanced"
"ar-dallas-dallas-county","AR","Dallas County Building Department","2017","true","Local Building Department","no codeSourceUrl + codeRetrievedAtIso — every value on this row is unprovenanced"
"ar-desha-desha-county","AR","Desha County Building Department","2017","true","Local Building Department","no codeSourceUrl + codeRetrievedAtIso — every value on this row is unprovenanced"
"ar-drew-drew-county","AR","Drew County Building Department","2017","true","Local Building Department","no codeSourceUrl + codeRetrievedAtIso — every value on this row is unprovenanced"
"ar-faulkner-conway","AR","City of Conway Building Dept","2017","true","Local Building Department","no codeSourceUrl + codeRetrievedAtIso — every value on this row is unprovenanced"
"ar-faulkner-faulkner-county","AR","Faulkner County Building Department","2017","true","Local Building Department","no codeSourceUrl + codeRetrievedAtIso — every value on this row is unprovenanced"
"ar-franklin-franklin-county","AR","Franklin County Building Department","2017","true","Local Building Department","no codeSourceUrl + codeRetrievedAtIso — every value on this row is unprovenanced"
"ar-fulton-fulton-county","AR","Fulton County Building Department","2017","true","Local Building Department","no codeSourceUrl + codeRetrievedAtIso — every value on this row is unprovenanced"
"ar-garland-hot-springs","AR","City of Hot Springs Building Dept","2017","true","Local Building Department","no codeSourceUrl + codeRetrievedAtIso — every value on this row is unprovenanced"
"ar-garland-garland-county","AR","Garland County Building Department","2017","true","Local Building Department","no codeSourceUrl + codeRetrievedAtIso — every value on this row is unprovenanced"
"ar-grant-grant-county","AR","Grant County Building Department","2017","true","Local Building Department","no codeSourceUrl + codeRetrievedAtIso — every value on this row is unprovenanced"
"ar-greene-greene-county","AR","Greene County Building Department","2017","true","Local Building Department","no codeSourceUrl + codeRetrievedAtIso — every value on this row is unprovenanced"
"ar-hempstead-hempstead-county","AR","Hempstead County Building Department","2017","true","Local Building Department","no codeSourceUrl + codeRetrievedAtIso — every value on this row is unprovenanced"
"ar-hot-spring-hot-spring-county","AR","Hot Spring County Building Department","2017","true","Local Building Department","no codeSourceUrl + codeRetrievedAtIso — every value on this row is unprovenanced"
"ar-howard-howard-county","AR","Howard County Building Department","2017","true","Local Building Department","no codeSourceUrl + codeRetrievedAtIso — every value on this row is unprovenanced"
"ar-independence-independence-county","AR","Independence County Building Department","2017","true","Local Building Department","no codeSourceUrl + codeRetrievedAtIso — every value on this row is unprovenanced"
"ar-izard-izard-county","AR","Izard County Building Department","2017","true","Local Building Department","no codeSourceUrl + codeRetrievedAtIso — every value on this row is unprovenanced"
"ar-jackson-jackson-county","AR","Jackson County Building Department","2017","true","Local Building Department","no codeSourceUrl + codeRetrievedAtIso — every value on this row is unprovenanced"
"ar-jefferson-pine-bluff","AR","City of Pine Bluff Building Dept","2017","true","Local Building Department","no codeSourceUrl + codeRetrievedAtIso — every value on this row is unprovenanced"
"ar-jefferson-jefferson-county","AR","Jefferson County Building Department","2017","true","Local Building Department","no codeSourceUrl + codeRetrievedAtIso — every value on this row is unprovenanced"
"ar-johnson-johnson-county","AR","Johnson County Building Department","2017","true","Local Building Department","no codeSourceUrl + codeRetrievedAtIso — every value on this row is unprovenanced"
"ar-lafayette-lafayette-county","AR","Lafayette County Building Department","2017","true","Local Building Department","no codeSourceUrl + codeRetrievedAtIso — every value on this row is unprovenanced"
"ar-lawrence-lawrence-county","AR","Lawrence County Building Department","2017","true","Local Building Department","no codeSourceUrl + codeRetrievedAtIso — every value on this row is unprovenanced"
"ar-lee-lee-county","AR","Lee County Building Department","2017","true","Local Building Department","no codeSourceUrl + codeRetrievedAtIso — every value on this row is unprovenanced"
"ar-lincoln-lincoln-county","AR","Lincoln County Building Department","2017","true","Local Building Department","no codeSourceUrl + codeRetrievedAtIso — every value on this row is unprovenanced"
"ar-little-river-little-river-county","AR","Little River County Building Department","2017","true","Local Building Department","no codeSourceUrl + codeRetrievedAtIso — every value on this row is unprovenanced"
"ar-logan-logan-county","AR","Logan County Building Department","2017","true","Local Building Department","no codeSourceUrl + codeRetrievedAtIso — every value on this row is unprovenanced"
"ar-lonoke-lonoke-county","AR","Lonoke County Building Department","2017","true","Local Building Department","no codeSourceUrl + codeRetrievedAtIso — every value on this row is unprovenanced"
"ar-madison-madison-county","AR","Madison County Building Department","2017","true","Local Building Department","no codeSourceUrl + codeRetrievedAtIso — every value on this row is unprovenanced"
"ar-marion-marion-county","AR","Marion County Building Department","2017","true","Local Building Department","no codeSourceUrl + codeRetrievedAtIso — every value on this row is unprovenanced"
"ar-miller-texarkana","AR","City of Texarkana Building Dept","2017","true","Local Building Department","no codeSourceUrl + codeRetrievedAtIso — every value on this row is unprovenanced"
"ar-miller-miller-county","AR","Miller County Building Department","2017","true","Local Building Department","no codeSourceUrl + codeRetrievedAtIso — every value on this row is unprovenanced"
"ar-mississippi-mississippi-county","AR","Mississippi County Building Department","2017","true","Local Building Department","no codeSourceUrl + codeRetrievedAtIso — every value on this row is unprovenanced"
"ar-monroe-monroe-county","AR","Monroe County Building Department","2017","true","Local Building Department","no codeSourceUrl + codeRetrievedAtIso — every value on this row is unprovenanced"
"ar-montgomery-montgomery-county","AR","Montgomery County Building Department","2017","true","Local Building Department","no codeSourceUrl + codeRetrievedAtIso — every value on this row is unprovenanced"
"ar-nevada-nevada-county","AR","Nevada County Building Department","2017","true","Local Building Department","no codeSourceUrl + codeRetrievedAtIso — every value on this row is unprovenanced"
"ar-newton-newton-county","AR","Newton County Building Department","2017","true","Local Building Department","no codeSourceUrl + codeRetrievedAtIso — every value on this row is unprovenanced"
"ar-ouachita-ouachita-county","AR","Ouachita County Building Department","2017","true","Local Building Department","no codeSourceUrl + codeRetrievedAtIso — every value on this row is unprovenanced"
"ar-perry-perry-county","AR","Perry County Building Department","2017","true","Local Building Department","no codeSourceUrl + codeRetrievedAtIso — every value on this row is unprovenanced"
"ar-phillips-phillips-county","AR","Phillips County Building Department","2017","true","Local Building Department","no codeSourceUrl + codeRetrievedAtIso — every value on this row is unprovenanced"
"ar-pike-pike-county","AR","Pike County Building Department","2017","true","Local Building Department","no codeSourceUrl + codeRetrievedAtIso — every value on this row is unprovenanced"
"ar-poinsett-poinsett-county","AR","Poinsett County Building Department","2017","true","Local Building Department","no codeSourceUrl + codeRetrievedAtIso — every value on this row is unprovenanced"
"ar-polk-polk-county","AR","Polk County Building Department","2017","true","Local Building Department","no codeSourceUrl + codeRetrievedAtIso — every value on this row is unprovenanced"
"ar-pope-pope-county","AR","Pope County Building Department","2017","true","Local Building Department","no codeSourceUrl + codeRetrievedAtIso — every value on this row is unprovenanced"
"ar-prairie-prairie-county","AR","Prairie County Building Department","2017","true","Local Building Department","no codeSourceUrl + codeRetrievedAtIso — every value on this row is unprovenanced"
"ar-pulaski-north-little-rock","AR","City of North Little Rock Building Dept","2017","true","Local Building Department","no codeSourceUrl + codeRetrievedAtIso — every value on this row is unprovenanced"
"ar-pulaski-pulaski-county","AR","Pulaski County Building Department","2017","true","Local Building Department","no codeSourceUrl + codeRetrievedAtIso — every value on this row is unprovenanced"
"ar-randolph-randolph-county","AR","Randolph County Building Department","2017","true","Local Building Department","no codeSourceUrl + codeRetrievedAtIso — every value on this row is unprovenanced"
"ar-saline-saline-county","AR","Saline County Building Department","2017","true","Local Building Department","no codeSourceUrl + codeRetrievedAtIso — every value on this row is unprovenanced"
"ar-scott-scott-county","AR","Scott County Building Department","2017","true","Local Building Department","no codeSourceUrl + codeRetrievedAtIso — every value on this row is unprovenanced"
"ar-searcy-searcy-county","AR","Searcy County Building Department","2017","true","Local Building Department","no codeSourceUrl + codeRetrievedAtIso — every value on this row is unprovenanced"
"ar-sebastian-fort-smith","AR","City of Fort Smith Building Dept","2017","true","Local Building Department","no codeSourceUrl + codeRetrievedAtIso — every value on this row is unprovenanced"
"ar-sebastian-sebastian-county","AR","Sebastian County Building Department","2017","true","Local Building Department","no codeSourceUrl + codeRetrievedAtIso — every value on this row is unprovenanced"
"ar-sevier-sevier-county","AR","Sevier County Building Department","2017","true","Local Building Department","no codeSourceUrl + codeRetrievedAtIso — every value on this row is unprovenanced"
"ar-sharp-sharp-county","AR","Sharp County Building Department","2017","true","Local Building Department","no codeSourceUrl + codeRetrievedAtIso — every value on this row is unprovenanced"
"ar-st-francis-st-francis-county","AR","St. Francis County Building Department","2017","true","Local Building Department","no codeSourceUrl + codeRetrievedAtIso — every value on this row is unprovenanced"
"ar-stone-stone-county","AR","Stone County Building Department","2017","true","Local Building Department","no codeSourceUrl + codeRetrievedAtIso — every value on this row is unprovenanced"
"ar-union-union-county","AR","Union County Building Department","2017","true","Local Building Department","no codeSourceUrl + codeRetrievedAtIso — every value on this row is unprovenanced"
"ar-van-buren-van-buren-county","AR","Van Buren County Building Department","2017","true","Local Building Department","no codeSourceUrl + codeRetrievedAtIso — every value on this row is unprovenanced"
"ar-washington-fayetteville","AR","City of Fayetteville Building Department","2017","true","Local Building Department","no codeSourceUrl + codeRetrievedAtIso — every value on this row is unprovenanced"
"ar-washington-springdale","AR","City of Springdale Building Department","2017","true","Local Building Department","no codeSourceUrl + codeRetrievedAtIso — every value on this row is unprovenanced"
"ar-washington-washington-county","AR","Washington County Building Department","2017","true","Local Building Department","no codeSourceUrl + codeRetrievedAtIso — every value on this row is unprovenanced"
"ar-white-white-county","AR","White County Building Department","2017","true","Local Building Department","no codeSourceUrl + codeRetrievedAtIso — every value on this row is unprovenanced"
"ar-woodruff-woodruff-county","AR","Woodruff County Building Department","2017","true","Local Building Department","no codeSourceUrl + codeRetrievedAtIso — every value on this row is unprovenanced"
"ar-yell-yell-county","AR","Yell County Building Department","2017","true","Local Building Department","no codeSourceUrl + codeRetrievedAtIso — every value on this row is unprovenanced"
"as-eastern-eastern-county","AS","Eastern County Building Department","2017","true","Local Building Department","no codeSourceUrl + codeRetrievedAtIso — every value on this row is unprovenanced"
"as-manua-manua-county","AS","Manua County Building Department","2017","true","Local Building Department","no codeSourceUrl + codeRetrievedAtIso — every value on this row is unprovenanced"
"as-rose-island-rose-island-county","AS","Rose Island County Building Department","2017","false","Local Building Department","no codeSourceUrl + codeRetrievedAtIso — every value on this row is unprovenanced"
"as-swains-island-swains-island-county","AS","Swains Island County Building Department","2017","false","Local Building Department","no codeSourceUrl + codeRetrievedAtIso — every value on this row is unprovenanced"
"as-western-western-county","AS","Western County Building Department","2017","true","Local Building Department","no codeSourceUrl + codeRetrievedAtIso — every value on this row is unprovenanced"
"az-apache-apache-county","AZ","Apache County Building Department","2020","true","Local Building Department","no codeSourceUrl + codeRetrievedAtIso — every value on this row is unprovenanced"
"az-cochise-sierra-vista","AZ","City of Sierra Vista Building Dept","2020","true","Local Building Department","no codeSourceUrl + codeRetrievedAtIso — every value on this row is unprovenanced"
"az-cochise-cochise-county","AZ","Cochise County Building Department","2020","true","Local Building Department","no codeSourceUrl + codeRetrievedAtIso — every value on this row is unprovenanced"
"az-coconino-flagstaff","AZ","City of Flagstaff Building Department","2020","true","Local Building Department","no codeSourceUrl + codeRetrievedAtIso — every value on this row is unprovenanced"
"az-coconino-sedona","AZ","City of Sedona Building Dept","2020","true","Local Building Department","no codeSourceUrl + codeRetrievedAtIso — every value on this row is unprovenanced"
"az-coconino-coconino-county","AZ","Coconino County Building Department","2020","true","Local Building Department","no codeSourceUrl + codeRetrievedAtIso — every value on this row is unprovenanced"
"az-gila-payson","AZ","Town of Payson Building Dept","2020","true","Local Building Department","no codeSourceUrl + codeRetrievedAtIso — every value on this row is unprovenanced"
"az-gila-gila-county","AZ","Gila County Building Department","2020","true","Local Building Department","no codeSourceUrl + codeRetrievedAtIso — every value on this row is unprovenanced"
"az-graham-graham-county","AZ","Graham County Building Department","2020","true","Local Building Department","no codeSourceUrl + codeRetrievedAtIso — every value on this row is unprovenanced"
"az-greenlee-greenlee-county","AZ","Greenlee County Building Department","2020","true","Local Building Department","no codeSourceUrl + codeRetrievedAtIso — every value on this row is unprovenanced"
"az-la-paz-la-paz-county","AZ","La Paz County Building Department","2020","true","Local Building Department","no codeSourceUrl + codeRetrievedAtIso — every value on this row is unprovenanced"
"az-maricopa-gilbert","AZ","City of Gilbert Building Safety","2020","true","Local Building Department","no codeSourceUrl + codeRetrievedAtIso — every value on this row is unprovenanced"
"az-maricopa-glendale","AZ","City of Glendale Building Safety","2020","true","Local Building Department","no codeSourceUrl + codeRetrievedAtIso — every value on this row is unprovenanced"
"az-maricopa-goodyear","AZ","City of Goodyear Building Safety","2020","true","Local Building Department","no codeSourceUrl + codeRetrievedAtIso — every value on this row is unprovenanced"
"az-maricopa-peoria","AZ","City of Peoria Building Safety","2020","true","Local Building Department","no codeSourceUrl + codeRetrievedAtIso — every value on this row is unprovenanced"
"az-maricopa-queen-creek","AZ","Town of Queen Creek Building Safety","2020","true","Local Building Department","no codeSourceUrl + codeRetrievedAtIso — every value on this row is unprovenanced"
"az-maricopa-surprise","AZ","City of Surprise Building Safety","2020","true","Local Building Department","no codeSourceUrl + codeRetrievedAtIso — every value on this row is unprovenanced"
"az-maricopa-maricopa-county","AZ","Maricopa County Building Department","2020","true","Local Building Department","no codeSourceUrl + codeRetrievedAtIso — every value on this row is unprovenanced"
"az-mohave-bullhead-city","AZ","City of Bullhead City Building Dept","2020","true","Local Building Department","no codeSourceUrl + codeRetrievedAtIso — every value on this row is unprovenanced"
"az-mohave-kingman","AZ","City of Kingman Building Dept","2020","true","Local Building Department","no codeSourceUrl + codeRetrievedAtIso — every value on this row is unprovenanced"
"az-mohave-lake-havasu-city","AZ","City of Lake Havasu Building Dept","2020","true","Local Building Department","no codeSourceUrl + codeRetrievedAtIso — every value on this row is unprovenanced"
"az-mohave-mohave-county","AZ","Mohave County Building Department","2020","true","Local Building Department","no codeSourceUrl + codeRetrievedAtIso — every value on this row is unprovenanced"
"az-navajo-show-low","AZ","City of Show Low Building Dept","2020","true","Local Building Department","no codeSourceUrl + codeRetrievedAtIso — every value on this row is unprovenanced"
"az-navajo-navajo-county","AZ","Navajo County Building Department","2020","true","Local Building Department","no codeSourceUrl + codeRetrievedAtIso — every value on this row is unprovenanced"
"az-pinal-apache-junction","AZ","City of Apache Junction Building Dept","2020","true","Local Building Department","no codeSourceUrl + codeRetrievedAtIso — every value on this row is unprovenanced"
"az-pinal-casa-grande","AZ","City of Casa Grande Building Dept","2020","true","Local Building Department","no codeSourceUrl + codeRetrievedAtIso — every value on this row is unprovenanced"
"az-pinal-maricopa","AZ","City of Maricopa Building Dept","2020","true","Local Building Department","no codeSourceUrl + codeRetrievedAtIso — every value on this row is unprovenanced"
"az-pinal-pinal-county","AZ","Pinal County Building Department","2020","true","Local Building Department","no codeSourceUrl + codeRetrievedAtIso — every value on this row is unprovenanced"
"az-santa-cruz-nogales","AZ","City of Nogales Building Dept","2020","true","Local Building Department","no codeSourceUrl + codeRetrievedAtIso — every value on this row is unprovenanced"
"az-santa-cruz-santa-cruz-county","AZ","Santa Cruz County Building Department","2020","true","Local Building Department","no codeSourceUrl + codeRetrievedAtIso — every value on this row is unprovenanced"
"az-yavapai-prescott","AZ","City of Prescott Building Dept","2020","true","Local Building Department","no codeSourceUrl + codeRetrievedAtIso — every value on this row is unprovenanced"
"az-yavapai-prescott-valley","AZ","Town of Prescott Valley Building Dept","2020","true","Local Building Department","no codeSourceUrl + codeRetrievedAtIso — every value on this row is unprovenanced"
"az-yavapai-yavapai-county","AZ","Yavapai County Building Department","2020","true","Local Building Department","no codeSourceUrl + codeRetrievedAtIso — every value on this row is unprovenanced"
"az-yuma-yuma-county","AZ","Yuma County Building Department","2020","true","Local Building Department","no codeSourceUrl + codeRetrievedAtIso — every value on this row is unprovenanced"
"az-yuma-yuma","AZ","City of Yuma Building Department","2020","true","Local Building Department","no codeSourceUrl + codeRetrievedAtIso — every value on this row is unprovenanced"
"ca-alameda-berkeley","CA","City of Berkeley Building & Safety","2023","true","Local Building Department","no codeSourceUrl + codeRetrievedAtIso — every value on this row is unprovenanced"
"ca-alameda-fremont","CA","City of Fremont Building & Safety","2023","true","Local Building Department","no codeSourceUrl + codeRetrievedAtIso — every value on this row is unprovenanced"
"ca-alameda-hayward","CA","City of Hayward Building & Safety","2023","true","Local Building Department","no codeSourceUrl + codeRetrievedAtIso — every value on this row is unprovenanced"
"ca-alameda-alameda-county","CA","Alameda County Building Department","2023","true","Local Building Department","no codeSourceUrl + codeRetrievedAtIso — every value on this row is unprovenanced"
"ca-alpine-alpine-county","CA","Alpine County Building Department","2023","true","Local Building Department","no codeSourceUrl + codeRetrievedAtIso — every value on this row is unprovenanced"
"ca-amador-amador-county","CA","Amador County Building Department","2023","true","Local Building Department","no codeSourceUrl + codeRetrievedAtIso — every value on this row is unprovenanced"
"ca-butte-butte-county","CA","Butte County Building Department","2023","true","Local Building Department","no codeSourceUrl + codeRetrievedAtIso — every value on this row is unprovenanced"
"ca-calaveras-calaveras-county","CA","Calaveras County Building Department","2023","true","Local Building Department","no codeSourceUrl + codeRetrievedAtIso — every value on this row is unprovenanced"
"ca-colusa-colusa-county","CA","Colusa County Building Department","2023","true","Local Building Department","no codeSourceUrl + codeRetrievedAtIso — every value on this row is unprovenanced"
"ca-contra-costa-antioch","CA","City of Antioch Building Division","2023","true","Local Building Department","no codeSourceUrl + codeRetrievedAtIso — every value on this row is unprovenanced"
"ca-contra-costa-concord","CA","City of Concord Building Division","2023","true","Local Building Department","no codeSourceUrl + codeRetrievedAtIso — every value on this row is unprovenanced"
"ca-contra-costa-richmond","CA","City of Richmond Building & Safety","2023","true","Local Building Department","no codeSourceUrl + codeRetrievedAtIso — every value on this row is unprovenanced"
"ca-del-norte-del-norte-county","CA","Del Norte County Building Department","2023","true","Local Building Department","no codeSourceUrl + codeRetrievedAtIso — every value on this row is unprovenanced"
"ca-el-dorado-el-dorado-county","CA","El Dorado County Building Department","2023","true","Local Building Department","no codeSourceUrl + codeRetrievedAtIso — every value on this row is unprovenanced"
"ca-fresno-clovis","CA","City of Clovis Building & Safety","2023","true","Local Building Department","no codeSourceUrl + codeRetrievedAtIso — every value on this row is unprovenanced"
"ca-fresno-fresno-county","CA","Fresno County Building Department","2023","true","Local Building Department","no codeSourceUrl + codeRetrievedAtIso — every value on this row is unprovenanced"
"ca-glenn-glenn-county","CA","Glenn County Building Department","2023","true","Local Building Department","no codeSourceUrl + codeRetrievedAtIso — every value on this row is unprovenanced"
"ca-humboldt-humboldt-county","CA","Humboldt County Building Department","2023","true","Local Building Department","no codeSourceUrl + codeRetrievedAtIso — every value on this row is unprovenanced"
"ca-imperial-imperial-county","CA","Imperial County Building Department","2023","true","Local Building Department","no codeSourceUrl + codeRetrievedAtIso — every value on this row is unprovenanced"
"ca-inyo-inyo-county","CA","Inyo County Building Department","2023","true","Local Building Department","no codeSourceUrl + codeRetrievedAtIso — every value on this row is unprovenanced"
"ca-kern-kern-county","CA","Kern County Building Department","2023","true","Local Building Department","no codeSourceUrl + codeRetrievedAtIso — every value on this row is unprovenanced"
"ca-kings-kings-county","CA","Kings County Building Department","2023","true","Local Building Department","no codeSourceUrl + codeRetrievedAtIso — every value on this row is unprovenanced"
"ca-lake-lake-county","CA","Lake County Building Department","2023","true","Local Building Department","no codeSourceUrl + codeRetrievedAtIso — every value on this row is unprovenanced"
"ca-lassen-lassen-county","CA","Lassen County Building Department","2023","true","Local Building Department","no codeSourceUrl + codeRetrievedAtIso — every value on this row is unprovenanced"
"ca-los-angeles-glendale","CA","City of Glendale Building & Safety","2023","true","Local Building Department","no codeSourceUrl + codeRetrievedAtIso — every value on this row is unprovenanced"
"ca-los-angeles-lancaster","CA","City of Lancaster Building & Safety","2023","true","Local Building Department","no codeSourceUrl + codeRetrievedAtIso — every value on this row is unprovenanced"
"ca-los-angeles-palmdale","CA","City of Palmdale Building & Safety","2023","true","Local Building Department","no codeSourceUrl + codeRetrievedAtIso — every value on this row is unprovenanced"
"ca-los-angeles-pasadena","CA","City of Pasadena Planning & Community Development","2023","true","Local Building Department","no codeSourceUrl + codeRetrievedAtIso — every value on this row is unprovenanced"
"ca-los-angeles-santa-clarita","CA","City of Santa Clarita Building & Safety","2023","true","Local Building Department","no codeSourceUrl + codeRetrievedAtIso — every value on this row is unprovenanced"
"ca-madera-madera-county","CA","Madera County Building Department","2023","true","Local Building Department","no codeSourceUrl + codeRetrievedAtIso — every value on this row is unprovenanced"
"ca-marin-marin-county","CA","Marin County Building Department","2023","true","Local Building Department","no codeSourceUrl + codeRetrievedAtIso — every value on this row is unprovenanced"
"ca-mariposa-mariposa-county","CA","Mariposa County Building Department","2023","true","Local Building Department","no codeSourceUrl + codeRetrievedAtIso — every value on this row is unprovenanced"
"ca-mendocino-mendocino-county","CA","Mendocino County Building Department","2023","true","Local Building Department","no codeSourceUrl + codeRetrievedAtIso — every value on this row is unprovenanced"
"ca-merced-merced","CA","City of Merced Building Division","2023","true","Local Building Department","no codeSourceUrl + codeRetrievedAtIso — every value on this row is unprovenanced"
"ca-merced-merced-county","CA","Merced County Building Department","2023","true","Local Building Department","no codeSourceUrl + codeRetrievedAtIso — every value on this row is unprovenanced"
"ca-modoc-modoc-county","CA","Modoc County Building Department","2023","true","Local Building Department","no codeSourceUrl + codeRetrievedAtIso — every value on this row is unprovenanced"
"ca-mono-mono-county","CA","Mono County Building Department","2023","true","Local Building Department","no codeSourceUrl + codeRetrievedAtIso — every value on this row is unprovenanced"
"ca-monterey-salinas","CA","City of Salinas Building & Safety","2023","true","Local Building Department","no codeSourceUrl + codeRetrievedAtIso — every value on this row is unprovenanced"
"ca-monterey-monterey-county","CA","Monterey County Building Department","2023","true","Local Building Department","no codeSourceUrl + codeRetrievedAtIso — every value on this row is unprovenanced"
"ca-napa-napa-county","CA","Napa County Building Department","2023","true","Local Building Department","no codeSourceUrl + codeRetrievedAtIso — every value on this row is unprovenanced"
"ca-nevada-nevada-county","CA","Nevada County Building Department","2023","true","Local Building Department","no codeSourceUrl + codeRetrievedAtIso — every value on this row is unprovenanced"
"ca-orange-fullerton","CA","City of Fullerton Building Division","2023","true","Local Building Department","no codeSourceUrl + codeRetrievedAtIso — every value on this row is unprovenanced"
"ca-orange-huntington-beach","CA","City of Huntington Beach Building & Safety","2023","true","Local Building Department","no codeSourceUrl + codeRetrievedAtIso — every value on this row is unprovenanced"
"ca-orange-orange","CA","City of Orange Building Division","2023","true","Local Building Department","no codeSourceUrl + codeRetrievedAtIso — every value on this row is unprovenanced"
"ca-orange-santa-ana","CA","City of Santa Ana Building Division","2023","true","Local Building Department","no codeSourceUrl + codeRetrievedAtIso — every value on this row is unprovenanced"
"ca-orange-orange-county","CA","Orange County Building Department","2023","true","Local Building Department","no codeSourceUrl + codeRetrievedAtIso — every value on this row is unprovenanced"
"ca-placer-placer-county","CA","Placer County Building Department","2023","true","Local Building Department","no codeSourceUrl + codeRetrievedAtIso — every value on this row is unprovenanced"
"ca-plumas-plumas-county","CA","Plumas County Building Department","2023","true","Local Building Department","no codeSourceUrl + codeRetrievedAtIso — every value on this row is unprovenanced"
"ca-sacramento-sacramento-county","CA","Sacramento County Building Department","2023","true","Local Building Department","no codeSourceUrl + codeRetrievedAtIso — every value on this row is unprovenanced"
"ca-san-benito-san-benito-county","CA","San Benito County Building Department","2023","true","Local Building Department","no codeSourceUrl + codeRetrievedAtIso — every value on this row is unprovenanced"
"ca-san-francisco-san-francisco","CA","SF Department of Building Inspection","2023","true","Local Building Department","no codeSourceUrl + codeRetrievedAtIso — every value on this row is unprovenanced"
"ca-san-francisco-san-francisco-county","CA","San Francisco County Building Department","2023","true","Local Building Department","no codeSourceUrl + codeRetrievedAtIso — every value on this row is unprovenanced"
"ca-san-joaquin-san-joaquin-county","CA","San Joaquin County Building Department","2023","true","Local Building Department","no codeSourceUrl + codeRetrievedAtIso — every value on this row is unprovenanced"
"ca-san-luis-obispo-san-luis-obispo-county","CA","San Luis Obispo County Building Department","2023","true","Local Building Department","no codeSourceUrl + codeRetrievedAtIso — every value on this row is unprovenanced"
"ca-san-mateo-redwood-city","CA","City of Redwood City Building","2023","true","Local Building Department","no codeSourceUrl + codeRetrievedAtIso — every value on this row is unprovenanced"
"ca-san-mateo-san-mateo","CA","City of San Mateo Building","2023","true","Local Building Department","no codeSourceUrl + codeRetrievedAtIso — every value on this row is unprovenanced"
"ca-san-mateo-san-mateo-county","CA","San Mateo County Building Department","2023","true","Local Building Department","no codeSourceUrl + codeRetrievedAtIso — every value on this row is unprovenanced"
"ca-santa-barbara-santa-barbara-county","CA","Santa Barbara County Building Department","2023","true","Local Building Department","no codeSourceUrl + codeRetrievedAtIso — every value on this row is unprovenanced"
"ca-santa-clara-mountain-view","CA","City of Mountain View Building","2023","true","Local Building Department","no codeSourceUrl + codeRetrievedAtIso — every value on this row is unprovenanced"
"ca-santa-clara-palo-alto","CA","City of Palo Alto Building","2023","true","Local Building Department","no codeSourceUrl + codeRetrievedAtIso — every value on this row is unprovenanced"
"ca-santa-clara-sunnyvale","CA","City of Sunnyvale Community Development","2023","true","Local Building Department","no codeSourceUrl + codeRetrievedAtIso — every value on this row is unprovenanced"
"ca-santa-clara-santa-clara-county","CA","Santa Clara County Building Department","2023","true","Local Building Department","no codeSourceUrl + codeRetrievedAtIso — every value on this row is unprovenanced"
"ca-santa-cruz-santa-cruz-county","CA","Santa Cruz County Building Department","2023","true","Local Building Department","no codeSourceUrl + codeRetrievedAtIso — every value on this row is unprovenanced"
"ca-shasta-shasta-county","CA","Shasta County Building Department","2023","true","Local Building Department","no codeSourceUrl + codeRetrievedAtIso — every value on this row is unprovenanced"
"ca-sierra-sierra-county","CA","Sierra County Building Department","2023","true","Local Building Department","no codeSourceUrl + codeRetrievedAtIso — every value on this row is unprovenanced"
"ca-siskiyou-siskiyou-county","CA","Siskiyou County Building Department","2023","true","Local Building Department","no codeSourceUrl + codeRetrievedAtIso — every value on this row is unprovenanced"
"ca-solano-solano-county","CA","Solano County Building Department","2023","true","Local Building Department","no codeSourceUrl + codeRetrievedAtIso — every value on this row is unprovenanced"
"ca-sonoma-sonoma-county","CA","Sonoma County Building Department","2023","true","Local Building Department","no codeSourceUrl + codeRetrievedAtIso — every value on this row is unprovenanced"
"ca-stanislaus-stanislaus-county","CA","Stanislaus County Building Department","2023","true","Local Building Department","no codeSourceUrl + codeRetrievedAtIso — every value on this row is unprovenanced"
"ca-sutter-sutter-county","CA","Sutter County Building Department","2023","true","Local Building Department","no codeSourceUrl + codeRetrievedAtIso — every value on this row is unprovenanced"
"ca-tehama-tehama-county","CA","Tehama County Building Department","2023","true","Local Building Department","no codeSourceUrl + codeRetrievedAtIso — every value on this row is unprovenanced"
"ca-trinity-trinity-county","CA","Trinity County Building Department","2023","true","Local Building Department","no codeSourceUrl + codeRetrievedAtIso — every value on this row is unprovenanced"
"ca-tulare-tulare-county","CA","Tulare County Building Department","2023","true","Local Building Department","no codeSourceUrl + codeRetrievedAtIso — every value on this row is unprovenanced"
"ca-tulare-visalia","CA","City of Visalia Building Division","2023","true","Local Building Department","no codeSourceUrl + codeRetrievedAtIso — every value on this row is unprovenanced"
"ca-tuolumne-tuolumne-county","CA","Tuolumne County Building Department","2023","true","Local Building Department","no codeSourceUrl + codeRetrievedAtIso — every value on this row is unprovenanced"
"ca-ventura-oxnard","CA","City of Oxnard Building & Safety","2023","true","Local Building Department","no codeSourceUrl + codeRetrievedAtIso — every value on this row is unprovenanced"
"ca-ventura-simi-valley","CA","City of Simi Valley Building & Safety","2023","true","Local Building Department","no codeSourceUrl + codeRetrievedAtIso — every value on this row is unprovenanced"
"ca-ventura-thousand-oaks","CA","City of Thousand Oaks Building & Safety","2023","true","Local Building Department","no codeSourceUrl + codeRetrievedAtIso — every value on this row is unprovenanced"
"ca-ventura-ventura","CA","City of Ventura Building & Safety","2023","false","Local Building Department","no codeSourceUrl + codeRetrievedAtIso — every value on this row is unprovenanced"
"ca-yolo-yolo-county","CA","Yolo County Building Department","2023","true","Local Building Department","no codeSourceUrl + codeRetrievedAtIso — every value on this row is unprovenanced"
"ca-yuba-yuba-county","CA","Yuba County Building Department","2023","true","Local Building Department","no codeSourceUrl + codeRetrievedAtIso — every value on this row is unprovenanced"
"co-adams-thornton","CO","City of Thornton Building Dept","2020","true","Local Building Department","no codeSourceUrl + codeRetrievedAtIso — every value on this row is unprovenanced"
"co-adams-adams-county","CO","Adams County Building Department","2020","true","Local Building Department","no codeSourceUrl + codeRetrievedAtIso — every value on this row is unprovenanced"
"co-adams-westminster","CO","City of Westminster Building Dept","2020","true","Local Building Department","no codeSourceUrl + codeRetrievedAtIso — every value on this row is unprovenanced"
"co-alamosa-alamosa-county","CO","Alamosa County Building Department","2020","true","Local Building Department","no codeSourceUrl + codeRetrievedAtIso — every value on this row is unprovenanced"
"co-arapahoe-englewood","CO","City of Englewood Building Dept","2020","true","Local Building Department","no codeSourceUrl + codeRetrievedAtIso — every value on this row is unprovenanced"
"co-arapahoe-littleton","CO","City of Littleton Building Dept","2020","true","Local Building Department","no codeSourceUrl + codeRetrievedAtIso — every value on this row is unprovenanced"
"co-arapahoe-arapahoe-county","CO","Arapahoe County Building Department","2020","true","Local Building Department","no codeSourceUrl + codeRetrievedAtIso — every value on this row is unprovenanced"
"co-archuleta-archuleta-county","CO","Archuleta County Building Department","2020","true","Local Building Department","no codeSourceUrl + codeRetrievedAtIso — every value on this row is unprovenanced"
"co-baca-baca-county","CO","Baca County Building Department","2020","true","Local Building Department","no codeSourceUrl + codeRetrievedAtIso — every value on this row is unprovenanced"
"co-bent-bent-county","CO","Bent County Building Department","2020","true","Local Building Department","no codeSourceUrl + codeRetrievedAtIso — every value on this row is unprovenanced"
"co-boulder-longmont","CO","City of Longmont Building Department","2020","true","Local Building Department","no codeSourceUrl + codeRetrievedAtIso — every value on this row is unprovenanced"
"co-boulder-boulder-county","CO","Boulder County Building Department","2020","true","Local Building Department","no codeSourceUrl + codeRetrievedAtIso — every value on this row is unprovenanced"
"co-broomfield-broomfield-county","CO","Broomfield County Building Department","2020","true","Local Building Department","no codeSourceUrl + codeRetrievedAtIso — every value on this row is unprovenanced"
"co-chaffee-chaffee-county","CO","Chaffee County Building Department","2020","true","Local Building Department","no codeSourceUrl + codeRetrievedAtIso — every value on this row is unprovenanced"
"co-cheyenne-cheyenne-county","CO","Cheyenne County Building Department","2020","true","Local Building Department","no codeSourceUrl + codeRetrievedAtIso — every value on this row is unprovenanced"
"co-clear-creek-clear-creek-county","CO","Clear Creek County Building Department","2020","true","Local Building Department","no codeSourceUrl + codeRetrievedAtIso — every value on this row is unprovenanced"
"co-conejos-conejos-county","CO","Conejos County Building Department","2020","true","Local Building Department","no codeSourceUrl + codeRetrievedAtIso — every value on this row is unprovenanced"
"co-costilla-costilla-county","CO","Costilla County Building Department","2020","true","Local Building Department","no codeSourceUrl + codeRetrievedAtIso — every value on this row is unprovenanced"
"co-crowley-crowley-county","CO","Crowley County Building Department","2020","true","Local Building Department","no codeSourceUrl + codeRetrievedAtIso — every value on this row is unprovenanced"
"co-custer-custer-county","CO","Custer County Building Department","2020","true","Local Building Department","no codeSourceUrl + codeRetrievedAtIso — every value on this row is unprovenanced"
"co-delta-delta-county","CO","Delta County Building Department","2020","true","Local Building Department","no codeSourceUrl + codeRetrievedAtIso — every value on this row is unprovenanced"
"co-denver-denver-county","CO","Denver County Building Department","2020","true","Local Building Department","no codeSourceUrl + codeRetrievedAtIso — every value on this row is unprovenanced"
"co-dolores-dolores-county","CO","Dolores County Building Department","2020","true","Local Building Department","no codeSourceUrl + codeRetrievedAtIso — every value on this row is unprovenanced"
"co-douglas-castle-rock","CO","Town of Castle Rock Building Dept","2020","true","Local Building Department","no codeSourceUrl + codeRetrievedAtIso — every value on this row is unprovenanced"
"co-douglas-parker","CO","Town of Parker Building Dept","2020","true","Local Building Department","no codeSourceUrl + codeRetrievedAtIso — every value on this row is unprovenanced"
"co-douglas-douglas-county","CO","Douglas County Building Department","2020","true","Local Building Department","no codeSourceUrl + codeRetrievedAtIso — every value on this row is unprovenanced"
"co-eagle-eagle-county","CO","Eagle County Building Department","2020","true","Local Building Department","no codeSourceUrl + codeRetrievedAtIso — every value on this row is unprovenanced"
"co-el-paso-el-paso-county","CO","El Paso County Building Department","2020","true","Local Building Department","no codeSourceUrl + codeRetrievedAtIso — every value on this row is unprovenanced"
"co-elbert-elbert-county","CO","Elbert County Building Department","2020","true","Local Building Department","no codeSourceUrl + codeRetrievedAtIso — every value on this row is unprovenanced"
"co-fremont-fremont-county","CO","Fremont County Building Department","2020","true","Local Building Department","no codeSourceUrl + codeRetrievedAtIso — every value on this row is unprovenanced"
"co-garfield-garfield-county","CO","Garfield County Building Department","2020","true","Local Building Department","no codeSourceUrl + codeRetrievedAtIso — every value on this row is unprovenanced"
"co-gilpin-gilpin-county","CO","Gilpin County Building Department","2020","true","Local Building Department","no codeSourceUrl + codeRetrievedAtIso — every value on this row is unprovenanced"
"co-grand-grand-county","CO","Grand County Building Department","2020","true","Local Building Department","no codeSourceUrl + codeRetrievedAtIso — every value on this row is unprovenanced"
"co-gunnison-gunnison-county","CO","Gunnison County Building Department","2020","true","Local Building Department","no codeSourceUrl + codeRetrievedAtIso — every value on this row is unprovenanced"
"co-hinsdale-hinsdale-county","CO","Hinsdale County Building Department","2020","true","Local Building Department","no codeSourceUrl + codeRetrievedAtIso — every value on this row is unprovenanced"
"co-huerfano-huerfano-county","CO","Huerfano County Building Department","2020","true","Local Building Department","no codeSourceUrl + codeRetrievedAtIso — every value on this row is unprovenanced"
"co-jackson-jackson-county","CO","Jackson County Building Department","2020","true","Local Building Department","no codeSourceUrl + codeRetrievedAtIso — every value on this row is unprovenanced"
"co-jefferson-arvada","CO","City of Arvada Building Department","2020","true","Local Building Department","no codeSourceUrl + codeRetrievedAtIso — every value on this row is unprovenanced"
"co-kiowa-kiowa-county","CO","Kiowa County Building Department","2020","true","Local Building Department","no codeSourceUrl + codeRetrievedAtIso — every value on this row is unprovenanced"
"co-kit-carson-kit-carson-county","CO","Kit Carson County Building Department","2020","true","Local Building Department","no codeSourceUrl + codeRetrievedAtIso — every value on this row is unprovenanced"
"co-la-plata-durango","CO","City of Durango Building Dept","2020","true","Local Building Department","no codeSourceUrl + codeRetrievedAtIso — every value on this row is unprovenanced"
"co-la-plata-la-plata-county","CO","La Plata County Building Department","2020","true","Local Building Department","no codeSourceUrl + codeRetrievedAtIso — every value on this row is unprovenanced"
"co-lake-lake-county","CO","Lake County Building Department","2020","true","Local Building Department","no codeSourceUrl + codeRetrievedAtIso — every value on this row is unprovenanced"
"co-larimer-fort-collins","CO","City of Fort Collins Building & Zoning","2020","true","Local Building Department","no codeSourceUrl + codeRetrievedAtIso — every value on this row is unprovenanced"
"co-larimer-loveland","CO","City of Loveland Building Department","2020","true","Local Building Department","no codeSourceUrl + codeRetrievedAtIso — every value on this row is unprovenanced"
"co-larimer-larimer-county","CO","Larimer County Building Department","2020","true","Local Building Department","no codeSourceUrl + codeRetrievedAtIso — every value on this row is unprovenanced"
"co-las-animas-las-animas-county","CO","Las Animas County Building Department","2020","true","Local Building Department","no codeSourceUrl + codeRetrievedAtIso — every value on this row is unprovenanced"
"co-lincoln-lincoln-county","CO","Lincoln County Building Department","2020","true","Local Building Department","no codeSourceUrl + codeRetrievedAtIso — every value on this row is unprovenanced"
"co-logan-logan-county","CO","Logan County Building Department","2020","true","Local Building Department","no codeSourceUrl + codeRetrievedAtIso — every value on this row is unprovenanced"
"co-mesa-grand-junction","CO","City of Grand Junction Building Dept","2020","true","Local Building Department","no codeSourceUrl + codeRetrievedAtIso — every value on this row is unprovenanced"
"co-mesa-mesa-county","CO","Mesa County Building Department","2020","true","Local Building Department","no codeSourceUrl + codeRetrievedAtIso — every value on this row is unprovenanced"
"co-mineral-mineral-county","CO","Mineral County Building Department","2020","true","Local Building Department","no codeSourceUrl + codeRetrievedAtIso — every value on this row is unprovenanced"
"co-moffat-moffat-county","CO","Moffat County Building Department","2020","true","Local Building Department","no codeSourceUrl + codeRetrievedAtIso — every value on this row is unprovenanced"
"co-montezuma-montezuma-county","CO","Montezuma County Building Department","2020","true","Local Building Department","no codeSourceUrl + codeRetrievedAtIso — every value on this row is unprovenanced"
"co-montrose-montrose-county","CO","Montrose County Building Department","2020","true","Local Building Department","no codeSourceUrl + codeRetrievedAtIso — every value on this row is unprovenanced"
"co-morgan-morgan-county","CO","Morgan County Building Department","2020","true","Local Building Department","no codeSourceUrl + codeRetrievedAtIso — every value on this row is unprovenanced"
"co-otero-otero-county","CO","Otero County Building Department","2020","true","Local Building Department","no codeSourceUrl + codeRetrievedAtIso — every value on this row is unprovenanced"
"co-ouray-ouray-county","CO","Ouray County Building Department","2020","true","Local Building Department","no codeSourceUrl + codeRetrievedAtIso — every value on this row is unprovenanced"
"co-park-park-county","CO","Park County Building Department","2020","true","Local Building Department","no codeSourceUrl + codeRetrievedAtIso — every value on this row is unprovenanced"
"co-phillips-phillips-county","CO","Phillips County Building Department","2020","true","Local Building Department","no codeSourceUrl + codeRetrievedAtIso — every value on this row is unprovenanced"
"co-pitkin-aspen","CO","City of Aspen Building Dept","2020","true","Local Building Department","no codeSourceUrl + codeRetrievedAtIso — every value on this row is unprovenanced"
"co-pitkin-pitkin-county","CO","Pitkin County Building Department","2020","true","Local Building Department","no codeSourceUrl + codeRetrievedAtIso — every value on this row is unprovenanced"
"co-prowers-prowers-county","CO","Prowers County Building Department","2020","true","Local Building Department","no codeSourceUrl + codeRetrievedAtIso — every value on this row is unprovenanced"
"co-pueblo-pueblo","CO","City of Pueblo Building Department","2020","true","Local Building Department","no codeSourceUrl + codeRetrievedAtIso — every value on this row is unprovenanced"
"co-pueblo-pueblo-county","CO","Pueblo County Building Department","2020","true","Local Building Department","no codeSourceUrl + codeRetrievedAtIso — every value on this row is unprovenanced"
"co-rio-blanco-rio-blanco-county","CO","Rio Blanco County Building Department","2020","true","Local Building Department","no codeSourceUrl + codeRetrievedAtIso — every value on this row is unprovenanced"
"co-rio-grande-rio-grande-county","CO","Rio Grande County Building Department","2020","true","Local Building Department","no codeSourceUrl + codeRetrievedAtIso — every value on this row is unprovenanced"
"co-routt-routt-county","CO","Routt County Building Department","2020","true","Local Building Department","no codeSourceUrl + codeRetrievedAtIso — every value on this row is unprovenanced"
"co-saguache-saguache-county","CO","Saguache County Building Department","2020","true","Local Building Department","no codeSourceUrl + codeRetrievedAtIso — every value on this row is unprovenanced"
"co-san-juan-san-juan-county","CO","San Juan County Building Department","2020","true","Local Building Department","no codeSourceUrl + codeRetrievedAtIso — every value on this row is unprovenanced"
"co-san-miguel-san-miguel-county","CO","San Miguel County Building Department","2020","true","Local Building Department","no codeSourceUrl + codeRetrievedAtIso — every value on this row is unprovenanced"
"co-sedgwick-sedgwick-county","CO","Sedgwick County Building Department","2020","true","Local Building Department","no codeSourceUrl + codeRetrievedAtIso — every value on this row is unprovenanced"
"co-summit-summit-county","CO","Summit County Building Department","2020","true","Local Building Department","no codeSourceUrl + codeRetrievedAtIso — every value on this row is unprovenanced"
"co-teller-teller-county","CO","Teller County Building Department","2020","true","Local Building Department","no codeSourceUrl + codeRetrievedAtIso — every value on this row is unprovenanced"
"co-washington-washington-county","CO","Washington County Building Department","2020","true","Local Building Department","no codeSourceUrl + codeRetrievedAtIso — every value on this row is unprovenanced"
"co-weld-greeley","CO","City of Greeley Building Department","2020","true","Local Building Department","no codeSourceUrl + codeRetrievedAtIso — every value on this row is unprovenanced"
"co-weld-weld-county","CO","Weld County Building Department","2020","true","Local Building Department","no codeSourceUrl + codeRetrievedAtIso — every value on this row is unprovenanced"
"co-yuma-yuma-county","CO","Yuma County Building Department","2020","true","Local Building Department","no codeSourceUrl + codeRetrievedAtIso — every value on this row is unprovenanced"
"ct-fairfield-danbury","CT","City of Danbury Building Department","2020","true","Local Building Department","no codeSourceUrl + codeRetrievedAtIso — every value on this row is unprovenanced"
"ct-fairfield-norwalk","CT","City of Norwalk Building Department","2020","true","Local Building Department","no codeSourceUrl + codeRetrievedAtIso — every value on this row is unprovenanced"
"ct-fairfield-stamford","CT","City of Stamford Building Department","2020","true","Local Building Department","no codeSourceUrl + codeRetrievedAtIso — every value on this row is unprovenanced"
"ct-fairfield-fairfield-county","CT","Fairfield County Building Department","2020","false","Local Building Department","no codeSourceUrl + codeRetrievedAtIso — every value on this row is unprovenanced"
"ct-hartford-bristol","CT","City of Bristol Building Dept","2020","true","Local Building Department","no codeSourceUrl + codeRetrievedAtIso — every value on this row is unprovenanced"
"ct-hartford-new-britain","CT","City of New Britain Building Dept","2020","true","Local Building Department","no codeSourceUrl + codeRetrievedAtIso — every value on this row is unprovenanced"
"ct-hartford-hartford-county","CT","Hartford County Building Department","2020","false","Local Building Department","no codeSourceUrl + codeRetrievedAtIso — every value on this row is unprovenanced"
"ct-litchfield-litchfield-county","CT","Litchfield County Building Department","2020","false","Local Building Department","no codeSourceUrl + codeRetrievedAtIso — every value on this row is unprovenanced"
"ct-middlesex-middlesex-county","CT","Middlesex County Building Department","2020","false","Local Building Department","no codeSourceUrl + codeRetrievedAtIso — every value on this row is unprovenanced"
"ct-new-haven-meriden","CT","City of Meriden Building Dept","2020","true","Local Building Department","no codeSourceUrl + codeRetrievedAtIso — every value on this row is unprovenanced"
"ct-new-haven-new-haven","CT","City of New Haven Building Department","2020","true","Local Building Department","no codeSourceUrl + codeRetrievedAtIso — every value on this row is unprovenanced"
"ct-new-haven-new-haven-county","CT","New Haven County Building Department","2020","false","Local Building Department","no codeSourceUrl + codeRetrievedAtIso — every value on this row is unprovenanced"
"ct-new-haven-waterbury","CT","City of Waterbury Building Department","2020","true","Local Building Department","no codeSourceUrl + codeRetrievedAtIso — every value on this row is unprovenanced"
"ct-new-london-new-london-county","CT","New London County Building Department","2020","false","Local Building Department","no codeSourceUrl + codeRetrievedAtIso — every value on this row is unprovenanced"
"ct-tolland-tolland-county","CT","Tolland County Building Department","2020","false","Local Building Department","no codeSourceUrl + codeRetrievedAtIso — every value on this row is unprovenanced"
"ct-windham-windham-county","CT","Windham County Building Department","2020","false","Local Building Department","no codeSourceUrl + codeRetrievedAtIso — every value on this row is unprovenanced"
"de-kent-dover","DE","City of Dover Building Department","2020","true","Local Building Department","no codeSourceUrl + codeRetrievedAtIso — every value on this row is unprovenanced"
"de-kent-smyrna","DE","Town of Smyrna Building Dept","2020","true","Local Building Department","no codeSourceUrl + codeRetrievedAtIso — every value on this row is unprovenanced"
"de-kent-kent-county","DE","Kent County Building Department","2020","true","Local Building Department","no codeSourceUrl + codeRetrievedAtIso — every value on this row is unprovenanced"
"de-new-castle-middletown","DE","Town of Middletown Building Dept","2020","true","Local Building Department","no codeSourceUrl + codeRetrievedAtIso — every value on this row is unprovenanced"
"de-new-castle-newark","DE","City of Newark Building Dept","2020","true","Local Building Department","no codeSourceUrl + codeRetrievedAtIso — every value on this row is unprovenanced"
"de-new-castle-new-castle-county","DE","New Castle County Building Department","2020","true","Local Building Department","no codeSourceUrl + codeRetrievedAtIso — every value on this row is unprovenanced"
"de-sussex-milford","DE","City of Milford Building Dept","2020","true","Local Building Department","no codeSourceUrl + codeRetrievedAtIso — every value on this row is unprovenanced"
"de-sussex-rehoboth-beach","DE","City of Rehoboth Beach Building Dept","2020","true","Local Building Department","no codeSourceUrl + codeRetrievedAtIso — every value on this row is unprovenanced"
"de-sussex-sussex-county","DE","Sussex County Building Department","2020","true","Local Building Department","no codeSourceUrl + codeRetrievedAtIso — every value on this row is unprovenanced"
"fl-alachua-gainesville","FL","City of Gainesville Building Department","2020","true","Local Building Department","no codeSourceUrl + codeRetrievedAtIso — every value on this row is unprovenanced"
"fl-alachua-alachua-county","FL","Alachua County Building Department","2020","true","Local Building Department","no codeSourceUrl + codeRetrievedAtIso — every value on this row is unprovenanced"
"fl-baker-baker-county","FL","Baker County Building Department","2020","true","Local Building Department","no codeSourceUrl + codeRetrievedAtIso — every value on this row is unprovenanced"
"fl-bay-panama-city","FL","City of Panama City Building Dept","2020","true","Local Building Department","no codeSourceUrl + codeRetrievedAtIso — every value on this row is unprovenanced"
"fl-bay-bay-county","FL","Bay County Building Department","2020","true","Local Building Department","no codeSourceUrl + codeRetrievedAtIso — every value on this row is unprovenanced"
"fl-bradford-bradford-county","FL","Bradford County Building Department","2020","true","Local Building Department","no codeSourceUrl + codeRetrievedAtIso — every value on this row is unprovenanced"
"fl-brevard-melbourne","FL","City of Melbourne Building Dept","2020","true","Local Building Department","no codeSourceUrl + codeRetrievedAtIso — every value on this row is unprovenanced"
"fl-brevard-palm-bay","FL","City of Palm Bay Building Dept","2020","true","Local Building Department","no codeSourceUrl + codeRetrievedAtIso — every value on this row is unprovenanced"
"fl-brevard-brevard-county","FL","Brevard County Building Department","2020","true","Local Building Department","no codeSourceUrl + codeRetrievedAtIso — every value on this row is unprovenanced"
"fl-broward-hollywood","FL","City of Hollywood Building Department","2020","true","Local Building Department","no codeSourceUrl + codeRetrievedAtIso — every value on this row is unprovenanced"
"fl-broward-broward-county","FL","Broward County Building Department","2020","true","Local Building Department","no codeSourceUrl + codeRetrievedAtIso — every value on this row is unprovenanced"
"fl-calhoun-calhoun-county","FL","Calhoun County Building Department","2020","true","Local Building Department","no codeSourceUrl + codeRetrievedAtIso — every value on this row is unprovenanced"
"fl-charlotte-charlotte-county","FL","Charlotte County Building Department","2020","true","Local Building Department","no codeSourceUrl + codeRetrievedAtIso — every value on this row is unprovenanced"
"fl-citrus-citrus-county","FL","Citrus County Building Department","2020","true","Local Building Department","no codeSourceUrl + codeRetrievedAtIso — every value on this row is unprovenanced"
"fl-clay-clay-county","FL","Clay County Building Department","2020","true","Local Building Department","no codeSourceUrl + codeRetrievedAtIso — every value on this row is unprovenanced"
"fl-collier-collier-county","FL","Collier County Building Department","2020","true","Local Building Department","no codeSourceUrl + codeRetrievedAtIso — every value on this row is unprovenanced"
"fl-columbia-columbia-county","FL","Columbia County Building Department","2020","true","Local Building Department","no codeSourceUrl + codeRetrievedAtIso — every value on this row is unprovenanced"
"fl-desoto-desoto-county","FL","DeSoto County Building Department","2020","true","Local Building Department","no codeSourceUrl + codeRetrievedAtIso — every value on this row is unprovenanced"
"fl-dixie-dixie-county","FL","Dixie County Building Department","2020","true","Local Building Department","no codeSourceUrl + codeRetrievedAtIso — every value on this row is unprovenanced"
"fl-duval-duval-county","FL","Duval County Building Department","2020","true","Local Building Department","no codeSourceUrl + codeRetrievedAtIso — every value on this row is unprovenanced"
"fl-escambia-pensacola","FL","City of Pensacola Building Inspections","2020","true","Local Building Department","no codeSourceUrl + codeRetrievedAtIso — every value on this row is unprovenanced"
"fl-escambia-escambia-county","FL","Escambia County Building Department","2020","true","Local Building Department","no codeSourceUrl + codeRetrievedAtIso — every value on this row is unprovenanced"
"fl-flagler-flagler-county","FL","Flagler County Building Department","2020","true","Local Building Department","no codeSourceUrl + codeRetrievedAtIso — every value on this row is unprovenanced"
"fl-franklin-franklin-county","FL","Franklin County Building Department","2020","true","Local Building Department","no codeSourceUrl + codeRetrievedAtIso — every value on this row is unprovenanced"
"fl-gadsden-gadsden-county","FL","Gadsden County Building Department","2020","true","Local Building Department","no codeSourceUrl + codeRetrievedAtIso — every value on this row is unprovenanced"
"fl-gilchrist-gilchrist-county","FL","Gilchrist County Building Department","2020","true","Local Building Department","no codeSourceUrl + codeRetrievedAtIso — every value on this row is unprovenanced"
"fl-glades-glades-county","FL","Glades County Building Department","2020","true","Local Building Department","no codeSourceUrl + codeRetrievedAtIso — every value on this row is unprovenanced"
"fl-gulf-gulf-county","FL","Gulf County Building Department","2020","true","Local Building Department","no codeSourceUrl + codeRetrievedAtIso — every value on this row is unprovenanced"
"fl-hamilton-hamilton-county","FL","Hamilton County Building Department","2020","true","Local Building Department","no codeSourceUrl + codeRetrievedAtIso — every value on this row is unprovenanced"
"fl-hardee-hardee-county","FL","Hardee County Building Department","2020","true","Local Building Department","no codeSourceUrl + codeRetrievedAtIso — every value on this row is unprovenanced"
"fl-hendry-hendry-county","FL","Hendry County Building Department","2020","true","Local Building Department","no codeSourceUrl + codeRetrievedAtIso — every value on this row is unprovenanced"
"fl-hernando-hernando-county","FL","Hernando County Building Department","2020","true","Local Building Department","no codeSourceUrl + codeRetrievedAtIso — every value on this row is unprovenanced"
"fl-highlands-highlands-county","FL","Highlands County Building Department","2020","true","Local Building Department","no codeSourceUrl + codeRetrievedAtIso — every value on this row is unprovenanced"
"fl-hillsborough-hillsborough-county","FL","Hillsborough County Building Department","2020","true","Local Building Department","no codeSourceUrl + codeRetrievedAtIso — every value on this row is unprovenanced"
"fl-holmes-holmes-county","FL","Holmes County Building Department","2020","true","Local Building Department","no codeSourceUrl + codeRetrievedAtIso — every value on this row is unprovenanced"
"fl-indian-river-indian-river-county","FL","Indian River County Building Department","2020","true","Local Building Department","no codeSourceUrl + codeRetrievedAtIso — every value on this row is unprovenanced"
"fl-indian-river-vero-beach","FL","City of Vero Beach Building Dept","2020","true","Local Building Department","no codeSourceUrl + codeRetrievedAtIso — every value on this row is unprovenanced"
"fl-jackson-jackson-county","FL","Jackson County Building Department","2020","true","Local Building Department","no codeSourceUrl + codeRetrievedAtIso — every value on this row is unprovenanced"
"fl-jefferson-jefferson-county","FL","Jefferson County Building Department","2020","true","Local Building Department","no codeSourceUrl + codeRetrievedAtIso — every value on this row is unprovenanced"
"fl-lafayette-lafayette-county","FL","Lafayette County Building Department","2020","true","Local Building Department","no codeSourceUrl + codeRetrievedAtIso — every value on this row is unprovenanced"
"fl-lake-lake-county","FL","Lake County Building Department","2020","true","Local Building Department","no codeSourceUrl + codeRetrievedAtIso — every value on this row is unprovenanced"
"fl-lee-lee-county","FL","Lee County Building Department","2020","true","Local Building Department","no codeSourceUrl + codeRetrievedAtIso — every value on this row is unprovenanced"
"fl-leon-tallahassee","FL","City of Tallahassee Growth Management","2020","true","Local Building Department","no codeSourceUrl + codeRetrievedAtIso — every value on this row is unprovenanced"
"fl-leon-leon-county","FL","Leon County Building Department","2020","true","Local Building Department","no codeSourceUrl + codeRetrievedAtIso — every value on this row is unprovenanced"
"fl-levy-levy-county","FL","Levy County Building Department","2020","true","Local Building Department","no codeSourceUrl + codeRetrievedAtIso — every value on this row is unprovenanced"
"fl-liberty-liberty-county","FL","Liberty County Building Department","2020","true","Local Building Department","no codeSourceUrl + codeRetrievedAtIso — every value on this row is unprovenanced"
"fl-madison-madison-county","FL","Madison County Building Department","2020","true","Local Building Department","no codeSourceUrl + codeRetrievedAtIso — every value on this row is unprovenanced"
"fl-manatee-manatee-county","FL","Manatee County Building Department","2020","true","Local Building Department","no codeSourceUrl + codeRetrievedAtIso — every value on this row is unprovenanced"
"fl-marion-ocala","FL","City of Ocala Building Dept","2020","true","Local Building Department","no codeSourceUrl + codeRetrievedAtIso — every value on this row is unprovenanced"
"fl-marion-marion-county","FL","Marion County Building Department","2020","true","Local Building Department","no codeSourceUrl + codeRetrievedAtIso — every value on this row is unprovenanced"
"fl-martin-martin-county","FL","Martin County Building Department","2020","true","Local Building Department","no codeSourceUrl + codeRetrievedAtIso — every value on this row is unprovenanced"
"fl-miami-dade-hialeah","FL","City of Hialeah Building Department","2020","true","Local Building Department","no codeSourceUrl + codeRetrievedAtIso — every value on this row is unprovenanced"
"fl-monroe-monroe-county","FL","Monroe County Building Department","2020","true","Local Building Department","no codeSourceUrl + codeRetrievedAtIso — every value on this row is unprovenanced"
"fl-nassau-nassau-county","FL","Nassau County Building Department","2020","true","Local Building Department","no codeSourceUrl + codeRetrievedAtIso — every value on this row is unprovenanced"
"fl-okaloosa-okaloosa-county","FL","Okaloosa County Building Department","2020","true","Local Building Department","no codeSourceUrl + codeRetrievedAtIso — every value on this row is unprovenanced"
"fl-okeechobee-okeechobee-county","FL","Okeechobee County Building Department","2020","true","Local Building Department","no codeSourceUrl + codeRetrievedAtIso — every value on this row is unprovenanced"
"fl-orange-orange-county","FL","Orange County Building Department","2020","true","Local Building Department","no codeSourceUrl + codeRetrievedAtIso — every value on this row is unprovenanced"
"fl-osceola-kissimmee","FL","City of Kissimmee Building Dept","2020","true","Local Building Department","no codeSourceUrl + codeRetrievedAtIso — every value on this row is unprovenanced"
"fl-osceola-osceola-county","FL","Osceola County Building Department","2020","true","Local Building Department","no codeSourceUrl + codeRetrievedAtIso — every value on this row is unprovenanced"
"fl-palm-beach-palm-beach-county","FL","Palm Beach County Building Department","2020","true","Local Building Department","no codeSourceUrl + codeRetrievedAtIso — every value on this row is unprovenanced"
"fl-pasco-pasco-county","FL","Pasco County Building Department","2020","true","Local Building Department","no codeSourceUrl + codeRetrievedAtIso — every value on this row is unprovenanced"
"fl-pinellas-pinellas-county","FL","Pinellas County Building Department","2020","true","Local Building Department","no codeSourceUrl + codeRetrievedAtIso — every value on this row is unprovenanced"
"fl-polk-lakeland","FL","City of Lakeland Building Department","2020","true","Local Building Department","no codeSourceUrl + codeRetrievedAtIso — every value on this row is unprovenanced"
"fl-polk-polk-county","FL","Polk County Building Department","2020","true","Local Building Department","no codeSourceUrl + codeRetrievedAtIso — every value on this row is unprovenanced"
"fl-putnam-putnam-county","FL","Putnam County Building Department","2020","true","Local Building Department","no codeSourceUrl + codeRetrievedAtIso — every value on this row is unprovenanced"
"fl-santa-rosa-santa-rosa-county","FL","Santa Rosa County Building Department","2020","true","Local Building Department","no codeSourceUrl + codeRetrievedAtIso — every value on this row is unprovenanced"
"fl-sarasota-sarasota-county","FL","Sarasota County Building Department","2020","true","Local Building Department","no codeSourceUrl + codeRetrievedAtIso — every value on this row is unprovenanced"
"fl-st-johns-st-augustine","FL","City of St. Augustine Building Dept","2020","true","Local Building Department","no codeSourceUrl + codeRetrievedAtIso — every value on this row is unprovenanced"
"fl-st-johns-st-johns-county","FL","St. Johns County Building Department","2020","true","Local Building Department","no codeSourceUrl + codeRetrievedAtIso — every value on this row is unprovenanced"
"fl-st-lucie-port-st-lucie","FL","City of Port St. Lucie Building Dept","2020","true","Local Building Department","no codeSourceUrl + codeRetrievedAtIso — every value on this row is unprovenanced"
"fl-st-lucie-st-lucie-county","FL","St. Lucie County Building Department","2020","true","Local Building Department","no codeSourceUrl + codeRetrievedAtIso — every value on this row is unprovenanced"
"fl-sumter-sumter-county","FL","Sumter County Building Department","2020","true","Local Building Department","no codeSourceUrl + codeRetrievedAtIso — every value on this row is unprovenanced"
"fl-suwannee-suwannee-county","FL","Suwannee County Building Department","2020","true","Local Building Department","no codeSourceUrl + codeRetrievedAtIso — every value on this row is unprovenanced"
"fl-taylor-taylor-county","FL","Taylor County Building Department","2020","true","Local Building Department","no codeSourceUrl + codeRetrievedAtIso — every value on this row is unprovenanced"
"fl-union-union-county","FL","Union County Building Department","2020","true","Local Building Department","no codeSourceUrl + codeRetrievedAtIso — every value on this row is unprovenanced"
"fl-volusia-deltona","FL","City of Deltona Building Dept","2020","true","Local Building Department","no codeSourceUrl + codeRetrievedAtIso — every value on this row is unprovenanced"
"fl-volusia-volusia-county","FL","Volusia County Building Department","2020","true","Local Building Department","no codeSourceUrl + codeRetrievedAtIso — every value on this row is unprovenanced"
"fl-wakulla-wakulla-county","FL","Wakulla County Building Department","2020","true","Local Building Department","no codeSourceUrl + codeRetrievedAtIso — every value on this row is unprovenanced"
"fl-walton-walton-county","FL","Walton County Building Department","2020","true","Local Building Department","no codeSourceUrl + codeRetrievedAtIso — every value on this row is unprovenanced"
"fl-washington-washington-county","FL","Washington County Building Department","2020","true","Local Building Department","no codeSourceUrl + codeRetrievedAtIso — every value on this row is unprovenanced"
"ga-appling-appling-county","GA","Appling County Building Department","2017","true","Local Building Department","no codeSourceUrl + codeRetrievedAtIso — every value on this row is unprovenanced"
"ga-atkinson-atkinson-county","GA","Atkinson County Building Department","2017","true","Local Building Department","no codeSourceUrl + codeRetrievedAtIso — every value on this row is unprovenanced"
"ga-bacon-bacon-county","GA","Bacon County Building Department","2017","true","Local Building Department","no codeSourceUrl + codeRetrievedAtIso — every value on this row is unprovenanced"
"ga-baker-baker-county","GA","Baker County Building Department","2017","true","Local Building Department","no codeSourceUrl + codeRetrievedAtIso — every value on this row is unprovenanced"
"ga-baldwin-baldwin-county","GA","Baldwin County Building Department","2017","true","Local Building Department","no codeSourceUrl + codeRetrievedAtIso — every value on this row is unprovenanced"
"ga-banks-banks-county","GA","Banks County Building Department","2017","true","Local Building Department","no codeSourceUrl + codeRetrievedAtIso — every value on this row is unprovenanced"
"ga-barrow-barrow-county","GA","Barrow County Building Department","2017","true","Local Building Department","no codeSourceUrl + codeRetrievedAtIso — every value on this row is unprovenanced"
"ga-bartow-cartersville","GA","City of Cartersville Building Dept","2017","true","Local Building Department","no codeSourceUrl + codeRetrievedAtIso — every value on this row is unprovenanced"
"ga-bartow-bartow-county","GA","Bartow County Building Department","2017","true","Local Building Department","no codeSourceUrl + codeRetrievedAtIso — every value on this row is unprovenanced"
"ga-ben-hill-ben-hill-county","GA","Ben Hill County Building Department","2017","true","Local Building Department","no codeSourceUrl + codeRetrievedAtIso — every value on this row is unprovenanced"
"ga-berrien-berrien-county","GA","Berrien County Building Department","2017","true","Local Building Department","no codeSourceUrl + codeRetrievedAtIso — every value on this row is unprovenanced"
"ga-bibb-macon","GA","City of Macon Building Department","2017","false","Local Building Department","no codeSourceUrl + codeRetrievedAtIso — every value on this row is unprovenanced"
"ga-bibb-bibb-county","GA","Bibb County Building Department","2017","true","Local Building Department","no codeSourceUrl + codeRetrievedAtIso — every value on this row is unprovenanced"
"ga-bleckley-bleckley-county","GA","Bleckley County Building Department","2017","true","Local Building Department","no codeSourceUrl + codeRetrievedAtIso — every value on this row is unprovenanced"
"ga-brantley-brantley-county","GA","Brantley County Building Department","2017","true","Local Building Department","no codeSourceUrl + codeRetrievedAtIso — every value on this row is unprovenanced"
"ga-brooks-brooks-county","GA","Brooks County Building Department","2017","true","Local Building Department","no codeSourceUrl + codeRetrievedAtIso — every value on this row is unprovenanced"
"ga-bryan-bryan-county","GA","Bryan County Building Department","2017","true","Local Building Department","no codeSourceUrl + codeRetrievedAtIso — every value on this row is unprovenanced"
"ga-bulloch-statesboro","GA","City of Statesboro Building Dept","2017","true","Local Building Department","no codeSourceUrl + codeRetrievedAtIso — every value on this row is unprovenanced"
"ga-bulloch-bulloch-county","GA","Bulloch County Building Department","2017","true","Local Building Department","no codeSourceUrl + codeRetrievedAtIso — every value on this row is unprovenanced"
"ga-burke-burke-county","GA","Burke County Building Department","2017","true","Local Building Department","no codeSourceUrl + codeRetrievedAtIso — every value on this row is unprovenanced"
"ga-butts-butts-county","GA","Butts County Building Department","2017","true","Local Building Department","no codeSourceUrl + codeRetrievedAtIso — every value on this row is unprovenanced"
"ga-calhoun-calhoun-county","GA","Calhoun County Building Department","2017","true","Local Building Department","no codeSourceUrl + codeRetrievedAtIso — every value on this row is unprovenanced"
"ga-camden-camden-county","GA","Camden County Building Department","2017","true","Local Building Department","no codeSourceUrl + codeRetrievedAtIso — every value on this row is unprovenanced"
"ga-candler-candler-county","GA","Candler County Building Department","2017","true","Local Building Department","no codeSourceUrl + codeRetrievedAtIso — every value on this row is unprovenanced"
"ga-carroll-carroll-county","GA","Carroll County Building Department","2017","true","Local Building Department","no codeSourceUrl + codeRetrievedAtIso — every value on this row is unprovenanced"
"ga-catoosa-catoosa-county","GA","Catoosa County Building Department","2017","true","Local Building Department","no codeSourceUrl + codeRetrievedAtIso — every value on this row is unprovenanced"
"ga-charlton-charlton-county","GA","Charlton County Building Department","2017","true","Local Building Department","no codeSourceUrl + codeRetrievedAtIso — every value on this row is unprovenanced"
"ga-chatham-pooler","GA","City of Pooler Building Dept","2017","true","Local Building Department","no codeSourceUrl + codeRetrievedAtIso — every value on this row is unprovenanced"
"ga-chatham-chatham-county","GA","Chatham County Building Department","2017","true","Local Building Department","no codeSourceUrl + codeRetrievedAtIso — every value on this row is unprovenanced"
"ga-chattahoochee-chattahoochee-county","GA","Chattahoochee County Building Department","2017","true","Local Building Department","no codeSourceUrl + codeRetrievedAtIso — every value on this row is unprovenanced"
"ga-chattooga-chattooga-county","GA","Chattooga County Building Department","2017","true","Local Building Department","no codeSourceUrl + codeRetrievedAtIso — every value on this row is unprovenanced"
"ga-cherokee-canton","GA","City of Canton Building Dept","2017","true","Local Building Department","no codeSourceUrl + codeRetrievedAtIso — every value on this row is unprovenanced"
"ga-cherokee-cherokee-county","GA","Cherokee County Building Department","2017","true","Local Building Department","no codeSourceUrl + codeRetrievedAtIso — every value on this row is unprovenanced"
"ga-cherokee-woodstock","GA","City of Woodstock Building Dept","2017","true","Local Building Department","no codeSourceUrl + codeRetrievedAtIso — every value on this row is unprovenanced"
"ga-clarke-athens","GA","City of Athens Building Department","2017","false","Local Building Department","no codeSourceUrl + codeRetrievedAtIso — every value on this row is unprovenanced"
"ga-clarke-clarke-county","GA","Clarke County Building Department","2017","true","Local Building Department","no codeSourceUrl + codeRetrievedAtIso — every value on this row is unprovenanced"
"ga-clay-clay-county","GA","Clay County Building Department","2017","true","Local Building Department","no codeSourceUrl + codeRetrievedAtIso — every value on this row is unprovenanced"
"ga-clayton-clayton-county","GA","Clayton County Building Department","2017","true","Local Building Department","no codeSourceUrl + codeRetrievedAtIso — every value on this row is unprovenanced"
"ga-clinch-clinch-county","GA","Clinch County Building Department","2017","true","Local Building Department","no codeSourceUrl + codeRetrievedAtIso — every value on this row is unprovenanced"
"ga-cobb-kennesaw","GA","City of Kennesaw Building Dept","2017","true","Local Building Department","no codeSourceUrl + codeRetrievedAtIso — every value on this row is unprovenanced"
"ga-cobb-marietta","GA","City of Marietta Building Department","2017","true","Local Building Department","no codeSourceUrl + codeRetrievedAtIso — every value on this row is unprovenanced"
"ga-cobb-smyrna","GA","City of Smyrna Building Dept","2017","true","Local Building Department","no codeSourceUrl + codeRetrievedAtIso — every value on this row is unprovenanced"
"ga-coffee-coffee-county","GA","Coffee County Building Department","2017","true","Local Building Department","no codeSourceUrl + codeRetrievedAtIso — every value on this row is unprovenanced"
"ga-colquitt-colquitt-county","GA","Colquitt County Building Department","2017","true","Local Building Department","no codeSourceUrl + codeRetrievedAtIso — every value on this row is unprovenanced"
"ga-columbia-columbia-county","GA","Columbia County Building Department","2017","true","Local Building Department","no codeSourceUrl + codeRetrievedAtIso — every value on this row is unprovenanced"
"ga-cook-cook-county","GA","Cook County Building Department","2017","true","Local Building Department","no codeSourceUrl + codeRetrievedAtIso — every value on this row is unprovenanced"
"ga-coweta-newnan","GA","City of Newnan Building Dept","2017","true","Local Building Department","no codeSourceUrl + codeRetrievedAtIso — every value on this row is unprovenanced"
"ga-coweta-coweta-county","GA","Coweta County Building Department","2017","true","Local Building Department","no codeSourceUrl + codeRetrievedAtIso — every value on this row is unprovenanced"
"ga-crawford-crawford-county","GA","Crawford County Building Department","2017","true","Local Building Department","no codeSourceUrl + codeRetrievedAtIso — every value on this row is unprovenanced"
"ga-crisp-crisp-county","GA","Crisp County Building Department","2017","true","Local Building Department","no codeSourceUrl + codeRetrievedAtIso — every value on this row is unprovenanced"
"ga-dade-dade-county","GA","Dade County Building Department","2017","true","Local Building Department","no codeSourceUrl + codeRetrievedAtIso — every value on this row is unprovenanced"
"ga-dawson-dawson-county","GA","Dawson County Building Department","2017","true","Local Building Department","no codeSourceUrl + codeRetrievedAtIso — every value on this row is unprovenanced"
"ga-decatur-decatur-county","GA","Decatur County Building Department","2017","true","Local Building Department","no codeSourceUrl + codeRetrievedAtIso — every value on this row is unprovenanced"
"ga-dekalb-brookhaven","GA","City of Brookhaven Building Department","2017","true","Local Building Department","no codeSourceUrl + codeRetrievedAtIso — every value on this row is unprovenanced"
"ga-dekalb-decatur","GA","City of Decatur Building Department","2017","true","Local Building Department","no codeSourceUrl + codeRetrievedAtIso — every value on this row is unprovenanced"
"ga-dekalb-dunwoody","GA","City of Dunwoody Building Department","2017","true","Local Building Department","no codeSourceUrl + codeRetrievedAtIso — every value on this row is unprovenanced"
"ga-dodge-dodge-county","GA","Dodge County Building Department","2017","true","Local Building Department","no codeSourceUrl + codeRetrievedAtIso — every value on this row is unprovenanced"
"ga-dooly-dooly-county","GA","Dooly County Building Department","2017","true","Local Building Department","no codeSourceUrl + codeRetrievedAtIso — every value on this row is unprovenanced"
"ga-dougherty-albany","GA","City of Albany Building Dept","2017","true","Local Building Department","no codeSourceUrl + codeRetrievedAtIso — every value on this row is unprovenanced"
"ga-dougherty-dougherty-county","GA","Dougherty County Building Department","2017","true","Local Building Department","no codeSourceUrl + codeRetrievedAtIso — every value on this row is unprovenanced"
"ga-douglas-douglas-county","GA","Douglas County Building Department","2017","true","Local Building Department","no codeSourceUrl + codeRetrievedAtIso — every value on this row is unprovenanced"
"ga-early-early-county","GA","Early County Building Department","2017","true","Local Building Department","no codeSourceUrl + codeRetrievedAtIso — every value on this row is unprovenanced"
"ga-echols-echols-county","GA","Echols County Building Department","2017","true","Local Building Department","no codeSourceUrl + codeRetrievedAtIso — every value on this row is unprovenanced"
"ga-effingham-effingham-county","GA","Effingham County Building Department","2017","true","Local Building Department","no codeSourceUrl + codeRetrievedAtIso — every value on this row is unprovenanced"
"ga-elbert-elbert-county","GA","Elbert County Building Department","2017","true","Local Building Department","no codeSourceUrl + codeRetrievedAtIso — every value on this row is unprovenanced"
"ga-emanuel-emanuel-county","GA","Emanuel County Building Department","2017","true","Local Building Department","no codeSourceUrl + codeRetrievedAtIso — every value on this row is unprovenanced"
"ga-evans-evans-county","GA","Evans County Building Department","2017","true","Local Building Department","no codeSourceUrl + codeRetrievedAtIso — every value on this row is unprovenanced"
"ga-fannin-fannin-county","GA","Fannin County Building Department","2017","true","Local Building Department","no codeSourceUrl + codeRetrievedAtIso — every value on this row is unprovenanced"
"ga-fayette-fayetteville","GA","City of Fayetteville Building Dept","2017","true","Local Building Department","no codeSourceUrl + codeRetrievedAtIso — every value on this row is unprovenanced"
"ga-fayette-peachtree-city","GA","City of Peachtree City Building Dept","2017","true","Local Building Department","no codeSourceUrl + codeRetrievedAtIso — every value on this row is unprovenanced"
"ga-fayette-fayette-county","GA","Fayette County Building Department","2017","true","Local Building Department","no codeSourceUrl + codeRetrievedAtIso — every value on this row is unprovenanced"
"ga-floyd-rome","GA","City of Rome Building Department","2017","true","Local Building Department","no codeSourceUrl + codeRetrievedAtIso — every value on this row is unprovenanced"
"ga-floyd-floyd-county","GA","Floyd County Building Department","2017","true","Local Building Department","no codeSourceUrl + codeRetrievedAtIso — every value on this row is unprovenanced"
"ga-forsyth-cumming","GA","Forsyth County Building Dept","2017","true","Local Building Department","no codeSourceUrl + codeRetrievedAtIso — every value on this row is unprovenanced"
"ga-forsyth-forsyth-county","GA","Forsyth County Building Department","2017","true","Local Building Department","no codeSourceUrl + codeRetrievedAtIso — every value on this row is unprovenanced"
"ga-franklin-franklin-county","GA","Franklin County Building Department","2017","true","Local Building Department","no codeSourceUrl + codeRetrievedAtIso — every value on this row is unprovenanced"
"ga-fulton-alpharetta","GA","City of Alpharetta Building Department","2017","true","Local Building Department","no codeSourceUrl + codeRetrievedAtIso — every value on this row is unprovenanced"
"ga-fulton-johns-creek","GA","City of Johns Creek Building Department","2017","true","Local Building Department","no codeSourceUrl + codeRetrievedAtIso — every value on this row is unprovenanced"
"ga-fulton-milton","GA","City of Milton Building Dept","2017","true","Local Building Department","no codeSourceUrl + codeRetrievedAtIso — every value on this row is unprovenanced"
"ga-fulton-roswell","GA","City of Roswell Building Department","2017","true","Local Building Department","no codeSourceUrl + codeRetrievedAtIso — every value on this row is unprovenanced"
"ga-fulton-sandy-springs","GA","City of Sandy Springs Building Department","2017","true","Local Building Department","no codeSourceUrl + codeRetrievedAtIso — every value on this row is unprovenanced"
"ga-fulton-fulton-county","GA","Fulton County Building Department","2017","true","Local Building Department","no codeSourceUrl + codeRetrievedAtIso — every value on this row is unprovenanced"
"ga-gilmer-gilmer-county","GA","Gilmer County Building Department","2017","true","Local Building Department","no codeSourceUrl + codeRetrievedAtIso — every value on this row is unprovenanced"
"ga-glascock-glascock-county","GA","Glascock County Building Department","2017","true","Local Building Department","no codeSourceUrl + codeRetrievedAtIso — every value on this row is unprovenanced"
"ga-glynn-glynn-county","GA","Glynn County Building Department","2017","true","Local Building Department","no codeSourceUrl + codeRetrievedAtIso — every value on this row is unprovenanced"
"ga-gordon-gordon-county","GA","Gordon County Building Department","2017","true","Local Building Department","no codeSourceUrl + codeRetrievedAtIso — every value on this row is unprovenanced"
"ga-grady-grady-county","GA","Grady County Building Department","2017","true","Local Building Department","no codeSourceUrl + codeRetrievedAtIso — every value on this row is unprovenanced"
"ga-greene-greene-county","GA","Greene County Building Department","2017","true","Local Building Department","no codeSourceUrl + codeRetrievedAtIso — every value on this row is unprovenanced"
"ga-gwinnett-duluth","GA","City of Duluth Building Dept","2017","true","Local Building Department","no codeSourceUrl + codeRetrievedAtIso — every value on this row is unprovenanced"
"ga-gwinnett-lawrenceville","GA","City of Lawrenceville Building Department","2017","true","Local Building Department","no codeSourceUrl + codeRetrievedAtIso — every value on this row is unprovenanced"
"ga-gwinnett-peachtree-corners","GA","City of Peachtree Corners Building","2017","true","Local Building Department","no codeSourceUrl + codeRetrievedAtIso — every value on this row is unprovenanced"
"ga-gwinnett-snellville","GA","City of Snellville Building Dept","2017","true","Local Building Department","no codeSourceUrl + codeRetrievedAtIso — every value on this row is unprovenanced"
"ga-gwinnett-suwanee","GA","City of Suwanee Building Dept","2017","true","Local Building Department","no codeSourceUrl + codeRetrievedAtIso — every value on this row is unprovenanced"
"ga-habersham-habersham-county","GA","Habersham County Building Department","2017","true","Local Building Department","no codeSourceUrl + codeRetrievedAtIso — every value on this row is unprovenanced"
"ga-hall-gainesville","GA","City of Gainesville Building Department","2017","true","Local Building Department","no codeSourceUrl + codeRetrievedAtIso — every value on this row is unprovenanced"
"ga-hall-hall-county","GA","Hall County Building Department","2017","true","Local Building Department","no codeSourceUrl + codeRetrievedAtIso — every value on this row is unprovenanced"
"ga-hancock-hancock-county","GA","Hancock County Building Department","2017","true","Local Building Department","no codeSourceUrl + codeRetrievedAtIso — every value on this row is unprovenanced"
"ga-haralson-haralson-county","GA","Haralson County Building Department","2017","true","Local Building Department","no codeSourceUrl + codeRetrievedAtIso — every value on this row is unprovenanced"
"ga-harris-harris-county","GA","Harris County Building Department","2017","true","Local Building Department","no codeSourceUrl + codeRetrievedAtIso — every value on this row is unprovenanced"
"ga-hart-hart-county","GA","Hart County Building Department","2017","true","Local Building Department","no codeSourceUrl + codeRetrievedAtIso — every value on this row is unprovenanced"
"ga-heard-heard-county","GA","Heard County Building Department","2017","true","Local Building Department","no codeSourceUrl + codeRetrievedAtIso — every value on this row is unprovenanced"
"ga-henry-stockbridge","GA","City of Stockbridge Building Dept","2017","true","Local Building Department","no codeSourceUrl + codeRetrievedAtIso — every value on this row is unprovenanced"
"ga-henry-henry-county","GA","Henry County Building Department","2017","true","Local Building Department","no codeSourceUrl + codeRetrievedAtIso — every value on this row is unprovenanced"
"ga-houston-houston-county","GA","Houston County Building Department","2017","true","Local Building Department","no codeSourceUrl + codeRetrievedAtIso — every value on this row is unprovenanced"
"ga-houston-warner-robins","GA","City of Warner Robins Building Department","2017","true","Local Building Department","no codeSourceUrl + codeRetrievedAtIso — every value on this row is unprovenanced"
"ga-irwin-irwin-county","GA","Irwin County Building Department","2017","true","Local Building Department","no codeSourceUrl + codeRetrievedAtIso — every value on this row is unprovenanced"
"ga-jackson-jackson-county","GA","Jackson County Building Department","2017","true","Local Building Department","no codeSourceUrl + codeRetrievedAtIso — every value on this row is unprovenanced"
"ga-jasper-jasper-county","GA","Jasper County Building Department","2017","true","Local Building Department","no codeSourceUrl + codeRetrievedAtIso — every value on this row is unprovenanced"
"ga-jeff-davis-jeff-davis-county","GA","Jeff Davis County Building Department","2017","true","Local Building Department","no codeSourceUrl + codeRetrievedAtIso — every value on this row is unprovenanced"
"ga-jefferson-jefferson-county","GA","Jefferson County Building Department","2017","true","Local Building Department","no codeSourceUrl + codeRetrievedAtIso — every value on this row is unprovenanced"
"ga-jenkins-jenkins-county","GA","Jenkins County Building Department","2017","true","Local Building Department","no codeSourceUrl + codeRetrievedAtIso — every value on this row is unprovenanced"
"ga-johnson-johnson-county","GA","Johnson County Building Department","2017","true","Local Building Department","no codeSourceUrl + codeRetrievedAtIso — every value on this row is unprovenanced"
"ga-jones-jones-county","GA","Jones County Building Department","2017","true","Local Building Department","no codeSourceUrl + codeRetrievedAtIso — every value on this row is unprovenanced"
"ga-lamar-lamar-county","GA","Lamar County Building Department","2017","true","Local Building Department","no codeSourceUrl + codeRetrievedAtIso — every value on this row is unprovenanced"
"ga-lanier-lanier-county","GA","Lanier County Building Department","2017","true","Local Building Department","no codeSourceUrl + codeRetrievedAtIso — every value on this row is unprovenanced"
"ga-laurens-laurens-county","GA","Laurens County Building Department","2017","true","Local Building Department","no codeSourceUrl + codeRetrievedAtIso — every value on this row is unprovenanced"
"ga-lee-lee-county","GA","Lee County Building Department","2017","true","Local Building Department","no codeSourceUrl + codeRetrievedAtIso — every value on this row is unprovenanced"
"ga-liberty-hinesville","GA","City of Hinesville Building Department","2017","true","Local Building Department","no codeSourceUrl + codeRetrievedAtIso — every value on this row is unprovenanced"
"ga-liberty-liberty-county","GA","Liberty County Building Department","2017","true","Local Building Department","no codeSourceUrl + codeRetrievedAtIso — every value on this row is unprovenanced"
"ga-lincoln-lincoln-county","GA","Lincoln County Building Department","2017","true","Local Building Department","no codeSourceUrl + codeRetrievedAtIso — every value on this row is unprovenanced"
"ga-long-long-county","GA","Long County Building Department","2017","true","Local Building Department","no codeSourceUrl + codeRetrievedAtIso — every value on this row is unprovenanced"
"ga-lowndes-lowndes-county","GA","Lowndes County Building Department","2017","true","Local Building Department","no codeSourceUrl + codeRetrievedAtIso — every value on this row is unprovenanced"
"ga-lowndes-valdosta","GA","City of Valdosta Building Department","2017","true","Local Building Department","no codeSourceUrl + codeRetrievedAtIso — every value on this row is unprovenanced"
"ga-lumpkin-lumpkin-county","GA","Lumpkin County Building Department","2017","true","Local Building Department","no codeSourceUrl + codeRetrievedAtIso — every value on this row is unprovenanced"
"ga-macon-macon-county","GA","Macon County Building Department","2017","true","Local Building Department","no codeSourceUrl + codeRetrievedAtIso — every value on this row is unprovenanced"
"ga-madison-madison-county","GA","Madison County Building Department","2017","true","Local Building Department","no codeSourceUrl + codeRetrievedAtIso — every value on this row is unprovenanced"
"ga-marion-marion-county","GA","Marion County Building Department","2017","true","Local Building Department","no codeSourceUrl + codeRetrievedAtIso — every value on this row is unprovenanced"
"ga-mcduffie-mcduffie-county","GA","McDuffie County Building Department","2017","true","Local Building Department","no codeSourceUrl + codeRetrievedAtIso — every value on this row is unprovenanced"
"ga-mcintosh-mcintosh-county","GA","McIntosh County Building Department","2017","true","Local Building Department","no codeSourceUrl + codeRetrievedAtIso — every value on this row is unprovenanced"
"ga-meriwether-meriwether-county","GA","Meriwether County Building Department","2017","true","Local Building Department","no codeSourceUrl + codeRetrievedAtIso — every value on this row is unprovenanced"
"ga-miller-miller-county","GA","Miller County Building Department","2017","true","Local Building Department","no codeSourceUrl + codeRetrievedAtIso — every value on this row is unprovenanced"
"ga-mitchell-mitchell-county","GA","Mitchell County Building Department","2017","true","Local Building Department","no codeSourceUrl + codeRetrievedAtIso — every value on this row is unprovenanced"
"ga-monroe-monroe-county","GA","Monroe County Building Department","2017","true","Local Building Department","no codeSourceUrl + codeRetrievedAtIso — every value on this row is unprovenanced"
"ga-montgomery-montgomery-county","GA","Montgomery County Building Department","2017","true","Local Building Department","no codeSourceUrl + codeRetrievedAtIso — every value on this row is unprovenanced"
"ga-morgan-morgan-county","GA","Morgan County Building Department","2017","true","Local Building Department","no codeSourceUrl + codeRetrievedAtIso — every value on this row is unprovenanced"
"ga-murray-murray-county","GA","Murray County Building Department","2017","true","Local Building Department","no codeSourceUrl + codeRetrievedAtIso — every value on this row is unprovenanced"
"ga-muscogee-columbus","GA","City of Columbus Building Department","2017","true","Local Building Department","no codeSourceUrl + codeRetrievedAtIso — every value on this row is unprovenanced"
"ga-muscogee-muscogee-county","GA","Muscogee County Building Department","2017","true","Local Building Department","no codeSourceUrl + codeRetrievedAtIso — every value on this row is unprovenanced"
"ga-newton-covington","GA","City of Covington Building Dept","2017","true","Local Building Department","no codeSourceUrl + codeRetrievedAtIso — every value on this row is unprovenanced"
"ga-newton-newton-county","GA","Newton County Building Department","2017","true","Local Building Department","no codeSourceUrl + codeRetrievedAtIso — every value on this row is unprovenanced"
"ga-oconee-oconee-county","GA","Oconee County Building Department","2017","true","Local Building Department","no codeSourceUrl + codeRetrievedAtIso — every value on this row is unprovenanced"
"ga-oglethorpe-oglethorpe-county","GA","Oglethorpe County Building Department","2017","true","Local Building Department","no codeSourceUrl + codeRetrievedAtIso — every value on this row is unprovenanced"
"ga-paulding-dallas","GA","City of Dallas Building Dept","2017","true","Local Building Department","no codeSourceUrl + codeRetrievedAtIso — every value on this row is unprovenanced"
"ga-paulding-paulding-county","GA","Paulding County Building Department","2017","true","Local Building Department","no codeSourceUrl + codeRetrievedAtIso — every value on this row is unprovenanced"
"ga-peach-peach-county","GA","Peach County Building Department","2017","true","Local Building Department","no codeSourceUrl + codeRetrievedAtIso — every value on this row is unprovenanced"
"ga-pickens-pickens-county","GA","Pickens County Building Department","2017","true","Local Building Department","no codeSourceUrl + codeRetrievedAtIso — every value on this row is unprovenanced"
"ga-pierce-pierce-county","GA","Pierce County Building Department","2017","true","Local Building Department","no codeSourceUrl + codeRetrievedAtIso — every value on this row is unprovenanced"
"ga-pike-pike-county","GA","Pike County Building Department","2017","true","Local Building Department","no codeSourceUrl + codeRetrievedAtIso — every value on this row is unprovenanced"
"ga-polk-polk-county","GA","Polk County Building Department","2017","true","Local Building Department","no codeSourceUrl + codeRetrievedAtIso — every value on this row is unprovenanced"
"ga-pulaski-pulaski-county","GA","Pulaski County Building Department","2017","true","Local Building Department","no codeSourceUrl + codeRetrievedAtIso — every value on this row is unprovenanced"
"ga-putnam-putnam-county","GA","Putnam County Building Department","2017","true","Local Building Department","no codeSourceUrl + codeRetrievedAtIso — every value on this row is unprovenanced"
"ga-quitman-quitman-county","GA","Quitman County Building Department","2017","true","Local Building Department","no codeSourceUrl + codeRetrievedAtIso — every value on this row is unprovenanced"
"ga-rabun-rabun-county","GA","Rabun County Building Department","2017","true","Local Building Department","no codeSourceUrl + codeRetrievedAtIso — every value on this row is unprovenanced"
"ga-randolph-randolph-county","GA","Randolph County Building Department","2017","true","Local Building Department","no codeSourceUrl + codeRetrievedAtIso — every value on this row is unprovenanced"
"ga-richmond-richmond-county","GA","Richmond County Building Department","2017","true","Local Building Department","no codeSourceUrl + codeRetrievedAtIso — every value on this row is unprovenanced"
"ga-rockdale-conyers","GA","City of Conyers Building Dept","2017","true","Local Building Department","no codeSourceUrl + codeRetrievedAtIso — every value on this row is unprovenanced"
"ga-rockdale-rockdale-county","GA","Rockdale County Building Department","2017","true","Local Building Department","no codeSourceUrl + codeRetrievedAtIso — every value on this row is unprovenanced"
"ga-schley-schley-county","GA","Schley County Building Department","2017","true","Local Building Department","no codeSourceUrl + codeRetrievedAtIso — every value on this row is unprovenanced"
"ga-screven-screven-county","GA","Screven County Building Department","2017","true","Local Building Department","no codeSourceUrl + codeRetrievedAtIso — every value on this row is unprovenanced"
"ga-seminole-seminole-county","GA","Seminole County Building Department","2017","true","Local Building Department","no codeSourceUrl + codeRetrievedAtIso — every value on this row is unprovenanced"
"ga-spalding-spalding-county","GA","Spalding County Building Department","2017","true","Local Building Department","no codeSourceUrl + codeRetrievedAtIso — every value on this row is unprovenanced"
"ga-stephens-stephens-county","GA","Stephens County Building Department","2017","true","Local Building Department","no codeSourceUrl + codeRetrievedAtIso — every value on this row is unprovenanced"
"ga-stewart-stewart-county","GA","Stewart County Building Department","2017","true","Local Building Department","no codeSourceUrl + codeRetrievedAtIso — every value on this row is unprovenanced"
"ga-sumter-sumter-county","GA","Sumter County Building Department","2017","true","Local Building Department","no codeSourceUrl + codeRetrievedAtIso — every value on this row is unprovenanced"
"ga-talbot-talbot-county","GA","Talbot County Building Department","2017","true","Local Building Department","no codeSourceUrl + codeRetrievedAtIso — every value on this row is unprovenanced"
"ga-taliaferro-taliaferro-county","GA","Taliaferro County Building Department","2017","true","Local Building Department","no codeSourceUrl + codeRetrievedAtIso — every value on this row is unprovenanced"
"ga-tattnall-tattnall-county","GA","Tattnall County Building Department","2017","true","Local Building Department","no codeSourceUrl + codeRetrievedAtIso — every value on this row is unprovenanced"
"ga-taylor-taylor-county","GA","Taylor County Building Department","2017","true","Local Building Department","no codeSourceUrl + codeRetrievedAtIso — every value on this row is unprovenanced"
"ga-telfair-telfair-county","GA","Telfair County Building Department","2017","true","Local Building Department","no codeSourceUrl + codeRetrievedAtIso — every value on this row is unprovenanced"
"ga-terrell-terrell-county","GA","Terrell County Building Department","2017","true","Local Building Department","no codeSourceUrl + codeRetrievedAtIso — every value on this row is unprovenanced"
"ga-thomas-thomas-county","GA","Thomas County Building Department","2017","true","Local Building Department","no codeSourceUrl + codeRetrievedAtIso — every value on this row is unprovenanced"
"ga-tift-tift-county","GA","Tift County Building Department","2017","true","Local Building Department","no codeSourceUrl + codeRetrievedAtIso — every value on this row is unprovenanced"
"ga-toombs-toombs-county","GA","Toombs County Building Department","2017","true","Local Building Department","no codeSourceUrl + codeRetrievedAtIso — every value on this row is unprovenanced"
"ga-towns-towns-county","GA","Towns County Building Department","2017","true","Local Building Department","no codeSourceUrl + codeRetrievedAtIso — every value on this row is unprovenanced"
"ga-treutlen-treutlen-county","GA","Treutlen County Building Department","2017","true","Local Building Department","no codeSourceUrl + codeRetrievedAtIso — every value on this row is unprovenanced"
"ga-troup-troup-county","GA","Troup County Building Department","2017","true","Local Building Department","no codeSourceUrl + codeRetrievedAtIso — every value on this row is unprovenanced"
"ga-turner-turner-county","GA","Turner County Building Department","2017","true","Local Building Department","no codeSourceUrl + codeRetrievedAtIso — every value on this row is unprovenanced"
"ga-twiggs-twiggs-county","GA","Twiggs County Building Department","2017","true","Local Building Department","no codeSourceUrl + codeRetrievedAtIso — every value on this row is unprovenanced"
"ga-union-union-county","GA","Union County Building Department","2017","true","Local Building Department","no codeSourceUrl + codeRetrievedAtIso — every value on this row is unprovenanced"
"ga-upson-upson-county","GA","Upson County Building Department","2017","true","Local Building Department","no codeSourceUrl + codeRetrievedAtIso — every value on this row is unprovenanced"
"ga-walker-walker-county","GA","Walker County Building Department","2017","true","Local Building Department","no codeSourceUrl + codeRetrievedAtIso — every value on this row is unprovenanced"
"ga-walton-walton-county","GA","Walton County Building Department","2017","true","Local Building Department","no codeSourceUrl + codeRetrievedAtIso — every value on this row is unprovenanced"
"ga-ware-ware-county","GA","Ware County Building Department","2017","true","Local Building Department","no codeSourceUrl + codeRetrievedAtIso — every value on this row is unprovenanced"
"ga-warren-warren-county","GA","Warren County Building Department","2017","true","Local Building Department","no codeSourceUrl + codeRetrievedAtIso — every value on this row is unprovenanced"
"ga-washington-washington-county","GA","Washington County Building Department","2017","true","Local Building Department","no codeSourceUrl + codeRetrievedAtIso — every value on this row is unprovenanced"
"ga-wayne-wayne-county","GA","Wayne County Building Department","2017","true","Local Building Department","no codeSourceUrl + codeRetrievedAtIso — every value on this row is unprovenanced"
"ga-webster-webster-county","GA","Webster County Building Department","2017","true","Local Building Department","no codeSourceUrl + codeRetrievedAtIso — every value on this row is unprovenanced"
"ga-wheeler-wheeler-county","GA","Wheeler County Building Department","2017","true","Local Building Department","no codeSourceUrl + codeRetrievedAtIso — every value on this row is unprovenanced"
"ga-white-white-county","GA","White County Building Department","2017","true","Local Building Department","no codeSourceUrl + codeRetrievedAtIso — every value on this row is unprovenanced"
"ga-whitfield-whitfield-county","GA","Whitfield County Building Department","2017","true","Local Building Department","no codeSourceUrl + codeRetrievedAtIso — every value on this row is unprovenanced"
"ga-wilcox-wilcox-county","GA","Wilcox County Building Department","2017","true","Local Building Department","no codeSourceUrl + codeRetrievedAtIso — every value on this row is unprovenanced"
"ga-wilkes-wilkes-county","GA","Wilkes County Building Department","2017","true","Local Building Department","no codeSourceUrl + codeRetrievedAtIso — every value on this row is unprovenanced"
"ga-wilkinson-wilkinson-county","GA","Wilkinson County Building Department","2017","true","Local Building Department","no codeSourceUrl + codeRetrievedAtIso — every value on this row is unprovenanced"
"ga-worth-worth-county","GA","Worth County Building Department","2017","true","Local Building Department","no codeSourceUrl + codeRetrievedAtIso — every value on this row is unprovenanced"
"gu-guam-guam-county","GU","Guam County Building Department","2017","false","Local Building Department","no codeSourceUrl + codeRetrievedAtIso — every value on this row is unprovenanced"
"hi-hawaii-hawaii-county","HI","Hawaii County Building Department","2020","false","Local Building Department","no codeSourceUrl + codeRetrievedAtIso — every value on this row is unprovenanced"
"hi-honolulu-kailua","HI","City & County of Honolulu Building Dept","2020","false","Local Building Department","no codeSourceUrl + codeRetrievedAtIso — every value on this row is unprovenanced"
"hi-honolulu-pearl-city","HI","City & County of Honolulu DPP","2020","false","Local Building Department","no codeSourceUrl + codeRetrievedAtIso — every value on this row is unprovenanced"
"hi-honolulu-honolulu-county","HI","Honolulu County Building Department","2020","true","Local Building Department","no codeSourceUrl + codeRetrievedAtIso — every value on this row is unprovenanced"
"hi-honolulu-wahiawa","HI","City & County of Honolulu Building Dept","2020","false","Local Building Department","no codeSourceUrl + codeRetrievedAtIso — every value on this row is unprovenanced"
"hi-kalawao-kalawao-county","HI","Kalawao County Building Department","2020","false","Local Building Department","no codeSourceUrl + codeRetrievedAtIso — every value on this row is unprovenanced"
"hi-kauai-lihue","HI","County of Kauai Building Dept","2020","false","Local Building Department","no codeSourceUrl + codeRetrievedAtIso — every value on this row is unprovenanced"
"hi-kauai-kauai-county","HI","Kauai County Building Department","2020","true","Local Building Department","no codeSourceUrl + codeRetrievedAtIso — every value on this row is unprovenanced"
"hi-maui-maui-county","HI","Maui County Building Department","2020","false","Local Building Department","no codeSourceUrl + codeRetrievedAtIso — every value on this row is unprovenanced"
"ia-adair-adair-county","IA","Adair County Building Department","2017","true","Local Building Department","no codeSourceUrl + codeRetrievedAtIso — every value on this row is unprovenanced"
"ia-adams-adams-county","IA","Adams County Building Department","2017","true","Local Building Department","no codeSourceUrl + codeRetrievedAtIso — every value on this row is unprovenanced"
"ia-allamakee-allamakee-county","IA","Allamakee County Building Department","2017","true","Local Building Department","no codeSourceUrl + codeRetrievedAtIso — every value on this row is unprovenanced"
"ia-appanoose-appanoose-county","IA","Appanoose County Building Department","2017","true","Local Building Department","no codeSourceUrl + codeRetrievedAtIso — every value on this row is unprovenanced"
"ia-audubon-audubon-county","IA","Audubon County Building Department","2017","true","Local Building Department","no codeSourceUrl + codeRetrievedAtIso — every value on this row is unprovenanced"
"ia-benton-benton-county","IA","Benton County Building Department","2017","true","Local Building Department","no codeSourceUrl + codeRetrievedAtIso — every value on this row is unprovenanced"
"ia-black-hawk-cedar-falls","IA","City of Cedar Falls Building Department","2017","true","Local Building Department","no codeSourceUrl + codeRetrievedAtIso — every value on this row is unprovenanced"
"ia-black-hawk-black-hawk-county","IA","Black Hawk County Building Department","2017","true","Local Building Department","no codeSourceUrl + codeRetrievedAtIso — every value on this row is unprovenanced"
"ia-black-hawk-waterloo","IA","City of Waterloo Building Department","2017","true","Local Building Department","no codeSourceUrl + codeRetrievedAtIso — every value on this row is unprovenanced"
"ia-boone-boone-county","IA","Boone County Building Department","2017","true","Local Building Department","no codeSourceUrl + codeRetrievedAtIso — every value on this row is unprovenanced"
"ia-bremer-bremer-county","IA","Bremer County Building Department","2017","true","Local Building Department","no codeSourceUrl + codeRetrievedAtIso — every value on this row is unprovenanced"
"ia-buchanan-buchanan-county","IA","Buchanan County Building Department","2017","true","Local Building Department","no codeSourceUrl + codeRetrievedAtIso — every value on this row is unprovenanced"
"ia-buena-vista-buena-vista-county","IA","Buena Vista County Building Department","2017","true","Local Building Department","no codeSourceUrl + codeRetrievedAtIso — every value on this row is unprovenanced"
"ia-butler-butler-county","IA","Butler County Building Department","2017","true","Local Building Department","no codeSourceUrl + codeRetrievedAtIso — every value on this row is unprovenanced"
"ia-calhoun-calhoun-county","IA","Calhoun County Building Department","2017","true","Local Building Department","no codeSourceUrl + codeRetrievedAtIso — every value on this row is unprovenanced"
"ia-carroll-carroll-county","IA","Carroll County Building Department","2017","true","Local Building Department","no codeSourceUrl + codeRetrievedAtIso — every value on this row is unprovenanced"
"ia-cass-cass-county","IA","Cass County Building Department","2017","true","Local Building Department","no codeSourceUrl + codeRetrievedAtIso — every value on this row is unprovenanced"
"ia-cedar-cedar-county","IA","Cedar County Building Department","2017","true","Local Building Department","no codeSourceUrl + codeRetrievedAtIso — every value on this row is unprovenanced"
"ia-cerro-gordo-mason-city","IA","City of Mason City Building Department","2017","true","Local Building Department","no codeSourceUrl + codeRetrievedAtIso — every value on this row is unprovenanced"
"ia-cerro-gordo-cerro-gordo-county","IA","Cerro Gordo County Building Department","2017","true","Local Building Department","no codeSourceUrl + codeRetrievedAtIso — every value on this row is unprovenanced"
"ia-cherokee-cherokee-county","IA","Cherokee County Building Department","2017","true","Local Building Department","no codeSourceUrl + codeRetrievedAtIso — every value on this row is unprovenanced"
"ia-chickasaw-chickasaw-county","IA","Chickasaw County Building Department","2017","true","Local Building Department","no codeSourceUrl + codeRetrievedAtIso — every value on this row is unprovenanced"
"ia-clarke-clarke-county","IA","Clarke County Building Department","2017","true","Local Building Department","no codeSourceUrl + codeRetrievedAtIso — every value on this row is unprovenanced"
"ia-clay-clay-county","IA","Clay County Building Department","2017","true","Local Building Department","no codeSourceUrl + codeRetrievedAtIso — every value on this row is unprovenanced"
"ia-clayton-clayton-county","IA","Clayton County Building Department","2017","true","Local Building Department","no codeSourceUrl + codeRetrievedAtIso — every value on this row is unprovenanced"
"ia-clinton-clinton-county","IA","Clinton County Building Department","2017","true","Local Building Department","no codeSourceUrl + codeRetrievedAtIso — every value on this row is unprovenanced"
"ia-crawford-crawford-county","IA","Crawford County Building Department","2017","true","Local Building Department","no codeSourceUrl + codeRetrievedAtIso — every value on this row is unprovenanced"
"ia-dallas-dallas-county","IA","Dallas County Building Department","2017","true","Local Building Department","no codeSourceUrl + codeRetrievedAtIso — every value on this row is unprovenanced"
"ia-davis-davis-county","IA","Davis County Building Department","2017","true","Local Building Department","no codeSourceUrl + codeRetrievedAtIso — every value on this row is unprovenanced"
"ia-decatur-decatur-county","IA","Decatur County Building Department","2017","true","Local Building Department","no codeSourceUrl + codeRetrievedAtIso — every value on this row is unprovenanced"
"ia-delaware-delaware-county","IA","Delaware County Building Department","2017","true","Local Building Department","no codeSourceUrl + codeRetrievedAtIso — every value on this row is unprovenanced"
"ia-des-moines-burlington","IA","City of Burlington Building Department","2017","true","Local Building Department","no codeSourceUrl + codeRetrievedAtIso — every value on this row is unprovenanced"
"ia-des-moines-des-moines-county","IA","Des Moines County Building Department","2017","true","Local Building Department","no codeSourceUrl + codeRetrievedAtIso — every value on this row is unprovenanced"
"ia-dickinson-dickinson-county","IA","Dickinson County Building Department","2017","true","Local Building Department","no codeSourceUrl + codeRetrievedAtIso — every value on this row is unprovenanced"
"ia-dubuque-dubuque","IA","City of Dubuque Building Dept","2017","true","Local Building Department","no codeSourceUrl + codeRetrievedAtIso — every value on this row is unprovenanced"
"ia-dubuque-dubuque-county","IA","Dubuque County Building Department","2017","true","Local Building Department","no codeSourceUrl + codeRetrievedAtIso — every value on this row is unprovenanced"
"ia-emmet-emmet-county","IA","Emmet County Building Department","2017","true","Local Building Department","no codeSourceUrl + codeRetrievedAtIso — every value on this row is unprovenanced"
"ia-fayette-fayette-county","IA","Fayette County Building Department","2017","true","Local Building Department","no codeSourceUrl + codeRetrievedAtIso — every value on this row is unprovenanced"
"ia-floyd-floyd-county","IA","Floyd County Building Department","2017","true","Local Building Department","no codeSourceUrl + codeRetrievedAtIso — every value on this row is unprovenanced"
"ia-franklin-franklin-county","IA","Franklin County Building Department","2017","true","Local Building Department","no codeSourceUrl + codeRetrievedAtIso — every value on this row is unprovenanced"
"ia-fremont-fremont-county","IA","Fremont County Building Department","2017","true","Local Building Department","no codeSourceUrl + codeRetrievedAtIso — every value on this row is unprovenanced"
"ia-greene-greene-county","IA","Greene County Building Department","2017","true","Local Building Department","no codeSourceUrl + codeRetrievedAtIso — every value on this row is unprovenanced"
"ia-grundy-grundy-county","IA","Grundy County Building Department","2017","true","Local Building Department","no codeSourceUrl + codeRetrievedAtIso — every value on this row is unprovenanced"
"ia-guthrie-guthrie-county","IA","Guthrie County Building Department","2017","true","Local Building Department","no codeSourceUrl + codeRetrievedAtIso — every value on this row is unprovenanced"
"ia-hamilton-hamilton-county","IA","Hamilton County Building Department","2017","true","Local Building Department","no codeSourceUrl + codeRetrievedAtIso — every value on this row is unprovenanced"
"ia-hancock-hancock-county","IA","Hancock County Building Department","2017","true","Local Building Department","no codeSourceUrl + codeRetrievedAtIso — every value on this row is unprovenanced"
"ia-hardin-hardin-county","IA","Hardin County Building Department","2017","true","Local Building Department","no codeSourceUrl + codeRetrievedAtIso — every value on this row is unprovenanced"
"ia-harrison-harrison-county","IA","Harrison County Building Department","2017","true","Local Building Department","no codeSourceUrl + codeRetrievedAtIso — every value on this row is unprovenanced"
"ia-henry-henry-county","IA","Henry County Building Department","2017","true","Local Building Department","no codeSourceUrl + codeRetrievedAtIso — every value on this row is unprovenanced"
"ia-howard-howard-county","IA","Howard County Building Department","2017","true","Local Building Department","no codeSourceUrl + codeRetrievedAtIso — every value on this row is unprovenanced"
"ia-humboldt-humboldt-county","IA","Humboldt County Building Department","2017","true","Local Building Department","no codeSourceUrl + codeRetrievedAtIso — every value on this row is unprovenanced"
"ia-ida-ida-county","IA","Ida County Building Department","2017","true","Local Building Department","no codeSourceUrl + codeRetrievedAtIso — every value on this row is unprovenanced"
"ia-iowa-iowa-county","IA","Iowa County Building Department","2017","true","Local Building Department","no codeSourceUrl + codeRetrievedAtIso — every value on this row is unprovenanced"
"ia-jackson-jackson-county","IA","Jackson County Building Department","2017","true","Local Building Department","no codeSourceUrl + codeRetrievedAtIso — every value on this row is unprovenanced"
"ia-jasper-jasper-county","IA","Jasper County Building Department","2017","true","Local Building Department","no codeSourceUrl + codeRetrievedAtIso — every value on this row is unprovenanced"
"ia-jefferson-jefferson-county","IA","Jefferson County Building Department","2017","true","Local Building Department","no codeSourceUrl + codeRetrievedAtIso — every value on this row is unprovenanced"
"ia-johnson-iowa-city","IA","City of Iowa City Building Department","2017","true","Local Building Department","no codeSourceUrl + codeRetrievedAtIso — every value on this row is unprovenanced"
"ia-johnson-johnson-county","IA","Johnson County Building Department","2017","true","Local Building Department","no codeSourceUrl + codeRetrievedAtIso — every value on this row is unprovenanced"
"ia-jones-jones-county","IA","Jones County Building Department","2017","true","Local Building Department","no codeSourceUrl + codeRetrievedAtIso — every value on this row is unprovenanced"
"ia-keokuk-keokuk-county","IA","Keokuk County Building Department","2017","true","Local Building Department","no codeSourceUrl + codeRetrievedAtIso — every value on this row is unprovenanced"
"ia-kossuth-kossuth-county","IA","Kossuth County Building Department","2017","true","Local Building Department","no codeSourceUrl + codeRetrievedAtIso — every value on this row is unprovenanced"
"ia-lee-lee-county","IA","Lee County Building Department","2017","true","Local Building Department","no codeSourceUrl + codeRetrievedAtIso — every value on this row is unprovenanced"
"ia-linn-cedar-rapids","IA","City of Cedar Rapids Building Department","2017","true","Local Building Department","no codeSourceUrl + codeRetrievedAtIso — every value on this row is unprovenanced"
"ia-linn-linn-county","IA","Linn County Building Department","2017","true","Local Building Department","no codeSourceUrl + codeRetrievedAtIso — every value on this row is unprovenanced"
"ia-louisa-louisa-county","IA","Louisa County Building Department","2017","true","Local Building Department","no codeSourceUrl + codeRetrievedAtIso — every value on this row is unprovenanced"
"ia-lucas-lucas-county","IA","Lucas County Building Department","2017","true","Local Building Department","no codeSourceUrl + codeRetrievedAtIso — every value on this row is unprovenanced"
"ia-lyon-lyon-county","IA","Lyon County Building Department","2017","true","Local Building Department","no codeSourceUrl + codeRetrievedAtIso — every value on this row is unprovenanced"
"ia-madison-madison-county","IA","Madison County Building Department","2017","true","Local Building Department","no codeSourceUrl + codeRetrievedAtIso — every value on this row is unprovenanced"
"ia-mahaska-mahaska-county","IA","Mahaska County Building Department","2017","true","Local Building Department","no codeSourceUrl + codeRetrievedAtIso — every value on this row is unprovenanced"
"ia-marion-marion-county","IA","Marion County Building Department","2017","true","Local Building Department","no codeSourceUrl + codeRetrievedAtIso — every value on this row is unprovenanced"
"ia-marshall-marshalltown","IA","City of Marshalltown Building Department","2017","true","Local Building Department","no codeSourceUrl + codeRetrievedAtIso — every value on this row is unprovenanced"
"ia-marshall-marshall-county","IA","Marshall County Building Department","2017","true","Local Building Department","no codeSourceUrl + codeRetrievedAtIso — every value on this row is unprovenanced"
"ia-mills-mills-county","IA","Mills County Building Department","2017","true","Local Building Department","no codeSourceUrl + codeRetrievedAtIso — every value on this row is unprovenanced"
"ia-mitchell-mitchell-county","IA","Mitchell County Building Department","2017","true","Local Building Department","no codeSourceUrl + codeRetrievedAtIso — every value on this row is unprovenanced"
"ia-monona-monona-county","IA","Monona County Building Department","2017","true","Local Building Department","no codeSourceUrl + codeRetrievedAtIso — every value on this row is unprovenanced"
"ia-monroe-monroe-county","IA","Monroe County Building Department","2017","true","Local Building Department","no codeSourceUrl + codeRetrievedAtIso — every value on this row is unprovenanced"
"ia-montgomery-montgomery-county","IA","Montgomery County Building Department","2017","true","Local Building Department","no codeSourceUrl + codeRetrievedAtIso — every value on this row is unprovenanced"
"ia-muscatine-muscatine-county","IA","Muscatine County Building Department","2017","true","Local Building Department","no codeSourceUrl + codeRetrievedAtIso — every value on this row is unprovenanced"
"ia-obrien-obrien-county","IA","O'Brien County Building Department","2017","true","Local Building Department","no codeSourceUrl + codeRetrievedAtIso — every value on this row is unprovenanced"
"ia-osceola-osceola-county","IA","Osceola County Building Department","2017","true","Local Building Department","no codeSourceUrl + codeRetrievedAtIso — every value on this row is unprovenanced"
"ia-page-page-county","IA","Page County Building Department","2017","true","Local Building Department","no codeSourceUrl + codeRetrievedAtIso — every value on this row is unprovenanced"
"ia-palo-alto-palo-alto-county","IA","Palo Alto County Building Department","2017","true","Local Building Department","no codeSourceUrl + codeRetrievedAtIso — every value on this row is unprovenanced"
"ia-plymouth-plymouth-county","IA","Plymouth County Building Department","2017","true","Local Building Department","no codeSourceUrl + codeRetrievedAtIso — every value on this row is unprovenanced"
"ia-pocahontas-pocahontas-county","IA","Pocahontas County Building Department","2017","true","Local Building Department","no codeSourceUrl + codeRetrievedAtIso — every value on this row is unprovenanced"
"ia-polk-ankeny","IA","City of Ankeny Building Department","2017","true","Local Building Department","no codeSourceUrl + codeRetrievedAtIso — every value on this row is unprovenanced"
"ia-polk-polk-county","IA","Polk County Building Department","2017","true","Local Building Department","no codeSourceUrl + codeRetrievedAtIso — every value on this row is unprovenanced"
"ia-polk-urbandale","IA","City of Urbandale Building Dept","2017","true","Local Building Department","no codeSourceUrl + codeRetrievedAtIso — every value on this row is unprovenanced"
"ia-polk-west-des-moines","IA","City of West Des Moines Building Department","2017","true","Local Building Department","no codeSourceUrl + codeRetrievedAtIso — every value on this row is unprovenanced"
"ia-pottawattamie-council-bluffs","IA","City of Council Bluffs Building Dept","2017","true","Local Building Department","no codeSourceUrl + codeRetrievedAtIso — every value on this row is unprovenanced"
"ia-pottawattamie-pottawattamie-county","IA","Pottawattamie County Building Department","2017","true","Local Building Department","no codeSourceUrl + codeRetrievedAtIso — every value on this row is unprovenanced"
"ia-poweshiek-poweshiek-county","IA","Poweshiek County Building Department","2017","true","Local Building Department","no codeSourceUrl + codeRetrievedAtIso — every value on this row is unprovenanced"
"ia-ringgold-ringgold-county","IA","Ringgold County Building Department","2017","true","Local Building Department","no codeSourceUrl + codeRetrievedAtIso — every value on this row is unprovenanced"
"ia-sac-sac-county","IA","Sac County Building Department","2017","true","Local Building Department","no codeSourceUrl + codeRetrievedAtIso — every value on this row is unprovenanced"
"ia-scott-davenport","IA","City of Davenport Building Department","2017","true","Local Building Department","no codeSourceUrl + codeRetrievedAtIso — every value on this row is unprovenanced"
"ia-scott-scott-county","IA","Scott County Building Department","2017","true","Local Building Department","no codeSourceUrl + codeRetrievedAtIso — every value on this row is unprovenanced"
"ia-shelby-shelby-county","IA","Shelby County Building Department","2017","true","Local Building Department","no codeSourceUrl + codeRetrievedAtIso — every value on this row is unprovenanced"
"ia-sioux-sioux-county","IA","Sioux County Building Department","2017","true","Local Building Department","no codeSourceUrl + codeRetrievedAtIso — every value on this row is unprovenanced"
"ia-story-ames","IA","City of Ames Building Dept","2017","true","Local Building Department","no codeSourceUrl + codeRetrievedAtIso — every value on this row is unprovenanced"
"ia-story-story-county","IA","Story County Building Department","2017","true","Local Building Department","no codeSourceUrl + codeRetrievedAtIso — every value on this row is unprovenanced"
"ia-tama-tama-county","IA","Tama County Building Department","2017","true","Local Building Department","no codeSourceUrl + codeRetrievedAtIso — every value on this row is unprovenanced"
"ia-taylor-taylor-county","IA","Taylor County Building Department","2017","true","Local Building Department","no codeSourceUrl + codeRetrievedAtIso — every value on this row is unprovenanced"
"ia-union-union-county","IA","Union County Building Department","2017","true","Local Building Department","no codeSourceUrl + codeRetrievedAtIso — every value on this row is unprovenanced"
"ia-van-buren-van-buren-county","IA","Van Buren County Building Department","2017","true","Local Building Department","no codeSourceUrl + codeRetrievedAtIso — every value on this row is unprovenanced"
"ia-wapello-wapello-county","IA","Wapello County Building Department","2017","true","Local Building Department","no codeSourceUrl + codeRetrievedAtIso — every value on this row is unprovenanced"
"ia-warren-warren-county","IA","Warren County Building Department","2017","true","Local Building Department","no codeSourceUrl + codeRetrievedAtIso — every value on this row is unprovenanced"
"ia-washington-washington-county","IA","Washington County Building Department","2017","true","Local Building Department","no codeSourceUrl + codeRetrievedAtIso — every value on this row is unprovenanced"
"ia-wayne-wayne-county","IA","Wayne County Building Department","2017","true","Local Building Department","no codeSourceUrl + codeRetrievedAtIso — every value on this row is unprovenanced"
"ia-webster-fort-dodge","IA","City of Fort Dodge Building Department","2017","true","Local Building Department","no codeSourceUrl + codeRetrievedAtIso — every value on this row is unprovenanced"
"ia-webster-webster-county","IA","Webster County Building Department","2017","true","Local Building Department","no codeSourceUrl + codeRetrievedAtIso — every value on this row is unprovenanced"
"ia-winnebago-winnebago-county","IA","Winnebago County Building Department","2017","true","Local Building Department","no codeSourceUrl + codeRetrievedAtIso — every value on this row is unprovenanced"
"ia-winneshiek-winneshiek-county","IA","Winneshiek County Building Department","2017","true","Local Building Department","no codeSourceUrl + codeRetrievedAtIso — every value on this row is unprovenanced"
"ia-woodbury-sioux-city","IA","City of Sioux City Building Department","2017","true","Local Building Department","no codeSourceUrl + codeRetrievedAtIso — every value on this row is unprovenanced"
"ia-woodbury-woodbury-county","IA","Woodbury County Building Department","2017","true","Local Building Department","no codeSourceUrl + codeRetrievedAtIso — every value on this row is unprovenanced"
"ia-worth-worth-county","IA","Worth County Building Department","2017","true","Local Building Department","no codeSourceUrl + codeRetrievedAtIso — every value on this row is unprovenanced"
"ia-wright-wright-county","IA","Wright County Building Department","2017","true","Local Building Department","no codeSourceUrl + codeRetrievedAtIso — every value on this row is unprovenanced"
"id-ada-eagle","ID","City of Eagle Building Dept","2017","true","Local Building Department","no codeSourceUrl + codeRetrievedAtIso — every value on this row is unprovenanced"
"id-ada-kuna","ID","City of Kuna Building Dept","2017","true","Local Building Department","no codeSourceUrl + codeRetrievedAtIso — every value on this row is unprovenanced"
"id-ada-meridian","ID","City of Meridian Building Department","2017","true","Local Building Department","no codeSourceUrl + codeRetrievedAtIso — every value on this row is unprovenanced"
"id-ada-ada-county","ID","Ada County Building Department","2017","true","Local Building Department","no codeSourceUrl + codeRetrievedAtIso — every value on this row is unprovenanced"
"id-adams-adams-county","ID","Adams County Building Department","2017","true","Local Building Department","no codeSourceUrl + codeRetrievedAtIso — every value on this row is unprovenanced"
"id-bannock-pocatello","ID","City of Pocatello Building Dept","2017","true","Local Building Department","no codeSourceUrl + codeRetrievedAtIso — every value on this row is unprovenanced"
"id-bannock-bannock-county","ID","Bannock County Building Department","2017","true","Local Building Department","no codeSourceUrl + codeRetrievedAtIso — every value on this row is unprovenanced"
"id-bear-lake-bear-lake-county","ID","Bear Lake County Building Department","2017","true","Local Building Department","no codeSourceUrl + codeRetrievedAtIso — every value on this row is unprovenanced"
"id-benewah-benewah-county","ID","Benewah County Building Department","2017","true","Local Building Department","no codeSourceUrl + codeRetrievedAtIso — every value on this row is unprovenanced"
"id-bingham-bingham-county","ID","Bingham County Building Department","2017","true","Local Building Department","no codeSourceUrl + codeRetrievedAtIso — every value on this row is unprovenanced"
"id-blaine-blaine-county","ID","Blaine County Building Department","2017","true","Local Building Department","no codeSourceUrl + codeRetrievedAtIso — every value on this row is unprovenanced"
"id-boise-boise-county","ID","Boise County Building Department","2017","true","Local Building Department","no codeSourceUrl + codeRetrievedAtIso — every value on this row is unprovenanced"
"id-bonner-bonner-county","ID","Bonner County Building Department","2017","true","Local Building Department","no codeSourceUrl + codeRetrievedAtIso — every value on this row is unprovenanced"
"id-bonneville-ammon","ID","City of Ammon Building Dept","2017","true","Local Building Department","no codeSourceUrl + codeRetrievedAtIso — every value on this row is unprovenanced"
"id-bonneville-bonneville-county","ID","Bonneville County Building Department","2017","true","Local Building Department","no codeSourceUrl + codeRetrievedAtIso — every value on this row is unprovenanced"
"id-boundary-boundary-county","ID","Boundary County Building Department","2017","true","Local Building Department","no codeSourceUrl + codeRetrievedAtIso — every value on this row is unprovenanced"
"id-butte-butte-county","ID","Butte County Building Department","2017","true","Local Building Department","no codeSourceUrl + codeRetrievedAtIso — every value on this row is unprovenanced"
"id-camas-camas-county","ID","Camas County Building Department","2017","true","Local Building Department","no codeSourceUrl + codeRetrievedAtIso — every value on this row is unprovenanced"
"id-canyon-canyon-county","ID","Canyon County Building Department","2017","true","Local Building Department","no codeSourceUrl + codeRetrievedAtIso — every value on this row is unprovenanced"
"id-caribou-caribou-county","ID","Caribou County Building Department","2017","true","Local Building Department","no codeSourceUrl + codeRetrievedAtIso — every value on this row is unprovenanced"
"id-cassia-cassia-county","ID","Cassia County Building Department","2017","true","Local Building Department","no codeSourceUrl + codeRetrievedAtIso — every value on this row is unprovenanced"
"id-clark-clark-county","ID","Clark County Building Department","2017","true","Local Building Department","no codeSourceUrl + codeRetrievedAtIso — every value on this row is unprovenanced"
"id-clearwater-clearwater-county","ID","Clearwater County Building Department","2017","true","Local Building Department","no codeSourceUrl + codeRetrievedAtIso — every value on this row is unprovenanced"
"id-custer-custer-county","ID","Custer County Building Department","2017","true","Local Building Department","no codeSourceUrl + codeRetrievedAtIso — every value on this row is unprovenanced"
"id-elmore-elmore-county","ID","Elmore County Building Department","2017","true","Local Building Department","no codeSourceUrl + codeRetrievedAtIso — every value on this row is unprovenanced"
"id-franklin-franklin-county","ID","Franklin County Building Department","2017","true","Local Building Department","no codeSourceUrl + codeRetrievedAtIso — every value on this row is unprovenanced"
"id-fremont-fremont-county","ID","Fremont County Building Department","2017","true","Local Building Department","no codeSourceUrl + codeRetrievedAtIso — every value on this row is unprovenanced"
"id-gem-gem-county","ID","Gem County Building Department","2017","true","Local Building Department","no codeSourceUrl + codeRetrievedAtIso — every value on this row is unprovenanced"
"id-gooding-gooding-county","ID","Gooding County Building Department","2017","true","Local Building Department","no codeSourceUrl + codeRetrievedAtIso — every value on this row is unprovenanced"
"id-idaho-idaho-county","ID","Idaho County Building Department","2017","true","Local Building Department","no codeSourceUrl + codeRetrievedAtIso — every value on this row is unprovenanced"
"id-jefferson-jefferson-county","ID","Jefferson County Building Department","2017","true","Local Building Department","no codeSourceUrl + codeRetrievedAtIso — every value on this row is unprovenanced"
"id-jerome-jerome-county","ID","Jerome County Building Department","2017","true","Local Building Department","no codeSourceUrl + codeRetrievedAtIso — every value on this row is unprovenanced"
"id-kootenai-coeur-dalene","ID","City of Coeur d'Alene Building Dept","2017","true","Local Building Department","no codeSourceUrl + codeRetrievedAtIso — every value on this row is unprovenanced"
"id-kootenai-post-falls","ID","City of Post Falls Building Dept","2017","true","Local Building Department","no codeSourceUrl + codeRetrievedAtIso — every value on this row is unprovenanced"
"id-kootenai-kootenai-county","ID","Kootenai County Building Department","2017","true","Local Building Department","no codeSourceUrl + codeRetrievedAtIso — every value on this row is unprovenanced"
"id-latah-latah-county","ID","Latah County Building Department","2017","true","Local Building Department","no codeSourceUrl + codeRetrievedAtIso — every value on this row is unprovenanced"
"id-lemhi-lemhi-county","ID","Lemhi County Building Department","2017","true","Local Building Department","no codeSourceUrl + codeRetrievedAtIso — every value on this row is unprovenanced"
"id-lewis-lewis-county","ID","Lewis County Building Department","2017","true","Local Building Department","no codeSourceUrl + codeRetrievedAtIso — every value on this row is unprovenanced"
"id-lincoln-lincoln-county","ID","Lincoln County Building Department","2017","true","Local Building Department","no codeSourceUrl + codeRetrievedAtIso — every value on this row is unprovenanced"
"id-madison-madison-county","ID","Madison County Building Department","2017","true","Local Building Department","no codeSourceUrl + codeRetrievedAtIso — every value on this row is unprovenanced"
"id-minidoka-minidoka-county","ID","Minidoka County Building Department","2017","true","Local Building Department","no codeSourceUrl + codeRetrievedAtIso — every value on this row is unprovenanced"
"id-nez-perce-lewiston","ID","City of Lewiston Building Dept","2017","true","Local Building Department","no codeSourceUrl + codeRetrievedAtIso — every value on this row is unprovenanced"
"id-nez-perce-nez-perce-county","ID","Nez Perce County Building Department","2017","true","Local Building Department","no codeSourceUrl + codeRetrievedAtIso — every value on this row is unprovenanced"
"id-oneida-oneida-county","ID","Oneida County Building Department","2017","true","Local Building Department","no codeSourceUrl + codeRetrievedAtIso — every value on this row is unprovenanced"
"id-owyhee-owyhee-county","ID","Owyhee County Building Department","2017","true","Local Building Department","no codeSourceUrl + codeRetrievedAtIso — every value on this row is unprovenanced"
"id-payette-payette-county","ID","Payette County Building Department","2017","true","Local Building Department","no codeSourceUrl + codeRetrievedAtIso — every value on this row is unprovenanced"
"id-power-power-county","ID","Power County Building Department","2017","true","Local Building Department","no codeSourceUrl + codeRetrievedAtIso — every value on this row is unprovenanced"
"id-shoshone-shoshone-county","ID","Shoshone County Building Department","2017","true","Local Building Department","no codeSourceUrl + codeRetrievedAtIso — every value on this row is unprovenanced"
"id-teton-teton-county","ID","Teton County Building Department","2017","true","Local Building Department","no codeSourceUrl + codeRetrievedAtIso — every value on this row is unprovenanced"
"id-twin-falls-twin-falls","ID","City of Twin Falls Building Dept","2017","true","Local Building Department","no codeSourceUrl + codeRetrievedAtIso — every value on this row is unprovenanced"
"id-twin-falls-twin-falls-county","ID","Twin Falls County Building Department","2017","true","Local Building Department","no codeSourceUrl + codeRetrievedAtIso — every value on this row is unprovenanced"
"id-valley-valley-county","ID","Valley County Building Department","2017","true","Local Building Department","no codeSourceUrl + codeRetrievedAtIso — every value on this row is unprovenanced"
"id-washington-washington-county","ID","Washington County Building Department","2017","true","Local Building Department","no codeSourceUrl + codeRetrievedAtIso — every value on this row is unprovenanced"
"il-adams-adams-county","IL","Adams County Building Department","2020","true","Local Building Department","no codeSourceUrl + codeRetrievedAtIso — every value on this row is unprovenanced"
"il-alexander-alexander-county","IL","Alexander County Building Department","2020","true","Local Building Department","no codeSourceUrl + codeRetrievedAtIso — every value on this row is unprovenanced"
"il-bond-bond-county","IL","Bond County Building Department","2020","true","Local Building Department","no codeSourceUrl + codeRetrievedAtIso — every value on this row is unprovenanced"
"il-boone-boone-county","IL","Boone County Building Department","2020","true","Local Building Department","no codeSourceUrl + codeRetrievedAtIso — every value on this row is unprovenanced"
"il-brown-brown-county","IL","Brown County Building Department","2020","true","Local Building Department","no codeSourceUrl + codeRetrievedAtIso — every value on this row is unprovenanced"
"il-bureau-bureau-county","IL","Bureau County Building Department","2020","true","Local Building Department","no codeSourceUrl + codeRetrievedAtIso — every value on this row is unprovenanced"
"il-calhoun-calhoun-county","IL","Calhoun County Building Department","2020","true","Local Building Department","no codeSourceUrl + codeRetrievedAtIso — every value on this row is unprovenanced"
"il-carroll-carroll-county","IL","Carroll County Building Department","2020","true","Local Building Department","no codeSourceUrl + codeRetrievedAtIso — every value on this row is unprovenanced"
"il-cass-cass-county","IL","Cass County Building Department","2020","true","Local Building Department","no codeSourceUrl + codeRetrievedAtIso — every value on this row is unprovenanced"
"il-champaign-champaign","IL","City of Champaign Building Department","2020","true","Local Building Department","no codeSourceUrl + codeRetrievedAtIso — every value on this row is unprovenanced"
"il-champaign-champaign-county","IL","Champaign County Building Department","2020","true","Local Building Department","no codeSourceUrl + codeRetrievedAtIso — every value on this row is unprovenanced"
"il-christian-christian-county","IL","Christian County Building Department","2020","true","Local Building Department","no codeSourceUrl + codeRetrievedAtIso — every value on this row is unprovenanced"
"il-clark-clark-county","IL","Clark County Building Department","2020","true","Local Building Department","no codeSourceUrl + codeRetrievedAtIso — every value on this row is unprovenanced"
"il-clay-clay-county","IL","Clay County Building Department","2020","true","Local Building Department","no codeSourceUrl + codeRetrievedAtIso — every value on this row is unprovenanced"
"il-clinton-clinton-county","IL","Clinton County Building Department","2020","true","Local Building Department","no codeSourceUrl + codeRetrievedAtIso — every value on this row is unprovenanced"
"il-coles-coles-county","IL","Coles County Building Department","2020","true","Local Building Department","no codeSourceUrl + codeRetrievedAtIso — every value on this row is unprovenanced"
"il-cook-arlington-heights","IL","Village of Arlington Heights Building Department","2020","true","Local Building Department","no codeSourceUrl + codeRetrievedAtIso — every value on this row is unprovenanced"
"il-cook-evanston","IL","City of Evanston Building Department","2020","true","Local Building Department","no codeSourceUrl + codeRetrievedAtIso — every value on this row is unprovenanced"
"il-cook-oak-lawn","IL","Village of Oak Lawn Building Department","2020","true","Local Building Department","no codeSourceUrl + codeRetrievedAtIso — every value on this row is unprovenanced"
"il-cook-schaumburg","IL","Village of Schaumburg Building Department","2020","true","Local Building Department","no codeSourceUrl + codeRetrievedAtIso — every value on this row is unprovenanced"
"il-crawford-crawford-county","IL","Crawford County Building Department","2020","true","Local Building Department","no codeSourceUrl + codeRetrievedAtIso — every value on this row is unprovenanced"
"il-cumberland-cumberland-county","IL","Cumberland County Building Department","2020","true","Local Building Department","no codeSourceUrl + codeRetrievedAtIso — every value on this row is unprovenanced"
"il-de-witt-de-witt-county","IL","De Witt County Building Department","2020","true","Local Building Department","no codeSourceUrl + codeRetrievedAtIso — every value on this row is unprovenanced"
"il-dekalb-dekalb-county","IL","DeKalb County Building Department","2020","true","Local Building Department","no codeSourceUrl + codeRetrievedAtIso — every value on this row is unprovenanced"
"il-douglas-douglas-county","IL","Douglas County Building Department","2020","true","Local Building Department","no codeSourceUrl + codeRetrievedAtIso — every value on this row is unprovenanced"
"il-dupage-dupage-county","IL","DuPage County Building Department","2020","true","Local Building Department","no codeSourceUrl + codeRetrievedAtIso — every value on this row is unprovenanced"
"il-edgar-edgar-county","IL","Edgar County Building Department","2020","true","Local Building Department","no codeSourceUrl + codeRetrievedAtIso — every value on this row is unprovenanced"
"il-edwards-edwards-county","IL","Edwards County Building Department","2020","true","Local Building Department","no codeSourceUrl + codeRetrievedAtIso — every value on this row is unprovenanced"
"il-effingham-effingham-county","IL","Effingham County Building Department","2020","true","Local Building Department","no codeSourceUrl + codeRetrievedAtIso — every value on this row is unprovenanced"
"il-fayette-fayette-county","IL","Fayette County Building Department","2020","true","Local Building Department","no codeSourceUrl + codeRetrievedAtIso — every value on this row is unprovenanced"
"il-ford-ford-county","IL","Ford County Building Department","2020","true","Local Building Department","no codeSourceUrl + codeRetrievedAtIso — every value on this row is unprovenanced"
"il-franklin-franklin-county","IL","Franklin County Building Department","2020","true","Local Building Department","no codeSourceUrl + codeRetrievedAtIso — every value on this row is unprovenanced"
"il-fulton-fulton-county","IL","Fulton County Building Department","2020","true","Local Building Department","no codeSourceUrl + codeRetrievedAtIso — every value on this row is unprovenanced"
"il-gallatin-gallatin-county","IL","Gallatin County Building Department","2020","true","Local Building Department","no codeSourceUrl + codeRetrievedAtIso — every value on this row is unprovenanced"
"il-greene-greene-county","IL","Greene County Building Department","2020","true","Local Building Department","no codeSourceUrl + codeRetrievedAtIso — every value on this row is unprovenanced"
"il-grundy-grundy-county","IL","Grundy County Building Department","2020","true","Local Building Department","no codeSourceUrl + codeRetrievedAtIso — every value on this row is unprovenanced"
"il-hamilton-hamilton-county","IL","Hamilton County Building Department","2020","true","Local Building Department","no codeSourceUrl + codeRetrievedAtIso — every value on this row is unprovenanced"
"il-hancock-hancock-county","IL","Hancock County Building Department","2020","true","Local Building Department","no codeSourceUrl + codeRetrievedAtIso — every value on this row is unprovenanced"
"il-hardin-hardin-county","IL","Hardin County Building Department","2020","true","Local Building Department","no codeSourceUrl + codeRetrievedAtIso — every value on this row is unprovenanced"
"il-henderson-henderson-county","IL","Henderson County Building Department","2020","true","Local Building Department","no codeSourceUrl + codeRetrievedAtIso — every value on this row is unprovenanced"
"il-henry-henry-county","IL","Henry County Building Department","2020","true","Local Building Department","no codeSourceUrl + codeRetrievedAtIso — every value on this row is unprovenanced"
"il-iroquois-iroquois-county","IL","Iroquois County Building Department","2020","true","Local Building Department","no codeSourceUrl + codeRetrievedAtIso — every value on this row is unprovenanced"
"il-jackson-carbondale","IL","City of Carbondale Building Department","2020","true","Local Building Department","no codeSourceUrl + codeRetrievedAtIso — every value on this row is unprovenanced"
"il-jackson-jackson-county","IL","Jackson County Building Department","2020","true","Local Building Department","no codeSourceUrl + codeRetrievedAtIso — every value on this row is unprovenanced"
"il-jasper-jasper-county","IL","Jasper County Building Department","2020","true","Local Building Department","no codeSourceUrl + codeRetrievedAtIso — every value on this row is unprovenanced"
"il-jefferson-jefferson-county","IL","Jefferson County Building Department","2020","true","Local Building Department","no codeSourceUrl + codeRetrievedAtIso — every value on this row is unprovenanced"
"il-jersey-jersey-county","IL","Jersey County Building Department","2020","true","Local Building Department","no codeSourceUrl + codeRetrievedAtIso — every value on this row is unprovenanced"
"il-jo-daviess-jo-daviess-county","IL","Jo Daviess County Building Department","2020","true","Local Building Department","no codeSourceUrl + codeRetrievedAtIso — every value on this row is unprovenanced"
"il-johnson-johnson-county","IL","Johnson County Building Department","2020","true","Local Building Department","no codeSourceUrl + codeRetrievedAtIso — every value on this row is unprovenanced"
"il-kane-kane-county","IL","Kane County Building Department","2020","true","Local Building Department","no codeSourceUrl + codeRetrievedAtIso — every value on this row is unprovenanced"
"il-kankakee-kankakee-county","IL","Kankakee County Building Department","2020","true","Local Building Department","no codeSourceUrl + codeRetrievedAtIso — every value on this row is unprovenanced"
"il-kendall-kendall-county","IL","Kendall County Building Department","2020","true","Local Building Department","no codeSourceUrl + codeRetrievedAtIso — every value on this row is unprovenanced"
"il-knox-knox-county","IL","Knox County Building Department","2020","true","Local Building Department","no codeSourceUrl + codeRetrievedAtIso — every value on this row is unprovenanced"
"il-lake-lake-county","IL","Lake County Building Department","2020","true","Local Building Department","no codeSourceUrl + codeRetrievedAtIso — every value on this row is unprovenanced"
"il-lasalle-lasalle-county","IL","LaSalle County Building Department","2020","true","Local Building Department","no codeSourceUrl + codeRetrievedAtIso — every value on this row is unprovenanced"
"il-lawrence-lawrence-county","IL","Lawrence County Building Department","2020","true","Local Building Department","no codeSourceUrl + codeRetrievedAtIso — every value on this row is unprovenanced"
"il-lee-lee-county","IL","Lee County Building Department","2020","true","Local Building Department","no codeSourceUrl + codeRetrievedAtIso — every value on this row is unprovenanced"
"il-livingston-livingston-county","IL","Livingston County Building Department","2020","true","Local Building Department","no codeSourceUrl + codeRetrievedAtIso — every value on this row is unprovenanced"
"il-logan-logan-county","IL","Logan County Building Department","2020","true","Local Building Department","no codeSourceUrl + codeRetrievedAtIso — every value on this row is unprovenanced"
"il-macon-decatur","IL","City of Decatur Building Department","2020","true","Local Building Department","no codeSourceUrl + codeRetrievedAtIso — every value on this row is unprovenanced"
"il-macon-macon-county","IL","Macon County Building Department","2020","true","Local Building Department","no codeSourceUrl + codeRetrievedAtIso — every value on this row is unprovenanced"
"il-macoupin-macoupin-county","IL","Macoupin County Building Department","2020","true","Local Building Department","no codeSourceUrl + codeRetrievedAtIso — every value on this row is unprovenanced"
"il-marion-marion-county","IL","Marion County Building Department","2020","true","Local Building Department","no codeSourceUrl + codeRetrievedAtIso — every value on this row is unprovenanced"
"il-marshall-marshall-county","IL","Marshall County Building Department","2020","true","Local Building Department","no codeSourceUrl + codeRetrievedAtIso — every value on this row is unprovenanced"
"il-mason-mason-county","IL","Mason County Building Department","2020","true","Local Building Department","no codeSourceUrl + codeRetrievedAtIso — every value on this row is unprovenanced"
"il-massac-massac-county","IL","Massac County Building Department","2020","true","Local Building Department","no codeSourceUrl + codeRetrievedAtIso — every value on this row is unprovenanced"
"il-mcdonough-mcdonough-county","IL","McDonough County Building Department","2020","true","Local Building Department","no codeSourceUrl + codeRetrievedAtIso — every value on this row is unprovenanced"
"il-mchenry-mchenry-county","IL","McHenry County Building Department","2020","true","Local Building Department","no codeSourceUrl + codeRetrievedAtIso — every value on this row is unprovenanced"
"il-mclean-bloomington","IL","City of Bloomington Building Department","2020","true","Local Building Department","no codeSourceUrl + codeRetrievedAtIso — every value on this row is unprovenanced"
"il-mclean-normal","IL","Town of Normal Building Department","2020","true","Local Building Department","no codeSourceUrl + codeRetrievedAtIso — every value on this row is unprovenanced"
"il-mclean-mclean-county","IL","McLean County Building Department","2020","true","Local Building Department","no codeSourceUrl + codeRetrievedAtIso — every value on this row is unprovenanced"
"il-menard-menard-county","IL","Menard County Building Department","2020","true","Local Building Department","no codeSourceUrl + codeRetrievedAtIso — every value on this row is unprovenanced"
"il-mercer-mercer-county","IL","Mercer County Building Department","2020","true","Local Building Department","no codeSourceUrl + codeRetrievedAtIso — every value on this row is unprovenanced"
"il-monroe-monroe-county","IL","Monroe County Building Department","2020","true","Local Building Department","no codeSourceUrl + codeRetrievedAtIso — every value on this row is unprovenanced"
"il-montgomery-montgomery-county","IL","Montgomery County Building Department","2020","true","Local Building Department","no codeSourceUrl + codeRetrievedAtIso — every value on this row is unprovenanced"
"il-morgan-morgan-county","IL","Morgan County Building Department","2020","true","Local Building Department","no codeSourceUrl + codeRetrievedAtIso — every value on this row is unprovenanced"
"il-moultrie-moultrie-county","IL","Moultrie County Building Department","2020","true","Local Building Department","no codeSourceUrl + codeRetrievedAtIso — every value on this row is unprovenanced"
"il-ogle-ogle-county","IL","Ogle County Building Department","2020","true","Local Building Department","no codeSourceUrl + codeRetrievedAtIso — every value on this row is unprovenanced"
"il-peoria-peoria","IL","City of Peoria Building Department","2020","true","Local Building Department","no codeSourceUrl + codeRetrievedAtIso — every value on this row is unprovenanced"
"il-peoria-peoria-county","IL","Peoria County Building Department","2020","true","Local Building Department","no codeSourceUrl + codeRetrievedAtIso — every value on this row is unprovenanced"
"il-perry-perry-county","IL","Perry County Building Department","2020","true","Local Building Department","no codeSourceUrl + codeRetrievedAtIso — every value on this row is unprovenanced"
"il-piatt-piatt-county","IL","Piatt County Building Department","2020","true","Local Building Department","no codeSourceUrl + codeRetrievedAtIso — every value on this row is unprovenanced"
"il-pike-pike-county","IL","Pike County Building Department","2020","true","Local Building Department","no codeSourceUrl + codeRetrievedAtIso — every value on this row is unprovenanced"
"il-pope-pope-county","IL","Pope County Building Department","2020","true","Local Building Department","no codeSourceUrl + codeRetrievedAtIso — every value on this row is unprovenanced"
"il-pulaski-pulaski-county","IL","Pulaski County Building Department","2020","true","Local Building Department","no codeSourceUrl + codeRetrievedAtIso — every value on this row is unprovenanced"
"il-putnam-putnam-county","IL","Putnam County Building Department","2020","true","Local Building Department","no codeSourceUrl + codeRetrievedAtIso — every value on this row is unprovenanced"
"il-randolph-randolph-county","IL","Randolph County Building Department","2020","true","Local Building Department","no codeSourceUrl + codeRetrievedAtIso — every value on this row is unprovenanced"
"il-richland-richland-county","IL","Richland County Building Department","2020","true","Local Building Department","no codeSourceUrl + codeRetrievedAtIso — every value on this row is unprovenanced"
"il-rock-island-rock-island-county","IL","Rock Island County Building Department","2020","true","Local Building Department","no codeSourceUrl + codeRetrievedAtIso — every value on this row is unprovenanced"
"il-saline-saline-county","IL","Saline County Building Department","2020","true","Local Building Department","no codeSourceUrl + codeRetrievedAtIso — every value on this row is unprovenanced"
"il-sangamon-sangamon-county","IL","Sangamon County Building Department","2020","true","Local Building Department","no codeSourceUrl + codeRetrievedAtIso — every value on this row is unprovenanced"
"il-schuyler-schuyler-county","IL","Schuyler County Building Department","2020","true","Local Building Department","no codeSourceUrl + codeRetrievedAtIso — every value on this row is unprovenanced"
"il-scott-scott-county","IL","Scott County Building Department","2020","true","Local Building Department","no codeSourceUrl + codeRetrievedAtIso — every value on this row is unprovenanced"
"il-shelby-shelby-county","IL","Shelby County Building Department","2020","true","Local Building Department","no codeSourceUrl + codeRetrievedAtIso — every value on this row is unprovenanced"
"il-st-clair-st-clair-county","IL","St. Clair County Building Department","2020","true","Local Building Department","no codeSourceUrl + codeRetrievedAtIso — every value on this row is unprovenanced"
"il-stark-stark-county","IL","Stark County Building Department","2020","true","Local Building Department","no codeSourceUrl + codeRetrievedAtIso — every value on this row is unprovenanced"
"il-stephenson-stephenson-county","IL","Stephenson County Building Department","2020","true","Local Building Department","no codeSourceUrl + codeRetrievedAtIso — every value on this row is unprovenanced"
"il-tazewell-tazewell-county","IL","Tazewell County Building Department","2020","true","Local Building Department","no codeSourceUrl + codeRetrievedAtIso — every value on this row is unprovenanced"
"il-union-union-county","IL","Union County Building Department","2020","true","Local Building Department","no codeSourceUrl + codeRetrievedAtIso — every value on this row is unprovenanced"
"il-vermilion-vermilion-county","IL","Vermilion County Building Department","2020","true","Local Building Department","no codeSourceUrl + codeRetrievedAtIso — every value on this row is unprovenanced"
"il-wabash-wabash-county","IL","Wabash County Building Department","2020","true","Local Building Department","no codeSourceUrl + codeRetrievedAtIso — every value on this row is unprovenanced"
"il-warren-warren-county","IL","Warren County Building Department","2020","true","Local Building Department","no codeSourceUrl + codeRetrievedAtIso — every value on this row is unprovenanced"
"il-washington-washington-county","IL","Washington County Building Department","2020","true","Local Building Department","no codeSourceUrl + codeRetrievedAtIso — every value on this row is unprovenanced"
"il-wayne-wayne-county","IL","Wayne County Building Department","2020","true","Local Building Department","no codeSourceUrl + codeRetrievedAtIso — every value on this row is unprovenanced"
"il-white-white-county","IL","White County Building Department","2020","true","Local Building Department","no codeSourceUrl + codeRetrievedAtIso — every value on this row is unprovenanced"
"il-whiteside-whiteside-county","IL","Whiteside County Building Department","2020","true","Local Building Department","no codeSourceUrl + codeRetrievedAtIso — every value on this row is unprovenanced"
"il-will-bolingbrook","IL","Village of Bolingbrook Building Department","2020","true","Local Building Department","no codeSourceUrl + codeRetrievedAtIso — every value on this row is unprovenanced"
"il-will-romeoville","IL","Village of Romeoville Building Department","2020","true","Local Building Department","no codeSourceUrl + codeRetrievedAtIso — every value on this row is unprovenanced"
"il-will-will-county","IL","Will County Building Department","2020","true","Local Building Department","no codeSourceUrl + codeRetrievedAtIso — every value on this row is unprovenanced"
"il-williamson-williamson-county","IL","Williamson County Building Department","2020","true","Local Building Department","no codeSourceUrl + codeRetrievedAtIso — every value on this row is unprovenanced"
"il-winnebago-winnebago-county","IL","Winnebago County Building Department","2020","true","Local Building Department","no codeSourceUrl + codeRetrievedAtIso — every value on this row is unprovenanced"
"il-woodford-woodford-county","IL","Woodford County Building Department","2020","true","Local Building Department","no codeSourceUrl + codeRetrievedAtIso — every value on this row is unprovenanced"
"in-adams-adams-county","IN","Adams County Building Department","2020","true","Local Building Department","no codeSourceUrl + codeRetrievedAtIso — every value on this row is unprovenanced"
"in-allen-fort-wayne","IN","City of Fort Wayne Building Department","2020","true","Local Building Department","no codeSourceUrl + codeRetrievedAtIso — every value on this row is unprovenanced"
"in-allen-allen-county","IN","Allen County Building Department","2020","true","Local Building Department","no codeSourceUrl + codeRetrievedAtIso — every value on this row is unprovenanced"
"in-bartholomew-columbus","IN","City of Columbus Building Dept","2020","true","Local Building Department","no codeSourceUrl + codeRetrievedAtIso — every value on this row is unprovenanced"
"in-bartholomew-bartholomew-county","IN","Bartholomew County Building Department","2020","true","Local Building Department","no codeSourceUrl + codeRetrievedAtIso — every value on this row is unprovenanced"
"in-benton-benton-county","IN","Benton County Building Department","2020","true","Local Building Department","no codeSourceUrl + codeRetrievedAtIso — every value on this row is unprovenanced"
"in-blackford-blackford-county","IN","Blackford County Building Department","2020","true","Local Building Department","no codeSourceUrl + codeRetrievedAtIso — every value on this row is unprovenanced"
"in-boone-boone-county","IN","Boone County Building Department","2020","true","Local Building Department","no codeSourceUrl + codeRetrievedAtIso — every value on this row is unprovenanced"
"in-boone-zionsville","IN","Town of Zionsville Building Dept","2020","true","Local Building Department","no codeSourceUrl + codeRetrievedAtIso — every value on this row is unprovenanced"
"in-brown-brown-county","IN","Brown County Building Department","2020","true","Local Building Department","no codeSourceUrl + codeRetrievedAtIso — every value on this row is unprovenanced"
"in-carroll-carroll-county","IN","Carroll County Building Department","2020","true","Local Building Department","no codeSourceUrl + codeRetrievedAtIso — every value on this row is unprovenanced"
"in-cass-cass-county","IN","Cass County Building Department","2020","true","Local Building Department","no codeSourceUrl + codeRetrievedAtIso — every value on this row is unprovenanced"
"in-clark-clark-county","IN","Clark County Building Department","2020","true","Local Building Department","no codeSourceUrl + codeRetrievedAtIso — every value on this row is unprovenanced"
"in-clay-clay-county","IN","Clay County Building Department","2020","true","Local Building Department","no codeSourceUrl + codeRetrievedAtIso — every value on this row is unprovenanced"
"in-clinton-clinton-county","IN","Clinton County Building Department","2020","true","Local Building Department","no codeSourceUrl + codeRetrievedAtIso — every value on this row is unprovenanced"
"in-crawford-crawford-county","IN","Crawford County Building Department","2020","true","Local Building Department","no codeSourceUrl + codeRetrievedAtIso — every value on this row is unprovenanced"
"in-daviess-daviess-county","IN","Daviess County Building Department","2020","true","Local Building Department","no codeSourceUrl + codeRetrievedAtIso — every value on this row is unprovenanced"
"in-dearborn-dearborn-county","IN","Dearborn County Building Department","2020","true","Local Building Department","no codeSourceUrl + codeRetrievedAtIso — every value on this row is unprovenanced"
"in-decatur-decatur-county","IN","Decatur County Building Department","2020","true","Local Building Department","no codeSourceUrl + codeRetrievedAtIso — every value on this row is unprovenanced"
"in-dekalb-dekalb-county","IN","DeKalb County Building Department","2020","true","Local Building Department","no codeSourceUrl + codeRetrievedAtIso — every value on this row is unprovenanced"
"in-delaware-muncie","IN","City of Muncie Building Department","2020","true","Local Building Department","no codeSourceUrl + codeRetrievedAtIso — every value on this row is unprovenanced"
"in-delaware-delaware-county","IN","Delaware County Building Department","2020","true","Local Building Department","no codeSourceUrl + codeRetrievedAtIso — every value on this row is unprovenanced"
"in-dubois-dubois-county","IN","Dubois County Building Department","2020","true","Local Building Department","no codeSourceUrl + codeRetrievedAtIso — every value on this row is unprovenanced"
"in-elkhart-elkhart","IN","City of Elkhart Building Department","2020","true","Local Building Department","no codeSourceUrl + codeRetrievedAtIso — every value on this row is unprovenanced"
"in-elkhart-elkhart-county","IN","Elkhart County Building Department","2020","true","Local Building Department","no codeSourceUrl + codeRetrievedAtIso — every value on this row is unprovenanced"
"in-fayette-fayette-county","IN","Fayette County Building Department","2020","true","Local Building Department","no codeSourceUrl + codeRetrievedAtIso — every value on this row is unprovenanced"
"in-floyd-floyd-county","IN","Floyd County Building Department","2020","true","Local Building Department","no codeSourceUrl + codeRetrievedAtIso — every value on this row is unprovenanced"
"in-fountain-fountain-county","IN","Fountain County Building Department","2020","true","Local Building Department","no codeSourceUrl + codeRetrievedAtIso — every value on this row is unprovenanced"
"in-franklin-franklin-county","IN","Franklin County Building Department","2020","true","Local Building Department","no codeSourceUrl + codeRetrievedAtIso — every value on this row is unprovenanced"
"in-fulton-fulton-county","IN","Fulton County Building Department","2020","true","Local Building Department","no codeSourceUrl + codeRetrievedAtIso — every value on this row is unprovenanced"
"in-gibson-gibson-county","IN","Gibson County Building Department","2020","true","Local Building Department","no codeSourceUrl + codeRetrievedAtIso — every value on this row is unprovenanced"
"in-grant-grant-county","IN","Grant County Building Department","2020","true","Local Building Department","no codeSourceUrl + codeRetrievedAtIso — every value on this row is unprovenanced"
"in-greene-greene-county","IN","Greene County Building Department","2020","true","Local Building Department","no codeSourceUrl + codeRetrievedAtIso — every value on this row is unprovenanced"
"in-hamilton-carmel","IN","City of Carmel Building Department","2020","true","Local Building Department","no codeSourceUrl + codeRetrievedAtIso — every value on this row is unprovenanced"
"in-hamilton-fishers","IN","City of Fishers Building Department","2020","true","Local Building Department","no codeSourceUrl + codeRetrievedAtIso — every value on this row is unprovenanced"
"in-hamilton-noblesville","IN","City of Noblesville Building Department","2020","true","Local Building Department","no codeSourceUrl + codeRetrievedAtIso — every value on this row is unprovenanced"
"in-hamilton-hamilton-county","IN","Hamilton County Building Department","2020","true","Local Building Department","no codeSourceUrl + codeRetrievedAtIso — every value on this row is unprovenanced"
"in-hamilton-westfield","IN","City of Westfield Building Department","2020","true","Local Building Department","no codeSourceUrl + codeRetrievedAtIso — every value on this row is unprovenanced"
"in-hancock-hancock-county","IN","Hancock County Building Department","2020","true","Local Building Department","no codeSourceUrl + codeRetrievedAtIso — every value on this row is unprovenanced"
"in-harrison-harrison-county","IN","Harrison County Building Department","2020","true","Local Building Department","no codeSourceUrl + codeRetrievedAtIso — every value on this row is unprovenanced"
"in-hendricks-plainfield","IN","Town of Plainfield Building Department","2020","true","Local Building Department","no codeSourceUrl + codeRetrievedAtIso — every value on this row is unprovenanced"
"in-hendricks-hendricks-county","IN","Hendricks County Building Department","2020","true","Local Building Department","no codeSourceUrl + codeRetrievedAtIso — every value on this row is unprovenanced"
"in-henry-henry-county","IN","Henry County Building Department","2020","true","Local Building Department","no codeSourceUrl + codeRetrievedAtIso — every value on this row is unprovenanced"
"in-howard-howard-county","IN","Howard County Building Department","2020","true","Local Building Department","no codeSourceUrl + codeRetrievedAtIso — every value on this row is unprovenanced"
"in-huntington-huntington-county","IN","Huntington County Building Department","2020","true","Local Building Department","no codeSourceUrl + codeRetrievedAtIso — every value on this row is unprovenanced"
"in-jackson-jackson-county","IN","Jackson County Building Department","2020","true","Local Building Department","no codeSourceUrl + codeRetrievedAtIso — every value on this row is unprovenanced"
"in-jasper-jasper-county","IN","Jasper County Building Department","2020","true","Local Building Department","no codeSourceUrl + codeRetrievedAtIso — every value on this row is unprovenanced"
"in-jay-jay-county","IN","Jay County Building Department","2020","true","Local Building Department","no codeSourceUrl + codeRetrievedAtIso — every value on this row is unprovenanced"
"in-jefferson-jefferson-county","IN","Jefferson County Building Department","2020","true","Local Building Department","no codeSourceUrl + codeRetrievedAtIso — every value on this row is unprovenanced"
"in-jennings-jennings-county","IN","Jennings County Building Department","2020","true","Local Building Department","no codeSourceUrl + codeRetrievedAtIso — every value on this row is unprovenanced"
"in-johnson-greenwood","IN","City of Greenwood Building Department","2020","true","Local Building Department","no codeSourceUrl + codeRetrievedAtIso — every value on this row is unprovenanced"
"in-johnson-johnson-county","IN","Johnson County Building Department","2020","true","Local Building Department","no codeSourceUrl + codeRetrievedAtIso — every value on this row is unprovenanced"
"in-knox-knox-county","IN","Knox County Building Department","2020","true","Local Building Department","no codeSourceUrl + codeRetrievedAtIso — every value on this row is unprovenanced"
"in-kosciusko-kosciusko-county","IN","Kosciusko County Building Department","2020","true","Local Building Department","no codeSourceUrl + codeRetrievedAtIso — every value on this row is unprovenanced"
"in-lagrange-lagrange-county","IN","LaGrange County Building Department","2020","true","Local Building Department","no codeSourceUrl + codeRetrievedAtIso — every value on this row is unprovenanced"
"in-lake-lake-county","IN","Lake County Building Department","2020","true","Local Building Department","no codeSourceUrl + codeRetrievedAtIso — every value on this row is unprovenanced"
"in-laporte-laporte-county","IN","LaPorte County Building Department","2020","true","Local Building Department","no codeSourceUrl + codeRetrievedAtIso — every value on this row is unprovenanced"
"in-lawrence-lawrence-county","IN","Lawrence County Building Department","2020","true","Local Building Department","no codeSourceUrl + codeRetrievedAtIso — every value on this row is unprovenanced"
"in-madison-anderson","IN","City of Anderson Building Department","2020","true","Local Building Department","no codeSourceUrl + codeRetrievedAtIso — every value on this row is unprovenanced"
"in-madison-madison-county","IN","Madison County Building Department","2020","true","Local Building Department","no codeSourceUrl + codeRetrievedAtIso — every value on this row is unprovenanced"
"in-marion-marion-county","IN","Marion County Building Department","2020","true","Local Building Department","no codeSourceUrl + codeRetrievedAtIso — every value on this row is unprovenanced"
"in-marshall-marshall-county","IN","Marshall County Building Department","2020","true","Local Building Department","no codeSourceUrl + codeRetrievedAtIso — every value on this row is unprovenanced"
"in-martin-martin-county","IN","Martin County Building Department","2020","true","Local Building Department","no codeSourceUrl + codeRetrievedAtIso — every value on this row is unprovenanced"
"in-miami-miami-county","IN","Miami County Building Department","2020","true","Local Building Department","no codeSourceUrl + codeRetrievedAtIso — every value on this row is unprovenanced"
"in-monroe-bloomington","IN","City of Bloomington Building Department","2020","true","Local Building Department","no codeSourceUrl + codeRetrievedAtIso — every value on this row is unprovenanced"
"in-monroe-monroe-county","IN","Monroe County Building Department","2020","true","Local Building Department","no codeSourceUrl + codeRetrievedAtIso — every value on this row is unprovenanced"
"in-montgomery-montgomery-county","IN","Montgomery County Building Department","2020","true","Local Building Department","no codeSourceUrl + codeRetrievedAtIso — every value on this row is unprovenanced"
"in-morgan-morgan-county","IN","Morgan County Building Department","2020","true","Local Building Department","no codeSourceUrl + codeRetrievedAtIso — every value on this row is unprovenanced"
"in-newton-newton-county","IN","Newton County Building Department","2020","true","Local Building Department","no codeSourceUrl + codeRetrievedAtIso — every value on this row is unprovenanced"
"in-noble-noble-county","IN","Noble County Building Department","2020","true","Local Building Department","no codeSourceUrl + codeRetrievedAtIso — every value on this row is unprovenanced"
"in-ohio-ohio-county","IN","Ohio County Building Department","2020","true","Local Building Department","no codeSourceUrl + codeRetrievedAtIso — every value on this row is unprovenanced"
"in-orange-orange-county","IN","Orange County Building Department","2020","true","Local Building Department","no codeSourceUrl + codeRetrievedAtIso — every value on this row is unprovenanced"
"in-owen-owen-county","IN","Owen County Building Department","2020","true","Local Building Department","no codeSourceUrl + codeRetrievedAtIso — every value on this row is unprovenanced"
"in-parke-parke-county","IN","Parke County Building Department","2020","true","Local Building Department","no codeSourceUrl + codeRetrievedAtIso — every value on this row is unprovenanced"
"in-perry-perry-county","IN","Perry County Building Department","2020","true","Local Building Department","no codeSourceUrl + codeRetrievedAtIso — every value on this row is unprovenanced"
"in-pike-pike-county","IN","Pike County Building Department","2020","true","Local Building Department","no codeSourceUrl + codeRetrievedAtIso — every value on this row is unprovenanced"
"in-porter-porter-county","IN","Porter County Building Department","2020","true","Local Building Department","no codeSourceUrl + codeRetrievedAtIso — every value on this row is unprovenanced"
"in-posey-posey-county","IN","Posey County Building Department","2020","true","Local Building Department","no codeSourceUrl + codeRetrievedAtIso — every value on this row is unprovenanced"
"in-pulaski-pulaski-county","IN","Pulaski County Building Department","2020","true","Local Building Department","no codeSourceUrl + codeRetrievedAtIso — every value on this row is unprovenanced"
"in-putnam-putnam-county","IN","Putnam County Building Department","2020","true","Local Building Department","no codeSourceUrl + codeRetrievedAtIso — every value on this row is unprovenanced"
"in-randolph-randolph-county","IN","Randolph County Building Department","2020","true","Local Building Department","no codeSourceUrl + codeRetrievedAtIso — every value on this row is unprovenanced"
"in-ripley-ripley-county","IN","Ripley County Building Department","2020","true","Local Building Department","no codeSourceUrl + codeRetrievedAtIso — every value on this row is unprovenanced"
"in-rush-rush-county","IN","Rush County Building Department","2020","true","Local Building Department","no codeSourceUrl + codeRetrievedAtIso — every value on this row is unprovenanced"
"in-scott-scott-county","IN","Scott County Building Department","2020","true","Local Building Department","no codeSourceUrl + codeRetrievedAtIso — every value on this row is unprovenanced"
"in-shelby-shelby-county","IN","Shelby County Building Department","2020","true","Local Building Department","no codeSourceUrl + codeRetrievedAtIso — every value on this row is unprovenanced"
"in-spencer-spencer-county","IN","Spencer County Building Department","2020","true","Local Building Department","no codeSourceUrl + codeRetrievedAtIso — every value on this row is unprovenanced"
"in-st-joseph-mishawaka","IN","City of Mishawaka Building Department","2020","true","Local Building Department","no codeSourceUrl + codeRetrievedAtIso — every value on this row is unprovenanced"
"in-st-joseph-south-bend","IN","City of South Bend Building Department","2020","true","Local Building Department","no codeSourceUrl + codeRetrievedAtIso — every value on this row is unprovenanced"
"in-st-joseph-st-joseph-county","IN","St. Joseph County Building Department","2020","true","Local Building Department","no codeSourceUrl + codeRetrievedAtIso — every value on this row is unprovenanced"
"in-starke-starke-county","IN","Starke County Building Department","2020","true","Local Building Department","no codeSourceUrl + codeRetrievedAtIso — every value on this row is unprovenanced"
"in-steuben-steuben-county","IN","Steuben County Building Department","2020","true","Local Building Department","no codeSourceUrl + codeRetrievedAtIso — every value on this row is unprovenanced"
"in-sullivan-sullivan-county","IN","Sullivan County Building Department","2020","true","Local Building Department","no codeSourceUrl + codeRetrievedAtIso — every value on this row is unprovenanced"
"in-switzerland-switzerland-county","IN","Switzerland County Building Department","2020","true","Local Building Department","no codeSourceUrl + codeRetrievedAtIso — every value on this row is unprovenanced"
"in-tippecanoe-lafayette","IN","City of Lafayette Building Department","2020","true","Local Building Department","no codeSourceUrl + codeRetrievedAtIso — every value on this row is unprovenanced"
"in-tippecanoe-tippecanoe-county","IN","Tippecanoe County Building Department","2020","true","Local Building Department","no codeSourceUrl + codeRetrievedAtIso — every value on this row is unprovenanced"
"in-tipton-tipton-county","IN","Tipton County Building Department","2020","true","Local Building Department","no codeSourceUrl + codeRetrievedAtIso — every value on this row is unprovenanced"
"in-union-union-county","IN","Union County Building Department","2020","true","Local Building Department","no codeSourceUrl + codeRetrievedAtIso — every value on this row is unprovenanced"
"in-vanderburgh-evansville","IN","City of Evansville Building Department","2020","true","Local Building Department","no codeSourceUrl + codeRetrievedAtIso — every value on this row is unprovenanced"
"in-vanderburgh-vanderburgh-county","IN","Vanderburgh County Building Department","2020","true","Local Building Department","no codeSourceUrl + codeRetrievedAtIso — every value on this row is unprovenanced"
"in-vermillion-vermillion-county","IN","Vermillion County Building Department","2020","true","Local Building Department","no codeSourceUrl + codeRetrievedAtIso — every value on this row is unprovenanced"
"in-vigo-vigo-county","IN","Vigo County Building Department","2020","true","Local Building Department","no codeSourceUrl + codeRetrievedAtIso — every value on this row is unprovenanced"
"in-wabash-wabash-county","IN","Wabash County Building Department","2020","true","Local Building Department","no codeSourceUrl + codeRetrievedAtIso — every value on this row is unprovenanced"
"in-warren-warren-county","IN","Warren County Building Department","2020","true","Local Building Department","no codeSourceUrl + codeRetrievedAtIso — every value on this row is unprovenanced"
"in-warrick-warrick-county","IN","Warrick County Building Department","2020","true","Local Building Department","no codeSourceUrl + codeRetrievedAtIso — every value on this row is unprovenanced"
"in-washington-washington-county","IN","Washington County Building Department","2020","true","Local Building Department","no codeSourceUrl + codeRetrievedAtIso — every value on this row is unprovenanced"
"in-wayne-wayne-county","IN","Wayne County Building Department","2020","true","Local Building Department","no codeSourceUrl + codeRetrievedAtIso — every value on this row is unprovenanced"
"in-wells-wells-county","IN","Wells County Building Department","2020","true","Local Building Department","no codeSourceUrl + codeRetrievedAtIso — every value on this row is unprovenanced"
"in-white-white-county","IN","White County Building Department","2020","true","Local Building Department","no codeSourceUrl + codeRetrievedAtIso — every value on this row is unprovenanced"
"in-whitley-whitley-county","IN","Whitley County Building Department","2020","true","Local Building Department","no codeSourceUrl + codeRetrievedAtIso — every value on this row is unprovenanced"
"ks-allen-allen-county","KS","Allen County Building Department","2017","true","Local Building Department","no codeSourceUrl + codeRetrievedAtIso — every value on this row is unprovenanced"
"ks-anderson-anderson-county","KS","Anderson County Building Department","2017","true","Local Building Department","no codeSourceUrl + codeRetrievedAtIso — every value on this row is unprovenanced"
"ks-atchison-atchison-county","KS","Atchison County Building Department","2017","true","Local Building Department","no codeSourceUrl + codeRetrievedAtIso — every value on this row is unprovenanced"
"ks-barber-barber-county","KS","Barber County Building Department","2017","true","Local Building Department","no codeSourceUrl + codeRetrievedAtIso — every value on this row is unprovenanced"
"ks-barton-barton-county","KS","Barton County Building Department","2017","true","Local Building Department","no codeSourceUrl + codeRetrievedAtIso — every value on this row is unprovenanced"
"ks-bourbon-bourbon-county","KS","Bourbon County Building Department","2017","true","Local Building Department","no codeSourceUrl + codeRetrievedAtIso — every value on this row is unprovenanced"
"ks-brown-brown-county","KS","Brown County Building Department","2017","true","Local Building Department","no codeSourceUrl + codeRetrievedAtIso — every value on this row is unprovenanced"
"ks-butler-butler-county","KS","Butler County Building Department","2017","true","Local Building Department","no codeSourceUrl + codeRetrievedAtIso — every value on this row is unprovenanced"
"ks-chase-chase-county","KS","Chase County Building Department","2017","true","Local Building Department","no codeSourceUrl + codeRetrievedAtIso — every value on this row is unprovenanced"
"ks-chautauqua-chautauqua-county","KS","Chautauqua County Building Department","2017","true","Local Building Department","no codeSourceUrl + codeRetrievedAtIso — every value on this row is unprovenanced"
"ks-cherokee-cherokee-county","KS","Cherokee County Building Department","2017","true","Local Building Department","no codeSourceUrl + codeRetrievedAtIso — every value on this row is unprovenanced"
"ks-cheyenne-cheyenne-county","KS","Cheyenne County Building Department","2017","true","Local Building Department","no codeSourceUrl + codeRetrievedAtIso — every value on this row is unprovenanced"
"ks-clark-clark-county","KS","Clark County Building Department","2017","true","Local Building Department","no codeSourceUrl + codeRetrievedAtIso — every value on this row is unprovenanced"
"ks-clay-clay-county","KS","Clay County Building Department","2017","true","Local Building Department","no codeSourceUrl + codeRetrievedAtIso — every value on this row is unprovenanced"
"ks-cloud-cloud-county","KS","Cloud County Building Department","2017","true","Local Building Department","no codeSourceUrl + codeRetrievedAtIso — every value on this row is unprovenanced"
"ks-coffey-coffey-county","KS","Coffey County Building Department","2017","true","Local Building Department","no codeSourceUrl + codeRetrievedAtIso — every value on this row is unprovenanced"
"ks-comanche-comanche-county","KS","Comanche County Building Department","2017","true","Local Building Department","no codeSourceUrl + codeRetrievedAtIso — every value on this row is unprovenanced"
"ks-cowley-cowley-county","KS","Cowley County Building Department","2017","true","Local Building Department","no codeSourceUrl + codeRetrievedAtIso — every value on this row is unprovenanced"
"ks-crawford-crawford-county","KS","Crawford County Building Department","2017","true","Local Building Department","no codeSourceUrl + codeRetrievedAtIso — every value on this row is unprovenanced"
"ks-decatur-decatur-county","KS","Decatur County Building Department","2017","true","Local Building Department","no codeSourceUrl + codeRetrievedAtIso — every value on this row is unprovenanced"
"ks-dickinson-dickinson-county","KS","Dickinson County Building Department","2017","true","Local Building Department","no codeSourceUrl + codeRetrievedAtIso — every value on this row is unprovenanced"
"ks-doniphan-doniphan-county","KS","Doniphan County Building Department","2017","true","Local Building Department","no codeSourceUrl + codeRetrievedAtIso — every value on this row is unprovenanced"
"ks-douglas-lawrence","KS","City of Lawrence Building Department","2017","true","Local Building Department","no codeSourceUrl + codeRetrievedAtIso — every value on this row is unprovenanced"
"ks-douglas-douglas-county","KS","Douglas County Building Department","2017","true","Local Building Department","no codeSourceUrl + codeRetrievedAtIso — every value on this row is unprovenanced"
"ks-edwards-edwards-county","KS","Edwards County Building Department","2017","true","Local Building Department","no codeSourceUrl + codeRetrievedAtIso — every value on this row is unprovenanced"
"ks-elk-elk-county","KS","Elk County Building Department","2017","true","Local Building Department","no codeSourceUrl + codeRetrievedAtIso — every value on this row is unprovenanced"
"ks-ellis-hays","KS","City of Hays Building Dept","2017","true","Local Building Department","no codeSourceUrl + codeRetrievedAtIso — every value on this row is unprovenanced"
"ks-ellis-ellis-county","KS","Ellis County Building Department","2017","true","Local Building Department","no codeSourceUrl + codeRetrievedAtIso — every value on this row is unprovenanced"
"ks-ellsworth-ellsworth-county","KS","Ellsworth County Building Department","2017","true","Local Building Department","no codeSourceUrl + codeRetrievedAtIso — every value on this row is unprovenanced"
"ks-finney-garden-city","KS","City of Garden City Building Dept","2017","true","Local Building Department","no codeSourceUrl + codeRetrievedAtIso — every value on this row is unprovenanced"
"ks-finney-finney-county","KS","Finney County Building Department","2017","true","Local Building Department","no codeSourceUrl + codeRetrievedAtIso — every value on this row is unprovenanced"
"ks-ford-dodge-city","KS","City of Dodge City Building Dept","2017","true","Local Building Department","no codeSourceUrl + codeRetrievedAtIso — every value on this row is unprovenanced"
"ks-ford-ford-county","KS","Ford County Building Department","2017","true","Local Building Department","no codeSourceUrl + codeRetrievedAtIso — every value on this row is unprovenanced"
"ks-franklin-franklin-county","KS","Franklin County Building Department","2017","true","Local Building Department","no codeSourceUrl + codeRetrievedAtIso — every value on this row is unprovenanced"
"ks-geary-geary-county","KS","Geary County Building Department","2017","true","Local Building Department","no codeSourceUrl + codeRetrievedAtIso — every value on this row is unprovenanced"
"ks-gove-gove-county","KS","Gove County Building Department","2017","true","Local Building Department","no codeSourceUrl + codeRetrievedAtIso — every value on this row is unprovenanced"
"ks-graham-graham-county","KS","Graham County Building Department","2017","true","Local Building Department","no codeSourceUrl + codeRetrievedAtIso — every value on this row is unprovenanced"
"ks-grant-grant-county","KS","Grant County Building Department","2017","true","Local Building Department","no codeSourceUrl + codeRetrievedAtIso — every value on this row is unprovenanced"
"ks-gray-gray-county","KS","Gray County Building Department","2017","true","Local Building Department","no codeSourceUrl + codeRetrievedAtIso — every value on this row is unprovenanced"
"ks-greeley-greeley-county","KS","Greeley County Building Department","2017","true","Local Building Department","no codeSourceUrl + codeRetrievedAtIso — every value on this row is unprovenanced"
"ks-greenwood-greenwood-county","KS","Greenwood County Building Department","2017","true","Local Building Department","no codeSourceUrl + codeRetrievedAtIso — every value on this row is unprovenanced"
"ks-hamilton-hamilton-county","KS","Hamilton County Building Department","2017","true","Local Building Department","no codeSourceUrl + codeRetrievedAtIso — every value on this row is unprovenanced"
"ks-harper-harper-county","KS","Harper County Building Department","2017","true","Local Building Department","no codeSourceUrl + codeRetrievedAtIso — every value on this row is unprovenanced"
"ks-harvey-harvey-county","KS","Harvey County Building Department","2017","true","Local Building Department","no codeSourceUrl + codeRetrievedAtIso — every value on this row is unprovenanced"
"ks-haskell-haskell-county","KS","Haskell County Building Department","2017","true","Local Building Department","no codeSourceUrl + codeRetrievedAtIso — every value on this row is unprovenanced"
"ks-hodgeman-hodgeman-county","KS","Hodgeman County Building Department","2017","true","Local Building Department","no codeSourceUrl + codeRetrievedAtIso — every value on this row is unprovenanced"
"ks-jackson-jackson-county","KS","Jackson County Building Department","2017","true","Local Building Department","no codeSourceUrl + codeRetrievedAtIso — every value on this row is unprovenanced"
"ks-jefferson-jefferson-county","KS","Jefferson County Building Department","2017","true","Local Building Department","no codeSourceUrl + codeRetrievedAtIso — every value on this row is unprovenanced"
"ks-jewell-jewell-county","KS","Jewell County Building Department","2017","true","Local Building Department","no codeSourceUrl + codeRetrievedAtIso — every value on this row is unprovenanced"
"ks-johnson-leawood","KS","City of Leawood Building Department","2017","true","Local Building Department","no codeSourceUrl + codeRetrievedAtIso — every value on this row is unprovenanced"
"ks-johnson-lenexa","KS","City of Lenexa Building Department","2017","true","Local Building Department","no codeSourceUrl + codeRetrievedAtIso — every value on this row is unprovenanced"
"ks-johnson-olathe","KS","City of Olathe Building Department","2017","true","Local Building Department","no codeSourceUrl + codeRetrievedAtIso — every value on this row is unprovenanced"
"ks-johnson-overland-park","KS","City of Overland Park Building Department","2017","true","Local Building Department","no codeSourceUrl + codeRetrievedAtIso — every value on this row is unprovenanced"
"ks-johnson-shawnee","KS","City of Shawnee Building Department","2017","true","Local Building Department","no codeSourceUrl + codeRetrievedAtIso — every value on this row is unprovenanced"
"ks-johnson-johnson-county","KS","Johnson County Building Department","2017","true","Local Building Department","no codeSourceUrl + codeRetrievedAtIso — every value on this row is unprovenanced"
"ks-kearny-kearny-county","KS","Kearny County Building Department","2017","true","Local Building Department","no codeSourceUrl + codeRetrievedAtIso — every value on this row is unprovenanced"
"ks-kingman-kingman-county","KS","Kingman County Building Department","2017","true","Local Building Department","no codeSourceUrl + codeRetrievedAtIso — every value on this row is unprovenanced"
"ks-kiowa-kiowa-county","KS","Kiowa County Building Department","2017","true","Local Building Department","no codeSourceUrl + codeRetrievedAtIso — every value on this row is unprovenanced"
"ks-labette-labette-county","KS","Labette County Building Department","2017","true","Local Building Department","no codeSourceUrl + codeRetrievedAtIso — every value on this row is unprovenanced"
"ks-lane-lane-county","KS","Lane County Building Department","2017","true","Local Building Department","no codeSourceUrl + codeRetrievedAtIso — every value on this row is unprovenanced"
"ks-leavenworth-leavenworth","KS","City of Leavenworth Building Department","2017","true","Local Building Department","no codeSourceUrl + codeRetrievedAtIso — every value on this row is unprovenanced"
"ks-leavenworth-leavenworth-county","KS","Leavenworth County Building Department","2017","true","Local Building Department","no codeSourceUrl + codeRetrievedAtIso — every value on this row is unprovenanced"
"ks-lincoln-lincoln-county","KS","Lincoln County Building Department","2017","true","Local Building Department","no codeSourceUrl + codeRetrievedAtIso — every value on this row is unprovenanced"
"ks-linn-linn-county","KS","Linn County Building Department","2017","true","Local Building Department","no codeSourceUrl + codeRetrievedAtIso — every value on this row is unprovenanced"
"ks-logan-logan-county","KS","Logan County Building Department","2017","true","Local Building Department","no codeSourceUrl + codeRetrievedAtIso — every value on this row is unprovenanced"
"ks-lyon-emporia","KS","City of Emporia Building Dept","2017","true","Local Building Department","no codeSourceUrl + codeRetrievedAtIso — every value on this row is unprovenanced"
"ks-lyon-lyon-county","KS","Lyon County Building Department","2017","true","Local Building Department","no codeSourceUrl + codeRetrievedAtIso — every value on this row is unprovenanced"
"ks-marion-marion-county","KS","Marion County Building Department","2017","true","Local Building Department","no codeSourceUrl + codeRetrievedAtIso — every value on this row is unprovenanced"
"ks-marshall-marshall-county","KS","Marshall County Building Department","2017","true","Local Building Department","no codeSourceUrl + codeRetrievedAtIso — every value on this row is unprovenanced"
"ks-mcpherson-mcpherson-county","KS","McPherson County Building Department","2017","true","Local Building Department","no codeSourceUrl + codeRetrievedAtIso — every value on this row is unprovenanced"
"ks-meade-meade-county","KS","Meade County Building Department","2017","true","Local Building Department","no codeSourceUrl + codeRetrievedAtIso — every value on this row is unprovenanced"
"ks-miami-miami-county","KS","Miami County Building Department","2017","true","Local Building Department","no codeSourceUrl + codeRetrievedAtIso — every value on this row is unprovenanced"
"ks-mitchell-mitchell-county","KS","Mitchell County Building Department","2017","true","Local Building Department","no codeSourceUrl + codeRetrievedAtIso — every value on this row is unprovenanced"
"ks-montgomery-montgomery-county","KS","Montgomery County Building Department","2017","true","Local Building Department","no codeSourceUrl + codeRetrievedAtIso — every value on this row is unprovenanced"
"ks-morris-morris-county","KS","Morris County Building Department","2017","true","Local Building Department","no codeSourceUrl + codeRetrievedAtIso — every value on this row is unprovenanced"
"ks-morton-morton-county","KS","Morton County Building Department","2017","true","Local Building Department","no codeSourceUrl + codeRetrievedAtIso — every value on this row is unprovenanced"
"ks-nemaha-nemaha-county","KS","Nemaha County Building Department","2017","true","Local Building Department","no codeSourceUrl + codeRetrievedAtIso — every value on this row is unprovenanced"
"ks-neosho-neosho-county","KS","Neosho County Building Department","2017","true","Local Building Department","no codeSourceUrl + codeRetrievedAtIso — every value on this row is unprovenanced"
"ks-ness-ness-county","KS","Ness County Building Department","2017","true","Local Building Department","no codeSourceUrl + codeRetrievedAtIso — every value on this row is unprovenanced"
"ks-norton-norton-county","KS","Norton County Building Department","2017","true","Local Building Department","no codeSourceUrl + codeRetrievedAtIso — every value on this row is unprovenanced"
"ks-osage-osage-county","KS","Osage County Building Department","2017","true","Local Building Department","no codeSourceUrl + codeRetrievedAtIso — every value on this row is unprovenanced"
"ks-osborne-osborne-county","KS","Osborne County Building Department","2017","true","Local Building Department","no codeSourceUrl + codeRetrievedAtIso — every value on this row is unprovenanced"
"ks-ottawa-ottawa-county","KS","Ottawa County Building Department","2017","true","Local Building Department","no codeSourceUrl + codeRetrievedAtIso — every value on this row is unprovenanced"
"ks-pawnee-pawnee-county","KS","Pawnee County Building Department","2017","true","Local Building Department","no codeSourceUrl + codeRetrievedAtIso — every value on this row is unprovenanced"
"ks-phillips-phillips-county","KS","Phillips County Building Department","2017","true","Local Building Department","no codeSourceUrl + codeRetrievedAtIso — every value on this row is unprovenanced"
"ks-pottawatomie-pottawatomie-county","KS","Pottawatomie County Building Department","2017","true","Local Building Department","no codeSourceUrl + codeRetrievedAtIso — every value on this row is unprovenanced"
"ks-pratt-pratt-county","KS","Pratt County Building Department","2017","true","Local Building Department","no codeSourceUrl + codeRetrievedAtIso — every value on this row is unprovenanced"
"ks-rawlins-rawlins-county","KS","Rawlins County Building Department","2017","true","Local Building Department","no codeSourceUrl + codeRetrievedAtIso — every value on this row is unprovenanced"
"ks-reno-reno-county","KS","Reno County Building Department","2017","true","Local Building Department","no codeSourceUrl + codeRetrievedAtIso — every value on this row is unprovenanced"
"ks-republic-republic-county","KS","Republic County Building Department","2017","true","Local Building Department","no codeSourceUrl + codeRetrievedAtIso — every value on this row is unprovenanced"
"ks-rice-rice-county","KS","Rice County Building Department","2017","true","Local Building Department","no codeSourceUrl + codeRetrievedAtIso — every value on this row is unprovenanced"
"ks-riley-manhattan","KS","City of Manhattan Building Department","2017","true","Local Building Department","no codeSourceUrl + codeRetrievedAtIso — every value on this row is unprovenanced"
"ks-riley-riley-county","KS","Riley County Building Department","2017","true","Local Building Department","no codeSourceUrl + codeRetrievedAtIso — every value on this row is unprovenanced"
"ks-rooks-rooks-county","KS","Rooks County Building Department","2017","true","Local Building Department","no codeSourceUrl + codeRetrievedAtIso — every value on this row is unprovenanced"
"ks-rush-rush-county","KS","Rush County Building Department","2017","true","Local Building Department","no codeSourceUrl + codeRetrievedAtIso — every value on this row is unprovenanced"
"ks-russell-russell-county","KS","Russell County Building Department","2017","true","Local Building Department","no codeSourceUrl + codeRetrievedAtIso — every value on this row is unprovenanced"
"ks-saline-saline-county","KS","Saline County Building Department","2017","true","Local Building Department","no codeSourceUrl + codeRetrievedAtIso — every value on this row is unprovenanced"
"ks-scott-scott-county","KS","Scott County Building Department","2017","true","Local Building Department","no codeSourceUrl + codeRetrievedAtIso — every value on this row is unprovenanced"
"ks-sedgwick-sedgwick-county","KS","Sedgwick County Building Department","2017","true","Local Building Department","no codeSourceUrl + codeRetrievedAtIso — every value on this row is unprovenanced"
"ks-seward-seward-county","KS","Seward County Building Department","2017","true","Local Building Department","no codeSourceUrl + codeRetrievedAtIso — every value on this row is unprovenanced"
"ks-shawnee-topeka","KS","City of Topeka Building Department","2017","true","Local Building Department","no codeSourceUrl + codeRetrievedAtIso — every value on this row is unprovenanced"
"ks-shawnee-shawnee-county","KS","Shawnee County Building Department","2017","true","Local Building Department","no codeSourceUrl + codeRetrievedAtIso — every value on this row is unprovenanced"
"ks-sheridan-sheridan-county","KS","Sheridan County Building Department","2017","true","Local Building Department","no codeSourceUrl + codeRetrievedAtIso — every value on this row is unprovenanced"
"ks-sherman-sherman-county","KS","Sherman County Building Department","2017","true","Local Building Department","no codeSourceUrl + codeRetrievedAtIso — every value on this row is unprovenanced"
"ks-smith-smith-county","KS","Smith County Building Department","2017","true","Local Building Department","no codeSourceUrl + codeRetrievedAtIso — every value on this row is unprovenanced"
"ks-stafford-stafford-county","KS","Stafford County Building Department","2017","true","Local Building Department","no codeSourceUrl + codeRetrievedAtIso — every value on this row is unprovenanced"
"ks-stanton-stanton-county","KS","Stanton County Building Department","2017","true","Local Building Department","no codeSourceUrl + codeRetrievedAtIso — every value on this row is unprovenanced"
"ks-stevens-stevens-county","KS","Stevens County Building Department","2017","true","Local Building Department","no codeSourceUrl + codeRetrievedAtIso — every value on this row is unprovenanced"
"ks-sumner-sumner-county","KS","Sumner County Building Department","2017","true","Local Building Department","no codeSourceUrl + codeRetrievedAtIso — every value on this row is unprovenanced"
"ks-thomas-thomas-county","KS","Thomas County Building Department","2017","true","Local Building Department","no codeSourceUrl + codeRetrievedAtIso — every value on this row is unprovenanced"
"ks-trego-trego-county","KS","Trego County Building Department","2017","true","Local Building Department","no codeSourceUrl + codeRetrievedAtIso — every value on this row is unprovenanced"
"ks-wabaunsee-wabaunsee-county","KS","Wabaunsee County Building Department","2017","true","Local Building Department","no codeSourceUrl + codeRetrievedAtIso — every value on this row is unprovenanced"
"ks-wallace-wallace-county","KS","Wallace County Building Department","2017","true","Local Building Department","no codeSourceUrl + codeRetrievedAtIso — every value on this row is unprovenanced"
"ks-washington-washington-county","KS","Washington County Building Department","2017","true","Local Building Department","no codeSourceUrl + codeRetrievedAtIso — every value on this row is unprovenanced"
"ks-wichita-wichita-county","KS","Wichita County Building Department","2017","true","Local Building Department","no codeSourceUrl + codeRetrievedAtIso — every value on this row is unprovenanced"
"ks-wilson-wilson-county","KS","Wilson County Building Department","2017","true","Local Building Department","no codeSourceUrl + codeRetrievedAtIso — every value on this row is unprovenanced"
"ks-woodson-woodson-county","KS","Woodson County Building Department","2017","true","Local Building Department","no codeSourceUrl + codeRetrievedAtIso — every value on this row is unprovenanced"
"ks-wyandotte-kansas-city","KS","Unified Government of Wyandotte County/KCK Building","2017","true","Local Building Department","no codeSourceUrl + codeRetrievedAtIso — every value on this row is unprovenanced"
"ks-wyandotte-wyandotte-county","KS","Wyandotte County Building Department","2017","true","Local Building Department","no codeSourceUrl + codeRetrievedAtIso — every value on this row is unprovenanced"
"ky-adair-adair-county","KY","Adair County Building Department","2017","true","Local Building Department","no codeSourceUrl + codeRetrievedAtIso — every value on this row is unprovenanced"
"ky-allen-allen-county","KY","Allen County Building Department","2017","true","Local Building Department","no codeSourceUrl + codeRetrievedAtIso — every value on this row is unprovenanced"
"ky-anderson-anderson-county","KY","Anderson County Building Department","2017","true","Local Building Department","no codeSourceUrl + codeRetrievedAtIso — every value on this row is unprovenanced"
"ky-ballard-ballard-county","KY","Ballard County Building Department","2017","true","Local Building Department","no codeSourceUrl + codeRetrievedAtIso — every value on this row is unprovenanced"
"ky-barren-barren-county","KY","Barren County Building Department","2017","true","Local Building Department","no codeSourceUrl + codeRetrievedAtIso — every value on this row is unprovenanced"
"ky-bath-bath-county","KY","Bath County Building Department","2017","true","Local Building Department","no codeSourceUrl + codeRetrievedAtIso — every value on this row is unprovenanced"
"ky-bell-bell-county","KY","Bell County Building Department","2017","true","Local Building Department","no codeSourceUrl + codeRetrievedAtIso — every value on this row is unprovenanced"
"ky-boone-florence","KY","City of Florence Building Dept","2017","true","Local Building Department","no codeSourceUrl + codeRetrievedAtIso — every value on this row is unprovenanced"
"ky-boone-boone-county","KY","Boone County Building Department","2017","true","Local Building Department","no codeSourceUrl + codeRetrievedAtIso — every value on this row is unprovenanced"
"ky-bourbon-bourbon-county","KY","Bourbon County Building Department","2017","true","Local Building Department","no codeSourceUrl + codeRetrievedAtIso — every value on this row is unprovenanced"
"ky-boyd-ashland","KY","City of Ashland Building Department","2017","true","Local Building Department","no codeSourceUrl + codeRetrievedAtIso — every value on this row is unprovenanced"
"ky-boyd-boyd-county","KY","Boyd County Building Department","2017","true","Local Building Department","no codeSourceUrl + codeRetrievedAtIso — every value on this row is unprovenanced"
"ky-boyle-danville","KY","City of Danville Building Dept","2017","true","Local Building Department","no codeSourceUrl + codeRetrievedAtIso — every value on this row is unprovenanced"
"ky-boyle-boyle-county","KY","Boyle County Building Department","2017","true","Local Building Department","no codeSourceUrl + codeRetrievedAtIso — every value on this row is unprovenanced"
"ky-bracken-bracken-county","KY","Bracken County Building Department","2017","true","Local Building Department","no codeSourceUrl + codeRetrievedAtIso — every value on this row is unprovenanced"
"ky-breathitt-breathitt-county","KY","Breathitt County Building Department","2017","true","Local Building Department","no codeSourceUrl + codeRetrievedAtIso — every value on this row is unprovenanced"
"ky-breckinridge-breckinridge-county","KY","Breckinridge County Building Department","2017","true","Local Building Department","no codeSourceUrl + codeRetrievedAtIso — every value on this row is unprovenanced"
"ky-bullitt-bullitt-county","KY","Bullitt County Building Department","2017","true","Local Building Department","no codeSourceUrl + codeRetrievedAtIso — every value on this row is unprovenanced"
"ky-butler-butler-county","KY","Butler County Building Department","2017","true","Local Building Department","no codeSourceUrl + codeRetrievedAtIso — every value on this row is unprovenanced"
"ky-caldwell-caldwell-county","KY","Caldwell County Building Department","2017","true","Local Building Department","no codeSourceUrl + codeRetrievedAtIso — every value on this row is unprovenanced"
"ky-calloway-calloway-county","KY","Calloway County Building Department","2017","true","Local Building Department","no codeSourceUrl + codeRetrievedAtIso — every value on this row is unprovenanced"
"ky-campbell-campbell-county","KY","Campbell County Building Department","2017","true","Local Building Department","no codeSourceUrl + codeRetrievedAtIso — every value on this row is unprovenanced"
"ky-carlisle-carlisle-county","KY","Carlisle County Building Department","2017","true","Local Building Department","no codeSourceUrl + codeRetrievedAtIso — every value on this row is unprovenanced"
"ky-carroll-carroll-county","KY","Carroll County Building Department","2017","true","Local Building Department","no codeSourceUrl + codeRetrievedAtIso — every value on this row is unprovenanced"
"ky-carter-carter-county","KY","Carter County Building Department","2017","true","Local Building Department","no codeSourceUrl + codeRetrievedAtIso — every value on this row is unprovenanced"
"ky-casey-casey-county","KY","Casey County Building Department","2017","true","Local Building Department","no codeSourceUrl + codeRetrievedAtIso — every value on this row is unprovenanced"
"ky-christian-hopkinsville","KY","City of Hopkinsville Building Dept","2017","true","Local Building Department","no codeSourceUrl + codeRetrievedAtIso — every value on this row is unprovenanced"
"ky-christian-christian-county","KY","Christian County Building Department","2017","true","Local Building Department","no codeSourceUrl + codeRetrievedAtIso — every value on this row is unprovenanced"
"ky-clark-clark-county","KY","Clark County Building Department","2017","true","Local Building Department","no codeSourceUrl + codeRetrievedAtIso — every value on this row is unprovenanced"
"ky-clay-clay-county","KY","Clay County Building Department","2017","true","Local Building Department","no codeSourceUrl + codeRetrievedAtIso — every value on this row is unprovenanced"
"ky-clinton-clinton-county","KY","Clinton County Building Department","2017","true","Local Building Department","no codeSourceUrl + codeRetrievedAtIso — every value on this row is unprovenanced"
"ky-crittenden-crittenden-county","KY","Crittenden County Building Department","2017","true","Local Building Department","no codeSourceUrl + codeRetrievedAtIso — every value on this row is unprovenanced"
"ky-cumberland-cumberland-county","KY","Cumberland County Building Department","2017","true","Local Building Department","no codeSourceUrl + codeRetrievedAtIso — every value on this row is unprovenanced"
"ky-daviess-owensboro","KY","City of Owensboro Building Department","2017","true","Local Building Department","no codeSourceUrl + codeRetrievedAtIso — every value on this row is unprovenanced"
"ky-daviess-daviess-county","KY","Daviess County Building Department","2017","true","Local Building Department","no codeSourceUrl + codeRetrievedAtIso — every value on this row is unprovenanced"
"ky-edmonson-edmonson-county","KY","Edmonson County Building Department","2017","true","Local Building Department","no codeSourceUrl + codeRetrievedAtIso — every value on this row is unprovenanced"
"ky-elliott-elliott-county","KY","Elliott County Building Department","2017","true","Local Building Department","no codeSourceUrl + codeRetrievedAtIso — every value on this row is unprovenanced"
"ky-estill-estill-county","KY","Estill County Building Department","2017","true","Local Building Department","no codeSourceUrl + codeRetrievedAtIso — every value on this row is unprovenanced"
"ky-fayette-lexington","KY","City of Lexington Building Department","2017","false","Local Building Department","no codeSourceUrl + codeRetrievedAtIso — every value on this row is unprovenanced"
"ky-fayette-fayette-county","KY","Fayette County Building Department","2017","true","Local Building Department","no codeSourceUrl + codeRetrievedAtIso — every value on this row is unprovenanced"
"ky-fleming-fleming-county","KY","Fleming County Building Department","2017","true","Local Building Department","no codeSourceUrl + codeRetrievedAtIso — every value on this row is unprovenanced"
"ky-floyd-floyd-county","KY","Floyd County Building Department","2017","true","Local Building Department","no codeSourceUrl + codeRetrievedAtIso — every value on this row is unprovenanced"
"ky-franklin-frankfort","KY","City of Frankfort Building Department","2017","true","Local Building Department","no codeSourceUrl + codeRetrievedAtIso — every value on this row is unprovenanced"
"ky-franklin-franklin-county","KY","Franklin County Building Department","2017","true","Local Building Department","no codeSourceUrl + codeRetrievedAtIso — every value on this row is unprovenanced"
"ky-fulton-fulton-county","KY","Fulton County Building Department","2017","true","Local Building Department","no codeSourceUrl + codeRetrievedAtIso — every value on this row is unprovenanced"
"ky-gallatin-gallatin-county","KY","Gallatin County Building Department","2017","true","Local Building Department","no codeSourceUrl + codeRetrievedAtIso — every value on this row is unprovenanced"
"ky-garrard-garrard-county","KY","Garrard County Building Department","2017","true","Local Building Department","no codeSourceUrl + codeRetrievedAtIso — every value on this row is unprovenanced"
"ky-grant-grant-county","KY","Grant County Building Department","2017","true","Local Building Department","no codeSourceUrl + codeRetrievedAtIso — every value on this row is unprovenanced"
"ky-graves-graves-county","KY","Graves County Building Department","2017","true","Local Building Department","no codeSourceUrl + codeRetrievedAtIso — every value on this row is unprovenanced"
"ky-grayson-grayson-county","KY","Grayson County Building Department","2017","true","Local Building Department","no codeSourceUrl + codeRetrievedAtIso — every value on this row is unprovenanced"
"ky-green-green-county","KY","Green County Building Department","2017","true","Local Building Department","no codeSourceUrl + codeRetrievedAtIso — every value on this row is unprovenanced"
"ky-greenup-greenup-county","KY","Greenup County Building Department","2017","true","Local Building Department","no codeSourceUrl + codeRetrievedAtIso — every value on this row is unprovenanced"
"ky-hancock-hancock-county","KY","Hancock County Building Department","2017","true","Local Building Department","no codeSourceUrl + codeRetrievedAtIso — every value on this row is unprovenanced"
"ky-hardin-elizabethtown","KY","City of Elizabethtown Building Dept","2017","true","Local Building Department","no codeSourceUrl + codeRetrievedAtIso — every value on this row is unprovenanced"
"ky-hardin-hardin-county","KY","Hardin County Building Department","2017","true","Local Building Department","no codeSourceUrl + codeRetrievedAtIso — every value on this row is unprovenanced"
"ky-harlan-harlan-county","KY","Harlan County Building Department","2017","true","Local Building Department","no codeSourceUrl + codeRetrievedAtIso — every value on this row is unprovenanced"
"ky-harrison-harrison-county","KY","Harrison County Building Department","2017","true","Local Building Department","no codeSourceUrl + codeRetrievedAtIso — every value on this row is unprovenanced"
"ky-hart-hart-county","KY","Hart County Building Department","2017","true","Local Building Department","no codeSourceUrl + codeRetrievedAtIso — every value on this row is unprovenanced"
"ky-henderson-henderson","KY","City of Henderson Building Department","2017","true","Local Building Department","no codeSourceUrl + codeRetrievedAtIso — every value on this row is unprovenanced"
"ky-henderson-henderson-county","KY","Henderson County Building Department","2017","true","Local Building Department","no codeSourceUrl + codeRetrievedAtIso — every value on this row is unprovenanced"
"ky-henry-henry-county","KY","Henry County Building Department","2017","true","Local Building Department","no codeSourceUrl + codeRetrievedAtIso — every value on this row is unprovenanced"
"ky-hickman-hickman-county","KY","Hickman County Building Department","2017","true","Local Building Department","no codeSourceUrl + codeRetrievedAtIso — every value on this row is unprovenanced"
"ky-hopkins-hopkins-county","KY","Hopkins County Building Department","2017","true","Local Building Department","no codeSourceUrl + codeRetrievedAtIso — every value on this row is unprovenanced"
"ky-jackson-jackson-county","KY","Jackson County Building Department","2017","true","Local Building Department","no codeSourceUrl + codeRetrievedAtIso — every value on this row is unprovenanced"
"ky-jefferson-jefferson-county","KY","Jefferson County Building Department","2017","true","Local Building Department","no codeSourceUrl + codeRetrievedAtIso — every value on this row is unprovenanced"
"ky-jessamine-nicholasville","KY","City of Nicholasville Building Dept","2017","true","Local Building Department","no codeSourceUrl + codeRetrievedAtIso — every value on this row is unprovenanced"
"ky-jessamine-jessamine-county","KY","Jessamine County Building Department","2017","true","Local Building Department","no codeSourceUrl + codeRetrievedAtIso — every value on this row is unprovenanced"
"ky-johnson-johnson-county","KY","Johnson County Building Department","2017","true","Local Building Department","no codeSourceUrl + codeRetrievedAtIso — every value on this row is unprovenanced"
"ky-kenton-covington","KY","City of Covington Building Department","2017","true","Local Building Department","no codeSourceUrl + codeRetrievedAtIso — every value on this row is unprovenanced"
"ky-kenton-kenton-county","KY","Kenton County Building Department","2017","true","Local Building Department","no codeSourceUrl + codeRetrievedAtIso — every value on this row is unprovenanced"
"ky-knott-knott-county","KY","Knott County Building Department","2017","true","Local Building Department","no codeSourceUrl + codeRetrievedAtIso — every value on this row is unprovenanced"
"ky-knox-knox-county","KY","Knox County Building Department","2017","true","Local Building Department","no codeSourceUrl + codeRetrievedAtIso — every value on this row is unprovenanced"
"ky-larue-larue-county","KY","Larue County Building Department","2017","true","Local Building Department","no codeSourceUrl + codeRetrievedAtIso — every value on this row is unprovenanced"
"ky-laurel-laurel-county","KY","Laurel County Building Department","2017","true","Local Building Department","no codeSourceUrl + codeRetrievedAtIso — every value on this row is unprovenanced"
"ky-lawrence-lawrence-county","KY","Lawrence County Building Department","2017","true","Local Building Department","no codeSourceUrl + codeRetrievedAtIso — every value on this row is unprovenanced"
"ky-lee-lee-county","KY","Lee County Building Department","2017","true","Local Building Department","no codeSourceUrl + codeRetrievedAtIso — every value on this row is unprovenanced"
"ky-leslie-leslie-county","KY","Leslie County Building Department","2017","true","Local Building Department","no codeSourceUrl + codeRetrievedAtIso — every value on this row is unprovenanced"
"ky-letcher-letcher-county","KY","Letcher County Building Department","2017","true","Local Building Department","no codeSourceUrl + codeRetrievedAtIso — every value on this row is unprovenanced"
"ky-lewis-lewis-county","KY","Lewis County Building Department","2017","true","Local Building Department","no codeSourceUrl + codeRetrievedAtIso — every value on this row is unprovenanced"
"ky-lincoln-lincoln-county","KY","Lincoln County Building Department","2017","true","Local Building Department","no codeSourceUrl + codeRetrievedAtIso — every value on this row is unprovenanced"
"ky-livingston-livingston-county","KY","Livingston County Building Department","2017","true","Local Building Department","no codeSourceUrl + codeRetrievedAtIso — every value on this row is unprovenanced"
"ky-logan-logan-county","KY","Logan County Building Department","2017","true","Local Building Department","no codeSourceUrl + codeRetrievedAtIso — every value on this row is unprovenanced"
"ky-lyon-lyon-county","KY","Lyon County Building Department","2017","true","Local Building Department","no codeSourceUrl + codeRetrievedAtIso — every value on this row is unprovenanced"
"ky-madison-richmond","KY","City of Richmond Building Dept","2017","true","Local Building Department","no codeSourceUrl + codeRetrievedAtIso — every value on this row is unprovenanced"
"ky-madison-madison-county","KY","Madison County Building Department","2017","true","Local Building Department","no codeSourceUrl + codeRetrievedAtIso — every value on this row is unprovenanced"
"ky-magoffin-magoffin-county","KY","Magoffin County Building Department","2017","true","Local Building Department","no codeSourceUrl + codeRetrievedAtIso — every value on this row is unprovenanced"
"ky-marion-marion-county","KY","Marion County Building Department","2017","true","Local Building Department","no codeSourceUrl + codeRetrievedAtIso — every value on this row is unprovenanced"
"ky-marshall-marshall-county","KY","Marshall County Building Department","2017","true","Local Building Department","no codeSourceUrl + codeRetrievedAtIso — every value on this row is unprovenanced"
"ky-martin-martin-county","KY","Martin County Building Department","2017","true","Local Building Department","no codeSourceUrl + codeRetrievedAtIso — every value on this row is unprovenanced"
"ky-mason-mason-county","KY","Mason County Building Department","2017","true","Local Building Department","no codeSourceUrl + codeRetrievedAtIso — every value on this row is unprovenanced"
"ky-mccracken-paducah","KY","City of Paducah Building Department","2017","true","Local Building Department","no codeSourceUrl + codeRetrievedAtIso — every value on this row is unprovenanced"
"ky-mccracken-mccracken-county","KY","McCracken County Building Department","2017","true","Local Building Department","no codeSourceUrl + codeRetrievedAtIso — every value on this row is unprovenanced"
"ky-mccreary-mccreary-county","KY","McCreary County Building Department","2017","true","Local Building Department","no codeSourceUrl + codeRetrievedAtIso — every value on this row is unprovenanced"
"ky-mclean-mclean-county","KY","McLean County Building Department","2017","true","Local Building Department","no codeSourceUrl + codeRetrievedAtIso — every value on this row is unprovenanced"
"ky-meade-meade-county","KY","Meade County Building Department","2017","true","Local Building Department","no codeSourceUrl + codeRetrievedAtIso — every value on this row is unprovenanced"
"ky-menifee-menifee-county","KY","Menifee County Building Department","2017","true","Local Building Department","no codeSourceUrl + codeRetrievedAtIso — every value on this row is unprovenanced"
"ky-mercer-mercer-county","KY","Mercer County Building Department","2017","true","Local Building Department","no codeSourceUrl + codeRetrievedAtIso — every value on this row is unprovenanced"
"ky-metcalfe-metcalfe-county","KY","Metcalfe County Building Department","2017","true","Local Building Department","no codeSourceUrl + codeRetrievedAtIso — every value on this row is unprovenanced"
"ky-monroe-monroe-county","KY","Monroe County Building Department","2017","true","Local Building Department","no codeSourceUrl + codeRetrievedAtIso — every value on this row is unprovenanced"
"ky-montgomery-montgomery-county","KY","Montgomery County Building Department","2017","true","Local Building Department","no codeSourceUrl + codeRetrievedAtIso — every value on this row is unprovenanced"
"ky-morgan-morgan-county","KY","Morgan County Building Department","2017","true","Local Building Department","no codeSourceUrl + codeRetrievedAtIso — every value on this row is unprovenanced"
"ky-muhlenberg-muhlenberg-county","KY","Muhlenberg County Building Department","2017","true","Local Building Department","no codeSourceUrl + codeRetrievedAtIso — every value on this row is unprovenanced"
"ky-nelson-nelson-county","KY","Nelson County Building Department","2017","true","Local Building Department","no codeSourceUrl + codeRetrievedAtIso — every value on this row is unprovenanced"
"ky-nicholas-nicholas-county","KY","Nicholas County Building Department","2017","true","Local Building Department","no codeSourceUrl + codeRetrievedAtIso — every value on this row is unprovenanced"
"ky-ohio-ohio-county","KY","Ohio County Building Department","2017","true","Local Building Department","no codeSourceUrl + codeRetrievedAtIso — every value on this row is unprovenanced"
"ky-oldham-oldham-county","KY","Oldham County Building Department","2017","true","Local Building Department","no codeSourceUrl + codeRetrievedAtIso — every value on this row is unprovenanced"
"ky-owen-owen-county","KY","Owen County Building Department","2017","true","Local Building Department","no codeSourceUrl + codeRetrievedAtIso — every value on this row is unprovenanced"
"ky-owsley-owsley-county","KY","Owsley County Building Department","2017","true","Local Building Department","no codeSourceUrl + codeRetrievedAtIso — every value on this row is unprovenanced"
"ky-pendleton-pendleton-county","KY","Pendleton County Building Department","2017","true","Local Building Department","no codeSourceUrl + codeRetrievedAtIso — every value on this row is unprovenanced"
"ky-perry-perry-county","KY","Perry County Building Department","2017","true","Local Building Department","no codeSourceUrl + codeRetrievedAtIso — every value on this row is unprovenanced"
"ky-pike-pikeville","KY","City of Pikeville Building Department","2017","true","Local Building Department","no codeSourceUrl + codeRetrievedAtIso — every value on this row is unprovenanced"
"ky-pike-pike-county","KY","Pike County Building Department","2017","true","Local Building Department","no codeSourceUrl + codeRetrievedAtIso — every value on this row is unprovenanced"
"ky-powell-powell-county","KY","Powell County Building Department","2017","true","Local Building Department","no codeSourceUrl + codeRetrievedAtIso — every value on this row is unprovenanced"
"ky-pulaski-somerset","KY","City of Somerset Building Dept","2017","true","Local Building Department","no codeSourceUrl + codeRetrievedAtIso — every value on this row is unprovenanced"
"ky-pulaski-pulaski-county","KY","Pulaski County Building Department","2017","true","Local Building Department","no codeSourceUrl + codeRetrievedAtIso — every value on this row is unprovenanced"
"ky-robertson-robertson-county","KY","Robertson County Building Department","2017","true","Local Building Department","no codeSourceUrl + codeRetrievedAtIso — every value on this row is unprovenanced"
"ky-rockcastle-rockcastle-county","KY","Rockcastle County Building Department","2017","true","Local Building Department","no codeSourceUrl + codeRetrievedAtIso — every value on this row is unprovenanced"
"ky-rowan-morehead","KY","City of Morehead Building Dept","2017","true","Local Building Department","no codeSourceUrl + codeRetrievedAtIso — every value on this row is unprovenanced"
"ky-rowan-rowan-county","KY","Rowan County Building Department","2017","true","Local Building Department","no codeSourceUrl + codeRetrievedAtIso — every value on this row is unprovenanced"
"ky-russell-russell-county","KY","Russell County Building Department","2017","true","Local Building Department","no codeSourceUrl + codeRetrievedAtIso — every value on this row is unprovenanced"
"ky-scott-georgetown","KY","City of Georgetown Building Dept","2017","true","Local Building Department","no codeSourceUrl + codeRetrievedAtIso — every value on this row is unprovenanced"
"ky-scott-scott-county","KY","Scott County Building Department","2017","true","Local Building Department","no codeSourceUrl + codeRetrievedAtIso — every value on this row is unprovenanced"
"ky-shelby-shelby-county","KY","Shelby County Building Department","2017","true","Local Building Department","no codeSourceUrl + codeRetrievedAtIso — every value on this row is unprovenanced"
"ky-simpson-simpson-county","KY","Simpson County Building Department","2017","true","Local Building Department","no codeSourceUrl + codeRetrievedAtIso — every value on this row is unprovenanced"
"ky-spencer-spencer-county","KY","Spencer County Building Department","2017","true","Local Building Department","no codeSourceUrl + codeRetrievedAtIso — every value on this row is unprovenanced"
"ky-taylor-taylor-county","KY","Taylor County Building Department","2017","true","Local Building Department","no codeSourceUrl + codeRetrievedAtIso — every value on this row is unprovenanced"
"ky-todd-todd-county","KY","Todd County Building Department","2017","true","Local Building Department","no codeSourceUrl + codeRetrievedAtIso — every value on this row is unprovenanced"
"ky-trigg-trigg-county","KY","Trigg County Building Department","2017","true","Local Building Department","no codeSourceUrl + codeRetrievedAtIso — every value on this row is unprovenanced"
"ky-trimble-trimble-county","KY","Trimble County Building Department","2017","true","Local Building Department","no codeSourceUrl + codeRetrievedAtIso — every value on this row is unprovenanced"
"ky-union-union-county","KY","Union County Building Department","2017","true","Local Building Department","no codeSourceUrl + codeRetrievedAtIso — every value on this row is unprovenanced"
"ky-warren-bowling-green","KY","City of Bowling Green Building Department","2017","true","Local Building Department","no codeSourceUrl + codeRetrievedAtIso — every value on this row is unprovenanced"
"ky-warren-warren-county","KY","Warren County Building Department","2017","true","Local Building Department","no codeSourceUrl + codeRetrievedAtIso — every value on this row is unprovenanced"
"ky-washington-washington-county","KY","Washington County Building Department","2017","true","Local Building Department","no codeSourceUrl + codeRetrievedAtIso — every value on this row is unprovenanced"
"ky-wayne-wayne-county","KY","Wayne County Building Department","2017","true","Local Building Department","no codeSourceUrl + codeRetrievedAtIso — every value on this row is unprovenanced"
"ky-webster-webster-county","KY","Webster County Building Department","2017","true","Local Building Department","no codeSourceUrl + codeRetrievedAtIso — every value on this row is unprovenanced"
"ky-whitley-whitley-county","KY","Whitley County Building Department","2017","true","Local Building Department","no codeSourceUrl + codeRetrievedAtIso — every value on this row is unprovenanced"
"ky-wolfe-wolfe-county","KY","Wolfe County Building Department","2017","true","Local Building Department","no codeSourceUrl + codeRetrievedAtIso — every value on this row is unprovenanced"
"ky-woodford-woodford-county","KY","Woodford County Building Department","2017","true","Local Building Department","no codeSourceUrl + codeRetrievedAtIso — every value on this row is unprovenanced"
"la-ascension-prairieville","LA","Ascension Parish Building Dept","2017","false","Local Building Department","no codeSourceUrl + codeRetrievedAtIso — every value on this row is unprovenanced"
"la-bossier-bossier-city","LA","City of Bossier City Building Dept","2017","true","Local Building Department","no codeSourceUrl + codeRetrievedAtIso — every value on this row is unprovenanced"
"la-caddo-shreveport","LA","City of Shreveport Building Department","2017","true","Local Building Department","no codeSourceUrl + codeRetrievedAtIso — every value on this row is unprovenanced"
"la-calcasieu-lake-charles","LA","City of Lake Charles Building Dept","2017","true","Local Building Department","no codeSourceUrl + codeRetrievedAtIso — every value on this row is unprovenanced"
"la-jefferson-kenner","LA","City of Kenner Building Dept","2017","true","Local Building Department","no codeSourceUrl + codeRetrievedAtIso — every value on this row is unprovenanced"
"la-lafayette-lafayette","LA","City of Lafayette Building Department","2017","true","Local Building Department","no codeSourceUrl + codeRetrievedAtIso — every value on this row is unprovenanced"
"la-ouachita-monroe","LA","City of Monroe Building Dept","2017","true","Local Building Department","no codeSourceUrl + codeRetrievedAtIso — every value on this row is unprovenanced"
"la-rapides-alexandria","LA","City of Alexandria Building Dept","2017","true","Local Building Department","no codeSourceUrl + codeRetrievedAtIso — every value on this row is unprovenanced"
"la-st-tammany-slidell","LA","City of Slidell Building Dept","2017","true","Local Building Department","no codeSourceUrl + codeRetrievedAtIso — every value on this row is unprovenanced"
"la-terrebonne-houma","LA","City of Houma Building Dept","2017","false","Local Building Department","no codeSourceUrl + codeRetrievedAtIso — every value on this row is unprovenanced"
"ma-barnstable-barnstable-county","MA","Barnstable County Building Department","2020","true","Local Building Department","no codeSourceUrl + codeRetrievedAtIso — every value on this row is unprovenanced"
"ma-berkshire-berkshire-county","MA","Berkshire County Building Department","2020","false","Local Building Department","no codeSourceUrl + codeRetrievedAtIso — every value on this row is unprovenanced"
"ma-bristol-fall-river","MA","City of Fall River Building Dept","2020","true","Local Building Department","no codeSourceUrl + codeRetrievedAtIso — every value on this row is unprovenanced"
"ma-bristol-new-bedford","MA","City of New Bedford Building Department","2020","true","Local Building Department","no codeSourceUrl + codeRetrievedAtIso — every value on this row is unprovenanced"
"ma-bristol-bristol-county","MA","Bristol County Building Department","2020","true","Local Building Department","no codeSourceUrl + codeRetrievedAtIso — every value on this row is unprovenanced"
"ma-dukes-dukes-county","MA","Dukes County Building Department","2020","true","Local Building Department","no codeSourceUrl + codeRetrievedAtIso — every value on this row is unprovenanced"
"ma-essex-haverhill","MA","City of Haverhill Building Dept","2020","true","Local Building Department","no codeSourceUrl + codeRetrievedAtIso — every value on this row is unprovenanced"
"ma-essex-lynn","MA","City of Lynn Building Dept","2020","true","Local Building Department","no codeSourceUrl + codeRetrievedAtIso — every value on this row is unprovenanced"
"ma-essex-essex-county","MA","Essex County Building Department","2020","false","Local Building Department","no codeSourceUrl + codeRetrievedAtIso — every value on this row is unprovenanced"
"ma-franklin-franklin-county","MA","Franklin County Building Department","2020","false","Local Building Department","no codeSourceUrl + codeRetrievedAtIso — every value on this row is unprovenanced"
"ma-hampden-springfield","MA","City of Springfield Building Department","2020","true","Local Building Department","no codeSourceUrl + codeRetrievedAtIso — every value on this row is unprovenanced"
"ma-hampden-hampden-county","MA","Hampden County Building Department","2020","false","Local Building Department","no codeSourceUrl + codeRetrievedAtIso — every value on this row is unprovenanced"
"ma-hampshire-hampshire-county","MA","Hampshire County Building Department","2020","false","Local Building Department","no codeSourceUrl + codeRetrievedAtIso — every value on this row is unprovenanced"
"ma-middlesex-newton","MA","City of Newton Building Dept","2020","true","Local Building Department","no codeSourceUrl + codeRetrievedAtIso — every value on this row is unprovenanced"
"ma-middlesex-somerville","MA","City of Somerville Building Dept","2020","true","Local Building Department","no codeSourceUrl + codeRetrievedAtIso — every value on this row is unprovenanced"
"ma-middlesex-middlesex-county","MA","Middlesex County Building Department","2020","false","Local Building Department","no codeSourceUrl + codeRetrievedAtIso — every value on this row is unprovenanced"
"ma-middlesex-waltham","MA","City of Waltham Building Dept","2020","true","Local Building Department","no codeSourceUrl + codeRetrievedAtIso — every value on this row is unprovenanced"
"ma-nantucket-nantucket-county","MA","Nantucket County Building Department","2020","false","Local Building Department","no codeSourceUrl + codeRetrievedAtIso — every value on this row is unprovenanced"
"ma-norfolk-quincy","MA","City of Quincy Building Department","2020","true","Local Building Department","no codeSourceUrl + codeRetrievedAtIso — every value on this row is unprovenanced"
"ma-norfolk-norfolk-county","MA","Norfolk County Building Department","2020","true","Local Building Department","no codeSourceUrl + codeRetrievedAtIso — every value on this row is unprovenanced"
"ma-plymouth-brockton","MA","City of Brockton Building Dept","2020","true","Local Building Department","no codeSourceUrl + codeRetrievedAtIso — every value on this row is unprovenanced"
"ma-plymouth-plymouth-county","MA","Plymouth County Building Department","2020","true","Local Building Department","no codeSourceUrl + codeRetrievedAtIso — every value on this row is unprovenanced"
"ma-suffolk-suffolk-county","MA","Suffolk County Building Department","2020","false","Local Building Department","no codeSourceUrl + codeRetrievedAtIso — every value on this row is unprovenanced"
"ma-worcester-worcester-county","MA","Worcester County Building Department","2020","false","Local Building Department","no codeSourceUrl + codeRetrievedAtIso — every value on this row is unprovenanced"
"md-allegany-allegany-county","MD","Allegany County Building Department","2020","true","Local Building Department","no codeSourceUrl + codeRetrievedAtIso — every value on this row is unprovenanced"
"md-anne-arundel-annapolis","MD","City of Annapolis Building Dept","2020","true","Local Building Department","no codeSourceUrl + codeRetrievedAtIso — every value on this row is unprovenanced"
"md-baltimore-baltimore-county","MD","Baltimore County Building Department","2020","true","Local Building Department","no codeSourceUrl + codeRetrievedAtIso — every value on this row is unprovenanced"
"md-calvert-calvert-county","MD","Calvert County Building Department","2020","true","Local Building Department","no codeSourceUrl + codeRetrievedAtIso — every value on this row is unprovenanced"
"md-caroline-caroline-county","MD","Caroline County Building Department","2020","true","Local Building Department","no codeSourceUrl + codeRetrievedAtIso — every value on this row is unprovenanced"
"md-carroll-carroll-county","MD","Carroll County Building Department","2020","true","Local Building Department","no codeSourceUrl + codeRetrievedAtIso — every value on this row is unprovenanced"
"md-cecil-cecil-county","MD","Cecil County Building Department","2020","true","Local Building Department","no codeSourceUrl + codeRetrievedAtIso — every value on this row is unprovenanced"
"md-charles-charles-county","MD","Charles County Building Department","2020","true","Local Building Department","no codeSourceUrl + codeRetrievedAtIso — every value on this row is unprovenanced"
"md-charles-waldorf","MD","Charles County Building Dept","2020","false","Local Building Department","no codeSourceUrl + codeRetrievedAtIso — every value on this row is unprovenanced"
"md-dorchester-dorchester-county","MD","Dorchester County Building Department","2020","true","Local Building Department","no codeSourceUrl + codeRetrievedAtIso — every value on this row is unprovenanced"
"md-frederick-frederick","MD","City of Frederick Building Dept","2020","true","Local Building Department","no codeSourceUrl + codeRetrievedAtIso — every value on this row is unprovenanced"
"md-frederick-frederick-county","MD","Frederick County Building Department","2020","true","Local Building Department","no codeSourceUrl + codeRetrievedAtIso — every value on this row is unprovenanced"
"md-garrett-garrett-county","MD","Garrett County Building Department","2020","true","Local Building Department","no codeSourceUrl + codeRetrievedAtIso — every value on this row is unprovenanced"
"md-harford-harford-county","MD","Harford County Building Department","2020","true","Local Building Department","no codeSourceUrl + codeRetrievedAtIso — every value on this row is unprovenanced"
"md-howard-columbia","MD","Howard County Building Dept","2020","false","Local Building Department","no codeSourceUrl + codeRetrievedAtIso — every value on this row is unprovenanced"
"md-howard-ellicott-city","MD","Howard County Building Dept","2020","false","Local Building Department","no codeSourceUrl + codeRetrievedAtIso — every value on this row is unprovenanced"
"md-howard-howard-county","MD","Howard County Building Department","2020","true","Local Building Department","no codeSourceUrl + codeRetrievedAtIso — every value on this row is unprovenanced"
"md-kent-kent-county","MD","Kent County Building Department","2020","true","Local Building Department","no codeSourceUrl + codeRetrievedAtIso — every value on this row is unprovenanced"
"md-montgomery-gaithersburg","MD","City of Gaithersburg Building Dept","2020","true","Local Building Department","no codeSourceUrl + codeRetrievedAtIso — every value on this row is unprovenanced"
"md-montgomery-germantown","MD","Montgomery County Building Dept","2020","false","Local Building Department","no codeSourceUrl + codeRetrievedAtIso — every value on this row is unprovenanced"
"md-montgomery-rockville","MD","City of Rockville Building Dept","2020","true","Local Building Department","no codeSourceUrl + codeRetrievedAtIso — every value on this row is unprovenanced"
"md-montgomery-silver-spring","MD","Montgomery County Building Dept","2020","false","Local Building Department","no codeSourceUrl + codeRetrievedAtIso — every value on this row is unprovenanced"
"md-queen-annes-queen-annes-county","MD","Queen Anne's County Building Department","2020","true","Local Building Department","no codeSourceUrl + codeRetrievedAtIso — every value on this row is unprovenanced"
"md-somerset-somerset-county","MD","Somerset County Building Department","2020","true","Local Building Department","no codeSourceUrl + codeRetrievedAtIso — every value on this row is unprovenanced"
"md-st-marys-st-marys-county","MD","St. Mary's County Building Department","2020","true","Local Building Department","no codeSourceUrl + codeRetrievedAtIso — every value on this row is unprovenanced"
"md-talbot-talbot-county","MD","Talbot County Building Department","2020","true","Local Building Department","no codeSourceUrl + codeRetrievedAtIso — every value on this row is unprovenanced"
"md-washington-washington-county","MD","Washington County Building Department","2020","true","Local Building Department","no codeSourceUrl + codeRetrievedAtIso — every value on this row is unprovenanced"
"md-wicomico-wicomico-county","MD","Wicomico County Building Department","2020","true","Local Building Department","no codeSourceUrl + codeRetrievedAtIso — every value on this row is unprovenanced"
"md-worcester-worcester-county","MD","Worcester County Building Department","2020","true","Local Building Department","no codeSourceUrl + codeRetrievedAtIso — every value on this row is unprovenanced"
"me-androscoggin-auburn","ME","City of Auburn Building Dept","2020","true","Local Building Department","no codeSourceUrl + codeRetrievedAtIso — every value on this row is unprovenanced"
"me-androscoggin-lewiston","ME","City of Lewiston Building Dept","2020","true","Local Building Department","no codeSourceUrl + codeRetrievedAtIso — every value on this row is unprovenanced"
"me-androscoggin-androscoggin-county","ME","Androscoggin County Building Department","2020","true","Local Building Department","no codeSourceUrl + codeRetrievedAtIso — every value on this row is unprovenanced"
"me-aroostook-aroostook-county","ME","Aroostook County Building Department","2020","true","Local Building Department","no codeSourceUrl + codeRetrievedAtIso — every value on this row is unprovenanced"
"me-cumberland-south-portland","ME","City of South Portland Building Dept","2020","true","Local Building Department","no codeSourceUrl + codeRetrievedAtIso — every value on this row is unprovenanced"
"me-cumberland-cumberland-county","ME","Cumberland County Building Department","2020","true","Local Building Department","no codeSourceUrl + codeRetrievedAtIso — every value on this row is unprovenanced"
"me-franklin-franklin-county","ME","Franklin County Building Department","2020","true","Local Building Department","no codeSourceUrl + codeRetrievedAtIso — every value on this row is unprovenanced"
"me-hancock-hancock-county","ME","Hancock County Building Department","2020","true","Local Building Department","no codeSourceUrl + codeRetrievedAtIso — every value on this row is unprovenanced"
"me-kennebec-augusta","ME","City of Augusta Building Department","2020","true","Local Building Department","no codeSourceUrl + codeRetrievedAtIso — every value on this row is unprovenanced"
"me-kennebec-kennebec-county","ME","Kennebec County Building Department","2020","true","Local Building Department","no codeSourceUrl + codeRetrievedAtIso — every value on this row is unprovenanced"
"me-knox-knox-county","ME","Knox County Building Department","2020","true","Local Building Department","no codeSourceUrl + codeRetrievedAtIso — every value on this row is unprovenanced"
"me-lincoln-lincoln-county","ME","Lincoln County Building Department","2020","true","Local Building Department","no codeSourceUrl + codeRetrievedAtIso — every value on this row is unprovenanced"
"me-oxford-oxford-county","ME","Oxford County Building Department","2020","true","Local Building Department","no codeSourceUrl + codeRetrievedAtIso — every value on this row is unprovenanced"
"me-penobscot-bangor","ME","City of Bangor Building Department","2020","true","Local Building Department","no codeSourceUrl + codeRetrievedAtIso — every value on this row is unprovenanced"
"me-penobscot-penobscot-county","ME","Penobscot County Building Department","2020","true","Local Building Department","no codeSourceUrl + codeRetrievedAtIso — every value on this row is unprovenanced"
"me-piscataquis-piscataquis-county","ME","Piscataquis County Building Department","2020","true","Local Building Department","no codeSourceUrl + codeRetrievedAtIso — every value on this row is unprovenanced"
"me-sagadahoc-sagadahoc-county","ME","Sagadahoc County Building Department","2020","true","Local Building Department","no codeSourceUrl + codeRetrievedAtIso — every value on this row is unprovenanced"
"me-somerset-somerset-county","ME","Somerset County Building Department","2020","true","Local Building Department","no codeSourceUrl + codeRetrievedAtIso — every value on this row is unprovenanced"
"me-waldo-waldo-county","ME","Waldo County Building Department","2020","true","Local Building Department","no codeSourceUrl + codeRetrievedAtIso — every value on this row is unprovenanced"
"me-washington-washington-county","ME","Washington County Building Department","2020","true","Local Building Department","no codeSourceUrl + codeRetrievedAtIso — every value on this row is unprovenanced"
"me-york-york-county","ME","York County Building Department","2020","true","Local Building Department","no codeSourceUrl + codeRetrievedAtIso — every value on this row is unprovenanced"
"mi-alcona-alcona-county","MI","Alcona County Building Department","2020","true","Local Building Department","no codeSourceUrl + codeRetrievedAtIso — every value on this row is unprovenanced"
"mi-alger-alger-county","MI","Alger County Building Department","2020","true","Local Building Department","no codeSourceUrl + codeRetrievedAtIso — every value on this row is unprovenanced"
"mi-allegan-allegan-county","MI","Allegan County Building Department","2020","true","Local Building Department","no codeSourceUrl + codeRetrievedAtIso — every value on this row is unprovenanced"
"mi-alpena-alpena-county","MI","Alpena County Building Department","2020","true","Local Building Department","no codeSourceUrl + codeRetrievedAtIso — every value on this row is unprovenanced"
"mi-antrim-antrim-county","MI","Antrim County Building Department","2020","true","Local Building Department","no codeSourceUrl + codeRetrievedAtIso — every value on this row is unprovenanced"
"mi-arenac-arenac-county","MI","Arenac County Building Department","2020","true","Local Building Department","no codeSourceUrl + codeRetrievedAtIso — every value on this row is unprovenanced"
"mi-baraga-baraga-county","MI","Baraga County Building Department","2020","true","Local Building Department","no codeSourceUrl + codeRetrievedAtIso — every value on this row is unprovenanced"
"mi-barry-barry-county","MI","Barry County Building Department","2020","true","Local Building Department","no codeSourceUrl + codeRetrievedAtIso — every value on this row is unprovenanced"
"mi-bay-bay-city","MI","City of Bay City Building Dept","2020","true","Local Building Department","no codeSourceUrl + codeRetrievedAtIso — every value on this row is unprovenanced"
"mi-bay-bay-county","MI","Bay County Building Department","2020","true","Local Building Department","no codeSourceUrl + codeRetrievedAtIso — every value on this row is unprovenanced"
"mi-benzie-benzie-county","MI","Benzie County Building Department","2020","true","Local Building Department","no codeSourceUrl + codeRetrievedAtIso — every value on this row is unprovenanced"
"mi-berrien-berrien-county","MI","Berrien County Building Department","2020","true","Local Building Department","no codeSourceUrl + codeRetrievedAtIso — every value on this row is unprovenanced"
"mi-branch-branch-county","MI","Branch County Building Department","2020","true","Local Building Department","no codeSourceUrl + codeRetrievedAtIso — every value on this row is unprovenanced"
"mi-calhoun-battle-creek","MI","City of Battle Creek Building Dept","2020","true","Local Building Department","no codeSourceUrl + codeRetrievedAtIso — every value on this row is unprovenanced"
"mi-calhoun-calhoun-county","MI","Calhoun County Building Department","2020","true","Local Building Department","no codeSourceUrl + codeRetrievedAtIso — every value on this row is unprovenanced"
"mi-cass-cass-county","MI","Cass County Building Department","2020","true","Local Building Department","no codeSourceUrl + codeRetrievedAtIso — every value on this row is unprovenanced"
"mi-charlevoix-charlevoix-county","MI","Charlevoix County Building Department","2020","true","Local Building Department","no codeSourceUrl + codeRetrievedAtIso — every value on this row is unprovenanced"
"mi-cheboygan-cheboygan-county","MI","Cheboygan County Building Department","2020","true","Local Building Department","no codeSourceUrl + codeRetrievedAtIso — every value on this row is unprovenanced"
"mi-chippewa-chippewa-county","MI","Chippewa County Building Department","2020","true","Local Building Department","no codeSourceUrl + codeRetrievedAtIso — every value on this row is unprovenanced"
"mi-clare-clare-county","MI","Clare County Building Department","2020","true","Local Building Department","no codeSourceUrl + codeRetrievedAtIso — every value on this row is unprovenanced"
"mi-clinton-clinton-county","MI","Clinton County Building Department","2020","true","Local Building Department","no codeSourceUrl + codeRetrievedAtIso — every value on this row is unprovenanced"
"mi-crawford-crawford-county","MI","Crawford County Building Department","2020","true","Local Building Department","no codeSourceUrl + codeRetrievedAtIso — every value on this row is unprovenanced"
"mi-delta-delta-county","MI","Delta County Building Department","2020","true","Local Building Department","no codeSourceUrl + codeRetrievedAtIso — every value on this row is unprovenanced"
"mi-dickinson-dickinson-county","MI","Dickinson County Building Department","2020","true","Local Building Department","no codeSourceUrl + codeRetrievedAtIso — every value on this row is unprovenanced"
"mi-eaton-eaton-county","MI","Eaton County Building Department","2020","true","Local Building Department","no codeSourceUrl + codeRetrievedAtIso — every value on this row is unprovenanced"
"mi-emmet-emmet-county","MI","Emmet County Building Department","2020","true","Local Building Department","no codeSourceUrl + codeRetrievedAtIso — every value on this row is unprovenanced"
"mi-genesee-flint","MI","City of Flint Building Department","2020","true","Local Building Department","no codeSourceUrl + codeRetrievedAtIso — every value on this row is unprovenanced"
"mi-genesee-genesee-county","MI","Genesee County Building Department","2020","true","Local Building Department","no codeSourceUrl + codeRetrievedAtIso — every value on this row is unprovenanced"
"mi-gladwin-gladwin-county","MI","Gladwin County Building Department","2020","true","Local Building Department","no codeSourceUrl + codeRetrievedAtIso — every value on this row is unprovenanced"
"mi-gogebic-gogebic-county","MI","Gogebic County Building Department","2020","true","Local Building Department","no codeSourceUrl + codeRetrievedAtIso — every value on this row is unprovenanced"
"mi-grand-traverse-grand-traverse-county","MI","Grand Traverse County Building Department","2020","true","Local Building Department","no codeSourceUrl + codeRetrievedAtIso — every value on this row is unprovenanced"
"mi-gratiot-gratiot-county","MI","Gratiot County Building Department","2020","true","Local Building Department","no codeSourceUrl + codeRetrievedAtIso — every value on this row is unprovenanced"
"mi-hillsdale-hillsdale-county","MI","Hillsdale County Building Department","2020","true","Local Building Department","no codeSourceUrl + codeRetrievedAtIso — every value on this row is unprovenanced"
"mi-houghton-houghton-county","MI","Houghton County Building Department","2020","true","Local Building Department","no codeSourceUrl + codeRetrievedAtIso — every value on this row is unprovenanced"
"mi-huron-huron-county","MI","Huron County Building Department","2020","true","Local Building Department","no codeSourceUrl + codeRetrievedAtIso — every value on this row is unprovenanced"
"mi-ingham-lansing","MI","City of Lansing Building Department","2020","true","Local Building Department","no codeSourceUrl + codeRetrievedAtIso — every value on this row is unprovenanced"
"mi-ingham-ingham-county","MI","Ingham County Building Department","2020","true","Local Building Department","no codeSourceUrl + codeRetrievedAtIso — every value on this row is unprovenanced"
"mi-ionia-ionia-county","MI","Ionia County Building Department","2020","true","Local Building Department","no codeSourceUrl + codeRetrievedAtIso — every value on this row is unprovenanced"
"mi-iosco-iosco-county","MI","Iosco County Building Department","2020","true","Local Building Department","no codeSourceUrl + codeRetrievedAtIso — every value on this row is unprovenanced"
"mi-iron-iron-county","MI","Iron County Building Department","2020","true","Local Building Department","no codeSourceUrl + codeRetrievedAtIso — every value on this row is unprovenanced"
"mi-isabella-isabella-county","MI","Isabella County Building Department","2020","true","Local Building Department","no codeSourceUrl + codeRetrievedAtIso — every value on this row is unprovenanced"
"mi-jackson-jackson","MI","City of Jackson Building Dept","2020","true","Local Building Department","no codeSourceUrl + codeRetrievedAtIso — every value on this row is unprovenanced"
"mi-jackson-jackson-county","MI","Jackson County Building Department","2020","true","Local Building Department","no codeSourceUrl + codeRetrievedAtIso — every value on this row is unprovenanced"
"mi-kalamazoo-kalamazoo","MI","City of Kalamazoo Building Department","2020","true","Local Building Department","no codeSourceUrl + codeRetrievedAtIso — every value on this row is unprovenanced"
"mi-kalamazoo-portage","MI","City of Portage Building Dept","2020","true","Local Building Department","no codeSourceUrl + codeRetrievedAtIso — every value on this row is unprovenanced"
"mi-kalamazoo-kalamazoo-county","MI","Kalamazoo County Building Department","2020","true","Local Building Department","no codeSourceUrl + codeRetrievedAtIso — every value on this row is unprovenanced"
"mi-kalkaska-kalkaska-county","MI","Kalkaska County Building Department","2020","true","Local Building Department","no codeSourceUrl + codeRetrievedAtIso — every value on this row is unprovenanced"
"mi-kent-kent-county","MI","Kent County Building Department","2020","true","Local Building Department","no codeSourceUrl + codeRetrievedAtIso — every value on this row is unprovenanced"
"mi-keweenaw-keweenaw-county","MI","Keweenaw County Building Department","2020","true","Local Building Department","no codeSourceUrl + codeRetrievedAtIso — every value on this row is unprovenanced"
"mi-lake-lake-county","MI","Lake County Building Department","2020","true","Local Building Department","no codeSourceUrl + codeRetrievedAtIso — every value on this row is unprovenanced"
"mi-lapeer-lapeer-county","MI","Lapeer County Building Department","2020","true","Local Building Department","no codeSourceUrl + codeRetrievedAtIso — every value on this row is unprovenanced"
"mi-leelanau-leelanau-county","MI","Leelanau County Building Department","2020","true","Local Building Department","no codeSourceUrl + codeRetrievedAtIso — every value on this row is unprovenanced"
"mi-lenawee-lenawee-county","MI","Lenawee County Building Department","2020","true","Local Building Department","no codeSourceUrl + codeRetrievedAtIso — every value on this row is unprovenanced"
"mi-livingston-livingston-county","MI","Livingston County Building Department","2020","true","Local Building Department","no codeSourceUrl + codeRetrievedAtIso — every value on this row is unprovenanced"
"mi-luce-luce-county","MI","Luce County Building Department","2020","true","Local Building Department","no codeSourceUrl + codeRetrievedAtIso — every value on this row is unprovenanced"
"mi-mackinac-mackinac-county","MI","Mackinac County Building Department","2020","true","Local Building Department","no codeSourceUrl + codeRetrievedAtIso — every value on this row is unprovenanced"
"mi-macomb-sterling-heights","MI","City of Sterling Heights Building Department","2020","true","Local Building Department","no codeSourceUrl + codeRetrievedAtIso — every value on this row is unprovenanced"
"mi-macomb-macomb-county","MI","Macomb County Building Department","2020","true","Local Building Department","no codeSourceUrl + codeRetrievedAtIso — every value on this row is unprovenanced"
"mi-macomb-warren","MI","City of Warren Building Department","2020","true","Local Building Department","no codeSourceUrl + codeRetrievedAtIso — every value on this row is unprovenanced"
"mi-manistee-manistee-county","MI","Manistee County Building Department","2020","true","Local Building Department","no codeSourceUrl + codeRetrievedAtIso — every value on this row is unprovenanced"
"mi-marquette-marquette","MI","City of Marquette Building Dept","2020","true","Local Building Department","no codeSourceUrl + codeRetrievedAtIso — every value on this row is unprovenanced"
"mi-marquette-marquette-county","MI","Marquette County Building Department","2020","true","Local Building Department","no codeSourceUrl + codeRetrievedAtIso — every value on this row is unprovenanced"
"mi-mason-mason-county","MI","Mason County Building Department","2020","true","Local Building Department","no codeSourceUrl + codeRetrievedAtIso — every value on this row is unprovenanced"
"mi-mecosta-mecosta-county","MI","Mecosta County Building Department","2020","true","Local Building Department","no codeSourceUrl + codeRetrievedAtIso — every value on this row is unprovenanced"
"mi-menominee-menominee-county","MI","Menominee County Building Department","2020","true","Local Building Department","no codeSourceUrl + codeRetrievedAtIso — every value on this row is unprovenanced"
"mi-midland-midland-county","MI","Midland County Building Department","2020","true","Local Building Department","no codeSourceUrl + codeRetrievedAtIso — every value on this row is unprovenanced"
"mi-missaukee-missaukee-county","MI","Missaukee County Building Department","2020","true","Local Building Department","no codeSourceUrl + codeRetrievedAtIso — every value on this row is unprovenanced"
"mi-monroe-monroe-county","MI","Monroe County Building Department","2020","true","Local Building Department","no codeSourceUrl + codeRetrievedAtIso — every value on this row is unprovenanced"
"mi-montcalm-montcalm-county","MI","Montcalm County Building Department","2020","true","Local Building Department","no codeSourceUrl + codeRetrievedAtIso — every value on this row is unprovenanced"
"mi-montmorency-montmorency-county","MI","Montmorency County Building Department","2020","true","Local Building Department","no codeSourceUrl + codeRetrievedAtIso — every value on this row is unprovenanced"
"mi-muskegon-muskegon","MI","City of Muskegon Building Dept","2020","true","Local Building Department","no codeSourceUrl + codeRetrievedAtIso — every value on this row is unprovenanced"
"mi-muskegon-muskegon-county","MI","Muskegon County Building Department","2020","true","Local Building Department","no codeSourceUrl + codeRetrievedAtIso — every value on this row is unprovenanced"
"mi-newaygo-newaygo-county","MI","Newaygo County Building Department","2020","true","Local Building Department","no codeSourceUrl + codeRetrievedAtIso — every value on this row is unprovenanced"
"mi-oakland-troy","MI","City of Troy Building Dept","2020","true","Local Building Department","no codeSourceUrl + codeRetrievedAtIso — every value on this row is unprovenanced"
"mi-oakland-oakland-county","MI","Oakland County Building Department","2020","true","Local Building Department","no codeSourceUrl + codeRetrievedAtIso — every value on this row is unprovenanced"
"mi-oceana-oceana-county","MI","Oceana County Building Department","2020","true","Local Building Department","no codeSourceUrl + codeRetrievedAtIso — every value on this row is unprovenanced"
"mi-ogemaw-ogemaw-county","MI","Ogemaw County Building Department","2020","true","Local Building Department","no codeSourceUrl + codeRetrievedAtIso — every value on this row is unprovenanced"
"mi-ontonagon-ontonagon-county","MI","Ontonagon County Building Department","2020","true","Local Building Department","no codeSourceUrl + codeRetrievedAtIso — every value on this row is unprovenanced"
"mi-osceola-osceola-county","MI","Osceola County Building Department","2020","true","Local Building Department","no codeSourceUrl + codeRetrievedAtIso — every value on this row is unprovenanced"
"mi-oscoda-oscoda-county","MI","Oscoda County Building Department","2020","true","Local Building Department","no codeSourceUrl + codeRetrievedAtIso — every value on this row is unprovenanced"
"mi-otsego-otsego-county","MI","Otsego County Building Department","2020","true","Local Building Department","no codeSourceUrl + codeRetrievedAtIso — every value on this row is unprovenanced"
"mi-ottawa-ottawa-county","MI","Ottawa County Building Department","2020","true","Local Building Department","no codeSourceUrl + codeRetrievedAtIso — every value on this row is unprovenanced"
"mi-presque-isle-presque-isle-county","MI","Presque Isle County Building Department","2020","true","Local Building Department","no codeSourceUrl + codeRetrievedAtIso — every value on this row is unprovenanced"
"mi-roscommon-roscommon-county","MI","Roscommon County Building Department","2020","true","Local Building Department","no codeSourceUrl + codeRetrievedAtIso — every value on this row is unprovenanced"
"mi-saginaw-saginaw","MI","City of Saginaw Building Dept","2020","true","Local Building Department","no codeSourceUrl + codeRetrievedAtIso — every value on this row is unprovenanced"
"mi-saginaw-saginaw-county","MI","Saginaw County Building Department","2020","true","Local Building Department","no codeSourceUrl + codeRetrievedAtIso — every value on this row is unprovenanced"
"mi-sanilac-sanilac-county","MI","Sanilac County Building Department","2020","true","Local Building Department","no codeSourceUrl + codeRetrievedAtIso — every value on this row is unprovenanced"
"mi-schoolcraft-schoolcraft-county","MI","Schoolcraft County Building Department","2020","true","Local Building Department","no codeSourceUrl + codeRetrievedAtIso — every value on this row is unprovenanced"
"mi-shiawassee-shiawassee-county","MI","Shiawassee County Building Department","2020","true","Local Building Department","no codeSourceUrl + codeRetrievedAtIso — every value on this row is unprovenanced"
"mi-st-clair-st-clair-county","MI","St. Clair County Building Department","2020","true","Local Building Department","no codeSourceUrl + codeRetrievedAtIso — every value on this row is unprovenanced"
"mi-st-joseph-st-joseph-county","MI","St. Joseph County Building Department","2020","true","Local Building Department","no codeSourceUrl + codeRetrievedAtIso — every value on this row is unprovenanced"
"mi-tuscola-tuscola-county","MI","Tuscola County Building Department","2020","true","Local Building Department","no codeSourceUrl + codeRetrievedAtIso — every value on this row is unprovenanced"
"mi-van-buren-van-buren-county","MI","Van Buren County Building Department","2020","true","Local Building Department","no codeSourceUrl + codeRetrievedAtIso — every value on this row is unprovenanced"
"mi-washtenaw-ann-arbor","MI","City of Ann Arbor Building Department","2020","true","Local Building Department","no codeSourceUrl + codeRetrievedAtIso — every value on this row is unprovenanced"
"mi-washtenaw-washtenaw-county","MI","Washtenaw County Building Department","2020","true","Local Building Department","no codeSourceUrl + codeRetrievedAtIso — every value on this row is unprovenanced"
"mi-wayne-dearborn","MI","City of Dearborn Building Dept","2020","true","Local Building Department","no codeSourceUrl + codeRetrievedAtIso — every value on this row is unprovenanced"
"mi-wayne-livonia","MI","City of Livonia Building Dept","2020","true","Local Building Department","no codeSourceUrl + codeRetrievedAtIso — every value on this row is unprovenanced"
"mi-wayne-wayne-county","MI","Wayne County Building Department","2020","true","Local Building Department","no codeSourceUrl + codeRetrievedAtIso — every value on this row is unprovenanced"
"mi-wexford-wexford-county","MI","Wexford County Building Department","2020","true","Local Building Department","no codeSourceUrl + codeRetrievedAtIso — every value on this row is unprovenanced"
"mn-aitkin-aitkin-county","MN","Aitkin County Building Department","2020","true","Local Building Department","no codeSourceUrl + codeRetrievedAtIso — every value on this row is unprovenanced"
"mn-anoka-coon-rapids","MN","City of Coon Rapids Building Dept","2020","true","Local Building Department","no codeSourceUrl + codeRetrievedAtIso — every value on this row is unprovenanced"
"mn-anoka-anoka-county","MN","Anoka County Building Department","2020","true","Local Building Department","no codeSourceUrl + codeRetrievedAtIso — every value on this row is unprovenanced"
"mn-becker-becker-county","MN","Becker County Building Department","2020","true","Local Building Department","no codeSourceUrl + codeRetrievedAtIso — every value on this row is unprovenanced"
"mn-beltrami-beltrami-county","MN","Beltrami County Building Department","2020","true","Local Building Department","no codeSourceUrl + codeRetrievedAtIso — every value on this row is unprovenanced"
"mn-benton-benton-county","MN","Benton County Building Department","2020","true","Local Building Department","no codeSourceUrl + codeRetrievedAtIso — every value on this row is unprovenanced"
"mn-big-stone-big-stone-county","MN","Big Stone County Building Department","2020","true","Local Building Department","no codeSourceUrl + codeRetrievedAtIso — every value on this row is unprovenanced"
"mn-blue-earth-mankato","MN","City of Mankato Building Dept","2020","true","Local Building Department","no codeSourceUrl + codeRetrievedAtIso — every value on this row is unprovenanced"
"mn-blue-earth-blue-earth-county","MN","Blue Earth County Building Department","2020","true","Local Building Department","no codeSourceUrl + codeRetrievedAtIso — every value on this row is unprovenanced"
"mn-brown-brown-county","MN","Brown County Building Department","2020","true","Local Building Department","no codeSourceUrl + codeRetrievedAtIso — every value on this row is unprovenanced"
"mn-carlton-carlton-county","MN","Carlton County Building Department","2020","true","Local Building Department","no codeSourceUrl + codeRetrievedAtIso — every value on this row is unprovenanced"
"mn-carver-carver-county","MN","Carver County Building Department","2020","true","Local Building Department","no codeSourceUrl + codeRetrievedAtIso — every value on this row is unprovenanced"
"mn-cass-cass-county","MN","Cass County Building Department","2020","true","Local Building Department","no codeSourceUrl + codeRetrievedAtIso — every value on this row is unprovenanced"
"mn-chippewa-chippewa-county","MN","Chippewa County Building Department","2020","true","Local Building Department","no codeSourceUrl + codeRetrievedAtIso — every value on this row is unprovenanced"
"mn-chisago-chisago-county","MN","Chisago County Building Department","2020","true","Local Building Department","no codeSourceUrl + codeRetrievedAtIso — every value on this row is unprovenanced"
"mn-clay-clay-county","MN","Clay County Building Department","2020","true","Local Building Department","no codeSourceUrl + codeRetrievedAtIso — every value on this row is unprovenanced"
"mn-clearwater-clearwater-county","MN","Clearwater County Building Department","2020","true","Local Building Department","no codeSourceUrl + codeRetrievedAtIso — every value on this row is unprovenanced"
"mn-cook-cook-county","MN","Cook County Building Department","2020","true","Local Building Department","no codeSourceUrl + codeRetrievedAtIso — every value on this row is unprovenanced"
"mn-cottonwood-cottonwood-county","MN","Cottonwood County Building Department","2020","true","Local Building Department","no codeSourceUrl + codeRetrievedAtIso — every value on this row is unprovenanced"
"mn-crow-wing-crow-wing-county","MN","Crow Wing County Building Department","2020","true","Local Building Department","no codeSourceUrl + codeRetrievedAtIso — every value on this row is unprovenanced"
"mn-dakota-burnsville","MN","City of Burnsville Building Dept","2020","true","Local Building Department","no codeSourceUrl + codeRetrievedAtIso — every value on this row is unprovenanced"
"mn-dakota-eagan","MN","City of Eagan Building Dept","2020","true","Local Building Department","no codeSourceUrl + codeRetrievedAtIso — every value on this row is unprovenanced"
"mn-dakota-dakota-county","MN","Dakota County Building Department","2020","true","Local Building Department","no codeSourceUrl + codeRetrievedAtIso — every value on this row is unprovenanced"
"mn-dodge-dodge-county","MN","Dodge County Building Department","2020","true","Local Building Department","no codeSourceUrl + codeRetrievedAtIso — every value on this row is unprovenanced"
"mn-douglas-douglas-county","MN","Douglas County Building Department","2020","true","Local Building Department","no codeSourceUrl + codeRetrievedAtIso — every value on this row is unprovenanced"
"mn-faribault-faribault-county","MN","Faribault County Building Department","2020","true","Local Building Department","no codeSourceUrl + codeRetrievedAtIso — every value on this row is unprovenanced"
"mn-fillmore-fillmore-county","MN","Fillmore County Building Department","2020","true","Local Building Department","no codeSourceUrl + codeRetrievedAtIso — every value on this row is unprovenanced"
"mn-freeborn-freeborn-county","MN","Freeborn County Building Department","2020","true","Local Building Department","no codeSourceUrl + codeRetrievedAtIso — every value on this row is unprovenanced"
"mn-goodhue-goodhue-county","MN","Goodhue County Building Department","2020","true","Local Building Department","no codeSourceUrl + codeRetrievedAtIso — every value on this row is unprovenanced"
"mn-grant-grant-county","MN","Grant County Building Department","2020","true","Local Building Department","no codeSourceUrl + codeRetrievedAtIso — every value on this row is unprovenanced"
"mn-hennepin-bloomington","MN","City of Bloomington Building Dept","2020","true","Local Building Department","no codeSourceUrl + codeRetrievedAtIso — every value on this row is unprovenanced"
"mn-hennepin-brooklyn-park","MN","City of Brooklyn Park Building Dept","2020","true","Local Building Department","no codeSourceUrl + codeRetrievedAtIso — every value on this row is unprovenanced"
"mn-hennepin-eden-prairie","MN","City of Eden Prairie Building Dept","2020","true","Local Building Department","no codeSourceUrl + codeRetrievedAtIso — every value on this row is unprovenanced"
"mn-hennepin-maple-grove","MN","City of Maple Grove Building Dept","2020","true","Local Building Department","no codeSourceUrl + codeRetrievedAtIso — every value on this row is unprovenanced"
"mn-hennepin-plymouth","MN","City of Plymouth Building Dept","2020","true","Local Building Department","no codeSourceUrl + codeRetrievedAtIso — every value on this row is unprovenanced"
"mn-hennepin-hennepin-county","MN","Hennepin County Building Department","2020","true","Local Building Department","no codeSourceUrl + codeRetrievedAtIso — every value on this row is unprovenanced"
"mn-houston-houston-county","MN","Houston County Building Department","2020","true","Local Building Department","no codeSourceUrl + codeRetrievedAtIso — every value on this row is unprovenanced"
"mn-hubbard-hubbard-county","MN","Hubbard County Building Department","2020","true","Local Building Department","no codeSourceUrl + codeRetrievedAtIso — every value on this row is unprovenanced"
"mn-isanti-isanti-county","MN","Isanti County Building Department","2020","true","Local Building Department","no codeSourceUrl + codeRetrievedAtIso — every value on this row is unprovenanced"
"mn-itasca-itasca-county","MN","Itasca County Building Department","2020","true","Local Building Department","no codeSourceUrl + codeRetrievedAtIso — every value on this row is unprovenanced"
"mn-jackson-jackson-county","MN","Jackson County Building Department","2020","true","Local Building Department","no codeSourceUrl + codeRetrievedAtIso — every value on this row is unprovenanced"
"mn-kanabec-kanabec-county","MN","Kanabec County Building Department","2020","true","Local Building Department","no codeSourceUrl + codeRetrievedAtIso — every value on this row is unprovenanced"
"mn-kandiyohi-kandiyohi-county","MN","Kandiyohi County Building Department","2020","true","Local Building Department","no codeSourceUrl + codeRetrievedAtIso — every value on this row is unprovenanced"
"mn-kittson-kittson-county","MN","Kittson County Building Department","2020","true","Local Building Department","no codeSourceUrl + codeRetrievedAtIso — every value on this row is unprovenanced"
"mn-koochiching-koochiching-county","MN","Koochiching County Building Department","2020","true","Local Building Department","no codeSourceUrl + codeRetrievedAtIso — every value on this row is unprovenanced"
"mn-lac-qui-parle-lac-qui-parle-county","MN","Lac qui Parle County Building Department","2020","true","Local Building Department","no codeSourceUrl + codeRetrievedAtIso — every value on this row is unprovenanced"
"mn-lake-lake-county","MN","Lake County Building Department","2020","true","Local Building Department","no codeSourceUrl + codeRetrievedAtIso — every value on this row is unprovenanced"
"mn-lake-of-the-woods-lake-of-the-woods-county","MN","Lake of the Woods County Building Department","2020","true","Local Building Department","no codeSourceUrl + codeRetrievedAtIso — every value on this row is unprovenanced"
"mn-le-sueur-le-sueur-county","MN","Le Sueur County Building Department","2020","true","Local Building Department","no codeSourceUrl + codeRetrievedAtIso — every value on this row is unprovenanced"
"mn-lincoln-lincoln-county","MN","Lincoln County Building Department","2020","true","Local Building Department","no codeSourceUrl + codeRetrievedAtIso — every value on this row is unprovenanced"
"mn-lyon-lyon-county","MN","Lyon County Building Department","2020","true","Local Building Department","no codeSourceUrl + codeRetrievedAtIso — every value on this row is unprovenanced"
"mn-mahnomen-mahnomen-county","MN","Mahnomen County Building Department","2020","true","Local Building Department","no codeSourceUrl + codeRetrievedAtIso — every value on this row is unprovenanced"
"mn-marshall-marshall-county","MN","Marshall County Building Department","2020","true","Local Building Department","no codeSourceUrl + codeRetrievedAtIso — every value on this row is unprovenanced"
"mn-martin-martin-county","MN","Martin County Building Department","2020","true","Local Building Department","no codeSourceUrl + codeRetrievedAtIso — every value on this row is unprovenanced"
"mn-mcleod-mcleod-county","MN","McLeod County Building Department","2020","true","Local Building Department","no codeSourceUrl + codeRetrievedAtIso — every value on this row is unprovenanced"
"mn-meeker-meeker-county","MN","Meeker County Building Department","2020","true","Local Building Department","no codeSourceUrl + codeRetrievedAtIso — every value on this row is unprovenanced"
"mn-mille-lacs-mille-lacs-county","MN","Mille Lacs County Building Department","2020","true","Local Building Department","no codeSourceUrl + codeRetrievedAtIso — every value on this row is unprovenanced"
"mn-morrison-morrison-county","MN","Morrison County Building Department","2020","true","Local Building Department","no codeSourceUrl + codeRetrievedAtIso — every value on this row is unprovenanced"
"mn-mower-mower-county","MN","Mower County Building Department","2020","true","Local Building Department","no codeSourceUrl + codeRetrievedAtIso — every value on this row is unprovenanced"
"mn-murray-murray-county","MN","Murray County Building Department","2020","true","Local Building Department","no codeSourceUrl + codeRetrievedAtIso — every value on this row is unprovenanced"
"mn-nicollet-nicollet-county","MN","Nicollet County Building Department","2020","true","Local Building Department","no codeSourceUrl + codeRetrievedAtIso — every value on this row is unprovenanced"
"mn-nobles-nobles-county","MN","Nobles County Building Department","2020","true","Local Building Department","no codeSourceUrl + codeRetrievedAtIso — every value on this row is unprovenanced"
"mn-norman-norman-county","MN","Norman County Building Department","2020","true","Local Building Department","no codeSourceUrl + codeRetrievedAtIso — every value on this row is unprovenanced"
"mn-olmsted-rochester","MN","City of Rochester Building & Safety","2020","true","Local Building Department","no codeSourceUrl + codeRetrievedAtIso — every value on this row is unprovenanced"
"mn-olmsted-olmsted-county","MN","Olmsted County Building Department","2020","true","Local Building Department","no codeSourceUrl + codeRetrievedAtIso — every value on this row is unprovenanced"
"mn-otter-tail-otter-tail-county","MN","Otter Tail County Building Department","2020","true","Local Building Department","no codeSourceUrl + codeRetrievedAtIso — every value on this row is unprovenanced"
"mn-pennington-pennington-county","MN","Pennington County Building Department","2020","true","Local Building Department","no codeSourceUrl + codeRetrievedAtIso — every value on this row is unprovenanced"
"mn-pine-pine-county","MN","Pine County Building Department","2020","true","Local Building Department","no codeSourceUrl + codeRetrievedAtIso — every value on this row is unprovenanced"
"mn-pipestone-pipestone-county","MN","Pipestone County Building Department","2020","true","Local Building Department","no codeSourceUrl + codeRetrievedAtIso — every value on this row is unprovenanced"
"mn-polk-polk-county","MN","Polk County Building Department","2020","true","Local Building Department","no codeSourceUrl + codeRetrievedAtIso — every value on this row is unprovenanced"
"mn-pope-pope-county","MN","Pope County Building Department","2020","true","Local Building Department","no codeSourceUrl + codeRetrievedAtIso — every value on this row is unprovenanced"
"mn-ramsey-ramsey-county","MN","Ramsey County Building Department","2020","true","Local Building Department","no codeSourceUrl + codeRetrievedAtIso — every value on this row is unprovenanced"
"mn-red-lake-red-lake-county","MN","Red Lake County Building Department","2020","true","Local Building Department","no codeSourceUrl + codeRetrievedAtIso — every value on this row is unprovenanced"
"mn-redwood-redwood-county","MN","Redwood County Building Department","2020","true","Local Building Department","no codeSourceUrl + codeRetrievedAtIso — every value on this row is unprovenanced"
"mn-renville-renville-county","MN","Renville County Building Department","2020","true","Local Building Department","no codeSourceUrl + codeRetrievedAtIso — every value on this row is unprovenanced"
"mn-rice-rice-county","MN","Rice County Building Department","2020","true","Local Building Department","no codeSourceUrl + codeRetrievedAtIso — every value on this row is unprovenanced"
"mn-rock-rock-county","MN","Rock County Building Department","2020","true","Local Building Department","no codeSourceUrl + codeRetrievedAtIso — every value on this row is unprovenanced"
"mn-roseau-roseau-county","MN","Roseau County Building Department","2020","true","Local Building Department","no codeSourceUrl + codeRetrievedAtIso — every value on this row is unprovenanced"
"mn-scott-scott-county","MN","Scott County Building Department","2020","true","Local Building Department","no codeSourceUrl + codeRetrievedAtIso — every value on this row is unprovenanced"
"mn-sherburne-sherburne-county","MN","Sherburne County Building Department","2020","true","Local Building Department","no codeSourceUrl + codeRetrievedAtIso — every value on this row is unprovenanced"
"mn-sibley-sibley-county","MN","Sibley County Building Department","2020","true","Local Building Department","no codeSourceUrl + codeRetrievedAtIso — every value on this row is unprovenanced"
"mn-st-louis-duluth","MN","City of Duluth Building & Safety","2020","true","Local Building Department","no codeSourceUrl + codeRetrievedAtIso — every value on this row is unprovenanced"
"mn-st-louis-st-louis-county","MN","St. Louis County Building Department","2020","true","Local Building Department","no codeSourceUrl + codeRetrievedAtIso — every value on this row is unprovenanced"
"mn-stearns-st-cloud","MN","City of St. Cloud Building & Development","2020","true","Local Building Department","no codeSourceUrl + codeRetrievedAtIso — every value on this row is unprovenanced"
"mn-stearns-stearns-county","MN","Stearns County Building Department","2020","true","Local Building Department","no codeSourceUrl + codeRetrievedAtIso — every value on this row is unprovenanced"
"mn-steele-steele-county","MN","Steele County Building Department","2020","true","Local Building Department","no codeSourceUrl + codeRetrievedAtIso — every value on this row is unprovenanced"
"mn-stevens-stevens-county","MN","Stevens County Building Department","2020","true","Local Building Department","no codeSourceUrl + codeRetrievedAtIso — every value on this row is unprovenanced"
"mn-swift-swift-county","MN","Swift County Building Department","2020","true","Local Building Department","no codeSourceUrl + codeRetrievedAtIso — every value on this row is unprovenanced"
"mn-todd-todd-county","MN","Todd County Building Department","2020","true","Local Building Department","no codeSourceUrl + codeRetrievedAtIso — every value on this row is unprovenanced"
"mn-traverse-traverse-county","MN","Traverse County Building Department","2020","true","Local Building Department","no codeSourceUrl + codeRetrievedAtIso — every value on this row is unprovenanced"
"mn-wabasha-wabasha-county","MN","Wabasha County Building Department","2020","true","Local Building Department","no codeSourceUrl + codeRetrievedAtIso — every value on this row is unprovenanced"
"mn-wadena-wadena-county","MN","Wadena County Building Department","2020","true","Local Building Department","no codeSourceUrl + codeRetrievedAtIso — every value on this row is unprovenanced"
"mn-waseca-waseca-county","MN","Waseca County Building Department","2020","true","Local Building Department","no codeSourceUrl + codeRetrievedAtIso — every value on this row is unprovenanced"
"mn-washington-washington-county","MN","Washington County Building Department","2020","true","Local Building Department","no codeSourceUrl + codeRetrievedAtIso — every value on this row is unprovenanced"
"mn-washington-woodbury","MN","City of Woodbury Building Dept","2020","true","Local Building Department","no codeSourceUrl + codeRetrievedAtIso — every value on this row is unprovenanced"
"mn-watonwan-watonwan-county","MN","Watonwan County Building Department","2020","true","Local Building Department","no codeSourceUrl + codeRetrievedAtIso — every value on this row is unprovenanced"
"mn-wilkin-wilkin-county","MN","Wilkin County Building Department","2020","true","Local Building Department","no codeSourceUrl + codeRetrievedAtIso — every value on this row is unprovenanced"
"mn-winona-winona-county","MN","Winona County Building Department","2020","true","Local Building Department","no codeSourceUrl + codeRetrievedAtIso — every value on this row is unprovenanced"
"mn-wright-wright-county","MN","Wright County Building Department","2020","true","Local Building Department","no codeSourceUrl + codeRetrievedAtIso — every value on this row is unprovenanced"
"mn-yellow-medicine-yellow-medicine-county","MN","Yellow Medicine County Building Department","2020","true","Local Building Department","no codeSourceUrl + codeRetrievedAtIso — every value on this row is unprovenanced"
"mo-adair-adair-county","MO","Adair County Building Department","2017","true","Local Building Department","no codeSourceUrl + codeRetrievedAtIso — every value on this row is unprovenanced"
"mo-andrew-andrew-county","MO","Andrew County Building Department","2017","true","Local Building Department","no codeSourceUrl + codeRetrievedAtIso — every value on this row is unprovenanced"
"mo-atchison-atchison-county","MO","Atchison County Building Department","2017","true","Local Building Department","no codeSourceUrl + codeRetrievedAtIso — every value on this row is unprovenanced"
"mo-audrain-audrain-county","MO","Audrain County Building Department","2017","true","Local Building Department","no codeSourceUrl + codeRetrievedAtIso — every value on this row is unprovenanced"
"mo-barry-barry-county","MO","Barry County Building Department","2017","true","Local Building Department","no codeSourceUrl + codeRetrievedAtIso — every value on this row is unprovenanced"
"mo-barton-barton-county","MO","Barton County Building Department","2017","true","Local Building Department","no codeSourceUrl + codeRetrievedAtIso — every value on this row is unprovenanced"
"mo-bates-bates-county","MO","Bates County Building Department","2017","true","Local Building Department","no codeSourceUrl + codeRetrievedAtIso — every value on this row is unprovenanced"
"mo-benton-benton-county","MO","Benton County Building Department","2017","true","Local Building Department","no codeSourceUrl + codeRetrievedAtIso — every value on this row is unprovenanced"
"mo-bollinger-bollinger-county","MO","Bollinger County Building Department","2017","true","Local Building Department","no codeSourceUrl + codeRetrievedAtIso — every value on this row is unprovenanced"
"mo-boone-columbia","MO","City of Columbia Building Department","2017","true","Local Building Department","no codeSourceUrl + codeRetrievedAtIso — every value on this row is unprovenanced"
"mo-boone-boone-county","MO","Boone County Building Department","2017","true","Local Building Department","no codeSourceUrl + codeRetrievedAtIso — every value on this row is unprovenanced"
"mo-buchanan-st-joseph","MO","City of St. Joseph Building Department","2017","true","Local Building Department","no codeSourceUrl + codeRetrievedAtIso — every value on this row is unprovenanced"
"mo-buchanan-buchanan-county","MO","Buchanan County Building Department","2017","true","Local Building Department","no codeSourceUrl + codeRetrievedAtIso — every value on this row is unprovenanced"
"mo-butler-butler-county","MO","Butler County Building Department","2017","true","Local Building Department","no codeSourceUrl + codeRetrievedAtIso — every value on this row is unprovenanced"
"mo-caldwell-caldwell-county","MO","Caldwell County Building Department","2017","true","Local Building Department","no codeSourceUrl + codeRetrievedAtIso — every value on this row is unprovenanced"
"mo-callaway-callaway-county","MO","Callaway County Building Department","2017","true","Local Building Department","no codeSourceUrl + codeRetrievedAtIso — every value on this row is unprovenanced"
"mo-camden-camden-county","MO","Camden County Building Department","2017","true","Local Building Department","no codeSourceUrl + codeRetrievedAtIso — every value on this row is unprovenanced"
"mo-cape-girardeau-cape-girardeau","MO","City of Cape Girardeau Building Dept","2017","true","Local Building Department","no codeSourceUrl + codeRetrievedAtIso — every value on this row is unprovenanced"
"mo-cape-girardeau-cape-girardeau-county","MO","Cape Girardeau County Building Department","2017","true","Local Building Department","no codeSourceUrl + codeRetrievedAtIso — every value on this row is unprovenanced"
"mo-carroll-carroll-county","MO","Carroll County Building Department","2017","true","Local Building Department","no codeSourceUrl + codeRetrievedAtIso — every value on this row is unprovenanced"
"mo-carter-carter-county","MO","Carter County Building Department","2017","true","Local Building Department","no codeSourceUrl + codeRetrievedAtIso — every value on this row is unprovenanced"
"mo-cass-cass-county","MO","Cass County Building Department","2017","true","Local Building Department","no codeSourceUrl + codeRetrievedAtIso — every value on this row is unprovenanced"
"mo-cedar-cedar-county","MO","Cedar County Building Department","2017","true","Local Building Department","no codeSourceUrl + codeRetrievedAtIso — every value on this row is unprovenanced"
"mo-chariton-chariton-county","MO","Chariton County Building Department","2017","true","Local Building Department","no codeSourceUrl + codeRetrievedAtIso — every value on this row is unprovenanced"
"mo-christian-nixa","MO","City of Nixa Building Dept","2017","true","Local Building Department","no codeSourceUrl + codeRetrievedAtIso — every value on this row is unprovenanced"
"mo-christian-christian-county","MO","Christian County Building Department","2017","true","Local Building Department","no codeSourceUrl + codeRetrievedAtIso — every value on this row is unprovenanced"
"mo-clark-clark-county","MO","Clark County Building Department","2017","true","Local Building Department","no codeSourceUrl + codeRetrievedAtIso — every value on this row is unprovenanced"
"mo-clay-clay-county","MO","Clay County Building Department","2017","true","Local Building Department","no codeSourceUrl + codeRetrievedAtIso — every value on this row is unprovenanced"
"mo-clinton-clinton-county","MO","Clinton County Building Department","2017","true","Local Building Department","no codeSourceUrl + codeRetrievedAtIso — every value on this row is unprovenanced"
"mo-cole-jefferson-city","MO","City of Jefferson City Building Department","2017","true","Local Building Department","no codeSourceUrl + codeRetrievedAtIso — every value on this row is unprovenanced"
"mo-cole-cole-county","MO","Cole County Building Department","2017","true","Local Building Department","no codeSourceUrl + codeRetrievedAtIso — every value on this row is unprovenanced"
"mo-cooper-cooper-county","MO","Cooper County Building Department","2017","true","Local Building Department","no codeSourceUrl + codeRetrievedAtIso — every value on this row is unprovenanced"
"mo-crawford-crawford-county","MO","Crawford County Building Department","2017","true","Local Building Department","no codeSourceUrl + codeRetrievedAtIso — every value on this row is unprovenanced"
"mo-dade-dade-county","MO","Dade County Building Department","2017","true","Local Building Department","no codeSourceUrl + codeRetrievedAtIso — every value on this row is unprovenanced"
"mo-dallas-dallas-county","MO","Dallas County Building Department","2017","true","Local Building Department","no codeSourceUrl + codeRetrievedAtIso — every value on this row is unprovenanced"
"mo-daviess-daviess-county","MO","Daviess County Building Department","2017","true","Local Building Department","no codeSourceUrl + codeRetrievedAtIso — every value on this row is unprovenanced"
"mo-dekalb-dekalb-county","MO","DeKalb County Building Department","2017","true","Local Building Department","no codeSourceUrl + codeRetrievedAtIso — every value on this row is unprovenanced"
"mo-dent-dent-county","MO","Dent County Building Department","2017","true","Local Building Department","no codeSourceUrl + codeRetrievedAtIso — every value on this row is unprovenanced"
"mo-douglas-douglas-county","MO","Douglas County Building Department","2017","true","Local Building Department","no codeSourceUrl + codeRetrievedAtIso — every value on this row is unprovenanced"
"mo-dunklin-dunklin-county","MO","Dunklin County Building Department","2017","true","Local Building Department","no codeSourceUrl + codeRetrievedAtIso — every value on this row is unprovenanced"
"mo-franklin-franklin-county","MO","Franklin County Building Department","2017","true","Local Building Department","no codeSourceUrl + codeRetrievedAtIso — every value on this row is unprovenanced"
"mo-gasconade-gasconade-county","MO","Gasconade County Building Department","2017","true","Local Building Department","no codeSourceUrl + codeRetrievedAtIso — every value on this row is unprovenanced"
"mo-gentry-gentry-county","MO","Gentry County Building Department","2017","true","Local Building Department","no codeSourceUrl + codeRetrievedAtIso — every value on this row is unprovenanced"
"mo-greene-springfield","MO","City of Springfield Building Development Services","2017","true","Local Building Department","no codeSourceUrl + codeRetrievedAtIso — every value on this row is unprovenanced"
"mo-greene-greene-county","MO","Greene County Building Department","2017","true","Local Building Department","no codeSourceUrl + codeRetrievedAtIso — every value on this row is unprovenanced"
"mo-grundy-grundy-county","MO","Grundy County Building Department","2017","true","Local Building Department","no codeSourceUrl + codeRetrievedAtIso — every value on this row is unprovenanced"
"mo-harrison-harrison-county","MO","Harrison County Building Department","2017","true","Local Building Department","no codeSourceUrl + codeRetrievedAtIso — every value on this row is unprovenanced"
"mo-henry-henry-county","MO","Henry County Building Department","2017","true","Local Building Department","no codeSourceUrl + codeRetrievedAtIso — every value on this row is unprovenanced"
"mo-hickory-hickory-county","MO","Hickory County Building Department","2017","true","Local Building Department","no codeSourceUrl + codeRetrievedAtIso — every value on this row is unprovenanced"
"mo-holt-holt-county","MO","Holt County Building Department","2017","true","Local Building Department","no codeSourceUrl + codeRetrievedAtIso — every value on this row is unprovenanced"
"mo-howard-howard-county","MO","Howard County Building Department","2017","true","Local Building Department","no codeSourceUrl + codeRetrievedAtIso — every value on this row is unprovenanced"
"mo-howell-howell-county","MO","Howell County Building Department","2017","true","Local Building Department","no codeSourceUrl + codeRetrievedAtIso — every value on this row is unprovenanced"
"mo-iron-iron-county","MO","Iron County Building Department","2017","true","Local Building Department","no codeSourceUrl + codeRetrievedAtIso — every value on this row is unprovenanced"
"mo-jackson-blue-springs","MO","City of Blue Springs Building Dept","2017","true","Local Building Department","no codeSourceUrl + codeRetrievedAtIso — every value on this row is unprovenanced"
"mo-jackson-independence","MO","City of Independence Building Department","2017","true","Local Building Department","no codeSourceUrl + codeRetrievedAtIso — every value on this row is unprovenanced"
"mo-jackson-lees-summit","MO","City of Lee's Summit Building Department","2017","true","Local Building Department","no codeSourceUrl + codeRetrievedAtIso — every value on this row is unprovenanced"
"mo-jackson-raytown","MO","City of Raytown Building Dept","2017","true","Local Building Department","no codeSourceUrl + codeRetrievedAtIso — every value on this row is unprovenanced"
"mo-jackson-jackson-county","MO","Jackson County Building Department","2017","true","Local Building Department","no codeSourceUrl + codeRetrievedAtIso — every value on this row is unprovenanced"
"mo-jasper-joplin","MO","City of Joplin Building Department","2017","true","Local Building Department","no codeSourceUrl + codeRetrievedAtIso — every value on this row is unprovenanced"
"mo-jasper-jasper-county","MO","Jasper County Building Department","2017","true","Local Building Department","no codeSourceUrl + codeRetrievedAtIso — every value on this row is unprovenanced"
"mo-jefferson-jefferson-county","MO","Jefferson County Building Department","2017","true","Local Building Department","no codeSourceUrl + codeRetrievedAtIso — every value on this row is unprovenanced"
"mo-johnson-johnson-county","MO","Johnson County Building Department","2017","true","Local Building Department","no codeSourceUrl + codeRetrievedAtIso — every value on this row is unprovenanced"
"mo-knox-knox-county","MO","Knox County Building Department","2017","true","Local Building Department","no codeSourceUrl + codeRetrievedAtIso — every value on this row is unprovenanced"
"mo-laclede-laclede-county","MO","Laclede County Building Department","2017","true","Local Building Department","no codeSourceUrl + codeRetrievedAtIso — every value on this row is unprovenanced"
"mo-lafayette-lafayette-county","MO","Lafayette County Building Department","2017","true","Local Building Department","no codeSourceUrl + codeRetrievedAtIso — every value on this row is unprovenanced"
"mo-lawrence-lawrence-county","MO","Lawrence County Building Department","2017","true","Local Building Department","no codeSourceUrl + codeRetrievedAtIso — every value on this row is unprovenanced"
"mo-lewis-lewis-county","MO","Lewis County Building Department","2017","true","Local Building Department","no codeSourceUrl + codeRetrievedAtIso — every value on this row is unprovenanced"
"mo-lincoln-lincoln-county","MO","Lincoln County Building Department","2017","true","Local Building Department","no codeSourceUrl + codeRetrievedAtIso — every value on this row is unprovenanced"
"mo-linn-linn-county","MO","Linn County Building Department","2017","true","Local Building Department","no codeSourceUrl + codeRetrievedAtIso — every value on this row is unprovenanced"
"mo-livingston-livingston-county","MO","Livingston County Building Department","2017","true","Local Building Department","no codeSourceUrl + codeRetrievedAtIso — every value on this row is unprovenanced"
"mo-macon-macon-county","MO","Macon County Building Department","2017","true","Local Building Department","no codeSourceUrl + codeRetrievedAtIso — every value on this row is unprovenanced"
"mo-madison-madison-county","MO","Madison County Building Department","2017","true","Local Building Department","no codeSourceUrl + codeRetrievedAtIso — every value on this row is unprovenanced"
"mo-maries-maries-county","MO","Maries County Building Department","2017","true","Local Building Department","no codeSourceUrl + codeRetrievedAtIso — every value on this row is unprovenanced"
"mo-marion-marion-county","MO","Marion County Building Department","2017","true","Local Building Department","no codeSourceUrl + codeRetrievedAtIso — every value on this row is unprovenanced"
"mo-mcdonald-mcdonald-county","MO","McDonald County Building Department","2017","true","Local Building Department","no codeSourceUrl + codeRetrievedAtIso — every value on this row is unprovenanced"
"mo-mercer-mercer-county","MO","Mercer County Building Department","2017","true","Local Building Department","no codeSourceUrl + codeRetrievedAtIso — every value on this row is unprovenanced"
"mo-miller-miller-county","MO","Miller County Building Department","2017","true","Local Building Department","no codeSourceUrl + codeRetrievedAtIso — every value on this row is unprovenanced"
"mo-mississippi-mississippi-county","MO","Mississippi County Building Department","2017","true","Local Building Department","no codeSourceUrl + codeRetrievedAtIso — every value on this row is unprovenanced"
"mo-moniteau-moniteau-county","MO","Moniteau County Building Department","2017","true","Local Building Department","no codeSourceUrl + codeRetrievedAtIso — every value on this row is unprovenanced"
"mo-monroe-monroe-county","MO","Monroe County Building Department","2017","true","Local Building Department","no codeSourceUrl + codeRetrievedAtIso — every value on this row is unprovenanced"
"mo-montgomery-montgomery-county","MO","Montgomery County Building Department","2017","true","Local Building Department","no codeSourceUrl + codeRetrievedAtIso — every value on this row is unprovenanced"
"mo-morgan-morgan-county","MO","Morgan County Building Department","2017","true","Local Building Department","no codeSourceUrl + codeRetrievedAtIso — every value on this row is unprovenanced"
"mo-new-madrid-new-madrid-county","MO","New Madrid County Building Department","2017","true","Local Building Department","no codeSourceUrl + codeRetrievedAtIso — every value on this row is unprovenanced"
"mo-newton-newton-county","MO","Newton County Building Department","2017","true","Local Building Department","no codeSourceUrl + codeRetrievedAtIso — every value on this row is unprovenanced"
"mo-nodaway-nodaway-county","MO","Nodaway County Building Department","2017","true","Local Building Department","no codeSourceUrl + codeRetrievedAtIso — every value on this row is unprovenanced"
"mo-oregon-oregon-county","MO","Oregon County Building Department","2017","true","Local Building Department","no codeSourceUrl + codeRetrievedAtIso — every value on this row is unprovenanced"
"mo-osage-osage-county","MO","Osage County Building Department","2017","true","Local Building Department","no codeSourceUrl + codeRetrievedAtIso — every value on this row is unprovenanced"
"mo-ozark-ozark-county","MO","Ozark County Building Department","2017","true","Local Building Department","no codeSourceUrl + codeRetrievedAtIso — every value on this row is unprovenanced"
"mo-pemiscot-pemiscot-county","MO","Pemiscot County Building Department","2017","true","Local Building Department","no codeSourceUrl + codeRetrievedAtIso — every value on this row is unprovenanced"
"mo-perry-perry-county","MO","Perry County Building Department","2017","true","Local Building Department","no codeSourceUrl + codeRetrievedAtIso — every value on this row is unprovenanced"
"mo-pettis-pettis-county","MO","Pettis County Building Department","2017","true","Local Building Department","no codeSourceUrl + codeRetrievedAtIso — every value on this row is unprovenanced"
"mo-phelps-phelps-county","MO","Phelps County Building Department","2017","true","Local Building Department","no codeSourceUrl + codeRetrievedAtIso — every value on this row is unprovenanced"
"mo-pike-pike-county","MO","Pike County Building Department","2017","true","Local Building Department","no codeSourceUrl + codeRetrievedAtIso — every value on this row is unprovenanced"
"mo-platte-platte-county","MO","Platte County Building Department","2017","true","Local Building Department","no codeSourceUrl + codeRetrievedAtIso — every value on this row is unprovenanced"
"mo-polk-polk-county","MO","Polk County Building Department","2017","true","Local Building Department","no codeSourceUrl + codeRetrievedAtIso — every value on this row is unprovenanced"
"mo-pulaski-pulaski-county","MO","Pulaski County Building Department","2017","true","Local Building Department","no codeSourceUrl + codeRetrievedAtIso — every value on this row is unprovenanced"
"mo-putnam-putnam-county","MO","Putnam County Building Department","2017","true","Local Building Department","no codeSourceUrl + codeRetrievedAtIso — every value on this row is unprovenanced"
"mo-ralls-ralls-county","MO","Ralls County Building Department","2017","true","Local Building Department","no codeSourceUrl + codeRetrievedAtIso — every value on this row is unprovenanced"
"mo-randolph-randolph-county","MO","Randolph County Building Department","2017","true","Local Building Department","no codeSourceUrl + codeRetrievedAtIso — every value on this row is unprovenanced"
"mo-ray-ray-county","MO","Ray County Building Department","2017","true","Local Building Department","no codeSourceUrl + codeRetrievedAtIso — every value on this row is unprovenanced"
"mo-reynolds-reynolds-county","MO","Reynolds County Building Department","2017","true","Local Building Department","no codeSourceUrl + codeRetrievedAtIso — every value on this row is unprovenanced"
"mo-ripley-ripley-county","MO","Ripley County Building Department","2017","true","Local Building Department","no codeSourceUrl + codeRetrievedAtIso — every value on this row is unprovenanced"
"mo-saline-saline-county","MO","Saline County Building Department","2017","true","Local Building Department","no codeSourceUrl + codeRetrievedAtIso — every value on this row is unprovenanced"
"mo-schuyler-schuyler-county","MO","Schuyler County Building Department","2017","true","Local Building Department","no codeSourceUrl + codeRetrievedAtIso — every value on this row is unprovenanced"
"mo-scotland-scotland-county","MO","Scotland County Building Department","2017","true","Local Building Department","no codeSourceUrl + codeRetrievedAtIso — every value on this row is unprovenanced"
"mo-scott-scott-county","MO","Scott County Building Department","2017","true","Local Building Department","no codeSourceUrl + codeRetrievedAtIso — every value on this row is unprovenanced"
"mo-shannon-shannon-county","MO","Shannon County Building Department","2017","true","Local Building Department","no codeSourceUrl + codeRetrievedAtIso — every value on this row is unprovenanced"
"mo-shelby-shelby-county","MO","Shelby County Building Department","2017","true","Local Building Department","no codeSourceUrl + codeRetrievedAtIso — every value on this row is unprovenanced"
"mo-st-charles-ofallon","MO","City of O'Fallon Building Department","2017","true","Local Building Department","no codeSourceUrl + codeRetrievedAtIso — every value on this row is unprovenanced"
"mo-st-charles-st-charles","MO","City of St. Charles Building Dept","2017","true","Local Building Department","no codeSourceUrl + codeRetrievedAtIso — every value on this row is unprovenanced"
"mo-st-charles-st-peters","MO","City of St. Peters Building Department","2017","true","Local Building Department","no codeSourceUrl + codeRetrievedAtIso — every value on this row is unprovenanced"
"mo-st-charles-st-charles-county","MO","St. Charles County Building Department","2017","true","Local Building Department","no codeSourceUrl + codeRetrievedAtIso — every value on this row is unprovenanced"
"mo-st-clair-st-clair-county","MO","St. Clair County Building Department","2017","true","Local Building Department","no codeSourceUrl + codeRetrievedAtIso — every value on this row is unprovenanced"
"mo-st-francois-st-francois-county","MO","St. Francois County Building Department","2017","true","Local Building Department","no codeSourceUrl + codeRetrievedAtIso — every value on this row is unprovenanced"
"mo-st-louis-chesterfield","MO","City of Chesterfield Building Dept","2017","true","Local Building Department","no codeSourceUrl + codeRetrievedAtIso — every value on this row is unprovenanced"
"mo-st-louis-florissant","MO","City of Florissant Building Dept","2017","true","Local Building Department","no codeSourceUrl + codeRetrievedAtIso — every value on this row is unprovenanced"
"mo-st-louis-st-louis-county","MO","St. Louis County Building Department","2017","true","Local Building Department","no codeSourceUrl + codeRetrievedAtIso — every value on this row is unprovenanced"
"mo-st-louis-wildwood","MO","City of Wildwood Building Dept","2017","true","Local Building Department","no codeSourceUrl + codeRetrievedAtIso — every value on this row is unprovenanced"
"mo-ste-genevieve-ste-genevieve-county","MO","Ste. Genevieve County Building Department","2017","true","Local Building Department","no codeSourceUrl + codeRetrievedAtIso — every value on this row is unprovenanced"
"mo-stoddard-stoddard-county","MO","Stoddard County Building Department","2017","true","Local Building Department","no codeSourceUrl + codeRetrievedAtIso — every value on this row is unprovenanced"
"mo-stone-stone-county","MO","Stone County Building Department","2017","true","Local Building Department","no codeSourceUrl + codeRetrievedAtIso — every value on this row is unprovenanced"
"mo-sullivan-sullivan-county","MO","Sullivan County Building Department","2017","true","Local Building Department","no codeSourceUrl + codeRetrievedAtIso — every value on this row is unprovenanced"
"mo-taney-taney-county","MO","Taney County Building Department","2017","true","Local Building Department","no codeSourceUrl + codeRetrievedAtIso — every value on this row is unprovenanced"
"mo-texas-texas-county","MO","Texas County Building Department","2017","true","Local Building Department","no codeSourceUrl + codeRetrievedAtIso — every value on this row is unprovenanced"
"mo-vernon-vernon-county","MO","Vernon County Building Department","2017","true","Local Building Department","no codeSourceUrl + codeRetrievedAtIso — every value on this row is unprovenanced"
"mo-warren-warren-county","MO","Warren County Building Department","2017","true","Local Building Department","no codeSourceUrl + codeRetrievedAtIso — every value on this row is unprovenanced"
"mo-washington-washington-county","MO","Washington County Building Department","2017","true","Local Building Department","no codeSourceUrl + codeRetrievedAtIso — every value on this row is unprovenanced"
"mo-wayne-wayne-county","MO","Wayne County Building Department","2017","true","Local Building Department","no codeSourceUrl + codeRetrievedAtIso — every value on this row is unprovenanced"
"mo-webster-webster-county","MO","Webster County Building Department","2017","true","Local Building Department","no codeSourceUrl + codeRetrievedAtIso — every value on this row is unprovenanced"
"mo-worth-worth-county","MO","Worth County Building Department","2017","true","Local Building Department","no codeSourceUrl + codeRetrievedAtIso — every value on this row is unprovenanced"
"mo-wright-wright-county","MO","Wright County Building Department","2017","true","Local Building Department","no codeSourceUrl + codeRetrievedAtIso — every value on this row is unprovenanced"
"mp-northern-islands-northern-islands-county","MP","Northern Islands County Building Department","2017","true","Local Building Department","no codeSourceUrl + codeRetrievedAtIso — every value on this row is unprovenanced"
"mp-rota-rota-county","MP","Rota County Building Department","2017","true","Local Building Department","no codeSourceUrl + codeRetrievedAtIso — every value on this row is unprovenanced"
"mp-saipan-saipan-county","MP","Saipan County Building Department","2017","true","Local Building Department","no codeSourceUrl + codeRetrievedAtIso — every value on this row is unprovenanced"
"mp-tinian-tinian-county","MP","Tinian County Building Department","2017","true","Local Building Department","no codeSourceUrl + codeRetrievedAtIso — every value on this row is unprovenanced"
"ms-adams-natchez","MS","City of Natchez Building Dept","2017","true","Local Building Department","no codeSourceUrl + codeRetrievedAtIso — every value on this row is unprovenanced"
"ms-adams-adams-county","MS","Adams County Building Department","2017","true","Local Building Department","no codeSourceUrl + codeRetrievedAtIso — every value on this row is unprovenanced"
"ms-alcorn-alcorn-county","MS","Alcorn County Building Department","2017","true","Local Building Department","no codeSourceUrl + codeRetrievedAtIso — every value on this row is unprovenanced"
"ms-amite-amite-county","MS","Amite County Building Department","2017","true","Local Building Department","no codeSourceUrl + codeRetrievedAtIso — every value on this row is unprovenanced"
"ms-attala-attala-county","MS","Attala County Building Department","2017","true","Local Building Department","no codeSourceUrl + codeRetrievedAtIso — every value on this row is unprovenanced"
"ms-benton-benton-county","MS","Benton County Building Department","2017","true","Local Building Department","no codeSourceUrl + codeRetrievedAtIso — every value on this row is unprovenanced"
"ms-bolivar-bolivar-county","MS","Bolivar County Building Department","2017","true","Local Building Department","no codeSourceUrl + codeRetrievedAtIso — every value on this row is unprovenanced"
"ms-calhoun-calhoun-county","MS","Calhoun County Building Department","2017","true","Local Building Department","no codeSourceUrl + codeRetrievedAtIso — every value on this row is unprovenanced"
"ms-carroll-carroll-county","MS","Carroll County Building Department","2017","true","Local Building Department","no codeSourceUrl + codeRetrievedAtIso — every value on this row is unprovenanced"
"ms-chickasaw-chickasaw-county","MS","Chickasaw County Building Department","2017","true","Local Building Department","no codeSourceUrl + codeRetrievedAtIso — every value on this row is unprovenanced"
"ms-choctaw-choctaw-county","MS","Choctaw County Building Department","2017","true","Local Building Department","no codeSourceUrl + codeRetrievedAtIso — every value on this row is unprovenanced"
"ms-claiborne-claiborne-county","MS","Claiborne County Building Department","2017","true","Local Building Department","no codeSourceUrl + codeRetrievedAtIso — every value on this row is unprovenanced"
"ms-clarke-clarke-county","MS","Clarke County Building Department","2017","true","Local Building Department","no codeSourceUrl + codeRetrievedAtIso — every value on this row is unprovenanced"
"ms-clay-clay-county","MS","Clay County Building Department","2017","true","Local Building Department","no codeSourceUrl + codeRetrievedAtIso — every value on this row is unprovenanced"
"ms-coahoma-coahoma-county","MS","Coahoma County Building Department","2017","true","Local Building Department","no codeSourceUrl + codeRetrievedAtIso — every value on this row is unprovenanced"
"ms-copiah-copiah-county","MS","Copiah County Building Department","2017","true","Local Building Department","no codeSourceUrl + codeRetrievedAtIso — every value on this row is unprovenanced"
"ms-covington-covington-county","MS","Covington County Building Department","2017","true","Local Building Department","no codeSourceUrl + codeRetrievedAtIso — every value on this row is unprovenanced"
"ms-desoto-olive-branch","MS","City of Olive Branch Building Department","2017","true","Local Building Department","no codeSourceUrl + codeRetrievedAtIso — every value on this row is unprovenanced"
"ms-desoto-southaven","MS","City of Southaven Building Department","2017","true","Local Building Department","no codeSourceUrl + codeRetrievedAtIso — every value on this row is unprovenanced"
"ms-desoto-desoto-county","MS","DeSoto County Building Department","2017","true","Local Building Department","no codeSourceUrl + codeRetrievedAtIso — every value on this row is unprovenanced"
"ms-forrest-hattiesburg","MS","City of Hattiesburg Building Department","2017","true","Local Building Department","no codeSourceUrl + codeRetrievedAtIso — every value on this row is unprovenanced"
"ms-forrest-forrest-county","MS","Forrest County Building Department","2017","true","Local Building Department","no codeSourceUrl + codeRetrievedAtIso — every value on this row is unprovenanced"
"ms-franklin-franklin-county","MS","Franklin County Building Department","2017","true","Local Building Department","no codeSourceUrl + codeRetrievedAtIso — every value on this row is unprovenanced"
"ms-george-george-county","MS","George County Building Department","2017","true","Local Building Department","no codeSourceUrl + codeRetrievedAtIso — every value on this row is unprovenanced"
"ms-greene-greene-county","MS","Greene County Building Department","2017","true","Local Building Department","no codeSourceUrl + codeRetrievedAtIso — every value on this row is unprovenanced"
"ms-grenada-grenada-county","MS","Grenada County Building Department","2017","true","Local Building Department","no codeSourceUrl + codeRetrievedAtIso — every value on this row is unprovenanced"
"ms-hancock-hancock-county","MS","Hancock County Building Department","2017","true","Local Building Department","no codeSourceUrl + codeRetrievedAtIso — every value on this row is unprovenanced"
"ms-harrison-biloxi","MS","City of Biloxi Building Department","2017","true","Local Building Department","no codeSourceUrl + codeRetrievedAtIso — every value on this row is unprovenanced"
"ms-harrison-gulfport","MS","City of Gulfport Building Department","2017","true","Local Building Department","no codeSourceUrl + codeRetrievedAtIso — every value on this row is unprovenanced"
"ms-harrison-harrison-county","MS","Harrison County Building Department","2017","true","Local Building Department","no codeSourceUrl + codeRetrievedAtIso — every value on this row is unprovenanced"
"ms-hinds-clinton","MS","City of Clinton Building Dept","2017","true","Local Building Department","no codeSourceUrl + codeRetrievedAtIso — every value on this row is unprovenanced"
"ms-hinds-hinds-county","MS","Hinds County Building Department","2017","true","Local Building Department","no codeSourceUrl + codeRetrievedAtIso — every value on this row is unprovenanced"
"ms-holmes-holmes-county","MS","Holmes County Building Department","2017","true","Local Building Department","no codeSourceUrl + codeRetrievedAtIso — every value on this row is unprovenanced"
"ms-humphreys-humphreys-county","MS","Humphreys County Building Department","2017","true","Local Building Department","no codeSourceUrl + codeRetrievedAtIso — every value on this row is unprovenanced"
"ms-issaquena-issaquena-county","MS","Issaquena County Building Department","2017","true","Local Building Department","no codeSourceUrl + codeRetrievedAtIso — every value on this row is unprovenanced"
"ms-itawamba-itawamba-county","MS","Itawamba County Building Department","2017","true","Local Building Department","no codeSourceUrl + codeRetrievedAtIso — every value on this row is unprovenanced"
"ms-jackson-pascagoula","MS","City of Pascagoula Building Dept","2017","true","Local Building Department","no codeSourceUrl + codeRetrievedAtIso — every value on this row is unprovenanced"
"ms-jackson-jackson-county","MS","Jackson County Building Department","2017","true","Local Building Department","no codeSourceUrl + codeRetrievedAtIso — every value on this row is unprovenanced"
"ms-jasper-jasper-county","MS","Jasper County Building Department","2017","true","Local Building Department","no codeSourceUrl + codeRetrievedAtIso — every value on this row is unprovenanced"
"ms-jefferson-jefferson-county","MS","Jefferson County Building Department","2017","true","Local Building Department","no codeSourceUrl + codeRetrievedAtIso — every value on this row is unprovenanced"
"ms-jefferson-davis-jefferson-davis-county","MS","Jefferson Davis County Building Department","2017","true","Local Building Department","no codeSourceUrl + codeRetrievedAtIso — every value on this row is unprovenanced"
"ms-jones-jones-county","MS","Jones County Building Department","2017","true","Local Building Department","no codeSourceUrl + codeRetrievedAtIso — every value on this row is unprovenanced"
"ms-kemper-kemper-county","MS","Kemper County Building Department","2017","true","Local Building Department","no codeSourceUrl + codeRetrievedAtIso — every value on this row is unprovenanced"
"ms-lafayette-lafayette-county","MS","Lafayette County Building Department","2017","true","Local Building Department","no codeSourceUrl + codeRetrievedAtIso — every value on this row is unprovenanced"
"ms-lamar-lamar-county","MS","Lamar County Building Department","2017","true","Local Building Department","no codeSourceUrl + codeRetrievedAtIso — every value on this row is unprovenanced"
"ms-lauderdale-meridian","MS","City of Meridian Building Department","2017","true","Local Building Department","no codeSourceUrl + codeRetrievedAtIso — every value on this row is unprovenanced"
"ms-lauderdale-lauderdale-county","MS","Lauderdale County Building Department","2017","true","Local Building Department","no codeSourceUrl + codeRetrievedAtIso — every value on this row is unprovenanced"
"ms-lawrence-lawrence-county","MS","Lawrence County Building Department","2017","true","Local Building Department","no codeSourceUrl + codeRetrievedAtIso — every value on this row is unprovenanced"
"ms-leake-leake-county","MS","Leake County Building Department","2017","true","Local Building Department","no codeSourceUrl + codeRetrievedAtIso — every value on this row is unprovenanced"
"ms-lee-tupelo","MS","City of Tupelo Building Dept","2017","true","Local Building Department","no codeSourceUrl + codeRetrievedAtIso — every value on this row is unprovenanced"
"ms-lee-lee-county","MS","Lee County Building Department","2017","true","Local Building Department","no codeSourceUrl + codeRetrievedAtIso — every value on this row is unprovenanced"
"ms-leflore-leflore-county","MS","Leflore County Building Department","2017","true","Local Building Department","no codeSourceUrl + codeRetrievedAtIso — every value on this row is unprovenanced"
"ms-lincoln-lincoln-county","MS","Lincoln County Building Department","2017","true","Local Building Department","no codeSourceUrl + codeRetrievedAtIso — every value on this row is unprovenanced"
"ms-lowndes-columbus","MS","City of Columbus Building Dept","2017","true","Local Building Department","no codeSourceUrl + codeRetrievedAtIso — every value on this row is unprovenanced"
"ms-lowndes-lowndes-county","MS","Lowndes County Building Department","2017","true","Local Building Department","no codeSourceUrl + codeRetrievedAtIso — every value on this row is unprovenanced"
"ms-madison-madison","MS","City of Madison Building Dept","2017","true","Local Building Department","no codeSourceUrl + codeRetrievedAtIso — every value on this row is unprovenanced"
"ms-madison-ridgeland","MS","City of Ridgeland Building Dept","2017","true","Local Building Department","no codeSourceUrl + codeRetrievedAtIso — every value on this row is unprovenanced"
"ms-madison-madison-county","MS","Madison County Building Department","2017","true","Local Building Department","no codeSourceUrl + codeRetrievedAtIso — every value on this row is unprovenanced"
"ms-marion-marion-county","MS","Marion County Building Department","2017","true","Local Building Department","no codeSourceUrl + codeRetrievedAtIso — every value on this row is unprovenanced"
"ms-marshall-marshall-county","MS","Marshall County Building Department","2017","true","Local Building Department","no codeSourceUrl + codeRetrievedAtIso — every value on this row is unprovenanced"
"ms-monroe-monroe-county","MS","Monroe County Building Department","2017","true","Local Building Department","no codeSourceUrl + codeRetrievedAtIso — every value on this row is unprovenanced"
"ms-montgomery-montgomery-county","MS","Montgomery County Building Department","2017","true","Local Building Department","no codeSourceUrl + codeRetrievedAtIso — every value on this row is unprovenanced"
"ms-neshoba-neshoba-county","MS","Neshoba County Building Department","2017","true","Local Building Department","no codeSourceUrl + codeRetrievedAtIso — every value on this row is unprovenanced"
"ms-newton-newton-county","MS","Newton County Building Department","2017","true","Local Building Department","no codeSourceUrl + codeRetrievedAtIso — every value on this row is unprovenanced"
"ms-noxubee-noxubee-county","MS","Noxubee County Building Department","2017","true","Local Building Department","no codeSourceUrl + codeRetrievedAtIso — every value on this row is unprovenanced"
"ms-oktibbeha-starkville","MS","City of Starkville Building Dept","2017","true","Local Building Department","no codeSourceUrl + codeRetrievedAtIso — every value on this row is unprovenanced"
"ms-oktibbeha-oktibbeha-county","MS","Oktibbeha County Building Department","2017","true","Local Building Department","no codeSourceUrl + codeRetrievedAtIso — every value on this row is unprovenanced"
"ms-panola-panola-county","MS","Panola County Building Department","2017","true","Local Building Department","no codeSourceUrl + codeRetrievedAtIso — every value on this row is unprovenanced"
"ms-pearl-river-pearl-river-county","MS","Pearl River County Building Department","2017","true","Local Building Department","no codeSourceUrl + codeRetrievedAtIso — every value on this row is unprovenanced"
"ms-perry-perry-county","MS","Perry County Building Department","2017","true","Local Building Department","no codeSourceUrl + codeRetrievedAtIso — every value on this row is unprovenanced"
"ms-pike-pike-county","MS","Pike County Building Department","2017","true","Local Building Department","no codeSourceUrl + codeRetrievedAtIso — every value on this row is unprovenanced"
"ms-pontotoc-pontotoc-county","MS","Pontotoc County Building Department","2017","true","Local Building Department","no codeSourceUrl + codeRetrievedAtIso — every value on this row is unprovenanced"
"ms-prentiss-prentiss-county","MS","Prentiss County Building Department","2017","true","Local Building Department","no codeSourceUrl + codeRetrievedAtIso — every value on this row is unprovenanced"
"ms-quitman-quitman-county","MS","Quitman County Building Department","2017","true","Local Building Department","no codeSourceUrl + codeRetrievedAtIso — every value on this row is unprovenanced"
"ms-rankin-brandon","MS","City of Brandon Building Dept","2017","true","Local Building Department","no codeSourceUrl + codeRetrievedAtIso — every value on this row is unprovenanced"
"ms-rankin-flowood","MS","City of Flowood Building Dept","2017","true","Local Building Department","no codeSourceUrl + codeRetrievedAtIso — every value on this row is unprovenanced"
"ms-rankin-pearl","MS","City of Pearl Building Dept","2017","true","Local Building Department","no codeSourceUrl + codeRetrievedAtIso — every value on this row is unprovenanced"
"ms-rankin-rankin-county","MS","Rankin County Building Department","2017","true","Local Building Department","no codeSourceUrl + codeRetrievedAtIso — every value on this row is unprovenanced"
"ms-scott-scott-county","MS","Scott County Building Department","2017","true","Local Building Department","no codeSourceUrl + codeRetrievedAtIso — every value on this row is unprovenanced"
"ms-sharkey-sharkey-county","MS","Sharkey County Building Department","2017","true","Local Building Department","no codeSourceUrl + codeRetrievedAtIso — every value on this row is unprovenanced"
"ms-simpson-simpson-county","MS","Simpson County Building Department","2017","true","Local Building Department","no codeSourceUrl + codeRetrievedAtIso — every value on this row is unprovenanced"
"ms-smith-smith-county","MS","Smith County Building Department","2017","true","Local Building Department","no codeSourceUrl + codeRetrievedAtIso — every value on this row is unprovenanced"
"ms-stone-stone-county","MS","Stone County Building Department","2017","true","Local Building Department","no codeSourceUrl + codeRetrievedAtIso — every value on this row is unprovenanced"
"ms-sunflower-sunflower-county","MS","Sunflower County Building Department","2017","true","Local Building Department","no codeSourceUrl + codeRetrievedAtIso — every value on this row is unprovenanced"
"ms-tallahatchie-tallahatchie-county","MS","Tallahatchie County Building Department","2017","true","Local Building Department","no codeSourceUrl + codeRetrievedAtIso — every value on this row is unprovenanced"
"ms-tate-tate-county","MS","Tate County Building Department","2017","true","Local Building Department","no codeSourceUrl + codeRetrievedAtIso — every value on this row is unprovenanced"
"ms-tippah-tippah-county","MS","Tippah County Building Department","2017","true","Local Building Department","no codeSourceUrl + codeRetrievedAtIso — every value on this row is unprovenanced"
"ms-tishomingo-tishomingo-county","MS","Tishomingo County Building Department","2017","true","Local Building Department","no codeSourceUrl + codeRetrievedAtIso — every value on this row is unprovenanced"
"ms-tunica-tunica-county","MS","Tunica County Building Department","2017","true","Local Building Department","no codeSourceUrl + codeRetrievedAtIso — every value on this row is unprovenanced"
"ms-union-union-county","MS","Union County Building Department","2017","true","Local Building Department","no codeSourceUrl + codeRetrievedAtIso — every value on this row is unprovenanced"
"ms-walthall-walthall-county","MS","Walthall County Building Department","2017","true","Local Building Department","no codeSourceUrl + codeRetrievedAtIso — every value on this row is unprovenanced"
"ms-warren-warren-county","MS","Warren County Building Department","2017","true","Local Building Department","no codeSourceUrl + codeRetrievedAtIso — every value on this row is unprovenanced"
"ms-warren-vicksburg","MS","City of Vicksburg Building Dept","2017","true","Local Building Department","no codeSourceUrl + codeRetrievedAtIso — every value on this row is unprovenanced"
"ms-washington-washington-county","MS","Washington County Building Department","2017","true","Local Building Department","no codeSourceUrl + codeRetrievedAtIso — every value on this row is unprovenanced"
"ms-wayne-wayne-county","MS","Wayne County Building Department","2017","true","Local Building Department","no codeSourceUrl + codeRetrievedAtIso — every value on this row is unprovenanced"
"ms-webster-webster-county","MS","Webster County Building Department","2017","true","Local Building Department","no codeSourceUrl + codeRetrievedAtIso — every value on this row is unprovenanced"
"ms-wilkinson-wilkinson-county","MS","Wilkinson County Building Department","2017","true","Local Building Department","no codeSourceUrl + codeRetrievedAtIso — every value on this row is unprovenanced"
"ms-winston-winston-county","MS","Winston County Building Department","2017","true","Local Building Department","no codeSourceUrl + codeRetrievedAtIso — every value on this row is unprovenanced"
"ms-yalobusha-yalobusha-county","MS","Yalobusha County Building Department","2017","true","Local Building Department","no codeSourceUrl + codeRetrievedAtIso — every value on this row is unprovenanced"
"ms-yazoo-yazoo-county","MS","Yazoo County Building Department","2017","true","Local Building Department","no codeSourceUrl + codeRetrievedAtIso — every value on this row is unprovenanced"
"mt-beaverhead-beaverhead-county","MT","Beaverhead County Building Department","2017","true","Local Building Department","no codeSourceUrl + codeRetrievedAtIso — every value on this row is unprovenanced"
"mt-big-horn-big-horn-county","MT","Big Horn County Building Department","2017","true","Local Building Department","no codeSourceUrl + codeRetrievedAtIso — every value on this row is unprovenanced"
"mt-blaine-blaine-county","MT","Blaine County Building Department","2017","true","Local Building Department","no codeSourceUrl + codeRetrievedAtIso — every value on this row is unprovenanced"
"mt-broadwater-broadwater-county","MT","Broadwater County Building Department","2017","true","Local Building Department","no codeSourceUrl + codeRetrievedAtIso — every value on this row is unprovenanced"
"mt-carbon-carbon-county","MT","Carbon County Building Department","2017","true","Local Building Department","no codeSourceUrl + codeRetrievedAtIso — every value on this row is unprovenanced"
"mt-carter-carter-county","MT","Carter County Building Department","2017","true","Local Building Department","no codeSourceUrl + codeRetrievedAtIso — every value on this row is unprovenanced"
"mt-cascade-great-falls","MT","City of Great Falls Building Department","2017","true","Local Building Department","no codeSourceUrl + codeRetrievedAtIso — every value on this row is unprovenanced"
"mt-cascade-cascade-county","MT","Cascade County Building Department","2017","true","Local Building Department","no codeSourceUrl + codeRetrievedAtIso — every value on this row is unprovenanced"
"mt-chouteau-chouteau-county","MT","Chouteau County Building Department","2017","true","Local Building Department","no codeSourceUrl + codeRetrievedAtIso — every value on this row is unprovenanced"
"mt-custer-miles-city","MT","City of Miles City Building Dept","2017","true","Local Building Department","no codeSourceUrl + codeRetrievedAtIso — every value on this row is unprovenanced"
"mt-custer-custer-county","MT","Custer County Building Department","2017","true","Local Building Department","no codeSourceUrl + codeRetrievedAtIso — every value on this row is unprovenanced"
"mt-daniels-daniels-county","MT","Daniels County Building Department","2017","true","Local Building Department","no codeSourceUrl + codeRetrievedAtIso — every value on this row is unprovenanced"
"mt-dawson-glendive","MT","City of Glendive Building Dept","2017","true","Local Building Department","no codeSourceUrl + codeRetrievedAtIso — every value on this row is unprovenanced"
"mt-dawson-dawson-county","MT","Dawson County Building Department","2017","true","Local Building Department","no codeSourceUrl + codeRetrievedAtIso — every value on this row is unprovenanced"
"mt-deer-lodge-anaconda","MT","City of Anaconda Building Dept","2017","false","Local Building Department","no codeSourceUrl + codeRetrievedAtIso — every value on this row is unprovenanced"
"mt-deer-lodge-deer-lodge-county","MT","Deer Lodge County Building Department","2017","true","Local Building Department","no codeSourceUrl + codeRetrievedAtIso — every value on this row is unprovenanced"
"mt-fallon-fallon-county","MT","Fallon County Building Department","2017","true","Local Building Department","no codeSourceUrl + codeRetrievedAtIso — every value on this row is unprovenanced"
"mt-fergus-fergus-county","MT","Fergus County Building Department","2017","true","Local Building Department","no codeSourceUrl + codeRetrievedAtIso — every value on this row is unprovenanced"
"mt-flathead-kalispell","MT","City of Kalispell Building Dept","2017","true","Local Building Department","no codeSourceUrl + codeRetrievedAtIso — every value on this row is unprovenanced"
"mt-flathead-flathead-county","MT","Flathead County Building Department","2017","true","Local Building Department","no codeSourceUrl + codeRetrievedAtIso — every value on this row is unprovenanced"
"mt-gallatin-bozeman","MT","City of Bozeman Building Dept","2017","true","Local Building Department","no codeSourceUrl + codeRetrievedAtIso — every value on this row is unprovenanced"
"mt-gallatin-gallatin-county","MT","Gallatin County Building Department","2017","true","Local Building Department","no codeSourceUrl + codeRetrievedAtIso — every value on this row is unprovenanced"
"mt-garfield-garfield-county","MT","Garfield County Building Department","2017","true","Local Building Department","no codeSourceUrl + codeRetrievedAtIso — every value on this row is unprovenanced"
"mt-glacier-glacier-county","MT","Glacier County Building Department","2017","true","Local Building Department","no codeSourceUrl + codeRetrievedAtIso — every value on this row is unprovenanced"
"mt-golden-valley-golden-valley-county","MT","Golden Valley County Building Department","2017","true","Local Building Department","no codeSourceUrl + codeRetrievedAtIso — every value on this row is unprovenanced"
"mt-granite-granite-county","MT","Granite County Building Department","2017","true","Local Building Department","no codeSourceUrl + codeRetrievedAtIso — every value on this row is unprovenanced"
"mt-hill-havre","MT","City of Havre Building Dept","2017","true","Local Building Department","no codeSourceUrl + codeRetrievedAtIso — every value on this row is unprovenanced"
"mt-hill-hill-county","MT","Hill County Building Department","2017","true","Local Building Department","no codeSourceUrl + codeRetrievedAtIso — every value on this row is unprovenanced"
"mt-jefferson-jefferson-county","MT","Jefferson County Building Department","2017","true","Local Building Department","no codeSourceUrl + codeRetrievedAtIso — every value on this row is unprovenanced"
"mt-judith-basin-judith-basin-county","MT","Judith Basin County Building Department","2017","true","Local Building Department","no codeSourceUrl + codeRetrievedAtIso — every value on this row is unprovenanced"
"mt-lake-lake-county","MT","Lake County Building Department","2017","true","Local Building Department","no codeSourceUrl + codeRetrievedAtIso — every value on this row is unprovenanced"
"mt-lewis-and-clark-helena","MT","City of Helena Building Dept","2017","true","Local Building Department","no codeSourceUrl + codeRetrievedAtIso — every value on this row is unprovenanced"
"mt-lewis-and-clark-lewis-and-clark-county","MT","Lewis and Clark County Building Department","2017","true","Local Building Department","no codeSourceUrl + codeRetrievedAtIso — every value on this row is unprovenanced"
"mt-liberty-liberty-county","MT","Liberty County Building Department","2017","true","Local Building Department","no codeSourceUrl + codeRetrievedAtIso — every value on this row is unprovenanced"
"mt-lincoln-lincoln-county","MT","Lincoln County Building Department","2017","true","Local Building Department","no codeSourceUrl + codeRetrievedAtIso — every value on this row is unprovenanced"
"mt-madison-madison-county","MT","Madison County Building Department","2017","true","Local Building Department","no codeSourceUrl + codeRetrievedAtIso — every value on this row is unprovenanced"
"mt-mccone-mccone-county","MT","McCone County Building Department","2017","true","Local Building Department","no codeSourceUrl + codeRetrievedAtIso — every value on this row is unprovenanced"
"mt-meagher-meagher-county","MT","Meagher County Building Department","2017","true","Local Building Department","no codeSourceUrl + codeRetrievedAtIso — every value on this row is unprovenanced"
"mt-mineral-mineral-county","MT","Mineral County Building Department","2017","true","Local Building Department","no codeSourceUrl + codeRetrievedAtIso — every value on this row is unprovenanced"
"mt-missoula-missoula","MT","City of Missoula Building Department","2017","true","Local Building Department","no codeSourceUrl + codeRetrievedAtIso — every value on this row is unprovenanced"
"mt-missoula-missoula-county","MT","Missoula County Building Department","2017","true","Local Building Department","no codeSourceUrl + codeRetrievedAtIso — every value on this row is unprovenanced"
"mt-musselshell-musselshell-county","MT","Musselshell County Building Department","2017","true","Local Building Department","no codeSourceUrl + codeRetrievedAtIso — every value on this row is unprovenanced"
"mt-park-livingston","MT","City of Livingston Building Dept","2017","true","Local Building Department","no codeSourceUrl + codeRetrievedAtIso — every value on this row is unprovenanced"
"mt-park-park-county","MT","Park County Building Department","2017","true","Local Building Department","no codeSourceUrl + codeRetrievedAtIso — every value on this row is unprovenanced"
"mt-petroleum-petroleum-county","MT","Petroleum County Building Department","2017","true","Local Building Department","no codeSourceUrl + codeRetrievedAtIso — every value on this row is unprovenanced"
"mt-phillips-phillips-county","MT","Phillips County Building Department","2017","true","Local Building Department","no codeSourceUrl + codeRetrievedAtIso — every value on this row is unprovenanced"
"mt-pondera-pondera-county","MT","Pondera County Building Department","2017","true","Local Building Department","no codeSourceUrl + codeRetrievedAtIso — every value on this row is unprovenanced"
"mt-powder-river-powder-river-county","MT","Powder River County Building Department","2017","true","Local Building Department","no codeSourceUrl + codeRetrievedAtIso — every value on this row is unprovenanced"
"mt-powell-powell-county","MT","Powell County Building Department","2017","true","Local Building Department","no codeSourceUrl + codeRetrievedAtIso — every value on this row is unprovenanced"
"mt-prairie-prairie-county","MT","Prairie County Building Department","2017","true","Local Building Department","no codeSourceUrl + codeRetrievedAtIso — every value on this row is unprovenanced"
"mt-ravalli-ravalli-county","MT","Ravalli County Building Department","2017","true","Local Building Department","no codeSourceUrl + codeRetrievedAtIso — every value on this row is unprovenanced"
"mt-richland-richland-county","MT","Richland County Building Department","2017","true","Local Building Department","no codeSourceUrl + codeRetrievedAtIso — every value on this row is unprovenanced"
"mt-roosevelt-roosevelt-county","MT","Roosevelt County Building Department","2017","true","Local Building Department","no codeSourceUrl + codeRetrievedAtIso — every value on this row is unprovenanced"
"mt-rosebud-rosebud-county","MT","Rosebud County Building Department","2017","true","Local Building Department","no codeSourceUrl + codeRetrievedAtIso — every value on this row is unprovenanced"
"mt-sanders-sanders-county","MT","Sanders County Building Department","2017","true","Local Building Department","no codeSourceUrl + codeRetrievedAtIso — every value on this row is unprovenanced"
"mt-sheridan-sheridan-county","MT","Sheridan County Building Department","2017","true","Local Building Department","no codeSourceUrl + codeRetrievedAtIso — every value on this row is unprovenanced"
"mt-silver-bow-butte","MT","City of Butte Building Dept","2017","false","Local Building Department","no codeSourceUrl + codeRetrievedAtIso — every value on this row is unprovenanced"
"mt-silver-bow-silver-bow-county","MT","Silver Bow County Building Department","2017","true","Local Building Department","no codeSourceUrl + codeRetrievedAtIso — every value on this row is unprovenanced"
"mt-stillwater-stillwater-county","MT","Stillwater County Building Department","2017","true","Local Building Department","no codeSourceUrl + codeRetrievedAtIso — every value on this row is unprovenanced"
"mt-sweet-grass-sweet-grass-county","MT","Sweet Grass County Building Department","2017","true","Local Building Department","no codeSourceUrl + codeRetrievedAtIso — every value on this row is unprovenanced"
"mt-teton-teton-county","MT","Teton County Building Department","2017","true","Local Building Department","no codeSourceUrl + codeRetrievedAtIso — every value on this row is unprovenanced"
"mt-toole-toole-county","MT","Toole County Building Department","2017","true","Local Building Department","no codeSourceUrl + codeRetrievedAtIso — every value on this row is unprovenanced"
"mt-treasure-treasure-county","MT","Treasure County Building Department","2017","true","Local Building Department","no codeSourceUrl + codeRetrievedAtIso — every value on this row is unprovenanced"
"mt-valley-valley-county","MT","Valley County Building Department","2017","true","Local Building Department","no codeSourceUrl + codeRetrievedAtIso — every value on this row is unprovenanced"
"mt-wheatland-wheatland-county","MT","Wheatland County Building Department","2017","true","Local Building Department","no codeSourceUrl + codeRetrievedAtIso — every value on this row is unprovenanced"
"mt-wibaux-wibaux-county","MT","Wibaux County Building Department","2017","true","Local Building Department","no codeSourceUrl + codeRetrievedAtIso — every value on this row is unprovenanced"
"mt-yellowstone-yellowstone-county","MT","Yellowstone County Building Department","2017","true","Local Building Department","no codeSourceUrl + codeRetrievedAtIso — every value on this row is unprovenanced"
"nc-alamance-burlington","NC","City of Burlington Building Dept","2020","true","Local Building Department","no codeSourceUrl + codeRetrievedAtIso — every value on this row is unprovenanced"
"nc-alamance-alamance-county","NC","Alamance County Building Department","2020","true","Local Building Department","no codeSourceUrl + codeRetrievedAtIso — every value on this row is unprovenanced"
"nc-alexander-alexander-county","NC","Alexander County Building Department","2020","true","Local Building Department","no codeSourceUrl + codeRetrievedAtIso — every value on this row is unprovenanced"
"nc-alleghany-alleghany-county","NC","Alleghany County Building Department","2020","true","Local Building Department","no codeSourceUrl + codeRetrievedAtIso — every value on this row is unprovenanced"
"nc-anson-anson-county","NC","Anson County Building Department","2020","true","Local Building Department","no codeSourceUrl + codeRetrievedAtIso — every value on this row is unprovenanced"
"nc-ashe-ashe-county","NC","Ashe County Building Department","2020","true","Local Building Department","no codeSourceUrl + codeRetrievedAtIso — every value on this row is unprovenanced"
"nc-avery-avery-county","NC","Avery County Building Department","2020","true","Local Building Department","no codeSourceUrl + codeRetrievedAtIso — every value on this row is unprovenanced"
"nc-beaufort-beaufort-county","NC","Beaufort County Building Department","2020","true","Local Building Department","no codeSourceUrl + codeRetrievedAtIso — every value on this row is unprovenanced"
"nc-bertie-bertie-county","NC","Bertie County Building Department","2020","true","Local Building Department","no codeSourceUrl + codeRetrievedAtIso — every value on this row is unprovenanced"
"nc-bladen-bladen-county","NC","Bladen County Building Department","2020","true","Local Building Department","no codeSourceUrl + codeRetrievedAtIso — every value on this row is unprovenanced"
"nc-brunswick-brunswick-county","NC","Brunswick County Building Department","2020","true","Local Building Department","no codeSourceUrl + codeRetrievedAtIso — every value on this row is unprovenanced"
"nc-buncombe-buncombe-county","NC","Buncombe County Building Department","2020","true","Local Building Department","no codeSourceUrl + codeRetrievedAtIso — every value on this row is unprovenanced"
"nc-burke-burke-county","NC","Burke County Building Department","2020","true","Local Building Department","no codeSourceUrl + codeRetrievedAtIso — every value on this row is unprovenanced"
"nc-cabarrus-concord","NC","City of Concord Building Department","2020","true","Local Building Department","no codeSourceUrl + codeRetrievedAtIso — every value on this row is unprovenanced"
"nc-cabarrus-kannapolis","NC","City of Kannapolis Building Dept","2020","true","Local Building Department","no codeSourceUrl + codeRetrievedAtIso — every value on this row is unprovenanced"
"nc-cabarrus-cabarrus-county","NC","Cabarrus County Building Department","2020","true","Local Building Department","no codeSourceUrl + codeRetrievedAtIso — every value on this row is unprovenanced"
"nc-caldwell-caldwell-county","NC","Caldwell County Building Department","2020","true","Local Building Department","no codeSourceUrl + codeRetrievedAtIso — every value on this row is unprovenanced"
"nc-camden-camden-county","NC","Camden County Building Department","2020","true","Local Building Department","no codeSourceUrl + codeRetrievedAtIso — every value on this row is unprovenanced"
"nc-carteret-carteret-county","NC","Carteret County Building Department","2020","true","Local Building Department","no codeSourceUrl + codeRetrievedAtIso — every value on this row is unprovenanced"
"nc-caswell-caswell-county","NC","Caswell County Building Department","2020","true","Local Building Department","no codeSourceUrl + codeRetrievedAtIso — every value on this row is unprovenanced"
"nc-catawba-hickory","NC","City of Hickory Building Dept","2020","true","Local Building Department","no codeSourceUrl + codeRetrievedAtIso — every value on this row is unprovenanced"
"nc-catawba-catawba-county","NC","Catawba County Building Department","2020","true","Local Building Department","no codeSourceUrl + codeRetrievedAtIso — every value on this row is unprovenanced"
"nc-chatham-chatham-county","NC","Chatham County Building Department","2020","true","Local Building Department","no codeSourceUrl + codeRetrievedAtIso — every value on this row is unprovenanced"
"nc-cherokee-cherokee-county","NC","Cherokee County Building Department","2020","true","Local Building Department","no codeSourceUrl + codeRetrievedAtIso — every value on this row is unprovenanced"
"nc-chowan-chowan-county","NC","Chowan County Building Department","2020","true","Local Building Department","no codeSourceUrl + codeRetrievedAtIso — every value on this row is unprovenanced"
"nc-clay-clay-county","NC","Clay County Building Department","2020","true","Local Building Department","no codeSourceUrl + codeRetrievedAtIso — every value on this row is unprovenanced"
"nc-cleveland-cleveland-county","NC","Cleveland County Building Department","2020","true","Local Building Department","no codeSourceUrl + codeRetrievedAtIso — every value on this row is unprovenanced"
"nc-columbus-columbus-county","NC","Columbus County Building Department","2020","true","Local Building Department","no codeSourceUrl + codeRetrievedAtIso — every value on this row is unprovenanced"
"nc-craven-craven-county","NC","Craven County Building Department","2020","true","Local Building Department","no codeSourceUrl + codeRetrievedAtIso — every value on this row is unprovenanced"
"nc-cumberland-fayetteville","NC","City of Fayetteville Inspections","2020","true","Local Building Department","no codeSourceUrl + codeRetrievedAtIso — every value on this row is unprovenanced"
"nc-cumberland-cumberland-county","NC","Cumberland County Building Department","2020","true","Local Building Department","no codeSourceUrl + codeRetrievedAtIso — every value on this row is unprovenanced"
"nc-currituck-currituck-county","NC","Currituck County Building Department","2020","true","Local Building Department","no codeSourceUrl + codeRetrievedAtIso — every value on this row is unprovenanced"
"nc-dare-dare-county","NC","Dare County Building Department","2020","true","Local Building Department","no codeSourceUrl + codeRetrievedAtIso — every value on this row is unprovenanced"
"nc-davidson-davidson-county","NC","Davidson County Building Department","2020","true","Local Building Department","no codeSourceUrl + codeRetrievedAtIso — every value on this row is unprovenanced"
"nc-davie-davie-county","NC","Davie County Building Department","2020","true","Local Building Department","no codeSourceUrl + codeRetrievedAtIso — every value on this row is unprovenanced"
"nc-duplin-duplin-county","NC","Duplin County Building Department","2020","true","Local Building Department","no codeSourceUrl + codeRetrievedAtIso — every value on this row is unprovenanced"
"nc-durham-durham-county","NC","Durham County Building Department","2020","true","Local Building Department","no codeSourceUrl + codeRetrievedAtIso — every value on this row is unprovenanced"
"nc-edgecombe-edgecombe-county","NC","Edgecombe County Building Department","2020","true","Local Building Department","no codeSourceUrl + codeRetrievedAtIso — every value on this row is unprovenanced"
"nc-forsyth-forsyth-county","NC","Forsyth County Building Department","2020","true","Local Building Department","no codeSourceUrl + codeRetrievedAtIso — every value on this row is unprovenanced"
"nc-franklin-franklin-county","NC","Franklin County Building Department","2020","true","Local Building Department","no codeSourceUrl + codeRetrievedAtIso — every value on this row is unprovenanced"
"nc-gaston-gastonia","NC","City of Gastonia Building Department","2020","true","Local Building Department","no codeSourceUrl + codeRetrievedAtIso — every value on this row is unprovenanced"
"nc-gaston-gaston-county","NC","Gaston County Building Department","2020","true","Local Building Department","no codeSourceUrl + codeRetrievedAtIso — every value on this row is unprovenanced"
"nc-gates-gates-county","NC","Gates County Building Department","2020","true","Local Building Department","no codeSourceUrl + codeRetrievedAtIso — every value on this row is unprovenanced"
"nc-graham-graham-county","NC","Graham County Building Department","2020","true","Local Building Department","no codeSourceUrl + codeRetrievedAtIso — every value on this row is unprovenanced"
"nc-granville-granville-county","NC","Granville County Building Department","2020","true","Local Building Department","no codeSourceUrl + codeRetrievedAtIso — every value on this row is unprovenanced"
"nc-greene-greene-county","NC","Greene County Building Department","2020","true","Local Building Department","no codeSourceUrl + codeRetrievedAtIso — every value on this row is unprovenanced"
"nc-guilford-high-point","NC","City of High Point Building Inspections","2020","true","Local Building Department","no codeSourceUrl + codeRetrievedAtIso — every value on this row is unprovenanced"
"nc-guilford-guilford-county","NC","Guilford County Building Department","2020","true","Local Building Department","no codeSourceUrl + codeRetrievedAtIso — every value on this row is unprovenanced"
"nc-halifax-halifax-county","NC","Halifax County Building Department","2020","true","Local Building Department","no codeSourceUrl + codeRetrievedAtIso — every value on this row is unprovenanced"
"nc-harnett-harnett-county","NC","Harnett County Building Department","2020","true","Local Building Department","no codeSourceUrl + codeRetrievedAtIso — every value on this row is unprovenanced"
"nc-haywood-haywood-county","NC","Haywood County Building Department","2020","true","Local Building Department","no codeSourceUrl + codeRetrievedAtIso — every value on this row is unprovenanced"
"nc-henderson-henderson-county","NC","Henderson County Building Department","2020","true","Local Building Department","no codeSourceUrl + codeRetrievedAtIso — every value on this row is unprovenanced"
"nc-hertford-hertford-county","NC","Hertford County Building Department","2020","true","Local Building Department","no codeSourceUrl + codeRetrievedAtIso — every value on this row is unprovenanced"
"nc-hoke-hoke-county","NC","Hoke County Building Department","2020","true","Local Building Department","no codeSourceUrl + codeRetrievedAtIso — every value on this row is unprovenanced"
"nc-hyde-hyde-county","NC","Hyde County Building Department","2020","true","Local Building Department","no codeSourceUrl + codeRetrievedAtIso — every value on this row is unprovenanced"
"nc-iredell-mooresville","NC","Town of Mooresville Building Department","2020","true","Local Building Department","no codeSourceUrl + codeRetrievedAtIso — every value on this row is unprovenanced"
"nc-iredell-iredell-county","NC","Iredell County Building Department","2020","true","Local Building Department","no codeSourceUrl + codeRetrievedAtIso — every value on this row is unprovenanced"
"nc-jackson-jackson-county","NC","Jackson County Building Department","2020","true","Local Building Department","no codeSourceUrl + codeRetrievedAtIso — every value on this row is unprovenanced"
"nc-johnston-johnston-county","NC","Johnston County Building Department","2020","true","Local Building Department","no codeSourceUrl + codeRetrievedAtIso — every value on this row is unprovenanced"
"nc-jones-jones-county","NC","Jones County Building Department","2020","true","Local Building Department","no codeSourceUrl + codeRetrievedAtIso — every value on this row is unprovenanced"
"nc-lee-lee-county","NC","Lee County Building Department","2020","true","Local Building Department","no codeSourceUrl + codeRetrievedAtIso — every value on this row is unprovenanced"
"nc-lenoir-lenoir-county","NC","Lenoir County Building Department","2020","true","Local Building Department","no codeSourceUrl + codeRetrievedAtIso — every value on this row is unprovenanced"
"nc-lincoln-lincoln-county","NC","Lincoln County Building Department","2020","true","Local Building Department","no codeSourceUrl + codeRetrievedAtIso — every value on this row is unprovenanced"
"nc-macon-macon-county","NC","Macon County Building Department","2020","true","Local Building Department","no codeSourceUrl + codeRetrievedAtIso — every value on this row is unprovenanced"
"nc-madison-madison-county","NC","Madison County Building Department","2020","true","Local Building Department","no codeSourceUrl + codeRetrievedAtIso — every value on this row is unprovenanced"
"nc-martin-martin-county","NC","Martin County Building Department","2020","true","Local Building Department","no codeSourceUrl + codeRetrievedAtIso — every value on this row is unprovenanced"
"nc-mcdowell-mcdowell-county","NC","McDowell County Building Department","2020","true","Local Building Department","no codeSourceUrl + codeRetrievedAtIso — every value on this row is unprovenanced"
"nc-mecklenburg-cornelius","NC","Town of Cornelius Building Department","2020","true","Local Building Department","no codeSourceUrl + codeRetrievedAtIso — every value on this row is unprovenanced"
"nc-mecklenburg-huntersville","NC","Town of Huntersville Building Department","2020","true","Local Building Department","no codeSourceUrl + codeRetrievedAtIso — every value on this row is unprovenanced"
"nc-mecklenburg-mecklenburg-county","NC","Mecklenburg County Building Department","2020","false","Local Building Department","no codeSourceUrl + codeRetrievedAtIso — every value on this row is unprovenanced"
"nc-mitchell-mitchell-county","NC","Mitchell County Building Department","2020","true","Local Building Department","no codeSourceUrl + codeRetrievedAtIso — every value on this row is unprovenanced"
"nc-montgomery-montgomery-county","NC","Montgomery County Building Department","2020","true","Local Building Department","no codeSourceUrl + codeRetrievedAtIso — every value on this row is unprovenanced"
"nc-moore-moore-county","NC","Moore County Building Department","2020","true","Local Building Department","no codeSourceUrl + codeRetrievedAtIso — every value on this row is unprovenanced"
"nc-nash-rocky-mount","NC","City of Rocky Mount Building Dept","2020","true","Local Building Department","no codeSourceUrl + codeRetrievedAtIso — every value on this row is unprovenanced"
"nc-nash-nash-county","NC","Nash County Building Department","2020","true","Local Building Department","no codeSourceUrl + codeRetrievedAtIso — every value on this row is unprovenanced"
"nc-new-hanover-new-hanover-county","NC","New Hanover County Building Department","2020","true","Local Building Department","no codeSourceUrl + codeRetrievedAtIso — every value on this row is unprovenanced"
"nc-new-hanover-wilmington","NC","City of Wilmington Building Department","2020","true","Local Building Department","no codeSourceUrl + codeRetrievedAtIso — every value on this row is unprovenanced"
"nc-northampton-northampton-county","NC","Northampton County Building Department","2020","true","Local Building Department","no codeSourceUrl + codeRetrievedAtIso — every value on this row is unprovenanced"
"nc-onslow-jacksonville","NC","City of Jacksonville Building Dept","2020","true","Local Building Department","no codeSourceUrl + codeRetrievedAtIso — every value on this row is unprovenanced"
"nc-onslow-onslow-county","NC","Onslow County Building Department","2020","true","Local Building Department","no codeSourceUrl + codeRetrievedAtIso — every value on this row is unprovenanced"
"nc-orange-carrboro","NC","Town of Carrboro Building Department","2020","true","Local Building Department","no codeSourceUrl + codeRetrievedAtIso — every value on this row is unprovenanced"
"nc-orange-chapel-hill","NC","Town of Chapel Hill Building Department","2020","true","Local Building Department","no codeSourceUrl + codeRetrievedAtIso — every value on this row is unprovenanced"
"nc-orange-orange-county","NC","Orange County Building Department","2020","true","Local Building Department","no codeSourceUrl + codeRetrievedAtIso — every value on this row is unprovenanced"
"nc-pamlico-pamlico-county","NC","Pamlico County Building Department","2020","true","Local Building Department","no codeSourceUrl + codeRetrievedAtIso — every value on this row is unprovenanced"
"nc-pasquotank-pasquotank-county","NC","Pasquotank County Building Department","2020","true","Local Building Department","no codeSourceUrl + codeRetrievedAtIso — every value on this row is unprovenanced"
"nc-pender-pender-county","NC","Pender County Building Department","2020","true","Local Building Department","no codeSourceUrl + codeRetrievedAtIso — every value on this row is unprovenanced"
"nc-perquimans-perquimans-county","NC","Perquimans County Building Department","2020","true","Local Building Department","no codeSourceUrl + codeRetrievedAtIso — every value on this row is unprovenanced"
"nc-person-person-county","NC","Person County Building Department","2020","true","Local Building Department","no codeSourceUrl + codeRetrievedAtIso — every value on this row is unprovenanced"
"nc-pitt-pitt-county","NC","Pitt County Building Department","2020","true","Local Building Department","no codeSourceUrl + codeRetrievedAtIso — every value on this row is unprovenanced"
"nc-polk-polk-county","NC","Polk County Building Department","2020","true","Local Building Department","no codeSourceUrl + codeRetrievedAtIso — every value on this row is unprovenanced"
"nc-randolph-randolph-county","NC","Randolph County Building Department","2020","true","Local Building Department","no codeSourceUrl + codeRetrievedAtIso — every value on this row is unprovenanced"
"nc-richmond-richmond-county","NC","Richmond County Building Department","2020","true","Local Building Department","no codeSourceUrl + codeRetrievedAtIso — every value on this row is unprovenanced"
"nc-robeson-robeson-county","NC","Robeson County Building Department","2020","true","Local Building Department","no codeSourceUrl + codeRetrievedAtIso — every value on this row is unprovenanced"
"nc-rockingham-rockingham-county","NC","Rockingham County Building Department","2020","true","Local Building Department","no codeSourceUrl + codeRetrievedAtIso — every value on this row is unprovenanced"
"nc-rowan-rowan-county","NC","Rowan County Building Department","2020","true","Local Building Department","no codeSourceUrl + codeRetrievedAtIso — every value on this row is unprovenanced"
"nc-rutherford-rutherford-county","NC","Rutherford County Building Department","2020","true","Local Building Department","no codeSourceUrl + codeRetrievedAtIso — every value on this row is unprovenanced"
"nc-sampson-sampson-county","NC","Sampson County Building Department","2020","true","Local Building Department","no codeSourceUrl + codeRetrievedAtIso — every value on this row is unprovenanced"
"nc-scotland-scotland-county","NC","Scotland County Building Department","2020","true","Local Building Department","no codeSourceUrl + codeRetrievedAtIso — every value on this row is unprovenanced"
"nc-stanly-stanly-county","NC","Stanly County Building Department","2020","true","Local Building Department","no codeSourceUrl + codeRetrievedAtIso — every value on this row is unprovenanced"
"nc-stokes-stokes-county","NC","Stokes County Building Department","2020","true","Local Building Department","no codeSourceUrl + codeRetrievedAtIso — every value on this row is unprovenanced"
"nc-surry-surry-county","NC","Surry County Building Department","2020","true","Local Building Department","no codeSourceUrl + codeRetrievedAtIso — every value on this row is unprovenanced"
"nc-swain-swain-county","NC","Swain County Building Department","2020","true","Local Building Department","no codeSourceUrl + codeRetrievedAtIso — every value on this row is unprovenanced"
"nc-transylvania-transylvania-county","NC","Transylvania County Building Department","2020","true","Local Building Department","no codeSourceUrl + codeRetrievedAtIso — every value on this row is unprovenanced"
"nc-tyrrell-tyrrell-county","NC","Tyrrell County Building Department","2020","true","Local Building Department","no codeSourceUrl + codeRetrievedAtIso — every value on this row is unprovenanced"
"nc-union-monroe","NC","City of Monroe Building Dept","2020","true","Local Building Department","no codeSourceUrl + codeRetrievedAtIso — every value on this row is unprovenanced"
"nc-union-union-county","NC","Union County Building Department","2020","true","Local Building Department","no codeSourceUrl + codeRetrievedAtIso — every value on this row is unprovenanced"
"nc-vance-vance-county","NC","Vance County Building Department","2020","true","Local Building Department","no codeSourceUrl + codeRetrievedAtIso — every value on this row is unprovenanced"
"nc-wake-apex","NC","Town of Apex Building Department","2020","true","Local Building Department","no codeSourceUrl + codeRetrievedAtIso — every value on this row is unprovenanced"
"nc-wake-cary","NC","Town of Cary Building Department","2020","true","Local Building Department","no codeSourceUrl + codeRetrievedAtIso — every value on this row is unprovenanced"
"nc-wake-fuquay-varina","NC","Town of Fuquay-Varina Building Dept","2020","true","Local Building Department","no codeSourceUrl + codeRetrievedAtIso — every value on this row is unprovenanced"
"nc-wake-holly-springs","NC","Town of Holly Springs Building Department","2020","true","Local Building Department","no codeSourceUrl + codeRetrievedAtIso — every value on this row is unprovenanced"
"nc-wake-morrisville","NC","Town of Morrisville Building Department","2020","true","Local Building Department","no codeSourceUrl + codeRetrievedAtIso — every value on this row is unprovenanced"
"nc-wake-wake-county","NC","Wake County Building Department","2020","true","Local Building Department","no codeSourceUrl + codeRetrievedAtIso — every value on this row is unprovenanced"
"nc-wake-wake-forest","NC","Town of Wake Forest Building Department","2020","true","Local Building Department","no codeSourceUrl + codeRetrievedAtIso — every value on this row is unprovenanced"
"nc-warren-warren-county","NC","Warren County Building Department","2020","true","Local Building Department","no codeSourceUrl + codeRetrievedAtIso — every value on this row is unprovenanced"
"nc-washington-washington-county","NC","Washington County Building Department","2020","true","Local Building Department","no codeSourceUrl + codeRetrievedAtIso — every value on this row is unprovenanced"
"nc-watauga-boone","NC","Town of Boone Building Department","2020","true","Local Building Department","no codeSourceUrl + codeRetrievedAtIso — every value on this row is unprovenanced"
"nc-watauga-watauga-county","NC","Watauga County Building Department","2020","true","Local Building Department","no codeSourceUrl + codeRetrievedAtIso — every value on this row is unprovenanced"
"nc-wayne-wayne-county","NC","Wayne County Building Department","2020","true","Local Building Department","no codeSourceUrl + codeRetrievedAtIso — every value on this row is unprovenanced"
"nc-wilkes-wilkes-county","NC","Wilkes County Building Department","2020","true","Local Building Department","no codeSourceUrl + codeRetrievedAtIso — every value on this row is unprovenanced"
"nc-wilson-wilson-county","NC","Wilson County Building Department","2020","true","Local Building Department","no codeSourceUrl + codeRetrievedAtIso — every value on this row is unprovenanced"
"nc-wilson-wilson","NC","City of Wilson Building Dept","2020","true","Local Building Department","no codeSourceUrl + codeRetrievedAtIso — every value on this row is unprovenanced"
"nc-yadkin-yadkin-county","NC","Yadkin County Building Department","2020","true","Local Building Department","no codeSourceUrl + codeRetrievedAtIso — every value on this row is unprovenanced"
"nc-yancey-yancey-county","NC","Yancey County Building Department","2020","true","Local Building Department","no codeSourceUrl + codeRetrievedAtIso — every value on this row is unprovenanced"
"nd-adams-adams-county","ND","Adams County Building Department","2017","true","Local Building Department","no codeSourceUrl + codeRetrievedAtIso — every value on this row is unprovenanced"
"nd-barnes-barnes-county","ND","Barnes County Building Department","2017","true","Local Building Department","no codeSourceUrl + codeRetrievedAtIso — every value on this row is unprovenanced"
"nd-benson-benson-county","ND","Benson County Building Department","2017","true","Local Building Department","no codeSourceUrl + codeRetrievedAtIso — every value on this row is unprovenanced"
"nd-billings-billings-county","ND","Billings County Building Department","2017","true","Local Building Department","no codeSourceUrl + codeRetrievedAtIso — every value on this row is unprovenanced"
"nd-bottineau-bottineau-county","ND","Bottineau County Building Department","2017","true","Local Building Department","no codeSourceUrl + codeRetrievedAtIso — every value on this row is unprovenanced"
"nd-bowman-bowman-county","ND","Bowman County Building Department","2017","true","Local Building Department","no codeSourceUrl + codeRetrievedAtIso — every value on this row is unprovenanced"
"nd-burke-burke-county","ND","Burke County Building Department","2017","true","Local Building Department","no codeSourceUrl + codeRetrievedAtIso — every value on this row is unprovenanced"
"nd-burleigh-bismarck","ND","City of Bismarck Building Department","2017","true","Local Building Department","no codeSourceUrl + codeRetrievedAtIso — every value on this row is unprovenanced"
"nd-burleigh-burleigh-county","ND","Burleigh County Building Department","2017","true","Local Building Department","no codeSourceUrl + codeRetrievedAtIso — every value on this row is unprovenanced"
"nd-cass-cass-county","ND","Cass County Building Department","2017","true","Local Building Department","no codeSourceUrl + codeRetrievedAtIso — every value on this row is unprovenanced"
"nd-cass-west-fargo","ND","City of West Fargo Building Dept","2017","true","Local Building Department","no codeSourceUrl + codeRetrievedAtIso — every value on this row is unprovenanced"
"nd-cavalier-cavalier-county","ND","Cavalier County Building Department","2017","true","Local Building Department","no codeSourceUrl + codeRetrievedAtIso — every value on this row is unprovenanced"
"nd-dickey-dickey-county","ND","Dickey County Building Department","2017","true","Local Building Department","no codeSourceUrl + codeRetrievedAtIso — every value on this row is unprovenanced"
"nd-divide-divide-county","ND","Divide County Building Department","2017","true","Local Building Department","no codeSourceUrl + codeRetrievedAtIso — every value on this row is unprovenanced"
"nd-dunn-dunn-county","ND","Dunn County Building Department","2017","true","Local Building Department","no codeSourceUrl + codeRetrievedAtIso — every value on this row is unprovenanced"
"nd-eddy-eddy-county","ND","Eddy County Building Department","2017","true","Local Building Department","no codeSourceUrl + codeRetrievedAtIso — every value on this row is unprovenanced"
"nd-emmons-emmons-county","ND","Emmons County Building Department","2017","true","Local Building Department","no codeSourceUrl + codeRetrievedAtIso — every value on this row is unprovenanced"
"nd-foster-foster-county","ND","Foster County Building Department","2017","true","Local Building Department","no codeSourceUrl + codeRetrievedAtIso — every value on this row is unprovenanced"
"nd-golden-valley-golden-valley-county","ND","Golden Valley County Building Department","2017","true","Local Building Department","no codeSourceUrl + codeRetrievedAtIso — every value on this row is unprovenanced"
"nd-grand-forks-grand-forks","ND","City of Grand Forks Building Dept","2017","true","Local Building Department","no codeSourceUrl + codeRetrievedAtIso — every value on this row is unprovenanced"
"nd-grand-forks-grand-forks-county","ND","Grand Forks County Building Department","2017","true","Local Building Department","no codeSourceUrl + codeRetrievedAtIso — every value on this row is unprovenanced"
"nd-grant-grant-county","ND","Grant County Building Department","2017","true","Local Building Department","no codeSourceUrl + codeRetrievedAtIso — every value on this row is unprovenanced"
"nd-griggs-griggs-county","ND","Griggs County Building Department","2017","true","Local Building Department","no codeSourceUrl + codeRetrievedAtIso — every value on this row is unprovenanced"
"nd-hettinger-hettinger-county","ND","Hettinger County Building Department","2017","true","Local Building Department","no codeSourceUrl + codeRetrievedAtIso — every value on this row is unprovenanced"
"nd-kidder-kidder-county","ND","Kidder County Building Department","2017","true","Local Building Department","no codeSourceUrl + codeRetrievedAtIso — every value on this row is unprovenanced"
"nd-lamoure-lamoure-county","ND","LaMoure County Building Department","2017","true","Local Building Department","no codeSourceUrl + codeRetrievedAtIso — every value on this row is unprovenanced"
"nd-logan-logan-county","ND","Logan County Building Department","2017","true","Local Building Department","no codeSourceUrl + codeRetrievedAtIso — every value on this row is unprovenanced"
"nd-mchenry-mchenry-county","ND","McHenry County Building Department","2017","true","Local Building Department","no codeSourceUrl + codeRetrievedAtIso — every value on this row is unprovenanced"
"nd-mcintosh-mcintosh-county","ND","McIntosh County Building Department","2017","true","Local Building Department","no codeSourceUrl + codeRetrievedAtIso — every value on this row is unprovenanced"
"nd-mckenzie-mckenzie-county","ND","McKenzie County Building Department","2017","true","Local Building Department","no codeSourceUrl + codeRetrievedAtIso — every value on this row is unprovenanced"
"nd-mclean-mclean-county","ND","McLean County Building Department","2017","true","Local Building Department","no codeSourceUrl + codeRetrievedAtIso — every value on this row is unprovenanced"
"nd-mercer-mercer-county","ND","Mercer County Building Department","2017","true","Local Building Department","no codeSourceUrl + codeRetrievedAtIso — every value on this row is unprovenanced"
"nd-morton-mandan","ND","City of Mandan Building Dept","2017","true","Local Building Department","no codeSourceUrl + codeRetrievedAtIso — every value on this row is unprovenanced"
"nd-morton-morton-county","ND","Morton County Building Department","2017","true","Local Building Department","no codeSourceUrl + codeRetrievedAtIso — every value on this row is unprovenanced"
"nd-mountrail-mountrail-county","ND","Mountrail County Building Department","2017","true","Local Building Department","no codeSourceUrl + codeRetrievedAtIso — every value on this row is unprovenanced"
"nd-nelson-nelson-county","ND","Nelson County Building Department","2017","true","Local Building Department","no codeSourceUrl + codeRetrievedAtIso — every value on this row is unprovenanced"
"nd-oliver-oliver-county","ND","Oliver County Building Department","2017","true","Local Building Department","no codeSourceUrl + codeRetrievedAtIso — every value on this row is unprovenanced"
"nd-pembina-pembina-county","ND","Pembina County Building Department","2017","true","Local Building Department","no codeSourceUrl + codeRetrievedAtIso — every value on this row is unprovenanced"
"nd-pierce-pierce-county","ND","Pierce County Building Department","2017","true","Local Building Department","no codeSourceUrl + codeRetrievedAtIso — every value on this row is unprovenanced"
"nd-ramsey-ramsey-county","ND","Ramsey County Building Department","2017","true","Local Building Department","no codeSourceUrl + codeRetrievedAtIso — every value on this row is unprovenanced"
"nd-ransom-ransom-county","ND","Ransom County Building Department","2017","true","Local Building Department","no codeSourceUrl + codeRetrievedAtIso — every value on this row is unprovenanced"
"nd-renville-renville-county","ND","Renville County Building Department","2017","true","Local Building Department","no codeSourceUrl + codeRetrievedAtIso — every value on this row is unprovenanced"
"nd-richland-richland-county","ND","Richland County Building Department","2017","true","Local Building Department","no codeSourceUrl + codeRetrievedAtIso — every value on this row is unprovenanced"
"nd-richland-wahpeton","ND","City of Wahpeton Building Dept","2017","true","Local Building Department","no codeSourceUrl + codeRetrievedAtIso — every value on this row is unprovenanced"
"nd-rolette-rolette-county","ND","Rolette County Building Department","2017","true","Local Building Department","no codeSourceUrl + codeRetrievedAtIso — every value on this row is unprovenanced"
"nd-sargent-sargent-county","ND","Sargent County Building Department","2017","true","Local Building Department","no codeSourceUrl + codeRetrievedAtIso — every value on this row is unprovenanced"
"nd-sheridan-sheridan-county","ND","Sheridan County Building Department","2017","true","Local Building Department","no codeSourceUrl + codeRetrievedAtIso — every value on this row is unprovenanced"
"nd-sioux-sioux-county","ND","Sioux County Building Department","2017","true","Local Building Department","no codeSourceUrl + codeRetrievedAtIso — every value on this row is unprovenanced"
"nd-slope-slope-county","ND","Slope County Building Department","2017","true","Local Building Department","no codeSourceUrl + codeRetrievedAtIso — every value on this row is unprovenanced"
"nd-stark-dickinson","ND","City of Dickinson Building Dept","2017","true","Local Building Department","no codeSourceUrl + codeRetrievedAtIso — every value on this row is unprovenanced"
"nd-stark-stark-county","ND","Stark County Building Department","2017","true","Local Building Department","no codeSourceUrl + codeRetrievedAtIso — every value on this row is unprovenanced"
"nd-steele-steele-county","ND","Steele County Building Department","2017","true","Local Building Department","no codeSourceUrl + codeRetrievedAtIso — every value on this row is unprovenanced"
"nd-stutsman-jamestown","ND","City of Jamestown Building Dept","2017","true","Local Building Department","no codeSourceUrl + codeRetrievedAtIso — every value on this row is unprovenanced"
"nd-stutsman-stutsman-county","ND","Stutsman County Building Department","2017","true","Local Building Department","no codeSourceUrl + codeRetrievedAtIso — every value on this row is unprovenanced"
"nd-towner-towner-county","ND","Towner County Building Department","2017","true","Local Building Department","no codeSourceUrl + codeRetrievedAtIso — every value on this row is unprovenanced"
"nd-traill-traill-county","ND","Traill County Building Department","2017","true","Local Building Department","no codeSourceUrl + codeRetrievedAtIso — every value on this row is unprovenanced"
"nd-walsh-walsh-county","ND","Walsh County Building Department","2017","true","Local Building Department","no codeSourceUrl + codeRetrievedAtIso — every value on this row is unprovenanced"
"nd-ward-minot","ND","City of Minot Building Dept","2017","true","Local Building Department","no codeSourceUrl + codeRetrievedAtIso — every value on this row is unprovenanced"
"nd-ward-ward-county","ND","Ward County Building Department","2017","true","Local Building Department","no codeSourceUrl + codeRetrievedAtIso — every value on this row is unprovenanced"
"nd-wells-wells-county","ND","Wells County Building Department","2017","true","Local Building Department","no codeSourceUrl + codeRetrievedAtIso — every value on this row is unprovenanced"
"nd-williams-williams-county","ND","Williams County Building Department","2017","true","Local Building Department","no codeSourceUrl + codeRetrievedAtIso — every value on this row is unprovenanced"
"nd-williams-williston","ND","City of Williston Building Dept","2017","true","Local Building Department","no codeSourceUrl + codeRetrievedAtIso — every value on this row is unprovenanced"
"ne-adams-hastings","NE","City of Hastings Building Department","2017","true","Local Building Department","no codeSourceUrl + codeRetrievedAtIso — every value on this row is unprovenanced"
"ne-adams-adams-county","NE","Adams County Building Department","2017","true","Local Building Department","no codeSourceUrl + codeRetrievedAtIso — every value on this row is unprovenanced"
"ne-antelope-antelope-county","NE","Antelope County Building Department","2017","true","Local Building Department","no codeSourceUrl + codeRetrievedAtIso — every value on this row is unprovenanced"
"ne-arthur-arthur-county","NE","Arthur County Building Department","2017","true","Local Building Department","no codeSourceUrl + codeRetrievedAtIso — every value on this row is unprovenanced"
"ne-banner-banner-county","NE","Banner County Building Department","2017","true","Local Building Department","no codeSourceUrl + codeRetrievedAtIso — every value on this row is unprovenanced"
"ne-blaine-blaine-county","NE","Blaine County Building Department","2017","true","Local Building Department","no codeSourceUrl + codeRetrievedAtIso — every value on this row is unprovenanced"
"ne-boone-boone-county","NE","Boone County Building Department","2017","true","Local Building Department","no codeSourceUrl + codeRetrievedAtIso — every value on this row is unprovenanced"
"ne-box-butte-box-butte-county","NE","Box Butte County Building Department","2017","true","Local Building Department","no codeSourceUrl + codeRetrievedAtIso — every value on this row is unprovenanced"
"ne-boyd-boyd-county","NE","Boyd County Building Department","2017","true","Local Building Department","no codeSourceUrl + codeRetrievedAtIso — every value on this row is unprovenanced"
"ne-brown-brown-county","NE","Brown County Building Department","2017","true","Local Building Department","no codeSourceUrl + codeRetrievedAtIso — every value on this row is unprovenanced"
"ne-buffalo-kearney","NE","City of Kearney Building Department","2017","true","Local Building Department","no codeSourceUrl + codeRetrievedAtIso — every value on this row is unprovenanced"
"ne-buffalo-buffalo-county","NE","Buffalo County Building Department","2017","true","Local Building Department","no codeSourceUrl + codeRetrievedAtIso — every value on this row is unprovenanced"
"ne-burt-burt-county","NE","Burt County Building Department","2017","true","Local Building Department","no codeSourceUrl + codeRetrievedAtIso — every value on this row is unprovenanced"
"ne-butler-butler-county","NE","Butler County Building Department","2017","true","Local Building Department","no codeSourceUrl + codeRetrievedAtIso — every value on this row is unprovenanced"
"ne-cass-cass-county","NE","Cass County Building Department","2017","true","Local Building Department","no codeSourceUrl + codeRetrievedAtIso — every value on this row is unprovenanced"
"ne-cedar-cedar-county","NE","Cedar County Building Department","2017","true","Local Building Department","no codeSourceUrl + codeRetrievedAtIso — every value on this row is unprovenanced"
"ne-chase-chase-county","NE","Chase County Building Department","2017","true","Local Building Department","no codeSourceUrl + codeRetrievedAtIso — every value on this row is unprovenanced"
"ne-cherry-cherry-county","NE","Cherry County Building Department","2017","true","Local Building Department","no codeSourceUrl + codeRetrievedAtIso — every value on this row is unprovenanced"
"ne-cheyenne-cheyenne-county","NE","Cheyenne County Building Department","2017","true","Local Building Department","no codeSourceUrl + codeRetrievedAtIso — every value on this row is unprovenanced"
"ne-clay-clay-county","NE","Clay County Building Department","2017","true","Local Building Department","no codeSourceUrl + codeRetrievedAtIso — every value on this row is unprovenanced"
"ne-colfax-colfax-county","NE","Colfax County Building Department","2017","true","Local Building Department","no codeSourceUrl + codeRetrievedAtIso — every value on this row is unprovenanced"
"ne-cuming-cuming-county","NE","Cuming County Building Department","2017","true","Local Building Department","no codeSourceUrl + codeRetrievedAtIso — every value on this row is unprovenanced"
"ne-custer-custer-county","NE","Custer County Building Department","2017","true","Local Building Department","no codeSourceUrl + codeRetrievedAtIso — every value on this row is unprovenanced"
"ne-dakota-dakota-county","NE","Dakota County Building Department","2017","true","Local Building Department","no codeSourceUrl + codeRetrievedAtIso — every value on this row is unprovenanced"
"ne-dawes-dawes-county","NE","Dawes County Building Department","2017","true","Local Building Department","no codeSourceUrl + codeRetrievedAtIso — every value on this row is unprovenanced"
"ne-dawson-dawson-county","NE","Dawson County Building Department","2017","true","Local Building Department","no codeSourceUrl + codeRetrievedAtIso — every value on this row is unprovenanced"
"ne-deuel-deuel-county","NE","Deuel County Building Department","2017","true","Local Building Department","no codeSourceUrl + codeRetrievedAtIso — every value on this row is unprovenanced"
"ne-dixon-dixon-county","NE","Dixon County Building Department","2017","true","Local Building Department","no codeSourceUrl + codeRetrievedAtIso — every value on this row is unprovenanced"
"ne-dodge-fremont","NE","City of Fremont Building Department","2017","true","Local Building Department","no codeSourceUrl + codeRetrievedAtIso — every value on this row is unprovenanced"
"ne-dodge-dodge-county","NE","Dodge County Building Department","2017","true","Local Building Department","no codeSourceUrl + codeRetrievedAtIso — every value on this row is unprovenanced"
"ne-douglas-douglas-county","NE","Douglas County Building Department","2017","true","Local Building Department","no codeSourceUrl + codeRetrievedAtIso — every value on this row is unprovenanced"
"ne-dundy-dundy-county","NE","Dundy County Building Department","2017","true","Local Building Department","no codeSourceUrl + codeRetrievedAtIso — every value on this row is unprovenanced"
"ne-fillmore-fillmore-county","NE","Fillmore County Building Department","2017","true","Local Building Department","no codeSourceUrl + codeRetrievedAtIso — every value on this row is unprovenanced"
"ne-franklin-franklin-county","NE","Franklin County Building Department","2017","true","Local Building Department","no codeSourceUrl + codeRetrievedAtIso — every value on this row is unprovenanced"
"ne-frontier-frontier-county","NE","Frontier County Building Department","2017","true","Local Building Department","no codeSourceUrl + codeRetrievedAtIso — every value on this row is unprovenanced"
"ne-furnas-furnas-county","NE","Furnas County Building Department","2017","true","Local Building Department","no codeSourceUrl + codeRetrievedAtIso — every value on this row is unprovenanced"
"ne-gage-beatrice","NE","City of Beatrice Building Dept","2017","true","Local Building Department","no codeSourceUrl + codeRetrievedAtIso — every value on this row is unprovenanced"
"ne-gage-gage-county","NE","Gage County Building Department","2017","true","Local Building Department","no codeSourceUrl + codeRetrievedAtIso — every value on this row is unprovenanced"
"ne-garden-garden-county","NE","Garden County Building Department","2017","true","Local Building Department","no codeSourceUrl + codeRetrievedAtIso — every value on this row is unprovenanced"
"ne-garfield-garfield-county","NE","Garfield County Building Department","2017","true","Local Building Department","no codeSourceUrl + codeRetrievedAtIso — every value on this row is unprovenanced"
"ne-gosper-gosper-county","NE","Gosper County Building Department","2017","true","Local Building Department","no codeSourceUrl + codeRetrievedAtIso — every value on this row is unprovenanced"
"ne-grant-grant-county","NE","Grant County Building Department","2017","true","Local Building Department","no codeSourceUrl + codeRetrievedAtIso — every value on this row is unprovenanced"
"ne-greeley-greeley-county","NE","Greeley County Building Department","2017","true","Local Building Department","no codeSourceUrl + codeRetrievedAtIso — every value on this row is unprovenanced"
"ne-hall-grand-island","NE","City of Grand Island Building Department","2017","true","Local Building Department","no codeSourceUrl + codeRetrievedAtIso — every value on this row is unprovenanced"
"ne-hall-hall-county","NE","Hall County Building Department","2017","true","Local Building Department","no codeSourceUrl + codeRetrievedAtIso — every value on this row is unprovenanced"
"ne-hamilton-hamilton-county","NE","Hamilton County Building Department","2017","true","Local Building Department","no codeSourceUrl + codeRetrievedAtIso — every value on this row is unprovenanced"
"ne-harlan-harlan-county","NE","Harlan County Building Department","2017","true","Local Building Department","no codeSourceUrl + codeRetrievedAtIso — every value on this row is unprovenanced"
"ne-hayes-hayes-county","NE","Hayes County Building Department","2017","true","Local Building Department","no codeSourceUrl + codeRetrievedAtIso — every value on this row is unprovenanced"
"ne-hitchcock-hitchcock-county","NE","Hitchcock County Building Department","2017","true","Local Building Department","no codeSourceUrl + codeRetrievedAtIso — every value on this row is unprovenanced"
"ne-holt-holt-county","NE","Holt County Building Department","2017","true","Local Building Department","no codeSourceUrl + codeRetrievedAtIso — every value on this row is unprovenanced"
"ne-hooker-hooker-county","NE","Hooker County Building Department","2017","true","Local Building Department","no codeSourceUrl + codeRetrievedAtIso — every value on this row is unprovenanced"
"ne-howard-howard-county","NE","Howard County Building Department","2017","true","Local Building Department","no codeSourceUrl + codeRetrievedAtIso — every value on this row is unprovenanced"
"ne-jefferson-jefferson-county","NE","Jefferson County Building Department","2017","true","Local Building Department","no codeSourceUrl + codeRetrievedAtIso — every value on this row is unprovenanced"
"ne-johnson-johnson-county","NE","Johnson County Building Department","2017","true","Local Building Department","no codeSourceUrl + codeRetrievedAtIso — every value on this row is unprovenanced"
"ne-kearney-kearney-county","NE","Kearney County Building Department","2017","true","Local Building Department","no codeSourceUrl + codeRetrievedAtIso — every value on this row is unprovenanced"
"ne-keith-keith-county","NE","Keith County Building Department","2017","true","Local Building Department","no codeSourceUrl + codeRetrievedAtIso — every value on this row is unprovenanced"
"ne-keya-paha-keya-paha-county","NE","Keya Paha County Building Department","2017","true","Local Building Department","no codeSourceUrl + codeRetrievedAtIso — every value on this row is unprovenanced"
"ne-kimball-kimball-county","NE","Kimball County Building Department","2017","true","Local Building Department","no codeSourceUrl + codeRetrievedAtIso — every value on this row is unprovenanced"
"ne-knox-knox-county","NE","Knox County Building Department","2017","true","Local Building Department","no codeSourceUrl + codeRetrievedAtIso — every value on this row is unprovenanced"
"ne-lancaster-lincoln","NE","City of Lincoln Building & Safety","2017","true","Local Building Department","no codeSourceUrl + codeRetrievedAtIso — every value on this row is unprovenanced"
"ne-lancaster-lancaster-county","NE","Lancaster County Building Department","2017","true","Local Building Department","no codeSourceUrl + codeRetrievedAtIso — every value on this row is unprovenanced"
"ne-lincoln-north-platte","NE","City of North Platte Building Department","2017","true","Local Building Department","no codeSourceUrl + codeRetrievedAtIso — every value on this row is unprovenanced"
"ne-lincoln-lincoln-county","NE","Lincoln County Building Department","2017","true","Local Building Department","no codeSourceUrl + codeRetrievedAtIso — every value on this row is unprovenanced"
"ne-logan-logan-county","NE","Logan County Building Department","2017","true","Local Building Department","no codeSourceUrl + codeRetrievedAtIso — every value on this row is unprovenanced"
"ne-loup-loup-county","NE","Loup County Building Department","2017","true","Local Building Department","no codeSourceUrl + codeRetrievedAtIso — every value on this row is unprovenanced"
"ne-madison-norfolk","NE","City of Norfolk Building Department","2017","true","Local Building Department","no codeSourceUrl + codeRetrievedAtIso — every value on this row is unprovenanced"
"ne-madison-madison-county","NE","Madison County Building Department","2017","true","Local Building Department","no codeSourceUrl + codeRetrievedAtIso — every value on this row is unprovenanced"
"ne-mcpherson-mcpherson-county","NE","McPherson County Building Department","2017","true","Local Building Department","no codeSourceUrl + codeRetrievedAtIso — every value on this row is unprovenanced"
"ne-merrick-merrick-county","NE","Merrick County Building Department","2017","true","Local Building Department","no codeSourceUrl + codeRetrievedAtIso — every value on this row is unprovenanced"
"ne-morrill-morrill-county","NE","Morrill County Building Department","2017","true","Local Building Department","no codeSourceUrl + codeRetrievedAtIso — every value on this row is unprovenanced"
"ne-nance-nance-county","NE","Nance County Building Department","2017","true","Local Building Department","no codeSourceUrl + codeRetrievedAtIso — every value on this row is unprovenanced"
"ne-nemaha-nemaha-county","NE","Nemaha County Building Department","2017","true","Local Building Department","no codeSourceUrl + codeRetrievedAtIso — every value on this row is unprovenanced"
"ne-nuckolls-nuckolls-county","NE","Nuckolls County Building Department","2017","true","Local Building Department","no codeSourceUrl + codeRetrievedAtIso — every value on this row is unprovenanced"
"ne-otoe-otoe-county","NE","Otoe County Building Department","2017","true","Local Building Department","no codeSourceUrl + codeRetrievedAtIso — every value on this row is unprovenanced"
"ne-pawnee-pawnee-county","NE","Pawnee County Building Department","2017","true","Local Building Department","no codeSourceUrl + codeRetrievedAtIso — every value on this row is unprovenanced"
"ne-perkins-perkins-county","NE","Perkins County Building Department","2017","true","Local Building Department","no codeSourceUrl + codeRetrievedAtIso — every value on this row is unprovenanced"
"ne-phelps-phelps-county","NE","Phelps County Building Department","2017","true","Local Building Department","no codeSourceUrl + codeRetrievedAtIso — every value on this row is unprovenanced"
"ne-pierce-pierce-county","NE","Pierce County Building Department","2017","true","Local Building Department","no codeSourceUrl + codeRetrievedAtIso — every value on this row is unprovenanced"
"ne-platte-columbus","NE","City of Columbus Building Dept","2017","true","Local Building Department","no codeSourceUrl + codeRetrievedAtIso — every value on this row is unprovenanced"
"ne-platte-platte-county","NE","Platte County Building Department","2017","true","Local Building Department","no codeSourceUrl + codeRetrievedAtIso — every value on this row is unprovenanced"
"ne-polk-polk-county","NE","Polk County Building Department","2017","true","Local Building Department","no codeSourceUrl + codeRetrievedAtIso — every value on this row is unprovenanced"
"ne-red-willow-red-willow-county","NE","Red Willow County Building Department","2017","true","Local Building Department","no codeSourceUrl + codeRetrievedAtIso — every value on this row is unprovenanced"
"ne-richardson-richardson-county","NE","Richardson County Building Department","2017","true","Local Building Department","no codeSourceUrl + codeRetrievedAtIso — every value on this row is unprovenanced"
"ne-rock-rock-county","NE","Rock County Building Department","2017","true","Local Building Department","no codeSourceUrl + codeRetrievedAtIso — every value on this row is unprovenanced"
"ne-saline-saline-county","NE","Saline County Building Department","2017","true","Local Building Department","no codeSourceUrl + codeRetrievedAtIso — every value on this row is unprovenanced"
"ne-sarpy-bellevue","NE","City of Bellevue Building Department","2017","true","Local Building Department","no codeSourceUrl + codeRetrievedAtIso — every value on this row is unprovenanced"
"ne-sarpy-la-vista","NE","City of La Vista Building Dept","2017","true","Local Building Department","no codeSourceUrl + codeRetrievedAtIso — every value on this row is unprovenanced"
"ne-sarpy-papillion","NE","City of Papillion Building Dept","2017","true","Local Building Department","no codeSourceUrl + codeRetrievedAtIso — every value on this row is unprovenanced"
"ne-sarpy-sarpy-county","NE","Sarpy County Building Department","2017","true","Local Building Department","no codeSourceUrl + codeRetrievedAtIso — every value on this row is unprovenanced"
"ne-saunders-saunders-county","NE","Saunders County Building Department","2017","true","Local Building Department","no codeSourceUrl + codeRetrievedAtIso — every value on this row is unprovenanced"
"ne-scotts-bluff-scottsbluff","NE","City of Scottsbluff Building Dept","2017","true","Local Building Department","no codeSourceUrl + codeRetrievedAtIso — every value on this row is unprovenanced"
"ne-scotts-bluff-scotts-bluff-county","NE","Scotts Bluff County Building Department","2017","true","Local Building Department","no codeSourceUrl + codeRetrievedAtIso — every value on this row is unprovenanced"
"ne-seward-seward-county","NE","Seward County Building Department","2017","true","Local Building Department","no codeSourceUrl + codeRetrievedAtIso — every value on this row is unprovenanced"
"ne-sheridan-sheridan-county","NE","Sheridan County Building Department","2017","true","Local Building Department","no codeSourceUrl + codeRetrievedAtIso — every value on this row is unprovenanced"
"ne-sherman-sherman-county","NE","Sherman County Building Department","2017","true","Local Building Department","no codeSourceUrl + codeRetrievedAtIso — every value on this row is unprovenanced"
"ne-sioux-sioux-county","NE","Sioux County Building Department","2017","true","Local Building Department","no codeSourceUrl + codeRetrievedAtIso — every value on this row is unprovenanced"
"ne-stanton-stanton-county","NE","Stanton County Building Department","2017","true","Local Building Department","no codeSourceUrl + codeRetrievedAtIso — every value on this row is unprovenanced"
"ne-thayer-thayer-county","NE","Thayer County Building Department","2017","true","Local Building Department","no codeSourceUrl + codeRetrievedAtIso — every value on this row is unprovenanced"
"ne-thomas-thomas-county","NE","Thomas County Building Department","2017","true","Local Building Department","no codeSourceUrl + codeRetrievedAtIso — every value on this row is unprovenanced"
"ne-thurston-thurston-county","NE","Thurston County Building Department","2017","true","Local Building Department","no codeSourceUrl + codeRetrievedAtIso — every value on this row is unprovenanced"
"ne-valley-valley-county","NE","Valley County Building Department","2017","true","Local Building Department","no codeSourceUrl + codeRetrievedAtIso — every value on this row is unprovenanced"
"ne-washington-washington-county","NE","Washington County Building Department","2017","true","Local Building Department","no codeSourceUrl + codeRetrievedAtIso — every value on this row is unprovenanced"
"ne-wayne-wayne-county","NE","Wayne County Building Department","2017","true","Local Building Department","no codeSourceUrl + codeRetrievedAtIso — every value on this row is unprovenanced"
"ne-webster-webster-county","NE","Webster County Building Department","2017","true","Local Building Department","no codeSourceUrl + codeRetrievedAtIso — every value on this row is unprovenanced"
"ne-wheeler-wheeler-county","NE","Wheeler County Building Department","2017","true","Local Building Department","no codeSourceUrl + codeRetrievedAtIso — every value on this row is unprovenanced"
"ne-york-york-county","NE","York County Building Department","2017","true","Local Building Department","no codeSourceUrl + codeRetrievedAtIso — every value on this row is unprovenanced"
"nh-belknap-belknap-county","NH","Belknap County Building Department","2020","true","Local Building Department","no codeSourceUrl + codeRetrievedAtIso — every value on this row is unprovenanced"
"nh-carroll-carroll-county","NH","Carroll County Building Department","2020","true","Local Building Department","no codeSourceUrl + codeRetrievedAtIso — every value on this row is unprovenanced"
"nh-cheshire-cheshire-county","NH","Cheshire County Building Department","2020","true","Local Building Department","no codeSourceUrl + codeRetrievedAtIso — every value on this row is unprovenanced"
"nh-coos-coos-county","NH","Coos County Building Department","2020","true","Local Building Department","no codeSourceUrl + codeRetrievedAtIso — every value on this row is unprovenanced"
"nh-grafton-grafton-county","NH","Grafton County Building Department","2020","true","Local Building Department","no codeSourceUrl + codeRetrievedAtIso — every value on this row is unprovenanced"
"nh-hillsborough-merrimack","NH","Town of Merrimack Building Dept","2020","false","Local Building Department","no codeSourceUrl + codeRetrievedAtIso — every value on this row is unprovenanced"
"nh-hillsborough-nashua","NH","City of Nashua Building Department","2020","true","Local Building Department","no codeSourceUrl + codeRetrievedAtIso — every value on this row is unprovenanced"
"nh-hillsborough-hillsborough-county","NH","Hillsborough County Building Department","2020","true","Local Building Department","no codeSourceUrl + codeRetrievedAtIso — every value on this row is unprovenanced"
"nh-merrimack-concord","NH","City of Concord Building Department","2020","true","Local Building Department","no codeSourceUrl + codeRetrievedAtIso — every value on this row is unprovenanced"
"nh-merrimack-merrimack-county","NH","Merrimack County Building Department","2020","true","Local Building Department","no codeSourceUrl + codeRetrievedAtIso — every value on this row is unprovenanced"
"nh-rockingham-derry","NH","Town of Derry Building Dept","2020","false","Local Building Department","no codeSourceUrl + codeRetrievedAtIso — every value on this row is unprovenanced"
"nh-rockingham-salem","NH","Town of Salem Building Dept","2020","false","Local Building Department","no codeSourceUrl + codeRetrievedAtIso — every value on this row is unprovenanced"
"nh-rockingham-rockingham-county","NH","Rockingham County Building Department","2020","true","Local Building Department","no codeSourceUrl + codeRetrievedAtIso — every value on this row is unprovenanced"
"nh-strafford-dover","NH","City of Dover Building Dept","2020","true","Local Building Department","no codeSourceUrl + codeRetrievedAtIso — every value on this row is unprovenanced"
"nh-strafford-rochester","NH","City of Rochester Building Dept","2020","true","Local Building Department","no codeSourceUrl + codeRetrievedAtIso — every value on this row is unprovenanced"
"nh-strafford-strafford-county","NH","Strafford County Building Department","2020","true","Local Building Department","no codeSourceUrl + codeRetrievedAtIso — every value on this row is unprovenanced"
"nh-sullivan-sullivan-county","NH","Sullivan County Building Department","2020","true","Local Building Department","no codeSourceUrl + codeRetrievedAtIso — every value on this row is unprovenanced"
"nj-atlantic-atlantic-county","NJ","Atlantic County Building Department","2020","true","Local Building Department","no codeSourceUrl + codeRetrievedAtIso — every value on this row is unprovenanced"
"nj-burlington-burlington-county","NJ","Burlington County Building Department","2020","true","Local Building Department","no codeSourceUrl + codeRetrievedAtIso — every value on this row is unprovenanced"
"nj-cape-may-cape-may-county","NJ","Cape May County Building Department","2020","true","Local Building Department","no codeSourceUrl + codeRetrievedAtIso — every value on this row is unprovenanced"
"nj-cumberland-cumberland-county","NJ","Cumberland County Building Department","2020","true","Local Building Department","no codeSourceUrl + codeRetrievedAtIso — every value on this row is unprovenanced"
"nj-essex-essex-county","NJ","Essex County Building Department","2020","true","Local Building Department","no codeSourceUrl + codeRetrievedAtIso — every value on this row is unprovenanced"
"nj-gloucester-gloucester-county","NJ","Gloucester County Building Department","2020","true","Local Building Department","no codeSourceUrl + codeRetrievedAtIso — every value on this row is unprovenanced"
"nj-hudson-hudson-county","NJ","Hudson County Building Department","2020","true","Local Building Department","no codeSourceUrl + codeRetrievedAtIso — every value on this row is unprovenanced"
"nj-hunterdon-hunterdon-county","NJ","Hunterdon County Building Department","2020","true","Local Building Department","no codeSourceUrl + codeRetrievedAtIso — every value on this row is unprovenanced"
"nj-mercer-trenton","NJ","City of Trenton Dept of Housing & Economic Development","2020","true","Local Building Department","no codeSourceUrl + codeRetrievedAtIso — every value on this row is unprovenanced"
"nj-mercer-mercer-county","NJ","Mercer County Building Department","2020","true","Local Building Department","no codeSourceUrl + codeRetrievedAtIso — every value on this row is unprovenanced"
"nj-middlesex-edison","NJ","Township of Edison Building Department","2020","false","Local Building Department","no codeSourceUrl + codeRetrievedAtIso — every value on this row is unprovenanced"
"nj-middlesex-woodbridge","NJ","Township of Woodbridge Building Department","2020","false","Local Building Department","no codeSourceUrl + codeRetrievedAtIso — every value on this row is unprovenanced"
"nj-morris-morris-county","NJ","Morris County Building Department","2020","true","Local Building Department","no codeSourceUrl + codeRetrievedAtIso — every value on this row is unprovenanced"
"nj-ocean-lakewood","NJ","Township of Lakewood Building Department","2020","false","Local Building Department","no codeSourceUrl + codeRetrievedAtIso — every value on this row is unprovenanced"
"nj-ocean-toms-river","NJ","Township of Toms River Building Department","2020","false","Local Building Department","no codeSourceUrl + codeRetrievedAtIso — every value on this row is unprovenanced"
"nj-passaic-paterson","NJ","City of Paterson Building Department","2020","true","Local Building Department","no codeSourceUrl + codeRetrievedAtIso — every value on this row is unprovenanced"
"nj-passaic-passaic-county","NJ","Passaic County Building Department","2020","true","Local Building Department","no codeSourceUrl + codeRetrievedAtIso — every value on this row is unprovenanced"
"nj-salem-salem-county","NJ","Salem County Building Department","2020","true","Local Building Department","no codeSourceUrl + codeRetrievedAtIso — every value on this row is unprovenanced"
"nj-somerset-somerset-county","NJ","Somerset County Building Department","2020","true","Local Building Department","no codeSourceUrl + codeRetrievedAtIso — every value on this row is unprovenanced"
"nj-sussex-sussex-county","NJ","Sussex County Building Department","2020","true","Local Building Department","no codeSourceUrl + codeRetrievedAtIso — every value on this row is unprovenanced"
"nj-union-elizabeth","NJ","City of Elizabeth Building Department","2020","true","Local Building Department","no codeSourceUrl + codeRetrievedAtIso — every value on this row is unprovenanced"
"nj-union-union-county","NJ","Union County Building Department","2020","true","Local Building Department","no codeSourceUrl + codeRetrievedAtIso — every value on this row is unprovenanced"
"nj-warren-warren-county","NJ","Warren County Building Department","2020","true","Local Building Department","no codeSourceUrl + codeRetrievedAtIso — every value on this row is unprovenanced"
"nm-bernalillo-bernalillo-county","NM","Bernalillo County Building Department","2020","true","Local Building Department","no codeSourceUrl + codeRetrievedAtIso — every value on this row is unprovenanced"
"nm-catron-catron-county","NM","Catron County Building Department","2020","true","Local Building Department","no codeSourceUrl + codeRetrievedAtIso — every value on this row is unprovenanced"
"nm-chaves-roswell","NM","City of Roswell Building Dept","2020","true","Local Building Department","no codeSourceUrl + codeRetrievedAtIso — every value on this row is unprovenanced"
"nm-chaves-chaves-county","NM","Chaves County Building Department","2020","true","Local Building Department","no codeSourceUrl + codeRetrievedAtIso — every value on this row is unprovenanced"
"nm-cibola-cibola-county","NM","Cibola County Building Department","2020","true","Local Building Department","no codeSourceUrl + codeRetrievedAtIso — every value on this row is unprovenanced"
"nm-colfax-colfax-county","NM","Colfax County Building Department","2020","true","Local Building Department","no codeSourceUrl + codeRetrievedAtIso — every value on this row is unprovenanced"
"nm-curry-clovis","NM","City of Clovis Building Dept","2020","true","Local Building Department","no codeSourceUrl + codeRetrievedAtIso — every value on this row is unprovenanced"
"nm-curry-curry-county","NM","Curry County Building Department","2020","true","Local Building Department","no codeSourceUrl + codeRetrievedAtIso — every value on this row is unprovenanced"
"nm-de-baca-de-baca-county","NM","De Baca County Building Department","2020","true","Local Building Department","no codeSourceUrl + codeRetrievedAtIso — every value on this row is unprovenanced"
"nm-doa-ana-doa-ana-county","NM","Do̱a Ana County Building Department","2020","false","Local Building Department","no codeSourceUrl + codeRetrievedAtIso — every value on this row is unprovenanced"
"nm-eddy-carlsbad","NM","City of Carlsbad Building Dept","2020","true","Local Building Department","no codeSourceUrl + codeRetrievedAtIso — every value on this row is unprovenanced"
"nm-eddy-eddy-county","NM","Eddy County Building Department","2020","true","Local Building Department","no codeSourceUrl + codeRetrievedAtIso — every value on this row is unprovenanced"
"nm-grant-grant-county","NM","Grant County Building Department","2020","true","Local Building Department","no codeSourceUrl + codeRetrievedAtIso — every value on this row is unprovenanced"
"nm-guadalupe-guadalupe-county","NM","Guadalupe County Building Department","2020","true","Local Building Department","no codeSourceUrl + codeRetrievedAtIso — every value on this row is unprovenanced"
"nm-harding-harding-county","NM","Harding County Building Department","2020","true","Local Building Department","no codeSourceUrl + codeRetrievedAtIso — every value on this row is unprovenanced"
"nm-hidalgo-hidalgo-county","NM","Hidalgo County Building Department","2020","true","Local Building Department","no codeSourceUrl + codeRetrievedAtIso — every value on this row is unprovenanced"
"nm-lea-hobbs","NM","City of Hobbs Building Dept","2020","true","Local Building Department","no codeSourceUrl + codeRetrievedAtIso — every value on this row is unprovenanced"
"nm-lea-lea-county","NM","Lea County Building Department","2020","true","Local Building Department","no codeSourceUrl + codeRetrievedAtIso — every value on this row is unprovenanced"
"nm-lincoln-lincoln-county","NM","Lincoln County Building Department","2020","true","Local Building Department","no codeSourceUrl + codeRetrievedAtIso — every value on this row is unprovenanced"
"nm-los-alamos-los-alamos-county","NM","Los Alamos County Building Department","2020","true","Local Building Department","no codeSourceUrl + codeRetrievedAtIso — every value on this row is unprovenanced"
"nm-luna-deming","NM","City of Deming Building Dept","2020","true","Local Building Department","no codeSourceUrl + codeRetrievedAtIso — every value on this row is unprovenanced"
"nm-luna-luna-county","NM","Luna County Building Department","2020","true","Local Building Department","no codeSourceUrl + codeRetrievedAtIso — every value on this row is unprovenanced"
"nm-mckinley-gallup","NM","City of Gallup Building Dept","2020","true","Local Building Department","no codeSourceUrl + codeRetrievedAtIso — every value on this row is unprovenanced"
"nm-mckinley-mckinley-county","NM","McKinley County Building Department","2020","true","Local Building Department","no codeSourceUrl + codeRetrievedAtIso — every value on this row is unprovenanced"
"nm-mora-mora-county","NM","Mora County Building Department","2020","true","Local Building Department","no codeSourceUrl + codeRetrievedAtIso — every value on this row is unprovenanced"
"nm-otero-alamogordo","NM","City of Alamogordo Building Dept","2020","true","Local Building Department","no codeSourceUrl + codeRetrievedAtIso — every value on this row is unprovenanced"
"nm-otero-otero-county","NM","Otero County Building Department","2020","true","Local Building Department","no codeSourceUrl + codeRetrievedAtIso — every value on this row is unprovenanced"
"nm-quay-quay-county","NM","Quay County Building Department","2020","true","Local Building Department","no codeSourceUrl + codeRetrievedAtIso — every value on this row is unprovenanced"
"nm-rio-arriba-rio-arriba-county","NM","Rio Arriba County Building Department","2020","true","Local Building Department","no codeSourceUrl + codeRetrievedAtIso — every value on this row is unprovenanced"
"nm-roosevelt-roosevelt-county","NM","Roosevelt County Building Department","2020","true","Local Building Department","no codeSourceUrl + codeRetrievedAtIso — every value on this row is unprovenanced"
"nm-san-juan-farmington","NM","City of Farmington Building Dept","2020","true","Local Building Department","no codeSourceUrl + codeRetrievedAtIso — every value on this row is unprovenanced"
"nm-san-juan-san-juan-county","NM","San Juan County Building Department","2020","true","Local Building Department","no codeSourceUrl + codeRetrievedAtIso — every value on this row is unprovenanced"
"nm-san-miguel-san-miguel-county","NM","San Miguel County Building Department","2020","true","Local Building Department","no codeSourceUrl + codeRetrievedAtIso — every value on this row is unprovenanced"
"nm-sandoval-rio-rancho","NM","City of Rio Rancho Building Department","2020","true","Local Building Department","no codeSourceUrl + codeRetrievedAtIso — every value on this row is unprovenanced"
"nm-sandoval-sandoval-county","NM","Sandoval County Building Department","2020","true","Local Building Department","no codeSourceUrl + codeRetrievedAtIso — every value on this row is unprovenanced"
"nm-santa-fe-santa-fe-county","NM","Santa Fe County Building Department","2020","true","Local Building Department","no codeSourceUrl + codeRetrievedAtIso — every value on this row is unprovenanced"
"nm-sierra-sierra-county","NM","Sierra County Building Department","2020","true","Local Building Department","no codeSourceUrl + codeRetrievedAtIso — every value on this row is unprovenanced"
"nm-socorro-socorro-county","NM","Socorro County Building Department","2020","true","Local Building Department","no codeSourceUrl + codeRetrievedAtIso — every value on this row is unprovenanced"
"nm-taos-taos-county","NM","Taos County Building Department","2020","true","Local Building Department","no codeSourceUrl + codeRetrievedAtIso — every value on this row is unprovenanced"
"nm-torrance-torrance-county","NM","Torrance County Building Department","2020","true","Local Building Department","no codeSourceUrl + codeRetrievedAtIso — every value on this row is unprovenanced"
"nm-union-union-county","NM","Union County Building Department","2020","true","Local Building Department","no codeSourceUrl + codeRetrievedAtIso — every value on this row is unprovenanced"
"nm-valencia-los-lunas","NM","Village of Los Lunas Building Dept","2020","true","Local Building Department","no codeSourceUrl + codeRetrievedAtIso — every value on this row is unprovenanced"
"nm-valencia-valencia-county","NM","Valencia County Building Department","2020","true","Local Building Department","no codeSourceUrl + codeRetrievedAtIso — every value on this row is unprovenanced"
"nv-carson-city-carson-city","NV","Carson City Building Department","2020","false","Local Building Department","no codeSourceUrl + codeRetrievedAtIso — every value on this row is unprovenanced"
"nv-churchill-churchill-county","NV","Churchill County Building Department","2020","true","Local Building Department","no codeSourceUrl + codeRetrievedAtIso — every value on this row is unprovenanced"
"nv-clark-boulder-city","NV","Boulder City Building Dept","2020","true","Local Building Department","no codeSourceUrl + codeRetrievedAtIso — every value on this row is unprovenanced"
"nv-clark-mesquite","NV","City of Mesquite Building Dept","2020","true","Local Building Department","no codeSourceUrl + codeRetrievedAtIso — every value on this row is unprovenanced"
"nv-clark-clark-county","NV","Clark County Building Department","2020","true","Local Building Department","no codeSourceUrl + codeRetrievedAtIso — every value on this row is unprovenanced"
"nv-douglas-douglas-county","NV","Douglas County Building Department","2020","true","Local Building Department","no codeSourceUrl + codeRetrievedAtIso — every value on this row is unprovenanced"
"nv-elko-elko","NV","City of Elko Building Dept","2020","true","Local Building Department","no codeSourceUrl + codeRetrievedAtIso — every value on this row is unprovenanced"
"nv-elko-elko-county","NV","Elko County Building Department","2020","true","Local Building Department","no codeSourceUrl + codeRetrievedAtIso — every value on this row is unprovenanced"
"nv-esmeralda-esmeralda-county","NV","Esmeralda County Building Department","2020","true","Local Building Department","no codeSourceUrl + codeRetrievedAtIso — every value on this row is unprovenanced"
"nv-eureka-eureka-county","NV","Eureka County Building Department","2020","true","Local Building Department","no codeSourceUrl + codeRetrievedAtIso — every value on this row is unprovenanced"
"nv-humboldt-humboldt-county","NV","Humboldt County Building Department","2020","true","Local Building Department","no codeSourceUrl + codeRetrievedAtIso — every value on this row is unprovenanced"
"nv-humboldt-winnemucca","NV","City of Winnemucca Building Dept","2020","true","Local Building Department","no codeSourceUrl + codeRetrievedAtIso — every value on this row is unprovenanced"
"nv-lander-lander-county","NV","Lander County Building Department","2020","true","Local Building Department","no codeSourceUrl + codeRetrievedAtIso — every value on this row is unprovenanced"
"nv-lincoln-lincoln-county","NV","Lincoln County Building Department","2020","true","Local Building Department","no codeSourceUrl + codeRetrievedAtIso — every value on this row is unprovenanced"
"nv-lyon-fernley","NV","City of Fernley Building Dept","2020","true","Local Building Department","no codeSourceUrl + codeRetrievedAtIso — every value on this row is unprovenanced"
"nv-lyon-lyon-county","NV","Lyon County Building Department","2020","true","Local Building Department","no codeSourceUrl + codeRetrievedAtIso — every value on this row is unprovenanced"
"nv-mineral-mineral-county","NV","Mineral County Building Department","2020","true","Local Building Department","no codeSourceUrl + codeRetrievedAtIso — every value on this row is unprovenanced"
"nv-nye-nye-county","NV","Nye County Building Department","2020","true","Local Building Department","no codeSourceUrl + codeRetrievedAtIso — every value on this row is unprovenanced"
"nv-pershing-pershing-county","NV","Pershing County Building Department","2020","true","Local Building Department","no codeSourceUrl + codeRetrievedAtIso — every value on this row is unprovenanced"
"nv-storey-storey-county","NV","Storey County Building Department","2020","true","Local Building Department","no codeSourceUrl + codeRetrievedAtIso — every value on this row is unprovenanced"
"nv-washoe-sparks","NV","City of Sparks Building Department","2020","true","Local Building Department","no codeSourceUrl + codeRetrievedAtIso — every value on this row is unprovenanced"
"nv-washoe-washoe-county","NV","Washoe County Building Department","2020","true","Local Building Department","no codeSourceUrl + codeRetrievedAtIso — every value on this row is unprovenanced"
"nv-white-pine-white-pine-county","NV","White Pine County Building Department","2020","true","Local Building Department","no codeSourceUrl + codeRetrievedAtIso — every value on this row is unprovenanced"
"ny-albany-albany-county","NY","Albany County Building Department","2020","true","Local Building Department","no codeSourceUrl + codeRetrievedAtIso — every value on this row is unprovenanced"
"ny-allegany-allegany-county","NY","Allegany County Building Department","2020","true","Local Building Department","no codeSourceUrl + codeRetrievedAtIso — every value on this row is unprovenanced"
"ny-bronx-bronx-county","NY","Bronx County Building Department","2020","true","Local Building Department","no codeSourceUrl + codeRetrievedAtIso — every value on this row is unprovenanced"
"ny-broome-broome-county","NY","Broome County Building Department","2020","true","Local Building Department","no codeSourceUrl + codeRetrievedAtIso — every value on this row is unprovenanced"
"ny-cattaraugus-cattaraugus-county","NY","Cattaraugus County Building Department","2020","true","Local Building Department","no codeSourceUrl + codeRetrievedAtIso — every value on this row is unprovenanced"
"ny-cayuga-cayuga-county","NY","Cayuga County Building Department","2020","true","Local Building Department","no codeSourceUrl + codeRetrievedAtIso — every value on this row is unprovenanced"
"ny-chautauqua-chautauqua-county","NY","Chautauqua County Building Department","2020","true","Local Building Department","no codeSourceUrl + codeRetrievedAtIso — every value on this row is unprovenanced"
"ny-chemung-chemung-county","NY","Chemung County Building Department","2020","true","Local Building Department","no codeSourceUrl + codeRetrievedAtIso — every value on this row is unprovenanced"
"ny-chenango-chenango-county","NY","Chenango County Building Department","2020","true","Local Building Department","no codeSourceUrl + codeRetrievedAtIso — every value on this row is unprovenanced"
"ny-clinton-clinton-county","NY","Clinton County Building Department","2020","true","Local Building Department","no codeSourceUrl + codeRetrievedAtIso — every value on this row is unprovenanced"
"ny-columbia-columbia-county","NY","Columbia County Building Department","2020","true","Local Building Department","no codeSourceUrl + codeRetrievedAtIso — every value on this row is unprovenanced"
"ny-cortland-cortland-county","NY","Cortland County Building Department","2020","true","Local Building Department","no codeSourceUrl + codeRetrievedAtIso — every value on this row is unprovenanced"
"ny-delaware-delaware-county","NY","Delaware County Building Department","2020","true","Local Building Department","no codeSourceUrl + codeRetrievedAtIso — every value on this row is unprovenanced"
"ny-dutchess-dutchess-county","NY","Dutchess County Building Department","2020","true","Local Building Department","no codeSourceUrl + codeRetrievedAtIso — every value on this row is unprovenanced"
"ny-erie-erie-county","NY","Erie County Building Department","2020","true","Local Building Department","no codeSourceUrl + codeRetrievedAtIso — every value on this row is unprovenanced"
"ny-essex-essex-county","NY","Essex County Building Department","2020","true","Local Building Department","no codeSourceUrl + codeRetrievedAtIso — every value on this row is unprovenanced"
"ny-franklin-franklin-county","NY","Franklin County Building Department","2020","true","Local Building Department","no codeSourceUrl + codeRetrievedAtIso — every value on this row is unprovenanced"
"ny-fulton-fulton-county","NY","Fulton County Building Department","2020","true","Local Building Department","no codeSourceUrl + codeRetrievedAtIso — every value on this row is unprovenanced"
"ny-genesee-genesee-county","NY","Genesee County Building Department","2020","true","Local Building Department","no codeSourceUrl + codeRetrievedAtIso — every value on this row is unprovenanced"
"ny-greene-greene-county","NY","Greene County Building Department","2020","true","Local Building Department","no codeSourceUrl + codeRetrievedAtIso — every value on this row is unprovenanced"
"ny-hamilton-hamilton-county","NY","Hamilton County Building Department","2020","true","Local Building Department","no codeSourceUrl + codeRetrievedAtIso — every value on this row is unprovenanced"
"ny-herkimer-herkimer-county","NY","Herkimer County Building Department","2020","true","Local Building Department","no codeSourceUrl + codeRetrievedAtIso — every value on this row is unprovenanced"
"ny-jefferson-jefferson-county","NY","Jefferson County Building Department","2020","true","Local Building Department","no codeSourceUrl + codeRetrievedAtIso — every value on this row is unprovenanced"
"ny-kings-kings-county","NY","Kings County Building Department","2020","true","Local Building Department","no codeSourceUrl + codeRetrievedAtIso — every value on this row is unprovenanced"
"ny-lewis-lewis-county","NY","Lewis County Building Department","2020","true","Local Building Department","no codeSourceUrl + codeRetrievedAtIso — every value on this row is unprovenanced"
"ny-livingston-livingston-county","NY","Livingston County Building Department","2020","true","Local Building Department","no codeSourceUrl + codeRetrievedAtIso — every value on this row is unprovenanced"
"ny-madison-madison-county","NY","Madison County Building Department","2020","true","Local Building Department","no codeSourceUrl + codeRetrievedAtIso — every value on this row is unprovenanced"
"ny-monroe-monroe-county","NY","Monroe County Building Department","2020","true","Local Building Department","no codeSourceUrl + codeRetrievedAtIso — every value on this row is unprovenanced"
"ny-montgomery-montgomery-county","NY","Montgomery County Building Department","2020","true","Local Building Department","no codeSourceUrl + codeRetrievedAtIso — every value on this row is unprovenanced"
"ny-new-york-new-york","NY","NYC Department of Buildings","2020","true","Local Building Department","no codeSourceUrl + codeRetrievedAtIso — every value on this row is unprovenanced"
"ny-new-york-new-york-county","NY","New York County Building Department","2020","true","Local Building Department","no codeSourceUrl + codeRetrievedAtIso — every value on this row is unprovenanced"
"ny-niagara-niagara-county","NY","Niagara County Building Department","2020","true","Local Building Department","no codeSourceUrl + codeRetrievedAtIso — every value on this row is unprovenanced"
"ny-oneida-oneida-county","NY","Oneida County Building Department","2020","true","Local Building Department","no codeSourceUrl + codeRetrievedAtIso — every value on this row is unprovenanced"
"ny-onondaga-syracuse","NY","City of Syracuse Building Department","2020","true","Local Building Department","no codeSourceUrl + codeRetrievedAtIso — every value on this row is unprovenanced"
"ny-onondaga-onondaga-county","NY","Onondaga County Building Department","2020","true","Local Building Department","no codeSourceUrl + codeRetrievedAtIso — every value on this row is unprovenanced"
"ny-ontario-ontario-county","NY","Ontario County Building Department","2020","true","Local Building Department","no codeSourceUrl + codeRetrievedAtIso — every value on this row is unprovenanced"
"ny-orange-orange-county","NY","Orange County Building Department","2020","true","Local Building Department","no codeSourceUrl + codeRetrievedAtIso — every value on this row is unprovenanced"
"ny-orleans-orleans-county","NY","Orleans County Building Department","2020","true","Local Building Department","no codeSourceUrl + codeRetrievedAtIso — every value on this row is unprovenanced"
"ny-oswego-oswego-county","NY","Oswego County Building Department","2020","true","Local Building Department","no codeSourceUrl + codeRetrievedAtIso — every value on this row is unprovenanced"
"ny-otsego-otsego-county","NY","Otsego County Building Department","2020","true","Local Building Department","no codeSourceUrl + codeRetrievedAtIso — every value on this row is unprovenanced"
"ny-putnam-putnam-county","NY","Putnam County Building Department","2020","true","Local Building Department","no codeSourceUrl + codeRetrievedAtIso — every value on this row is unprovenanced"
"ny-queens-queens-county","NY","Queens County Building Department","2020","true","Local Building Department","no codeSourceUrl + codeRetrievedAtIso — every value on this row is unprovenanced"
"ny-rensselaer-rensselaer-county","NY","Rensselaer County Building Department","2020","true","Local Building Department","no codeSourceUrl + codeRetrievedAtIso — every value on this row is unprovenanced"
"ny-richmond-richmond-county","NY","Richmond County Building Department","2020","true","Local Building Department","no codeSourceUrl + codeRetrievedAtIso — every value on this row is unprovenanced"
"ny-rockland-rockland-county","NY","Rockland County Building Department","2020","true","Local Building Department","no codeSourceUrl + codeRetrievedAtIso — every value on this row is unprovenanced"
"ny-saratoga-saratoga-county","NY","Saratoga County Building Department","2020","true","Local Building Department","no codeSourceUrl + codeRetrievedAtIso — every value on this row is unprovenanced"
"ny-schenectady-schenectady-county","NY","Schenectady County Building Department","2020","true","Local Building Department","no codeSourceUrl + codeRetrievedAtIso — every value on this row is unprovenanced"
"ny-schoharie-schoharie-county","NY","Schoharie County Building Department","2020","true","Local Building Department","no codeSourceUrl + codeRetrievedAtIso — every value on this row is unprovenanced"
"ny-schuyler-schuyler-county","NY","Schuyler County Building Department","2020","true","Local Building Department","no codeSourceUrl + codeRetrievedAtIso — every value on this row is unprovenanced"
"ny-seneca-seneca-county","NY","Seneca County Building Department","2020","true","Local Building Department","no codeSourceUrl + codeRetrievedAtIso — every value on this row is unprovenanced"
"ny-st-lawrence-st-lawrence-county","NY","St. Lawrence County Building Department","2020","true","Local Building Department","no codeSourceUrl + codeRetrievedAtIso — every value on this row is unprovenanced"
"ny-steuben-steuben-county","NY","Steuben County Building Department","2020","true","Local Building Department","no codeSourceUrl + codeRetrievedAtIso — every value on this row is unprovenanced"
"ny-sullivan-sullivan-county","NY","Sullivan County Building Department","2020","true","Local Building Department","no codeSourceUrl + codeRetrievedAtIso — every value on this row is unprovenanced"
"ny-tioga-tioga-county","NY","Tioga County Building Department","2020","true","Local Building Department","no codeSourceUrl + codeRetrievedAtIso — every value on this row is unprovenanced"
"ny-tompkins-tompkins-county","NY","Tompkins County Building Department","2020","true","Local Building Department","no codeSourceUrl + codeRetrievedAtIso — every value on this row is unprovenanced"
"ny-ulster-ulster-county","NY","Ulster County Building Department","2020","true","Local Building Department","no codeSourceUrl + codeRetrievedAtIso — every value on this row is unprovenanced"
"ny-warren-warren-county","NY","Warren County Building Department","2020","true","Local Building Department","no codeSourceUrl + codeRetrievedAtIso — every value on this row is unprovenanced"
"ny-washington-washington-county","NY","Washington County Building Department","2020","true","Local Building Department","no codeSourceUrl + codeRetrievedAtIso — every value on this row is unprovenanced"
"ny-wayne-wayne-county","NY","Wayne County Building Department","2020","true","Local Building Department","no codeSourceUrl + codeRetrievedAtIso — every value on this row is unprovenanced"
"ny-westchester-white-plains","NY","City of White Plains Building Department","2020","true","Local Building Department","no codeSourceUrl + codeRetrievedAtIso — every value on this row is unprovenanced"
"ny-westchester-yonkers","NY","City of Yonkers Building Department","2020","true","Local Building Department","no codeSourceUrl + codeRetrievedAtIso — every value on this row is unprovenanced"
"ny-wyoming-wyoming-county","NY","Wyoming County Building Department","2020","true","Local Building Department","no codeSourceUrl + codeRetrievedAtIso — every value on this row is unprovenanced"
"ny-yates-yates-county","NY","Yates County Building Department","2020","true","Local Building Department","no codeSourceUrl + codeRetrievedAtIso — every value on this row is unprovenanced"
"oh-adams-adams-county","OH","Adams County Building Department","2020","true","Local Building Department","no codeSourceUrl + codeRetrievedAtIso — every value on this row is unprovenanced"
"oh-allen-allen-county","OH","Allen County Building Department","2020","true","Local Building Department","no codeSourceUrl + codeRetrievedAtIso — every value on this row is unprovenanced"
"oh-ashland-ashland-county","OH","Ashland County Building Department","2020","true","Local Building Department","no codeSourceUrl + codeRetrievedAtIso — every value on this row is unprovenanced"
"oh-ashtabula-ashtabula-county","OH","Ashtabula County Building Department","2020","true","Local Building Department","no codeSourceUrl + codeRetrievedAtIso — every value on this row is unprovenanced"
"oh-athens-athens-county","OH","Athens County Building Department","2020","true","Local Building Department","no codeSourceUrl + codeRetrievedAtIso — every value on this row is unprovenanced"
"oh-auglaize-auglaize-county","OH","Auglaize County Building Department","2020","true","Local Building Department","no codeSourceUrl + codeRetrievedAtIso — every value on this row is unprovenanced"
"oh-belmont-belmont-county","OH","Belmont County Building Department","2020","true","Local Building Department","no codeSourceUrl + codeRetrievedAtIso — every value on this row is unprovenanced"
"oh-brown-brown-county","OH","Brown County Building Department","2020","true","Local Building Department","no codeSourceUrl + codeRetrievedAtIso — every value on this row is unprovenanced"
"oh-butler-fairfield","OH","City of Fairfield Building Dept","2020","true","Local Building Department","no codeSourceUrl + codeRetrievedAtIso — every value on this row is unprovenanced"
"oh-butler-hamilton","OH","City of Hamilton Building Department","2020","true","Local Building Department","no codeSourceUrl + codeRetrievedAtIso — every value on this row is unprovenanced"
"oh-butler-middletown","OH","City of Middletown Building Department","2020","true","Local Building Department","no codeSourceUrl + codeRetrievedAtIso — every value on this row is unprovenanced"
"oh-butler-butler-county","OH","Butler County Building Department","2020","true","Local Building Department","no codeSourceUrl + codeRetrievedAtIso — every value on this row is unprovenanced"
"oh-carroll-carroll-county","OH","Carroll County Building Department","2020","true","Local Building Department","no codeSourceUrl + codeRetrievedAtIso — every value on this row is unprovenanced"
"oh-champaign-champaign-county","OH","Champaign County Building Department","2020","true","Local Building Department","no codeSourceUrl + codeRetrievedAtIso — every value on this row is unprovenanced"
"oh-clark-springfield","OH","City of Springfield Building Department","2020","true","Local Building Department","no codeSourceUrl + codeRetrievedAtIso — every value on this row is unprovenanced"
"oh-clark-clark-county","OH","Clark County Building Department","2020","true","Local Building Department","no codeSourceUrl + codeRetrievedAtIso — every value on this row is unprovenanced"
"oh-clermont-clermont-county","OH","Clermont County Building Department","2020","true","Local Building Department","no codeSourceUrl + codeRetrievedAtIso — every value on this row is unprovenanced"
"oh-clinton-clinton-county","OH","Clinton County Building Department","2020","true","Local Building Department","no codeSourceUrl + codeRetrievedAtIso — every value on this row is unprovenanced"
"oh-columbiana-columbiana-county","OH","Columbiana County Building Department","2020","true","Local Building Department","no codeSourceUrl + codeRetrievedAtIso — every value on this row is unprovenanced"
"oh-coshocton-coshocton-county","OH","Coshocton County Building Department","2020","true","Local Building Department","no codeSourceUrl + codeRetrievedAtIso — every value on this row is unprovenanced"
"oh-crawford-crawford-county","OH","Crawford County Building Department","2020","true","Local Building Department","no codeSourceUrl + codeRetrievedAtIso — every value on this row is unprovenanced"
"oh-cuyahoga-lakewood","OH","City of Lakewood Building Department","2020","true","Local Building Department","no codeSourceUrl + codeRetrievedAtIso — every value on this row is unprovenanced"
"oh-cuyahoga-parma","OH","City of Parma Building Department","2020","true","Local Building Department","no codeSourceUrl + codeRetrievedAtIso — every value on this row is unprovenanced"
"oh-cuyahoga-cuyahoga-county","OH","Cuyahoga County Building Department","2020","true","Local Building Department","no codeSourceUrl + codeRetrievedAtIso — every value on this row is unprovenanced"
"oh-darke-darke-county","OH","Darke County Building Department","2020","true","Local Building Department","no codeSourceUrl + codeRetrievedAtIso — every value on this row is unprovenanced"
"oh-defiance-defiance-county","OH","Defiance County Building Department","2020","true","Local Building Department","no codeSourceUrl + codeRetrievedAtIso — every value on this row is unprovenanced"
"oh-delaware-delaware-county","OH","Delaware County Building Department","2020","true","Local Building Department","no codeSourceUrl + codeRetrievedAtIso — every value on this row is unprovenanced"
"oh-erie-erie-county","OH","Erie County Building Department","2020","true","Local Building Department","no codeSourceUrl + codeRetrievedAtIso — every value on this row is unprovenanced"
"oh-fairfield-lancaster","OH","City of Lancaster Building Dept","2020","true","Local Building Department","no codeSourceUrl + codeRetrievedAtIso — every value on this row is unprovenanced"
"oh-fairfield-fairfield-county","OH","Fairfield County Building Department","2020","true","Local Building Department","no codeSourceUrl + codeRetrievedAtIso — every value on this row is unprovenanced"
"oh-fayette-fayette-county","OH","Fayette County Building Department","2020","true","Local Building Department","no codeSourceUrl + codeRetrievedAtIso — every value on this row is unprovenanced"
"oh-franklin-dublin","OH","City of Dublin Building Department","2020","true","Local Building Department","no codeSourceUrl + codeRetrievedAtIso — every value on this row is unprovenanced"
"oh-franklin-grove-city","OH","City of Grove City Building Department","2020","true","Local Building Department","no codeSourceUrl + codeRetrievedAtIso — every value on this row is unprovenanced"
"oh-franklin-hilliard","OH","City of Hilliard Building Department","2020","true","Local Building Department","no codeSourceUrl + codeRetrievedAtIso — every value on this row is unprovenanced"
"oh-franklin-reynoldsburg","OH","City of Reynoldsburg Building Dept","2020","true","Local Building Department","no codeSourceUrl + codeRetrievedAtIso — every value on this row is unprovenanced"
"oh-franklin-franklin-county","OH","Franklin County Building Department","2020","true","Local Building Department","no codeSourceUrl + codeRetrievedAtIso — every value on this row is unprovenanced"
"oh-franklin-westerville","OH","City of Westerville Building Department","2020","true","Local Building Department","no codeSourceUrl + codeRetrievedAtIso — every value on this row is unprovenanced"
"oh-fulton-fulton-county","OH","Fulton County Building Department","2020","true","Local Building Department","no codeSourceUrl + codeRetrievedAtIso — every value on this row is unprovenanced"
"oh-gallia-gallia-county","OH","Gallia County Building Department","2020","true","Local Building Department","no codeSourceUrl + codeRetrievedAtIso — every value on this row is unprovenanced"
"oh-geauga-geauga-county","OH","Geauga County Building Department","2020","true","Local Building Department","no codeSourceUrl + codeRetrievedAtIso — every value on this row is unprovenanced"
"oh-greene-greene-county","OH","Greene County Building Department","2020","true","Local Building Department","no codeSourceUrl + codeRetrievedAtIso — every value on this row is unprovenanced"
"oh-guernsey-guernsey-county","OH","Guernsey County Building Department","2020","true","Local Building Department","no codeSourceUrl + codeRetrievedAtIso — every value on this row is unprovenanced"
"oh-hamilton-cincinnati","OH","City of Cincinnati Building Department","2020","true","Local Building Department","no codeSourceUrl + codeRetrievedAtIso — every value on this row is unprovenanced"
"oh-hamilton-hamilton-county","OH","Hamilton County Building Department","2020","true","Local Building Department","no codeSourceUrl + codeRetrievedAtIso — every value on this row is unprovenanced"
"oh-hancock-findlay","OH","City of Findlay Building Dept","2020","true","Local Building Department","no codeSourceUrl + codeRetrievedAtIso — every value on this row is unprovenanced"
"oh-hancock-hancock-county","OH","Hancock County Building Department","2020","true","Local Building Department","no codeSourceUrl + codeRetrievedAtIso — every value on this row is unprovenanced"
"oh-hardin-hardin-county","OH","Hardin County Building Department","2020","true","Local Building Department","no codeSourceUrl + codeRetrievedAtIso — every value on this row is unprovenanced"
"oh-harrison-harrison-county","OH","Harrison County Building Department","2020","true","Local Building Department","no codeSourceUrl + codeRetrievedAtIso — every value on this row is unprovenanced"
"oh-henry-henry-county","OH","Henry County Building Department","2020","true","Local Building Department","no codeSourceUrl + codeRetrievedAtIso — every value on this row is unprovenanced"
"oh-highland-highland-county","OH","Highland County Building Department","2020","true","Local Building Department","no codeSourceUrl + codeRetrievedAtIso — every value on this row is unprovenanced"
"oh-hocking-hocking-county","OH","Hocking County Building Department","2020","true","Local Building Department","no codeSourceUrl + codeRetrievedAtIso — every value on this row is unprovenanced"
"oh-holmes-holmes-county","OH","Holmes County Building Department","2020","true","Local Building Department","no codeSourceUrl + codeRetrievedAtIso — every value on this row is unprovenanced"
"oh-huron-huron-county","OH","Huron County Building Department","2020","true","Local Building Department","no codeSourceUrl + codeRetrievedAtIso — every value on this row is unprovenanced"
"oh-jackson-jackson-county","OH","Jackson County Building Department","2020","true","Local Building Department","no codeSourceUrl + codeRetrievedAtIso — every value on this row is unprovenanced"
"oh-jefferson-jefferson-county","OH","Jefferson County Building Department","2020","true","Local Building Department","no codeSourceUrl + codeRetrievedAtIso — every value on this row is unprovenanced"
"oh-knox-knox-county","OH","Knox County Building Department","2020","true","Local Building Department","no codeSourceUrl + codeRetrievedAtIso — every value on this row is unprovenanced"
"oh-lake-lake-county","OH","Lake County Building Department","2020","true","Local Building Department","no codeSourceUrl + codeRetrievedAtIso — every value on this row is unprovenanced"
"oh-lawrence-lawrence-county","OH","Lawrence County Building Department","2020","true","Local Building Department","no codeSourceUrl + codeRetrievedAtIso — every value on this row is unprovenanced"
"oh-licking-newark","OH","City of Newark Building Dept","2020","true","Local Building Department","no codeSourceUrl + codeRetrievedAtIso — every value on this row is unprovenanced"
"oh-licking-licking-county","OH","Licking County Building Department","2020","true","Local Building Department","no codeSourceUrl + codeRetrievedAtIso — every value on this row is unprovenanced"
"oh-logan-logan-county","OH","Logan County Building Department","2020","true","Local Building Department","no codeSourceUrl + codeRetrievedAtIso — every value on this row is unprovenanced"
"oh-lorain-elyria","OH","City of Elyria Building Department","2020","true","Local Building Department","no codeSourceUrl + codeRetrievedAtIso — every value on this row is unprovenanced"
"oh-lorain-lorain","OH","City of Lorain Building Department","2020","true","Local Building Department","no codeSourceUrl + codeRetrievedAtIso — every value on this row is unprovenanced"
"oh-lorain-lorain-county","OH","Lorain County Building Department","2020","true","Local Building Department","no codeSourceUrl + codeRetrievedAtIso — every value on this row is unprovenanced"
"oh-lucas-toledo","OH","City of Toledo Building & Inspection","2020","true","Local Building Department","no codeSourceUrl + codeRetrievedAtIso — every value on this row is unprovenanced"
"oh-lucas-lucas-county","OH","Lucas County Building Department","2020","true","Local Building Department","no codeSourceUrl + codeRetrievedAtIso — every value on this row is unprovenanced"
"oh-madison-madison-county","OH","Madison County Building Department","2020","true","Local Building Department","no codeSourceUrl + codeRetrievedAtIso — every value on this row is unprovenanced"
"oh-mahoning-mahoning-county","OH","Mahoning County Building Department","2020","true","Local Building Department","no codeSourceUrl + codeRetrievedAtIso — every value on this row is unprovenanced"
"oh-mahoning-youngstown","OH","City of Youngstown Building Department","2020","true","Local Building Department","no codeSourceUrl + codeRetrievedAtIso — every value on this row is unprovenanced"
"oh-marion-marion","OH","City of Marion Building Dept","2020","true","Local Building Department","no codeSourceUrl + codeRetrievedAtIso — every value on this row is unprovenanced"
"oh-marion-marion-county","OH","Marion County Building Department","2020","true","Local Building Department","no codeSourceUrl + codeRetrievedAtIso — every value on this row is unprovenanced"
"oh-medina-medina-county","OH","Medina County Building Department","2020","true","Local Building Department","no codeSourceUrl + codeRetrievedAtIso — every value on this row is unprovenanced"
"oh-meigs-meigs-county","OH","Meigs County Building Department","2020","true","Local Building Department","no codeSourceUrl + codeRetrievedAtIso — every value on this row is unprovenanced"
"oh-mercer-mercer-county","OH","Mercer County Building Department","2020","true","Local Building Department","no codeSourceUrl + codeRetrievedAtIso — every value on this row is unprovenanced"
"oh-miami-miami-county","OH","Miami County Building Department","2020","true","Local Building Department","no codeSourceUrl + codeRetrievedAtIso — every value on this row is unprovenanced"
"oh-monroe-monroe-county","OH","Monroe County Building Department","2020","true","Local Building Department","no codeSourceUrl + codeRetrievedAtIso — every value on this row is unprovenanced"
"oh-montgomery-dayton","OH","City of Dayton Building Department","2020","true","Local Building Department","no codeSourceUrl + codeRetrievedAtIso — every value on this row is unprovenanced"
"oh-montgomery-huber-heights","OH","City of Huber Heights Building Dept","2020","true","Local Building Department","no codeSourceUrl + codeRetrievedAtIso — every value on this row is unprovenanced"
"oh-montgomery-kettering","OH","City of Kettering Building Dept","2020","true","Local Building Department","no codeSourceUrl + codeRetrievedAtIso — every value on this row is unprovenanced"
"oh-montgomery-montgomery-county","OH","Montgomery County Building Department","2020","true","Local Building Department","no codeSourceUrl + codeRetrievedAtIso — every value on this row is unprovenanced"
"oh-morgan-morgan-county","OH","Morgan County Building Department","2020","true","Local Building Department","no codeSourceUrl + codeRetrievedAtIso — every value on this row is unprovenanced"
"oh-morrow-morrow-county","OH","Morrow County Building Department","2020","true","Local Building Department","no codeSourceUrl + codeRetrievedAtIso — every value on this row is unprovenanced"
"oh-muskingum-muskingum-county","OH","Muskingum County Building Department","2020","true","Local Building Department","no codeSourceUrl + codeRetrievedAtIso — every value on this row is unprovenanced"
"oh-muskingum-zanesville","OH","City of Zanesville Building Dept","2020","true","Local Building Department","no codeSourceUrl + codeRetrievedAtIso — every value on this row is unprovenanced"
"oh-noble-noble-county","OH","Noble County Building Department","2020","true","Local Building Department","no codeSourceUrl + codeRetrievedAtIso — every value on this row is unprovenanced"
"oh-ottawa-ottawa-county","OH","Ottawa County Building Department","2020","true","Local Building Department","no codeSourceUrl + codeRetrievedAtIso — every value on this row is unprovenanced"
"oh-paulding-paulding-county","OH","Paulding County Building Department","2020","true","Local Building Department","no codeSourceUrl + codeRetrievedAtIso — every value on this row is unprovenanced"
"oh-perry-perry-county","OH","Perry County Building Department","2020","true","Local Building Department","no codeSourceUrl + codeRetrievedAtIso — every value on this row is unprovenanced"
"oh-pickaway-pickaway-county","OH","Pickaway County Building Department","2020","true","Local Building Department","no codeSourceUrl + codeRetrievedAtIso — every value on this row is unprovenanced"
"oh-pike-pike-county","OH","Pike County Building Department","2020","true","Local Building Department","no codeSourceUrl + codeRetrievedAtIso — every value on this row is unprovenanced"
"oh-portage-portage-county","OH","Portage County Building Department","2020","true","Local Building Department","no codeSourceUrl + codeRetrievedAtIso — every value on this row is unprovenanced"
"oh-preble-preble-county","OH","Preble County Building Department","2020","true","Local Building Department","no codeSourceUrl + codeRetrievedAtIso — every value on this row is unprovenanced"
"oh-putnam-putnam-county","OH","Putnam County Building Department","2020","true","Local Building Department","no codeSourceUrl + codeRetrievedAtIso — every value on this row is unprovenanced"
"oh-richland-mansfield","OH","City of Mansfield Building Department","2020","true","Local Building Department","no codeSourceUrl + codeRetrievedAtIso — every value on this row is unprovenanced"
"oh-richland-richland-county","OH","Richland County Building Department","2020","true","Local Building Department","no codeSourceUrl + codeRetrievedAtIso — every value on this row is unprovenanced"
"oh-ross-ross-county","OH","Ross County Building Department","2020","true","Local Building Department","no codeSourceUrl + codeRetrievedAtIso — every value on this row is unprovenanced"
"oh-sandusky-sandusky-county","OH","Sandusky County Building Department","2020","true","Local Building Department","no codeSourceUrl + codeRetrievedAtIso — every value on this row is unprovenanced"
"oh-scioto-scioto-county","OH","Scioto County Building Department","2020","true","Local Building Department","no codeSourceUrl + codeRetrievedAtIso — every value on this row is unprovenanced"
"oh-seneca-seneca-county","OH","Seneca County Building Department","2020","true","Local Building Department","no codeSourceUrl + codeRetrievedAtIso — every value on this row is unprovenanced"
"oh-shelby-shelby-county","OH","Shelby County Building Department","2020","true","Local Building Department","no codeSourceUrl + codeRetrievedAtIso — every value on this row is unprovenanced"
"oh-stark-canton","OH","City of Canton Building Department","2020","true","Local Building Department","no codeSourceUrl + codeRetrievedAtIso — every value on this row is unprovenanced"
"oh-stark-stark-county","OH","Stark County Building Department","2020","true","Local Building Department","no codeSourceUrl + codeRetrievedAtIso — every value on this row is unprovenanced"
"oh-summit-akron","OH","City of Akron Building Department","2020","true","Local Building Department","no codeSourceUrl + codeRetrievedAtIso — every value on this row is unprovenanced"
"oh-summit-summit-county","OH","Summit County Building Department","2020","true","Local Building Department","no codeSourceUrl + codeRetrievedAtIso — every value on this row is unprovenanced"
"oh-trumbull-trumbull-county","OH","Trumbull County Building Department","2020","true","Local Building Department","no codeSourceUrl + codeRetrievedAtIso — every value on this row is unprovenanced"
"oh-tuscarawas-tuscarawas-county","OH","Tuscarawas County Building Department","2020","true","Local Building Department","no codeSourceUrl + codeRetrievedAtIso — every value on this row is unprovenanced"
"oh-union-union-county","OH","Union County Building Department","2020","true","Local Building Department","no codeSourceUrl + codeRetrievedAtIso — every value on this row is unprovenanced"
"oh-van-wert-van-wert-county","OH","Van Wert County Building Department","2020","true","Local Building Department","no codeSourceUrl + codeRetrievedAtIso — every value on this row is unprovenanced"
"oh-vinton-vinton-county","OH","Vinton County Building Department","2020","true","Local Building Department","no codeSourceUrl + codeRetrievedAtIso — every value on this row is unprovenanced"
"oh-warren-warren-county","OH","Warren County Building Department","2020","true","Local Building Department","no codeSourceUrl + codeRetrievedAtIso — every value on this row is unprovenanced"
"oh-washington-washington-county","OH","Washington County Building Department","2020","true","Local Building Department","no codeSourceUrl + codeRetrievedAtIso — every value on this row is unprovenanced"
"oh-wayne-wayne-county","OH","Wayne County Building Department","2020","true","Local Building Department","no codeSourceUrl + codeRetrievedAtIso — every value on this row is unprovenanced"
"oh-williams-williams-county","OH","Williams County Building Department","2020","true","Local Building Department","no codeSourceUrl + codeRetrievedAtIso — every value on this row is unprovenanced"
"oh-wood-wood-county","OH","Wood County Building Department","2020","true","Local Building Department","no codeSourceUrl + codeRetrievedAtIso — every value on this row is unprovenanced"
"oh-wyandot-wyandot-county","OH","Wyandot County Building Department","2020","true","Local Building Department","no codeSourceUrl + codeRetrievedAtIso — every value on this row is unprovenanced"
"ok-adair-adair-county","OK","Adair County Building Department","2017","true","Local Building Department","no codeSourceUrl + codeRetrievedAtIso — every value on this row is unprovenanced"
"ok-alfalfa-alfalfa-county","OK","Alfalfa County Building Department","2017","true","Local Building Department","no codeSourceUrl + codeRetrievedAtIso — every value on this row is unprovenanced"
"ok-atoka-atoka-county","OK","Atoka County Building Department","2017","true","Local Building Department","no codeSourceUrl + codeRetrievedAtIso — every value on this row is unprovenanced"
"ok-beaver-beaver-county","OK","Beaver County Building Department","2017","true","Local Building Department","no codeSourceUrl + codeRetrievedAtIso — every value on this row is unprovenanced"
"ok-beckham-beckham-county","OK","Beckham County Building Department","2017","true","Local Building Department","no codeSourceUrl + codeRetrievedAtIso — every value on this row is unprovenanced"
"ok-blaine-blaine-county","OK","Blaine County Building Department","2017","true","Local Building Department","no codeSourceUrl + codeRetrievedAtIso — every value on this row is unprovenanced"
"ok-bryan-bryan-county","OK","Bryan County Building Department","2017","true","Local Building Department","no codeSourceUrl + codeRetrievedAtIso — every value on this row is unprovenanced"
"ok-caddo-caddo-county","OK","Caddo County Building Department","2017","true","Local Building Department","no codeSourceUrl + codeRetrievedAtIso — every value on this row is unprovenanced"
"ok-canadian-canadian-county","OK","Canadian County Building Department","2017","true","Local Building Department","no codeSourceUrl + codeRetrievedAtIso — every value on this row is unprovenanced"
"ok-carter-ardmore","OK","City of Ardmore Building Dept","2017","true","Local Building Department","no codeSourceUrl + codeRetrievedAtIso — every value on this row is unprovenanced"
"ok-carter-carter-county","OK","Carter County Building Department","2017","true","Local Building Department","no codeSourceUrl + codeRetrievedAtIso — every value on this row is unprovenanced"
"ok-cherokee-cherokee-county","OK","Cherokee County Building Department","2017","true","Local Building Department","no codeSourceUrl + codeRetrievedAtIso — every value on this row is unprovenanced"
"ok-choctaw-choctaw-county","OK","Choctaw County Building Department","2017","true","Local Building Department","no codeSourceUrl + codeRetrievedAtIso — every value on this row is unprovenanced"
"ok-cimarron-cimarron-county","OK","Cimarron County Building Department","2017","true","Local Building Department","no codeSourceUrl + codeRetrievedAtIso — every value on this row is unprovenanced"
"ok-cleveland-moore","OK","City of Moore Building Dept","2017","true","Local Building Department","no codeSourceUrl + codeRetrievedAtIso — every value on this row is unprovenanced"
"ok-cleveland-norman","OK","City of Norman Building Department","2017","true","Local Building Department","no codeSourceUrl + codeRetrievedAtIso — every value on this row is unprovenanced"
"ok-cleveland-cleveland-county","OK","Cleveland County Building Department","2017","true","Local Building Department","no codeSourceUrl + codeRetrievedAtIso — every value on this row is unprovenanced"
"ok-coal-coal-county","OK","Coal County Building Department","2017","true","Local Building Department","no codeSourceUrl + codeRetrievedAtIso — every value on this row is unprovenanced"
"ok-comanche-lawton","OK","City of Lawton Building Dept","2017","true","Local Building Department","no codeSourceUrl + codeRetrievedAtIso — every value on this row is unprovenanced"
"ok-comanche-comanche-county","OK","Comanche County Building Department","2017","true","Local Building Department","no codeSourceUrl + codeRetrievedAtIso — every value on this row is unprovenanced"
"ok-cotton-cotton-county","OK","Cotton County Building Department","2017","true","Local Building Department","no codeSourceUrl + codeRetrievedAtIso — every value on this row is unprovenanced"
"ok-craig-craig-county","OK","Craig County Building Department","2017","true","Local Building Department","no codeSourceUrl + codeRetrievedAtIso — every value on this row is unprovenanced"
"ok-creek-creek-county","OK","Creek County Building Department","2017","true","Local Building Department","no codeSourceUrl + codeRetrievedAtIso — every value on this row is unprovenanced"
"ok-custer-custer-county","OK","Custer County Building Department","2017","true","Local Building Department","no codeSourceUrl + codeRetrievedAtIso — every value on this row is unprovenanced"
"ok-delaware-delaware-county","OK","Delaware County Building Department","2017","true","Local Building Department","no codeSourceUrl + codeRetrievedAtIso — every value on this row is unprovenanced"
"ok-dewey-dewey-county","OK","Dewey County Building Department","2017","true","Local Building Department","no codeSourceUrl + codeRetrievedAtIso — every value on this row is unprovenanced"
"ok-ellis-ellis-county","OK","Ellis County Building Department","2017","true","Local Building Department","no codeSourceUrl + codeRetrievedAtIso — every value on this row is unprovenanced"
"ok-garfield-enid","OK","City of Enid Building Dept","2017","true","Local Building Department","no codeSourceUrl + codeRetrievedAtIso — every value on this row is unprovenanced"
"ok-garfield-garfield-county","OK","Garfield County Building Department","2017","true","Local Building Department","no codeSourceUrl + codeRetrievedAtIso — every value on this row is unprovenanced"
"ok-garvin-garvin-county","OK","Garvin County Building Department","2017","true","Local Building Department","no codeSourceUrl + codeRetrievedAtIso — every value on this row is unprovenanced"
"ok-grady-grady-county","OK","Grady County Building Department","2017","true","Local Building Department","no codeSourceUrl + codeRetrievedAtIso — every value on this row is unprovenanced"
"ok-grant-grant-county","OK","Grant County Building Department","2017","true","Local Building Department","no codeSourceUrl + codeRetrievedAtIso — every value on this row is unprovenanced"
"ok-greer-greer-county","OK","Greer County Building Department","2017","true","Local Building Department","no codeSourceUrl + codeRetrievedAtIso — every value on this row is unprovenanced"
"ok-harmon-harmon-county","OK","Harmon County Building Department","2017","true","Local Building Department","no codeSourceUrl + codeRetrievedAtIso — every value on this row is unprovenanced"
"ok-harper-harper-county","OK","Harper County Building Department","2017","true","Local Building Department","no codeSourceUrl + codeRetrievedAtIso — every value on this row is unprovenanced"
"ok-haskell-haskell-county","OK","Haskell County Building Department","2017","true","Local Building Department","no codeSourceUrl + codeRetrievedAtIso — every value on this row is unprovenanced"
"ok-hughes-hughes-county","OK","Hughes County Building Department","2017","true","Local Building Department","no codeSourceUrl + codeRetrievedAtIso — every value on this row is unprovenanced"
"ok-jackson-jackson-county","OK","Jackson County Building Department","2017","true","Local Building Department","no codeSourceUrl + codeRetrievedAtIso — every value on this row is unprovenanced"
"ok-jefferson-jefferson-county","OK","Jefferson County Building Department","2017","true","Local Building Department","no codeSourceUrl + codeRetrievedAtIso — every value on this row is unprovenanced"
"ok-johnston-johnston-county","OK","Johnston County Building Department","2017","true","Local Building Department","no codeSourceUrl + codeRetrievedAtIso — every value on this row is unprovenanced"
"ok-kay-ponca-city","OK","City of Ponca City Building Dept","2017","true","Local Building Department","no codeSourceUrl + codeRetrievedAtIso — every value on this row is unprovenanced"
"ok-kay-kay-county","OK","Kay County Building Department","2017","true","Local Building Department","no codeSourceUrl + codeRetrievedAtIso — every value on this row is unprovenanced"
"ok-kingfisher-kingfisher-county","OK","Kingfisher County Building Department","2017","true","Local Building Department","no codeSourceUrl + codeRetrievedAtIso — every value on this row is unprovenanced"
"ok-kiowa-kiowa-county","OK","Kiowa County Building Department","2017","true","Local Building Department","no codeSourceUrl + codeRetrievedAtIso — every value on this row is unprovenanced"
"ok-latimer-latimer-county","OK","Latimer County Building Department","2017","true","Local Building Department","no codeSourceUrl + codeRetrievedAtIso — every value on this row is unprovenanced"
"ok-le-flore-le-flore-county","OK","Le Flore County Building Department","2017","true","Local Building Department","no codeSourceUrl + codeRetrievedAtIso — every value on this row is unprovenanced"
"ok-lincoln-lincoln-county","OK","Lincoln County Building Department","2017","true","Local Building Department","no codeSourceUrl + codeRetrievedAtIso — every value on this row is unprovenanced"
"ok-logan-logan-county","OK","Logan County Building Department","2017","true","Local Building Department","no codeSourceUrl + codeRetrievedAtIso — every value on this row is unprovenanced"
"ok-love-love-county","OK","Love County Building Department","2017","true","Local Building Department","no codeSourceUrl + codeRetrievedAtIso — every value on this row is unprovenanced"
"ok-major-major-county","OK","Major County Building Department","2017","true","Local Building Department","no codeSourceUrl + codeRetrievedAtIso — every value on this row is unprovenanced"
"ok-marshall-marshall-county","OK","Marshall County Building Department","2017","true","Local Building Department","no codeSourceUrl + codeRetrievedAtIso — every value on this row is unprovenanced"
"ok-mayes-mayes-county","OK","Mayes County Building Department","2017","true","Local Building Department","no codeSourceUrl + codeRetrievedAtIso — every value on this row is unprovenanced"
"ok-mcclain-mcclain-county","OK","McClain County Building Department","2017","true","Local Building Department","no codeSourceUrl + codeRetrievedAtIso — every value on this row is unprovenanced"
"ok-mccurtain-mccurtain-county","OK","McCurtain County Building Department","2017","true","Local Building Department","no codeSourceUrl + codeRetrievedAtIso — every value on this row is unprovenanced"
"ok-mcintosh-mcintosh-county","OK","McIntosh County Building Department","2017","true","Local Building Department","no codeSourceUrl + codeRetrievedAtIso — every value on this row is unprovenanced"
"ok-murray-murray-county","OK","Murray County Building Department","2017","true","Local Building Department","no codeSourceUrl + codeRetrievedAtIso — every value on this row is unprovenanced"
"ok-muskogee-muskogee","OK","City of Muskogee Building Dept","2017","true","Local Building Department","no codeSourceUrl + codeRetrievedAtIso — every value on this row is unprovenanced"
"ok-muskogee-muskogee-county","OK","Muskogee County Building Department","2017","true","Local Building Department","no codeSourceUrl + codeRetrievedAtIso — every value on this row is unprovenanced"
"ok-noble-noble-county","OK","Noble County Building Department","2017","true","Local Building Department","no codeSourceUrl + codeRetrievedAtIso — every value on this row is unprovenanced"
"ok-nowata-nowata-county","OK","Nowata County Building Department","2017","true","Local Building Department","no codeSourceUrl + codeRetrievedAtIso — every value on this row is unprovenanced"
"ok-okfuskee-okfuskee-county","OK","Okfuskee County Building Department","2017","true","Local Building Department","no codeSourceUrl + codeRetrievedAtIso — every value on this row is unprovenanced"
"ok-oklahoma-edmond","OK","City of Edmond Building Dept","2017","true","Local Building Department","no codeSourceUrl + codeRetrievedAtIso — every value on this row is unprovenanced"
"ok-oklahoma-midwest-city","OK","City of Midwest City Building Dept","2017","true","Local Building Department","no codeSourceUrl + codeRetrievedAtIso — every value on this row is unprovenanced"
"ok-oklahoma-oklahoma-county","OK","Oklahoma County Building Department","2017","true","Local Building Department","no codeSourceUrl + codeRetrievedAtIso — every value on this row is unprovenanced"
"ok-okmulgee-okmulgee-county","OK","Okmulgee County Building Department","2017","true","Local Building Department","no codeSourceUrl + codeRetrievedAtIso — every value on this row is unprovenanced"
"ok-osage-osage-county","OK","Osage County Building Department","2017","true","Local Building Department","no codeSourceUrl + codeRetrievedAtIso — every value on this row is unprovenanced"
"ok-ottawa-ottawa-county","OK","Ottawa County Building Department","2017","true","Local Building Department","no codeSourceUrl + codeRetrievedAtIso — every value on this row is unprovenanced"
"ok-pawnee-pawnee-county","OK","Pawnee County Building Department","2017","true","Local Building Department","no codeSourceUrl + codeRetrievedAtIso — every value on this row is unprovenanced"
"ok-payne-stillwater","OK","City of Stillwater Building Dept","2017","true","Local Building Department","no codeSourceUrl + codeRetrievedAtIso — every value on this row is unprovenanced"
"ok-payne-payne-county","OK","Payne County Building Department","2017","true","Local Building Department","no codeSourceUrl + codeRetrievedAtIso — every value on this row is unprovenanced"
"ok-pittsburg-pittsburg-county","OK","Pittsburg County Building Department","2017","true","Local Building Department","no codeSourceUrl + codeRetrievedAtIso — every value on this row is unprovenanced"
"ok-pontotoc-pontotoc-county","OK","Pontotoc County Building Department","2017","true","Local Building Department","no codeSourceUrl + codeRetrievedAtIso — every value on this row is unprovenanced"
"ok-pottawatomie-shawnee","OK","City of Shawnee Building Dept","2017","true","Local Building Department","no codeSourceUrl + codeRetrievedAtIso — every value on this row is unprovenanced"
"ok-pottawatomie-pottawatomie-county","OK","Pottawatomie County Building Department","2017","true","Local Building Department","no codeSourceUrl + codeRetrievedAtIso — every value on this row is unprovenanced"
"ok-pushmataha-pushmataha-county","OK","Pushmataha County Building Department","2017","true","Local Building Department","no codeSourceUrl + codeRetrievedAtIso — every value on this row is unprovenanced"
"ok-roger-mills-roger-mills-county","OK","Roger Mills County Building Department","2017","true","Local Building Department","no codeSourceUrl + codeRetrievedAtIso — every value on this row is unprovenanced"
"ok-rogers-rogers-county","OK","Rogers County Building Department","2017","true","Local Building Department","no codeSourceUrl + codeRetrievedAtIso — every value on this row is unprovenanced"
"ok-seminole-seminole-county","OK","Seminole County Building Department","2017","true","Local Building Department","no codeSourceUrl + codeRetrievedAtIso — every value on this row is unprovenanced"
"ok-sequoyah-sequoyah-county","OK","Sequoyah County Building Department","2017","true","Local Building Department","no codeSourceUrl + codeRetrievedAtIso — every value on this row is unprovenanced"
"ok-stephens-duncan","OK","City of Duncan Building Dept","2017","true","Local Building Department","no codeSourceUrl + codeRetrievedAtIso — every value on this row is unprovenanced"
"ok-stephens-stephens-county","OK","Stephens County Building Department","2017","true","Local Building Department","no codeSourceUrl + codeRetrievedAtIso — every value on this row is unprovenanced"
"ok-texas-texas-county","OK","Texas County Building Department","2017","true","Local Building Department","no codeSourceUrl + codeRetrievedAtIso — every value on this row is unprovenanced"
"ok-tillman-tillman-county","OK","Tillman County Building Department","2017","true","Local Building Department","no codeSourceUrl + codeRetrievedAtIso — every value on this row is unprovenanced"
"ok-tulsa-broken-arrow","OK","City of Broken Arrow Building Dept","2017","true","Local Building Department","no codeSourceUrl + codeRetrievedAtIso — every value on this row is unprovenanced"
"ok-tulsa-tulsa-county","OK","Tulsa County Building Department","2017","true","Local Building Department","no codeSourceUrl + codeRetrievedAtIso — every value on this row is unprovenanced"
"ok-wagoner-wagoner-county","OK","Wagoner County Building Department","2017","true","Local Building Department","no codeSourceUrl + codeRetrievedAtIso — every value on this row is unprovenanced"
"ok-washington-bartlesville","OK","City of Bartlesville Building Dept","2017","true","Local Building Department","no codeSourceUrl + codeRetrievedAtIso — every value on this row is unprovenanced"
"ok-washington-washington-county","OK","Washington County Building Department","2017","true","Local Building Department","no codeSourceUrl + codeRetrievedAtIso — every value on this row is unprovenanced"
"ok-washita-washita-county","OK","Washita County Building Department","2017","true","Local Building Department","no codeSourceUrl + codeRetrievedAtIso — every value on this row is unprovenanced"
"ok-woods-woods-county","OK","Woods County Building Department","2017","true","Local Building Department","no codeSourceUrl + codeRetrievedAtIso — every value on this row is unprovenanced"
"ok-woodward-woodward-county","OK","Woodward County Building Department","2017","true","Local Building Department","no codeSourceUrl + codeRetrievedAtIso — every value on this row is unprovenanced"
"or-baker-baker-county","OR","Baker County Building Department","2020","true","Local Building Department","no codeSourceUrl + codeRetrievedAtIso — every value on this row is unprovenanced"
"or-benton-corvallis","OR","City of Corvallis Building Dept","2020","true","Local Building Department","no codeSourceUrl + codeRetrievedAtIso — every value on this row is unprovenanced"
"or-benton-benton-county","OR","Benton County Building Department","2020","true","Local Building Department","no codeSourceUrl + codeRetrievedAtIso — every value on this row is unprovenanced"
"or-clackamas-lake-oswego","OR","City of Lake Oswego Building Dept","2020","true","Local Building Department","no codeSourceUrl + codeRetrievedAtIso — every value on this row is unprovenanced"
"or-clackamas-clackamas-county","OR","Clackamas County Building Department","2020","true","Local Building Department","no codeSourceUrl + codeRetrievedAtIso — every value on this row is unprovenanced"
"or-clatsop-clatsop-county","OR","Clatsop County Building Department","2020","true","Local Building Department","no codeSourceUrl + codeRetrievedAtIso — every value on this row is unprovenanced"
"or-columbia-columbia-county","OR","Columbia County Building Department","2020","true","Local Building Department","no codeSourceUrl + codeRetrievedAtIso — every value on this row is unprovenanced"
"or-coos-coos-county","OR","Coos County Building Department","2020","true","Local Building Department","no codeSourceUrl + codeRetrievedAtIso — every value on this row is unprovenanced"
"or-crook-crook-county","OR","Crook County Building Department","2020","true","Local Building Department","no codeSourceUrl + codeRetrievedAtIso — every value on this row is unprovenanced"
"or-curry-curry-county","OR","Curry County Building Department","2020","true","Local Building Department","no codeSourceUrl + codeRetrievedAtIso — every value on this row is unprovenanced"
"or-deschutes-bend","OR","City of Bend Building Department","2020","true","Local Building Department","no codeSourceUrl + codeRetrievedAtIso — every value on this row is unprovenanced"
"or-deschutes-redmond","OR","City of Redmond Building Dept","2020","true","Local Building Department","no codeSourceUrl + codeRetrievedAtIso — every value on this row is unprovenanced"
"or-deschutes-deschutes-county","OR","Deschutes County Building Department","2020","true","Local Building Department","no codeSourceUrl + codeRetrievedAtIso — every value on this row is unprovenanced"
"or-douglas-roseburg","OR","City of Roseburg Building Dept","2020","true","Local Building Department","no codeSourceUrl + codeRetrievedAtIso — every value on this row is unprovenanced"
"or-douglas-douglas-county","OR","Douglas County Building Department","2020","true","Local Building Department","no codeSourceUrl + codeRetrievedAtIso — every value on this row is unprovenanced"
"or-gilliam-gilliam-county","OR","Gilliam County Building Department","2020","true","Local Building Department","no codeSourceUrl + codeRetrievedAtIso — every value on this row is unprovenanced"
"or-grant-grant-county","OR","Grant County Building Department","2020","true","Local Building Department","no codeSourceUrl + codeRetrievedAtIso — every value on this row is unprovenanced"
"or-harney-harney-county","OR","Harney County Building Department","2020","true","Local Building Department","no codeSourceUrl + codeRetrievedAtIso — every value on this row is unprovenanced"
"or-hood-river-hood-river-county","OR","Hood River County Building Department","2020","true","Local Building Department","no codeSourceUrl + codeRetrievedAtIso — every value on this row is unprovenanced"
"or-jackson-ashland","OR","City of Ashland Building Dept","2020","true","Local Building Department","no codeSourceUrl + codeRetrievedAtIso — every value on this row is unprovenanced"
"or-jackson-medford","OR","City of Medford Building Department","2020","true","Local Building Department","no codeSourceUrl + codeRetrievedAtIso — every value on this row is unprovenanced"
"or-jackson-jackson-county","OR","Jackson County Building Department","2020","true","Local Building Department","no codeSourceUrl + codeRetrievedAtIso — every value on this row is unprovenanced"
"or-jefferson-jefferson-county","OR","Jefferson County Building Department","2020","true","Local Building Department","no codeSourceUrl + codeRetrievedAtIso — every value on this row is unprovenanced"
"or-josephine-grants-pass","OR","City of Grants Pass Building Dept","2020","true","Local Building Department","no codeSourceUrl + codeRetrievedAtIso — every value on this row is unprovenanced"
"or-josephine-josephine-county","OR","Josephine County Building Department","2020","true","Local Building Department","no codeSourceUrl + codeRetrievedAtIso — every value on this row is unprovenanced"
"or-klamath-klamath-county","OR","Klamath County Building Department","2020","true","Local Building Department","no codeSourceUrl + codeRetrievedAtIso — every value on this row is unprovenanced"
"or-lake-lake-county","OR","Lake County Building Department","2020","true","Local Building Department","no codeSourceUrl + codeRetrievedAtIso — every value on this row is unprovenanced"
"or-lane-eugene","OR","City of Eugene Building & Permit Services","2020","true","Local Building Department","no codeSourceUrl + codeRetrievedAtIso — every value on this row is unprovenanced"
"or-lane-springfield","OR","City of Springfield Building Dept","2020","true","Local Building Department","no codeSourceUrl + codeRetrievedAtIso — every value on this row is unprovenanced"
"or-lane-lane-county","OR","Lane County Building Department","2020","true","Local Building Department","no codeSourceUrl + codeRetrievedAtIso — every value on this row is unprovenanced"
"or-lincoln-lincoln-county","OR","Lincoln County Building Department","2020","true","Local Building Department","no codeSourceUrl + codeRetrievedAtIso — every value on this row is unprovenanced"
"or-linn-linn-county","OR","Linn County Building Department","2020","true","Local Building Department","no codeSourceUrl + codeRetrievedAtIso — every value on this row is unprovenanced"
"or-malheur-malheur-county","OR","Malheur County Building Department","2020","true","Local Building Department","no codeSourceUrl + codeRetrievedAtIso — every value on this row is unprovenanced"
"or-marion-salem","OR","City of Salem Building & Safety","2020","true","Local Building Department","no codeSourceUrl + codeRetrievedAtIso — every value on this row is unprovenanced"
"or-marion-marion-county","OR","Marion County Building Department","2020","true","Local Building Department","no codeSourceUrl + codeRetrievedAtIso — every value on this row is unprovenanced"
"or-morrow-morrow-county","OR","Morrow County Building Department","2020","true","Local Building Department","no codeSourceUrl + codeRetrievedAtIso — every value on this row is unprovenanced"
"or-multnomah-gresham","OR","City of Gresham Building Dept","2020","true","Local Building Department","no codeSourceUrl + codeRetrievedAtIso — every value on this row is unprovenanced"
"or-multnomah-multnomah-county","OR","Multnomah County Building Department","2020","true","Local Building Department","no codeSourceUrl + codeRetrievedAtIso — every value on this row is unprovenanced"
"or-polk-polk-county","OR","Polk County Building Department","2020","true","Local Building Department","no codeSourceUrl + codeRetrievedAtIso — every value on this row is unprovenanced"
"or-sherman-sherman-county","OR","Sherman County Building Department","2020","true","Local Building Department","no codeSourceUrl + codeRetrievedAtIso — every value on this row is unprovenanced"
"or-tillamook-tillamook-county","OR","Tillamook County Building Department","2020","true","Local Building Department","no codeSourceUrl + codeRetrievedAtIso — every value on this row is unprovenanced"
"or-umatilla-umatilla-county","OR","Umatilla County Building Department","2020","true","Local Building Department","no codeSourceUrl + codeRetrievedAtIso — every value on this row is unprovenanced"
"or-union-union-county","OR","Union County Building Department","2020","true","Local Building Department","no codeSourceUrl + codeRetrievedAtIso — every value on this row is unprovenanced"
"or-wallowa-wallowa-county","OR","Wallowa County Building Department","2020","true","Local Building Department","no codeSourceUrl + codeRetrievedAtIso — every value on this row is unprovenanced"
"or-wasco-wasco-county","OR","Wasco County Building Department","2020","true","Local Building Department","no codeSourceUrl + codeRetrievedAtIso — every value on this row is unprovenanced"
"or-washington-beaverton","OR","City of Beaverton Building Department","2020","true","Local Building Department","no codeSourceUrl + codeRetrievedAtIso — every value on this row is unprovenanced"
"or-washington-tigard","OR","City of Tigard Building Dept","2020","true","Local Building Department","no codeSourceUrl + codeRetrievedAtIso — every value on this row is unprovenanced"
"or-washington-washington-county","OR","Washington County Building Department","2020","true","Local Building Department","no codeSourceUrl + codeRetrievedAtIso — every value on this row is unprovenanced"
"or-wheeler-wheeler-county","OR","Wheeler County Building Department","2020","true","Local Building Department","no codeSourceUrl + codeRetrievedAtIso — every value on this row is unprovenanced"
"or-yamhill-yamhill-county","OR","Yamhill County Building Department","2020","true","Local Building Department","no codeSourceUrl + codeRetrievedAtIso — every value on this row is unprovenanced"
"pa-adams-adams-county","PA","Adams County Building Department","2020","true","Local Building Department","no codeSourceUrl + codeRetrievedAtIso — every value on this row is unprovenanced"
"pa-allegheny-allegheny-county","PA","Allegheny County Building Department","2020","true","Local Building Department","no codeSourceUrl + codeRetrievedAtIso — every value on this row is unprovenanced"
"pa-armstrong-armstrong-county","PA","Armstrong County Building Department","2020","true","Local Building Department","no codeSourceUrl + codeRetrievedAtIso — every value on this row is unprovenanced"
"pa-beaver-beaver-county","PA","Beaver County Building Department","2020","true","Local Building Department","no codeSourceUrl + codeRetrievedAtIso — every value on this row is unprovenanced"
"pa-bedford-bedford-county","PA","Bedford County Building Department","2020","true","Local Building Department","no codeSourceUrl + codeRetrievedAtIso — every value on this row is unprovenanced"
"pa-berks-reading","PA","City of Reading Building Department","2020","true","Local Building Department","no codeSourceUrl + codeRetrievedAtIso — every value on this row is unprovenanced"
"pa-berks-berks-county","PA","Berks County Building Department","2020","true","Local Building Department","no codeSourceUrl + codeRetrievedAtIso — every value on this row is unprovenanced"
"pa-blair-blair-county","PA","Blair County Building Department","2020","true","Local Building Department","no codeSourceUrl + codeRetrievedAtIso — every value on this row is unprovenanced"
"pa-bradford-bradford-county","PA","Bradford County Building Department","2020","true","Local Building Department","no codeSourceUrl + codeRetrievedAtIso — every value on this row is unprovenanced"
"pa-bucks-bucks-county","PA","Bucks County Building Department","2020","true","Local Building Department","no codeSourceUrl + codeRetrievedAtIso — every value on this row is unprovenanced"
"pa-butler-butler-county","PA","Butler County Building Department","2020","true","Local Building Department","no codeSourceUrl + codeRetrievedAtIso — every value on this row is unprovenanced"
"pa-cambria-cambria-county","PA","Cambria County Building Department","2020","true","Local Building Department","no codeSourceUrl + codeRetrievedAtIso — every value on this row is unprovenanced"
"pa-cameron-cameron-county","PA","Cameron County Building Department","2020","true","Local Building Department","no codeSourceUrl + codeRetrievedAtIso — every value on this row is unprovenanced"
"pa-carbon-carbon-county","PA","Carbon County Building Department","2020","true","Local Building Department","no codeSourceUrl + codeRetrievedAtIso — every value on this row is unprovenanced"
"pa-centre-centre-county","PA","Centre County Building Department","2020","true","Local Building Department","no codeSourceUrl + codeRetrievedAtIso — every value on this row is unprovenanced"
"pa-chester-chester-county","PA","Chester County Building Department","2020","true","Local Building Department","no codeSourceUrl + codeRetrievedAtIso — every value on this row is unprovenanced"
"pa-clarion-clarion-county","PA","Clarion County Building Department","2020","true","Local Building Department","no codeSourceUrl + codeRetrievedAtIso — every value on this row is unprovenanced"
"pa-clearfield-clearfield-county","PA","Clearfield County Building Department","2020","true","Local Building Department","no codeSourceUrl + codeRetrievedAtIso — every value on this row is unprovenanced"
"pa-clinton-clinton-county","PA","Clinton County Building Department","2020","true","Local Building Department","no codeSourceUrl + codeRetrievedAtIso — every value on this row is unprovenanced"
"pa-columbia-columbia-county","PA","Columbia County Building Department","2020","true","Local Building Department","no codeSourceUrl + codeRetrievedAtIso — every value on this row is unprovenanced"
"pa-crawford-crawford-county","PA","Crawford County Building Department","2020","true","Local Building Department","no codeSourceUrl + codeRetrievedAtIso — every value on this row is unprovenanced"
"pa-cumberland-cumberland-county","PA","Cumberland County Building Department","2020","true","Local Building Department","no codeSourceUrl + codeRetrievedAtIso — every value on this row is unprovenanced"
"pa-dauphin-dauphin-county","PA","Dauphin County Building Department","2020","true","Local Building Department","no codeSourceUrl + codeRetrievedAtIso — every value on this row is unprovenanced"
"pa-delaware-delaware-county","PA","Delaware County Building Department","2020","true","Local Building Department","no codeSourceUrl + codeRetrievedAtIso — every value on this row is unprovenanced"
"pa-elk-elk-county","PA","Elk County Building Department","2020","true","Local Building Department","no codeSourceUrl + codeRetrievedAtIso — every value on this row is unprovenanced"
"pa-erie-erie","PA","City of Erie Building Department","2020","true","Local Building Department","no codeSourceUrl + codeRetrievedAtIso — every value on this row is unprovenanced"
"pa-erie-erie-county","PA","Erie County Building Department","2020","true","Local Building Department","no codeSourceUrl + codeRetrievedAtIso — every value on this row is unprovenanced"
"pa-fayette-fayette-county","PA","Fayette County Building Department","2020","true","Local Building Department","no codeSourceUrl + codeRetrievedAtIso — every value on this row is unprovenanced"
"pa-forest-forest-county","PA","Forest County Building Department","2020","true","Local Building Department","no codeSourceUrl + codeRetrievedAtIso — every value on this row is unprovenanced"
"pa-franklin-franklin-county","PA","Franklin County Building Department","2020","true","Local Building Department","no codeSourceUrl + codeRetrievedAtIso — every value on this row is unprovenanced"
"pa-fulton-fulton-county","PA","Fulton County Building Department","2020","true","Local Building Department","no codeSourceUrl + codeRetrievedAtIso — every value on this row is unprovenanced"
"pa-greene-greene-county","PA","Greene County Building Department","2020","true","Local Building Department","no codeSourceUrl + codeRetrievedAtIso — every value on this row is unprovenanced"
"pa-huntingdon-huntingdon-county","PA","Huntingdon County Building Department","2020","true","Local Building Department","no codeSourceUrl + codeRetrievedAtIso — every value on this row is unprovenanced"
"pa-indiana-indiana-county","PA","Indiana County Building Department","2020","true","Local Building Department","no codeSourceUrl + codeRetrievedAtIso — every value on this row is unprovenanced"
"pa-jefferson-jefferson-county","PA","Jefferson County Building Department","2020","true","Local Building Department","no codeSourceUrl + codeRetrievedAtIso — every value on this row is unprovenanced"
"pa-juniata-juniata-county","PA","Juniata County Building Department","2020","true","Local Building Department","no codeSourceUrl + codeRetrievedAtIso — every value on this row is unprovenanced"
"pa-lackawanna-scranton","PA","City of Scranton Building Department","2020","true","Local Building Department","no codeSourceUrl + codeRetrievedAtIso — every value on this row is unprovenanced"
"pa-lackawanna-lackawanna-county","PA","Lackawanna County Building Department","2020","true","Local Building Department","no codeSourceUrl + codeRetrievedAtIso — every value on this row is unprovenanced"
"pa-lancaster-lancaster","PA","City of Lancaster Building Department","2020","true","Local Building Department","no codeSourceUrl + codeRetrievedAtIso — every value on this row is unprovenanced"
"pa-lancaster-lancaster-county","PA","Lancaster County Building Department","2020","true","Local Building Department","no codeSourceUrl + codeRetrievedAtIso — every value on this row is unprovenanced"
"pa-lawrence-lawrence-county","PA","Lawrence County Building Department","2020","true","Local Building Department","no codeSourceUrl + codeRetrievedAtIso — every value on this row is unprovenanced"
"pa-lebanon-lebanon-county","PA","Lebanon County Building Department","2020","true","Local Building Department","no codeSourceUrl + codeRetrievedAtIso — every value on this row is unprovenanced"
"pa-lehigh-allentown","PA","City of Allentown Building & Code Enforcement","2020","true","Local Building Department","no codeSourceUrl + codeRetrievedAtIso — every value on this row is unprovenanced"
"pa-lehigh-lehigh-county","PA","Lehigh County Building Department","2020","true","Local Building Department","no codeSourceUrl + codeRetrievedAtIso — every value on this row is unprovenanced"
"pa-luzerne-luzerne-county","PA","Luzerne County Building Department","2020","true","Local Building Department","no codeSourceUrl + codeRetrievedAtIso — every value on this row is unprovenanced"
"pa-lycoming-lycoming-county","PA","Lycoming County Building Department","2020","true","Local Building Department","no codeSourceUrl + codeRetrievedAtIso — every value on this row is unprovenanced"
"pa-mckean-mckean-county","PA","McKean County Building Department","2020","true","Local Building Department","no codeSourceUrl + codeRetrievedAtIso — every value on this row is unprovenanced"
"pa-mercer-mercer-county","PA","Mercer County Building Department","2020","true","Local Building Department","no codeSourceUrl + codeRetrievedAtIso — every value on this row is unprovenanced"
"pa-mifflin-mifflin-county","PA","Mifflin County Building Department","2020","true","Local Building Department","no codeSourceUrl + codeRetrievedAtIso — every value on this row is unprovenanced"
"pa-monroe-monroe-county","PA","Monroe County Building Department","2020","true","Local Building Department","no codeSourceUrl + codeRetrievedAtIso — every value on this row is unprovenanced"
"pa-montgomery-montgomery-county","PA","Montgomery County Building Department","2020","true","Local Building Department","no codeSourceUrl + codeRetrievedAtIso — every value on this row is unprovenanced"
"pa-montour-montour-county","PA","Montour County Building Department","2020","true","Local Building Department","no codeSourceUrl + codeRetrievedAtIso — every value on this row is unprovenanced"
"pa-northampton-bethlehem","PA","City of Bethlehem Building Department","2020","true","Local Building Department","no codeSourceUrl + codeRetrievedAtIso — every value on this row is unprovenanced"
"pa-northampton-northampton-county","PA","Northampton County Building Department","2020","true","Local Building Department","no codeSourceUrl + codeRetrievedAtIso — every value on this row is unprovenanced"
"pa-northumberland-northumberland-county","PA","Northumberland County Building Department","2020","true","Local Building Department","no codeSourceUrl + codeRetrievedAtIso — every value on this row is unprovenanced"
"pa-perry-perry-county","PA","Perry County Building Department","2020","true","Local Building Department","no codeSourceUrl + codeRetrievedAtIso — every value on this row is unprovenanced"
"pa-philadelphia-philadelphia-county","PA","Philadelphia County Building Department","2020","true","Local Building Department","no codeSourceUrl + codeRetrievedAtIso — every value on this row is unprovenanced"
"pa-pike-pike-county","PA","Pike County Building Department","2020","true","Local Building Department","no codeSourceUrl + codeRetrievedAtIso — every value on this row is unprovenanced"
"pa-potter-potter-county","PA","Potter County Building Department","2020","true","Local Building Department","no codeSourceUrl + codeRetrievedAtIso — every value on this row is unprovenanced"
"pa-schuylkill-schuylkill-county","PA","Schuylkill County Building Department","2020","true","Local Building Department","no codeSourceUrl + codeRetrievedAtIso — every value on this row is unprovenanced"
"pa-snyder-snyder-county","PA","Snyder County Building Department","2020","true","Local Building Department","no codeSourceUrl + codeRetrievedAtIso — every value on this row is unprovenanced"
"pa-somerset-somerset-county","PA","Somerset County Building Department","2020","true","Local Building Department","no codeSourceUrl + codeRetrievedAtIso — every value on this row is unprovenanced"
"pa-sullivan-sullivan-county","PA","Sullivan County Building Department","2020","true","Local Building Department","no codeSourceUrl + codeRetrievedAtIso — every value on this row is unprovenanced"
"pa-susquehanna-susquehanna-county","PA","Susquehanna County Building Department","2020","true","Local Building Department","no codeSourceUrl + codeRetrievedAtIso — every value on this row is unprovenanced"
"pa-tioga-tioga-county","PA","Tioga County Building Department","2020","true","Local Building Department","no codeSourceUrl + codeRetrievedAtIso — every value on this row is unprovenanced"
"pa-union-union-county","PA","Union County Building Department","2020","true","Local Building Department","no codeSourceUrl + codeRetrievedAtIso — every value on this row is unprovenanced"
"pa-venango-venango-county","PA","Venango County Building Department","2020","true","Local Building Department","no codeSourceUrl + codeRetrievedAtIso — every value on this row is unprovenanced"
"pa-warren-warren-county","PA","Warren County Building Department","2020","true","Local Building Department","no codeSourceUrl + codeRetrievedAtIso — every value on this row is unprovenanced"
"pa-washington-washington-county","PA","Washington County Building Department","2020","true","Local Building Department","no codeSourceUrl + codeRetrievedAtIso — every value on this row is unprovenanced"
"pa-wayne-wayne-county","PA","Wayne County Building Department","2020","true","Local Building Department","no codeSourceUrl + codeRetrievedAtIso — every value on this row is unprovenanced"
"pa-westmoreland-westmoreland-county","PA","Westmoreland County Building Department","2020","true","Local Building Department","no codeSourceUrl + codeRetrievedAtIso — every value on this row is unprovenanced"
"pa-wyoming-wyoming-county","PA","Wyoming County Building Department","2020","true","Local Building Department","no codeSourceUrl + codeRetrievedAtIso — every value on this row is unprovenanced"
"pa-york-york-county","PA","York County Building Department","2020","true","Local Building Department","no codeSourceUrl + codeRetrievedAtIso — every value on this row is unprovenanced"
"pa-york-york","PA","City of York Building Department","2020","true","Local Building Department","no codeSourceUrl + codeRetrievedAtIso — every value on this row is unprovenanced"
"pr-adjuntas-adjuntas-county","PR","Adjuntas County Building Department","2017","true","Local Building Department","no codeSourceUrl + codeRetrievedAtIso — every value on this row is unprovenanced"
"pr-aguada-aguada-county","PR","Aguada County Building Department","2017","true","Local Building Department","no codeSourceUrl + codeRetrievedAtIso — every value on this row is unprovenanced"
"pr-aguadilla-aguadilla-county","PR","Aguadilla County Building Department","2017","true","Local Building Department","no codeSourceUrl + codeRetrievedAtIso — every value on this row is unprovenanced"
"pr-aguas-buenas-aguas-buenas-county","PR","Aguas Buenas County Building Department","2017","true","Local Building Department","no codeSourceUrl + codeRetrievedAtIso — every value on this row is unprovenanced"
"pr-aibonito-aibonito-county","PR","Aibonito County Building Department","2017","true","Local Building Department","no codeSourceUrl + codeRetrievedAtIso — every value on this row is unprovenanced"
"pr-anasco-anasco-county","PR","Anasco County Building Department","2017","true","Local Building Department","no codeSourceUrl + codeRetrievedAtIso — every value on this row is unprovenanced"
"pr-arecibo-arecibo","PR","Municipio de Arecibo Permisos","2017","false","Local Building Department","no codeSourceUrl + codeRetrievedAtIso — every value on this row is unprovenanced"
"pr-arecibo-arecibo-county","PR","Arecibo County Building Department","2017","true","Local Building Department","no codeSourceUrl + codeRetrievedAtIso — every value on this row is unprovenanced"
"pr-arroyo-arroyo-county","PR","Arroyo County Building Department","2017","true","Local Building Department","no codeSourceUrl + codeRetrievedAtIso — every value on this row is unprovenanced"
"pr-barceloneta-barceloneta-county","PR","Barceloneta County Building Department","2017","true","Local Building Department","no codeSourceUrl + codeRetrievedAtIso — every value on this row is unprovenanced"
"pr-barranquitas-barranquitas-county","PR","Barranquitas County Building Department","2017","true","Local Building Department","no codeSourceUrl + codeRetrievedAtIso — every value on this row is unprovenanced"
"pr-bayamon-bayamon","PR","Municipio de Bayamon Permisos","2017","false","Local Building Department","no codeSourceUrl + codeRetrievedAtIso — every value on this row is unprovenanced"
"pr-bayamon-bayamon-county","PR","Bayamon County Building Department","2017","true","Local Building Department","no codeSourceUrl + codeRetrievedAtIso — every value on this row is unprovenanced"
"pr-cabo-rojo-cabo-rojo-county","PR","Cabo Rojo County Building Department","2017","true","Local Building Department","no codeSourceUrl + codeRetrievedAtIso — every value on this row is unprovenanced"
"pr-caguas-caguas","PR","Municipio de Caguas Permisos","2017","false","Local Building Department","no codeSourceUrl + codeRetrievedAtIso — every value on this row is unprovenanced"
"pr-caguas-caguas-county","PR","Caguas County Building Department","2017","true","Local Building Department","no codeSourceUrl + codeRetrievedAtIso — every value on this row is unprovenanced"
"pr-camuy-camuy-county","PR","Camuy County Building Department","2017","true","Local Building Department","no codeSourceUrl + codeRetrievedAtIso — every value on this row is unprovenanced"
"pr-canovanas-canovanas-county","PR","Canovanas County Building Department","2017","true","Local Building Department","no codeSourceUrl + codeRetrievedAtIso — every value on this row is unprovenanced"
"pr-carolina-carolina","PR","Municipio de Carolina Oficina de Permisos","2017","false","Local Building Department","no codeSourceUrl + codeRetrievedAtIso — every value on this row is unprovenanced"
"pr-carolina-carolina-county","PR","Carolina County Building Department","2017","true","Local Building Department","no codeSourceUrl + codeRetrievedAtIso — every value on this row is unprovenanced"
"pr-catano-catano-county","PR","Catano County Building Department","2017","true","Local Building Department","no codeSourceUrl + codeRetrievedAtIso — every value on this row is unprovenanced"
"pr-cayey-cayey","PR","Municipio de Cayey Permisos","2017","false","Local Building Department","no codeSourceUrl + codeRetrievedAtIso — every value on this row is unprovenanced"
"pr-ceiba-ceiba-county","PR","Ceiba County Building Department","2017","true","Local Building Department","no codeSourceUrl + codeRetrievedAtIso — every value on this row is unprovenanced"
"pr-ciales-ciales-county","PR","Ciales County Building Department","2017","true","Local Building Department","no codeSourceUrl + codeRetrievedAtIso — every value on this row is unprovenanced"
"pr-cidra-cidra-county","PR","Cidra County Building Department","2017","true","Local Building Department","no codeSourceUrl + codeRetrievedAtIso — every value on this row is unprovenanced"
"pr-coamo-coamo-county","PR","Coamo County Building Department","2017","true","Local Building Department","no codeSourceUrl + codeRetrievedAtIso — every value on this row is unprovenanced"
"pr-comerio-comerio-county","PR","Comerio County Building Department","2017","true","Local Building Department","no codeSourceUrl + codeRetrievedAtIso — every value on this row is unprovenanced"
"pr-corozal-corozal-county","PR","Corozal County Building Department","2017","true","Local Building Department","no codeSourceUrl + codeRetrievedAtIso — every value on this row is unprovenanced"
"pr-culebra-culebra-county","PR","Culebra County Building Department","2017","true","Local Building Department","no codeSourceUrl + codeRetrievedAtIso — every value on this row is unprovenanced"
"pr-dorado-dorado","PR","Municipio de Dorado Permisos","2017","false","Local Building Department","no codeSourceUrl + codeRetrievedAtIso — every value on this row is unprovenanced"
"pr-dorado-dorado-county","PR","Dorado County Building Department","2017","true","Local Building Department","no codeSourceUrl + codeRetrievedAtIso — every value on this row is unprovenanced"
"pr-fajardo-fajardo-county","PR","Fajardo County Building Department","2017","true","Local Building Department","no codeSourceUrl + codeRetrievedAtIso — every value on this row is unprovenanced"
"pr-florida-florida-county","PR","Florida County Building Department","2017","true","Local Building Department","no codeSourceUrl + codeRetrievedAtIso — every value on this row is unprovenanced"
"pr-guayama-guayama-county","PR","Guayama County Building Department","2017","true","Local Building Department","no codeSourceUrl + codeRetrievedAtIso — every value on this row is unprovenanced"
"pr-guaynabo-guaynabo","PR","Municipio de Guaynabo Permisos","2017","false","Local Building Department","no codeSourceUrl + codeRetrievedAtIso — every value on this row is unprovenanced"
"pr-guaynabo-guaynabo-county","PR","Guaynabo County Building Department","2017","true","Local Building Department","no codeSourceUrl + codeRetrievedAtIso — every value on this row is unprovenanced"
"pr-gurabo-gurabo-county","PR","Gurabo County Building Department","2017","true","Local Building Department","no codeSourceUrl + codeRetrievedAtIso — every value on this row is unprovenanced"
"pr-hatillo-hatillo-county","PR","Hatillo County Building Department","2017","true","Local Building Department","no codeSourceUrl + codeRetrievedAtIso — every value on this row is unprovenanced"
"pr-hormigueros-hormigueros-county","PR","Hormigueros County Building Department","2017","true","Local Building Department","no codeSourceUrl + codeRetrievedAtIso — every value on this row is unprovenanced"
"pr-humacao-humacao","PR","Municipio de Humacao Permisos","2017","false","Local Building Department","no codeSourceUrl + codeRetrievedAtIso — every value on this row is unprovenanced"
"pr-humacao-humacao-county","PR","Humacao County Building Department","2017","true","Local Building Department","no codeSourceUrl + codeRetrievedAtIso — every value on this row is unprovenanced"
"pr-isabela-isabela-county","PR","Isabela County Building Department","2017","true","Local Building Department","no codeSourceUrl + codeRetrievedAtIso — every value on this row is unprovenanced"
"pr-jayuya-jayuya-county","PR","Jayuya County Building Department","2017","true","Local Building Department","no codeSourceUrl + codeRetrievedAtIso — every value on this row is unprovenanced"
"pr-juana-diaz-juana-diaz-county","PR","Juana Diaz County Building Department","2017","true","Local Building Department","no codeSourceUrl + codeRetrievedAtIso — every value on this row is unprovenanced"
"pr-juncos-juncos-county","PR","Juncos County Building Department","2017","true","Local Building Department","no codeSourceUrl + codeRetrievedAtIso — every value on this row is unprovenanced"
"pr-lajas-lajas-county","PR","Lajas County Building Department","2017","true","Local Building Department","no codeSourceUrl + codeRetrievedAtIso — every value on this row is unprovenanced"
"pr-lares-lares-county","PR","Lares County Building Department","2017","true","Local Building Department","no codeSourceUrl + codeRetrievedAtIso — every value on this row is unprovenanced"
"pr-las-marias-las-marias-county","PR","Las Marias County Building Department","2017","true","Local Building Department","no codeSourceUrl + codeRetrievedAtIso — every value on this row is unprovenanced"
"pr-las-piedras-las-piedras-county","PR","Las Piedras County Building Department","2017","true","Local Building Department","no codeSourceUrl + codeRetrievedAtIso — every value on this row is unprovenanced"
"pr-loiza-loiza-county","PR","Loiza County Building Department","2017","true","Local Building Department","no codeSourceUrl + codeRetrievedAtIso — every value on this row is unprovenanced"
"pr-luquillo-luquillo-county","PR","Luquillo County Building Department","2017","true","Local Building Department","no codeSourceUrl + codeRetrievedAtIso — every value on this row is unprovenanced"
"pr-manati-manati","PR","Municipio de Manati Permisos","2017","false","Local Building Department","no codeSourceUrl + codeRetrievedAtIso — every value on this row is unprovenanced"
"pr-manati-manati-county","PR","Manati County Building Department","2017","true","Local Building Department","no codeSourceUrl + codeRetrievedAtIso — every value on this row is unprovenanced"
"pr-maricao-maricao-county","PR","Maricao County Building Department","2017","true","Local Building Department","no codeSourceUrl + codeRetrievedAtIso — every value on this row is unprovenanced"
"pr-maunabo-maunabo-county","PR","Maunabo County Building Department","2017","true","Local Building Department","no codeSourceUrl + codeRetrievedAtIso — every value on this row is unprovenanced"
"pr-mayaguez-mayaguez","PR","Municipio de Mayaguez Permisos","2017","false","Local Building Department","no codeSourceUrl + codeRetrievedAtIso — every value on this row is unprovenanced"
"pr-mayaguez-mayaguez-county","PR","Mayaguez County Building Department","2017","true","Local Building Department","no codeSourceUrl + codeRetrievedAtIso — every value on this row is unprovenanced"
"pr-moca-moca-county","PR","Moca County Building Department","2017","true","Local Building Department","no codeSourceUrl + codeRetrievedAtIso — every value on this row is unprovenanced"
"pr-morovis-morovis-county","PR","Morovis County Building Department","2017","true","Local Building Department","no codeSourceUrl + codeRetrievedAtIso — every value on this row is unprovenanced"
"pr-naguabo-naguabo-county","PR","Naguabo County Building Department","2017","true","Local Building Department","no codeSourceUrl + codeRetrievedAtIso — every value on this row is unprovenanced"
"pr-naranjito-naranjito-county","PR","Naranjito County Building Department","2017","true","Local Building Department","no codeSourceUrl + codeRetrievedAtIso — every value on this row is unprovenanced"
"pr-orocovis-orocovis-county","PR","Orocovis County Building Department","2017","true","Local Building Department","no codeSourceUrl + codeRetrievedAtIso — every value on this row is unprovenanced"
"pr-patillas-patillas-county","PR","Patillas County Building Department","2017","true","Local Building Department","no codeSourceUrl + codeRetrievedAtIso — every value on this row is unprovenanced"
"pr-penuelas-penuelas-county","PR","Penuelas County Building Department","2017","true","Local Building Department","no codeSourceUrl + codeRetrievedAtIso — every value on this row is unprovenanced"
"pr-ponce-ponce","PR","Municipio de Ponce Oficina de Permisos","2017","false","Local Building Department","no codeSourceUrl + codeRetrievedAtIso — every value on this row is unprovenanced"
"pr-ponce-ponce-county","PR","Ponce County Building Department","2017","true","Local Building Department","no codeSourceUrl + codeRetrievedAtIso — every value on this row is unprovenanced"
"pr-quebradillas-quebradillas-county","PR","Quebradillas County Building Department","2017","true","Local Building Department","no codeSourceUrl + codeRetrievedAtIso — every value on this row is unprovenanced"
"pr-rincon-rincon-county","PR","Rincon County Building Department","2017","true","Local Building Department","no codeSourceUrl + codeRetrievedAtIso — every value on this row is unprovenanced"
"pr-rio-grande-rio-grande-county","PR","Rio Grande County Building Department","2017","true","Local Building Department","no codeSourceUrl + codeRetrievedAtIso — every value on this row is unprovenanced"
"pr-sabana-grande-sabana-grande-county","PR","Sabana Grande County Building Department","2017","true","Local Building Department","no codeSourceUrl + codeRetrievedAtIso — every value on this row is unprovenanced"
"pr-salinas-salinas-county","PR","Salinas County Building Department","2017","true","Local Building Department","no codeSourceUrl + codeRetrievedAtIso — every value on this row is unprovenanced"
"pr-san-german-san-german-county","PR","San German County Building Department","2017","true","Local Building Department","no codeSourceUrl + codeRetrievedAtIso — every value on this row is unprovenanced"
"pr-san-juan-san-juan","PR","Municipio de San Juan Oficina de Permisos","2017","false","Local Building Department","no codeSourceUrl + codeRetrievedAtIso — every value on this row is unprovenanced"
"pr-san-juan-san-juan-county","PR","San Juan County Building Department","2017","true","Local Building Department","no codeSourceUrl + codeRetrievedAtIso — every value on this row is unprovenanced"
"pr-san-lorenzo-san-lorenzo-county","PR","San Lorenzo County Building Department","2017","true","Local Building Department","no codeSourceUrl + codeRetrievedAtIso — every value on this row is unprovenanced"
"pr-san-sebastian-san-sebastian-county","PR","San Sebastian County Building Department","2017","true","Local Building Department","no codeSourceUrl + codeRetrievedAtIso — every value on this row is unprovenanced"
"pr-santa-isabel-santa-isabel-county","PR","Santa Isabel County Building Department","2017","true","Local Building Department","no codeSourceUrl + codeRetrievedAtIso — every value on this row is unprovenanced"
"pr-toa-alta-toa-alta","PR","Municipio de Toa Alta Permisos","2017","false","Local Building Department","no codeSourceUrl + codeRetrievedAtIso — every value on this row is unprovenanced"
"pr-toa-alta-toa-alta-county","PR","Toa Alta County Building Department","2017","true","Local Building Department","no codeSourceUrl + codeRetrievedAtIso — every value on this row is unprovenanced"
"pr-toa-baja-toa-baja","PR","Municipio de Toa Baja Permisos","2017","false","Local Building Department","no codeSourceUrl + codeRetrievedAtIso — every value on this row is unprovenanced"
"pr-toa-baja-toa-baja-county","PR","Toa Baja County Building Department","2017","true","Local Building Department","no codeSourceUrl + codeRetrievedAtIso — every value on this row is unprovenanced"
"pr-trujillo-alto-trujillo-alto","PR","Municipio de Trujillo Alto Permisos","2017","false","Local Building Department","no codeSourceUrl + codeRetrievedAtIso — every value on this row is unprovenanced"
"pr-trujillo-alto-trujillo-alto-county","PR","Trujillo Alto County Building Department","2017","true","Local Building Department","no codeSourceUrl + codeRetrievedAtIso — every value on this row is unprovenanced"
"pr-utuado-utuado-county","PR","Utuado County Building Department","2017","true","Local Building Department","no codeSourceUrl + codeRetrievedAtIso — every value on this row is unprovenanced"
"pr-vega-alta-vega-alta-county","PR","Vega Alta County Building Department","2017","true","Local Building Department","no codeSourceUrl + codeRetrievedAtIso — every value on this row is unprovenanced"
"pr-vega-baja-vega-baja-county","PR","Vega Baja County Building Department","2017","true","Local Building Department","no codeSourceUrl + codeRetrievedAtIso — every value on this row is unprovenanced"
"pr-vega-baja-vega-baja","PR","Municipio de Vega Baja Permisos","2017","false","Local Building Department","no codeSourceUrl + codeRetrievedAtIso — every value on this row is unprovenanced"
"pr-vieques-vieques-county","PR","Vieques County Building Department","2017","true","Local Building Department","no codeSourceUrl + codeRetrievedAtIso — every value on this row is unprovenanced"
"pr-villalba-villalba-county","PR","Villalba County Building Department","2017","true","Local Building Department","no codeSourceUrl + codeRetrievedAtIso — every value on this row is unprovenanced"
"pr-yabucoa-yabucoa-county","PR","Yabucoa County Building Department","2017","true","Local Building Department","no codeSourceUrl + codeRetrievedAtIso — every value on this row is unprovenanced"
"pr-yauco-yauco-county","PR","Yauco County Building Department","2017","true","Local Building Department","no codeSourceUrl + codeRetrievedAtIso — every value on this row is unprovenanced"
"pr-yauco-yauco","PR","Municipio de Yauco Permisos","2017","false","Local Building Department","no codeSourceUrl + codeRetrievedAtIso — every value on this row is unprovenanced"
"ri-bristol-bristol-county","RI","Bristol County Building Department","2020","false","Local Building Department","no codeSourceUrl + codeRetrievedAtIso — every value on this row is unprovenanced"
"ri-kent-kent-county","RI","Kent County Building Department","2020","false","Local Building Department","no codeSourceUrl + codeRetrievedAtIso — every value on this row is unprovenanced"
"ri-kent-warwick","RI","City of Warwick Building Department","2020","true","Local Building Department","no codeSourceUrl + codeRetrievedAtIso — every value on this row is unprovenanced"
"ri-newport-newport-county","RI","Newport County Building Department","2020","false","Local Building Department","no codeSourceUrl + codeRetrievedAtIso — every value on this row is unprovenanced"
"ri-providence-cranston","RI","City of Cranston Building Department","2020","true","Local Building Department","no codeSourceUrl + codeRetrievedAtIso — every value on this row is unprovenanced"
"ri-providence-east-providence","RI","City of East Providence Building Dept","2020","true","Local Building Department","no codeSourceUrl + codeRetrievedAtIso — every value on this row is unprovenanced"
"ri-providence-pawtucket","RI","City of Pawtucket Building Dept","2020","true","Local Building Department","no codeSourceUrl + codeRetrievedAtIso — every value on this row is unprovenanced"
"ri-providence-providence-county","RI","Providence County Building Department","2020","false","Local Building Department","no codeSourceUrl + codeRetrievedAtIso — every value on this row is unprovenanced"
"ri-providence-woonsocket","RI","City of Woonsocket Building Dept","2020","true","Local Building Department","no codeSourceUrl + codeRetrievedAtIso — every value on this row is unprovenanced"
"ri-washington-washington-county","RI","Washington County Building Department","2020","false","Local Building Department","no codeSourceUrl + codeRetrievedAtIso — every value on this row is unprovenanced"
"sc-abbeville-abbeville-county","SC","Abbeville County Building Department","2017","true","Local Building Department","no codeSourceUrl + codeRetrievedAtIso — every value on this row is unprovenanced"
"sc-aiken-aiken","SC","City of Aiken Building Dept","2017","true","Local Building Department","no codeSourceUrl + codeRetrievedAtIso — every value on this row is unprovenanced"
"sc-aiken-aiken-county","SC","Aiken County Building Department","2017","true","Local Building Department","no codeSourceUrl + codeRetrievedAtIso — every value on this row is unprovenanced"
"sc-allendale-allendale-county","SC","Allendale County Building Department","2017","true","Local Building Department","no codeSourceUrl + codeRetrievedAtIso — every value on this row is unprovenanced"
"sc-anderson-anderson","SC","City of Anderson Building Dept","2017","true","Local Building Department","no codeSourceUrl + codeRetrievedAtIso — every value on this row is unprovenanced"
"sc-anderson-anderson-county","SC","Anderson County Building Department","2017","true","Local Building Department","no codeSourceUrl + codeRetrievedAtIso — every value on this row is unprovenanced"
"sc-bamberg-bamberg-county","SC","Bamberg County Building Department","2017","true","Local Building Department","no codeSourceUrl + codeRetrievedAtIso — every value on this row is unprovenanced"
"sc-barnwell-barnwell-county","SC","Barnwell County Building Department","2017","true","Local Building Department","no codeSourceUrl + codeRetrievedAtIso — every value on this row is unprovenanced"
"sc-beaufort-hilton-head","SC","Town of Hilton Head Building Dept","2017","false","Local Building Department","no codeSourceUrl + codeRetrievedAtIso — every value on this row is unprovenanced"
"sc-beaufort-beaufort-county","SC","Beaufort County Building Department","2017","true","Local Building Department","no codeSourceUrl + codeRetrievedAtIso — every value on this row is unprovenanced"
"sc-berkeley-goose-creek","SC","City of Goose Creek Building Dept","2017","true","Local Building Department","no codeSourceUrl + codeRetrievedAtIso — every value on this row is unprovenanced"
"sc-berkeley-berkeley-county","SC","Berkeley County Building Department","2017","true","Local Building Department","no codeSourceUrl + codeRetrievedAtIso — every value on this row is unprovenanced"
"sc-calhoun-calhoun-county","SC","Calhoun County Building Department","2017","true","Local Building Department","no codeSourceUrl + codeRetrievedAtIso — every value on this row is unprovenanced"
"sc-charleston-mount-pleasant","SC","Town of Mount Pleasant Building Department","2017","true","Local Building Department","no codeSourceUrl + codeRetrievedAtIso — every value on this row is unprovenanced"
"sc-charleston-north-charleston","SC","City of North Charleston Building Department","2017","true","Local Building Department","no codeSourceUrl + codeRetrievedAtIso — every value on this row is unprovenanced"
"sc-charleston-charleston-county","SC","Charleston County Building Department","2017","true","Local Building Department","no codeSourceUrl + codeRetrievedAtIso — every value on this row is unprovenanced"
"sc-cherokee-cherokee-county","SC","Cherokee County Building Department","2017","true","Local Building Department","no codeSourceUrl + codeRetrievedAtIso — every value on this row is unprovenanced"
"sc-chester-chester-county","SC","Chester County Building Department","2017","true","Local Building Department","no codeSourceUrl + codeRetrievedAtIso — every value on this row is unprovenanced"
"sc-chesterfield-chesterfield-county","SC","Chesterfield County Building Department","2017","true","Local Building Department","no codeSourceUrl + codeRetrievedAtIso — every value on this row is unprovenanced"
"sc-clarendon-clarendon-county","SC","Clarendon County Building Department","2017","true","Local Building Department","no codeSourceUrl + codeRetrievedAtIso — every value on this row is unprovenanced"
"sc-colleton-colleton-county","SC","Colleton County Building Department","2017","true","Local Building Department","no codeSourceUrl + codeRetrievedAtIso — every value on this row is unprovenanced"
"sc-darlington-darlington-county","SC","Darlington County Building Department","2017","true","Local Building Department","no codeSourceUrl + codeRetrievedAtIso — every value on this row is unprovenanced"
"sc-dillon-dillon-county","SC","Dillon County Building Department","2017","true","Local Building Department","no codeSourceUrl + codeRetrievedAtIso — every value on this row is unprovenanced"
"sc-dorchester-summerville","SC","Town of Summerville Building Dept","2017","true","Local Building Department","no codeSourceUrl + codeRetrievedAtIso — every value on this row is unprovenanced"
"sc-dorchester-dorchester-county","SC","Dorchester County Building Department","2017","true","Local Building Department","no codeSourceUrl + codeRetrievedAtIso — every value on this row is unprovenanced"
"sc-edgefield-edgefield-county","SC","Edgefield County Building Department","2017","true","Local Building Department","no codeSourceUrl + codeRetrievedAtIso — every value on this row is unprovenanced"
"sc-fairfield-fairfield-county","SC","Fairfield County Building Department","2017","true","Local Building Department","no codeSourceUrl + codeRetrievedAtIso — every value on this row is unprovenanced"
"sc-florence-florence","SC","City of Florence Building Dept","2017","true","Local Building Department","no codeSourceUrl + codeRetrievedAtIso — every value on this row is unprovenanced"
"sc-florence-florence-county","SC","Florence County Building Department","2017","true","Local Building Department","no codeSourceUrl + codeRetrievedAtIso — every value on this row is unprovenanced"
"sc-georgetown-georgetown-county","SC","Georgetown County Building Department","2017","true","Local Building Department","no codeSourceUrl + codeRetrievedAtIso — every value on this row is unprovenanced"
"sc-greenville-greenville-county","SC","Greenville County Building Department","2017","true","Local Building Department","no codeSourceUrl + codeRetrievedAtIso — every value on this row is unprovenanced"
"sc-greenwood-greenwood-county","SC","Greenwood County Building Department","2017","true","Local Building Department","no codeSourceUrl + codeRetrievedAtIso — every value on this row is unprovenanced"
"sc-hampton-hampton-county","SC","Hampton County Building Department","2017","true","Local Building Department","no codeSourceUrl + codeRetrievedAtIso — every value on this row is unprovenanced"
"sc-horry-horry-county","SC","Horry County Building Department","2017","true","Local Building Department","no codeSourceUrl + codeRetrievedAtIso — every value on this row is unprovenanced"
"sc-jasper-jasper-county","SC","Jasper County Building Department","2017","true","Local Building Department","no codeSourceUrl + codeRetrievedAtIso — every value on this row is unprovenanced"
"sc-kershaw-kershaw-county","SC","Kershaw County Building Department","2017","true","Local Building Department","no codeSourceUrl + codeRetrievedAtIso — every value on this row is unprovenanced"
"sc-lancaster-lancaster-county","SC","Lancaster County Building Department","2017","true","Local Building Department","no codeSourceUrl + codeRetrievedAtIso — every value on this row is unprovenanced"
"sc-laurens-laurens-county","SC","Laurens County Building Department","2017","true","Local Building Department","no codeSourceUrl + codeRetrievedAtIso — every value on this row is unprovenanced"
"sc-lee-lee-county","SC","Lee County Building Department","2017","true","Local Building Department","no codeSourceUrl + codeRetrievedAtIso — every value on this row is unprovenanced"
"sc-lexington-lexington-county","SC","Lexington County Building Department","2017","true","Local Building Department","no codeSourceUrl + codeRetrievedAtIso — every value on this row is unprovenanced"
"sc-marion-marion-county","SC","Marion County Building Department","2017","true","Local Building Department","no codeSourceUrl + codeRetrievedAtIso — every value on this row is unprovenanced"
"sc-marlboro-marlboro-county","SC","Marlboro County Building Department","2017","true","Local Building Department","no codeSourceUrl + codeRetrievedAtIso — every value on this row is unprovenanced"
"sc-mccormick-mccormick-county","SC","McCormick County Building Department","2017","true","Local Building Department","no codeSourceUrl + codeRetrievedAtIso — every value on this row is unprovenanced"
"sc-newberry-newberry-county","SC","Newberry County Building Department","2017","true","Local Building Department","no codeSourceUrl + codeRetrievedAtIso — every value on this row is unprovenanced"
"sc-oconee-oconee-county","SC","Oconee County Building Department","2017","true","Local Building Department","no codeSourceUrl + codeRetrievedAtIso — every value on this row is unprovenanced"
"sc-orangeburg-orangeburg-county","SC","Orangeburg County Building Department","2017","true","Local Building Department","no codeSourceUrl + codeRetrievedAtIso — every value on this row is unprovenanced"
"sc-pickens-pickens-county","SC","Pickens County Building Department","2017","true","Local Building Department","no codeSourceUrl + codeRetrievedAtIso — every value on this row is unprovenanced"
"sc-richland-richland-county","SC","Richland County Building Department","2017","true","Local Building Department","no codeSourceUrl + codeRetrievedAtIso — every value on this row is unprovenanced"
"sc-saluda-saluda-county","SC","Saluda County Building Department","2017","true","Local Building Department","no codeSourceUrl + codeRetrievedAtIso — every value on this row is unprovenanced"
"sc-spartanburg-spartanburg","SC","City of Spartanburg Building Dept","2017","true","Local Building Department","no codeSourceUrl + codeRetrievedAtIso — every value on this row is unprovenanced"
"sc-spartanburg-spartanburg-county","SC","Spartanburg County Building Department","2017","true","Local Building Department","no codeSourceUrl + codeRetrievedAtIso — every value on this row is unprovenanced"
"sc-sumter-sumter-county","SC","Sumter County Building Department","2017","true","Local Building Department","no codeSourceUrl + codeRetrievedAtIso — every value on this row is unprovenanced"
"sc-union-union-county","SC","Union County Building Department","2017","true","Local Building Department","no codeSourceUrl + codeRetrievedAtIso — every value on this row is unprovenanced"
"sc-williamsburg-williamsburg-county","SC","Williamsburg County Building Department","2017","true","Local Building Department","no codeSourceUrl + codeRetrievedAtIso — every value on this row is unprovenanced"
"sc-york-rock-hill","SC","City of Rock Hill Building Department","2017","true","Local Building Department","no codeSourceUrl + codeRetrievedAtIso — every value on this row is unprovenanced"
"sc-york-york-county","SC","York County Building Department","2017","true","Local Building Department","no codeSourceUrl + codeRetrievedAtIso — every value on this row is unprovenanced"
"sd-aurora-aurora-county","SD","Aurora County Building Department","2017","true","Local Building Department","no codeSourceUrl + codeRetrievedAtIso — every value on this row is unprovenanced"
"sd-beadle-huron","SD","City of Huron Building Dept","2017","true","Local Building Department","no codeSourceUrl + codeRetrievedAtIso — every value on this row is unprovenanced"
"sd-beadle-beadle-county","SD","Beadle County Building Department","2017","true","Local Building Department","no codeSourceUrl + codeRetrievedAtIso — every value on this row is unprovenanced"
"sd-bennett-bennett-county","SD","Bennett County Building Department","2017","true","Local Building Department","no codeSourceUrl + codeRetrievedAtIso — every value on this row is unprovenanced"
"sd-bon-homme-bon-homme-county","SD","Bon Homme County Building Department","2017","true","Local Building Department","no codeSourceUrl + codeRetrievedAtIso — every value on this row is unprovenanced"
"sd-brookings-brookings","SD","City of Brookings Building Dept","2017","true","Local Building Department","no codeSourceUrl + codeRetrievedAtIso — every value on this row is unprovenanced"
"sd-brookings-brookings-county","SD","Brookings County Building Department","2017","true","Local Building Department","no codeSourceUrl + codeRetrievedAtIso — every value on this row is unprovenanced"
"sd-brown-aberdeen","SD","City of Aberdeen Building Dept","2017","true","Local Building Department","no codeSourceUrl + codeRetrievedAtIso — every value on this row is unprovenanced"
"sd-brown-brown-county","SD","Brown County Building Department","2017","true","Local Building Department","no codeSourceUrl + codeRetrievedAtIso — every value on this row is unprovenanced"
"sd-brule-brule-county","SD","Brule County Building Department","2017","true","Local Building Department","no codeSourceUrl + codeRetrievedAtIso — every value on this row is unprovenanced"
"sd-buffalo-buffalo-county","SD","Buffalo County Building Department","2017","true","Local Building Department","no codeSourceUrl + codeRetrievedAtIso — every value on this row is unprovenanced"
"sd-butte-butte-county","SD","Butte County Building Department","2017","true","Local Building Department","no codeSourceUrl + codeRetrievedAtIso — every value on this row is unprovenanced"
"sd-campbell-campbell-county","SD","Campbell County Building Department","2017","true","Local Building Department","no codeSourceUrl + codeRetrievedAtIso — every value on this row is unprovenanced"
"sd-charles-mix-charles-mix-county","SD","Charles Mix County Building Department","2017","true","Local Building Department","no codeSourceUrl + codeRetrievedAtIso — every value on this row is unprovenanced"
"sd-clark-clark-county","SD","Clark County Building Department","2017","true","Local Building Department","no codeSourceUrl + codeRetrievedAtIso — every value on this row is unprovenanced"
"sd-clay-clay-county","SD","Clay County Building Department","2017","true","Local Building Department","no codeSourceUrl + codeRetrievedAtIso — every value on this row is unprovenanced"
"sd-clay-vermillion","SD","City of Vermillion Building Dept","2017","true","Local Building Department","no codeSourceUrl + codeRetrievedAtIso — every value on this row is unprovenanced"
"sd-codington-codington-county","SD","Codington County Building Department","2017","true","Local Building Department","no codeSourceUrl + codeRetrievedAtIso — every value on this row is unprovenanced"
"sd-codington-watertown","SD","City of Watertown Building Dept","2017","true","Local Building Department","no codeSourceUrl + codeRetrievedAtIso — every value on this row is unprovenanced"
"sd-corson-corson-county","SD","Corson County Building Department","2017","true","Local Building Department","no codeSourceUrl + codeRetrievedAtIso — every value on this row is unprovenanced"
"sd-custer-custer-county","SD","Custer County Building Department","2017","true","Local Building Department","no codeSourceUrl + codeRetrievedAtIso — every value on this row is unprovenanced"
"sd-davison-mitchell","SD","City of Mitchell Building Dept","2017","true","Local Building Department","no codeSourceUrl + codeRetrievedAtIso — every value on this row is unprovenanced"
"sd-davison-davison-county","SD","Davison County Building Department","2017","true","Local Building Department","no codeSourceUrl + codeRetrievedAtIso — every value on this row is unprovenanced"
"sd-day-day-county","SD","Day County Building Department","2017","true","Local Building Department","no codeSourceUrl + codeRetrievedAtIso — every value on this row is unprovenanced"
"sd-deuel-deuel-county","SD","Deuel County Building Department","2017","true","Local Building Department","no codeSourceUrl + codeRetrievedAtIso — every value on this row is unprovenanced"
"sd-dewey-dewey-county","SD","Dewey County Building Department","2017","true","Local Building Department","no codeSourceUrl + codeRetrievedAtIso — every value on this row is unprovenanced"
"sd-douglas-douglas-county","SD","Douglas County Building Department","2017","true","Local Building Department","no codeSourceUrl + codeRetrievedAtIso — every value on this row is unprovenanced"
"sd-edmunds-edmunds-county","SD","Edmunds County Building Department","2017","true","Local Building Department","no codeSourceUrl + codeRetrievedAtIso — every value on this row is unprovenanced"
"sd-fall-river-fall-river-county","SD","Fall River County Building Department","2017","true","Local Building Department","no codeSourceUrl + codeRetrievedAtIso — every value on this row is unprovenanced"
"sd-faulk-faulk-county","SD","Faulk County Building Department","2017","true","Local Building Department","no codeSourceUrl + codeRetrievedAtIso — every value on this row is unprovenanced"
"sd-grant-grant-county","SD","Grant County Building Department","2017","true","Local Building Department","no codeSourceUrl + codeRetrievedAtIso — every value on this row is unprovenanced"
"sd-gregory-gregory-county","SD","Gregory County Building Department","2017","true","Local Building Department","no codeSourceUrl + codeRetrievedAtIso — every value on this row is unprovenanced"
"sd-haakon-haakon-county","SD","Haakon County Building Department","2017","true","Local Building Department","no codeSourceUrl + codeRetrievedAtIso — every value on this row is unprovenanced"
"sd-hamlin-hamlin-county","SD","Hamlin County Building Department","2017","true","Local Building Department","no codeSourceUrl + codeRetrievedAtIso — every value on this row is unprovenanced"
"sd-hand-hand-county","SD","Hand County Building Department","2017","true","Local Building Department","no codeSourceUrl + codeRetrievedAtIso — every value on this row is unprovenanced"
"sd-hanson-hanson-county","SD","Hanson County Building Department","2017","true","Local Building Department","no codeSourceUrl + codeRetrievedAtIso — every value on this row is unprovenanced"
"sd-harding-harding-county","SD","Harding County Building Department","2017","true","Local Building Department","no codeSourceUrl + codeRetrievedAtIso — every value on this row is unprovenanced"
"sd-hughes-pierre","SD","City of Pierre Building Dept","2017","true","Local Building Department","no codeSourceUrl + codeRetrievedAtIso — every value on this row is unprovenanced"
"sd-hughes-hughes-county","SD","Hughes County Building Department","2017","true","Local Building Department","no codeSourceUrl + codeRetrievedAtIso — every value on this row is unprovenanced"
"sd-hutchinson-hutchinson-county","SD","Hutchinson County Building Department","2017","true","Local Building Department","no codeSourceUrl + codeRetrievedAtIso — every value on this row is unprovenanced"
"sd-hyde-hyde-county","SD","Hyde County Building Department","2017","true","Local Building Department","no codeSourceUrl + codeRetrievedAtIso — every value on this row is unprovenanced"
"sd-jackson-jackson-county","SD","Jackson County Building Department","2017","true","Local Building Department","no codeSourceUrl + codeRetrievedAtIso — every value on this row is unprovenanced"
"sd-jerauld-jerauld-county","SD","Jerauld County Building Department","2017","true","Local Building Department","no codeSourceUrl + codeRetrievedAtIso — every value on this row is unprovenanced"
"sd-jones-jones-county","SD","Jones County Building Department","2017","true","Local Building Department","no codeSourceUrl + codeRetrievedAtIso — every value on this row is unprovenanced"
"sd-kingsbury-kingsbury-county","SD","Kingsbury County Building Department","2017","true","Local Building Department","no codeSourceUrl + codeRetrievedAtIso — every value on this row is unprovenanced"
"sd-lake-lake-county","SD","Lake County Building Department","2017","true","Local Building Department","no codeSourceUrl + codeRetrievedAtIso — every value on this row is unprovenanced"
"sd-lawrence-lawrence-county","SD","Lawrence County Building Department","2017","true","Local Building Department","no codeSourceUrl + codeRetrievedAtIso — every value on this row is unprovenanced"
"sd-lincoln-lincoln-county","SD","Lincoln County Building Department","2017","true","Local Building Department","no codeSourceUrl + codeRetrievedAtIso — every value on this row is unprovenanced"
"sd-lyman-lyman-county","SD","Lyman County Building Department","2017","true","Local Building Department","no codeSourceUrl + codeRetrievedAtIso — every value on this row is unprovenanced"
"sd-marshall-marshall-county","SD","Marshall County Building Department","2017","true","Local Building Department","no codeSourceUrl + codeRetrievedAtIso — every value on this row is unprovenanced"
"sd-mccook-mccook-county","SD","McCook County Building Department","2017","true","Local Building Department","no codeSourceUrl + codeRetrievedAtIso — every value on this row is unprovenanced"
"sd-mcpherson-mcpherson-county","SD","McPherson County Building Department","2017","true","Local Building Department","no codeSourceUrl + codeRetrievedAtIso — every value on this row is unprovenanced"
"sd-meade-meade-county","SD","Meade County Building Department","2017","true","Local Building Department","no codeSourceUrl + codeRetrievedAtIso — every value on this row is unprovenanced"
"sd-mellette-mellette-county","SD","Mellette County Building Department","2017","true","Local Building Department","no codeSourceUrl + codeRetrievedAtIso — every value on this row is unprovenanced"
"sd-miner-miner-county","SD","Miner County Building Department","2017","true","Local Building Department","no codeSourceUrl + codeRetrievedAtIso — every value on this row is unprovenanced"
"sd-minnehaha-minnehaha-county","SD","Minnehaha County Building Department","2017","true","Local Building Department","no codeSourceUrl + codeRetrievedAtIso — every value on this row is unprovenanced"
"sd-moody-moody-county","SD","Moody County Building Department","2017","true","Local Building Department","no codeSourceUrl + codeRetrievedAtIso — every value on this row is unprovenanced"
"sd-pennington-rapid-city","SD","City of Rapid City Building Department","2017","true","Local Building Department","no codeSourceUrl + codeRetrievedAtIso — every value on this row is unprovenanced"
"sd-pennington-pennington-county","SD","Pennington County Building Department","2017","true","Local Building Department","no codeSourceUrl + codeRetrievedAtIso — every value on this row is unprovenanced"
"sd-perkins-perkins-county","SD","Perkins County Building Department","2017","true","Local Building Department","no codeSourceUrl + codeRetrievedAtIso — every value on this row is unprovenanced"
"sd-potter-potter-county","SD","Potter County Building Department","2017","true","Local Building Department","no codeSourceUrl + codeRetrievedAtIso — every value on this row is unprovenanced"
"sd-roberts-roberts-county","SD","Roberts County Building Department","2017","true","Local Building Department","no codeSourceUrl + codeRetrievedAtIso — every value on this row is unprovenanced"
"sd-sanborn-sanborn-county","SD","Sanborn County Building Department","2017","true","Local Building Department","no codeSourceUrl + codeRetrievedAtIso — every value on this row is unprovenanced"
"sd-shannon-shannon-county","SD","Shannon County Building Department","2017","false","Local Building Department","no codeSourceUrl + codeRetrievedAtIso — every value on this row is unprovenanced"
"sd-spink-spink-county","SD","Spink County Building Department","2017","true","Local Building Department","no codeSourceUrl + codeRetrievedAtIso — every value on this row is unprovenanced"
"sd-stanley-stanley-county","SD","Stanley County Building Department","2017","true","Local Building Department","no codeSourceUrl + codeRetrievedAtIso — every value on this row is unprovenanced"
"sd-sully-sully-county","SD","Sully County Building Department","2017","true","Local Building Department","no codeSourceUrl + codeRetrievedAtIso — every value on this row is unprovenanced"
"sd-todd-todd-county","SD","Todd County Building Department","2017","true","Local Building Department","no codeSourceUrl + codeRetrievedAtIso — every value on this row is unprovenanced"
"sd-tripp-tripp-county","SD","Tripp County Building Department","2017","true","Local Building Department","no codeSourceUrl + codeRetrievedAtIso — every value on this row is unprovenanced"
"sd-turner-turner-county","SD","Turner County Building Department","2017","true","Local Building Department","no codeSourceUrl + codeRetrievedAtIso — every value on this row is unprovenanced"
"sd-union-union-county","SD","Union County Building Department","2017","true","Local Building Department","no codeSourceUrl + codeRetrievedAtIso — every value on this row is unprovenanced"
"sd-walworth-walworth-county","SD","Walworth County Building Department","2017","true","Local Building Department","no codeSourceUrl + codeRetrievedAtIso — every value on this row is unprovenanced"
"sd-yankton-yankton-county","SD","Yankton County Building Department","2017","true","Local Building Department","no codeSourceUrl + codeRetrievedAtIso — every value on this row is unprovenanced"
"sd-yankton-yankton","SD","City of Yankton Building Dept","2017","true","Local Building Department","no codeSourceUrl + codeRetrievedAtIso — every value on this row is unprovenanced"
"sd-ziebach-ziebach-county","SD","Ziebach County Building Department","2017","true","Local Building Department","no codeSourceUrl + codeRetrievedAtIso — every value on this row is unprovenanced"
"tn-anderson-anderson-county","TN","Anderson County Building Department","2017","true","Local Building Department","no codeSourceUrl + codeRetrievedAtIso — every value on this row is unprovenanced"
"tn-bedford-bedford-county","TN","Bedford County Building Department","2017","true","Local Building Department","no codeSourceUrl + codeRetrievedAtIso — every value on this row is unprovenanced"
"tn-benton-benton-county","TN","Benton County Building Department","2017","true","Local Building Department","no codeSourceUrl + codeRetrievedAtIso — every value on this row is unprovenanced"
"tn-bledsoe-bledsoe-county","TN","Bledsoe County Building Department","2017","true","Local Building Department","no codeSourceUrl + codeRetrievedAtIso — every value on this row is unprovenanced"
"tn-blount-blount-county","TN","Blount County Building Department","2017","true","Local Building Department","no codeSourceUrl + codeRetrievedAtIso — every value on this row is unprovenanced"
"tn-bradley-bradley-county","TN","Bradley County Building Department","2017","true","Local Building Department","no codeSourceUrl + codeRetrievedAtIso — every value on this row is unprovenanced"
"tn-campbell-campbell-county","TN","Campbell County Building Department","2017","true","Local Building Department","no codeSourceUrl + codeRetrievedAtIso — every value on this row is unprovenanced"
"tn-cannon-cannon-county","TN","Cannon County Building Department","2017","true","Local Building Department","no codeSourceUrl + codeRetrievedAtIso — every value on this row is unprovenanced"
"tn-carroll-carroll-county","TN","Carroll County Building Department","2017","true","Local Building Department","no codeSourceUrl + codeRetrievedAtIso — every value on this row is unprovenanced"
"tn-carter-carter-county","TN","Carter County Building Department","2017","true","Local Building Department","no codeSourceUrl + codeRetrievedAtIso — every value on this row is unprovenanced"
"tn-cheatham-cheatham-county","TN","Cheatham County Building Department","2017","true","Local Building Department","no codeSourceUrl + codeRetrievedAtIso — every value on this row is unprovenanced"
"tn-chester-chester-county","TN","Chester County Building Department","2017","true","Local Building Department","no codeSourceUrl + codeRetrievedAtIso — every value on this row is unprovenanced"
"tn-claiborne-claiborne-county","TN","Claiborne County Building Department","2017","true","Local Building Department","no codeSourceUrl + codeRetrievedAtIso — every value on this row is unprovenanced"
"tn-clay-clay-county","TN","Clay County Building Department","2017","true","Local Building Department","no codeSourceUrl + codeRetrievedAtIso — every value on this row is unprovenanced"
"tn-cocke-cocke-county","TN","Cocke County Building Department","2017","true","Local Building Department","no codeSourceUrl + codeRetrievedAtIso — every value on this row is unprovenanced"
"tn-coffee-coffee-county","TN","Coffee County Building Department","2017","true","Local Building Department","no codeSourceUrl + codeRetrievedAtIso — every value on this row is unprovenanced"
"tn-crockett-crockett-county","TN","Crockett County Building Department","2017","true","Local Building Department","no codeSourceUrl + codeRetrievedAtIso — every value on this row is unprovenanced"
"tn-cumberland-cumberland-county","TN","Cumberland County Building Department","2017","true","Local Building Department","no codeSourceUrl + codeRetrievedAtIso — every value on this row is unprovenanced"
"tn-davidson-davidson-county","TN","Davidson County Building Department","2017","true","Local Building Department","no codeSourceUrl + codeRetrievedAtIso — every value on this row is unprovenanced"
"tn-decatur-decatur-county","TN","Decatur County Building Department","2017","true","Local Building Department","no codeSourceUrl + codeRetrievedAtIso — every value on this row is unprovenanced"
"tn-dekalb-dekalb-county","TN","DeKalb County Building Department","2017","true","Local Building Department","no codeSourceUrl + codeRetrievedAtIso — every value on this row is unprovenanced"
"tn-dickson-dickson-county","TN","Dickson County Building Department","2017","true","Local Building Department","no codeSourceUrl + codeRetrievedAtIso — every value on this row is unprovenanced"
"tn-dyer-dyer-county","TN","Dyer County Building Department","2017","true","Local Building Department","no codeSourceUrl + codeRetrievedAtIso — every value on this row is unprovenanced"
"tn-fayette-fayette-county","TN","Fayette County Building Department","2017","true","Local Building Department","no codeSourceUrl + codeRetrievedAtIso — every value on this row is unprovenanced"
"tn-fentress-fentress-county","TN","Fentress County Building Department","2017","true","Local Building Department","no codeSourceUrl + codeRetrievedAtIso — every value on this row is unprovenanced"
"tn-franklin-franklin-county","TN","Franklin County Building Department","2017","true","Local Building Department","no codeSourceUrl + codeRetrievedAtIso — every value on this row is unprovenanced"
"tn-gibson-gibson-county","TN","Gibson County Building Department","2017","true","Local Building Department","no codeSourceUrl + codeRetrievedAtIso — every value on this row is unprovenanced"
"tn-giles-giles-county","TN","Giles County Building Department","2017","true","Local Building Department","no codeSourceUrl + codeRetrievedAtIso — every value on this row is unprovenanced"
"tn-grainger-grainger-county","TN","Grainger County Building Department","2017","true","Local Building Department","no codeSourceUrl + codeRetrievedAtIso — every value on this row is unprovenanced"
"tn-greene-greene-county","TN","Greene County Building Department","2017","true","Local Building Department","no codeSourceUrl + codeRetrievedAtIso — every value on this row is unprovenanced"
"tn-grundy-grundy-county","TN","Grundy County Building Department","2017","true","Local Building Department","no codeSourceUrl + codeRetrievedAtIso — every value on this row is unprovenanced"
"tn-hamblen-hamblen-county","TN","Hamblen County Building Department","2017","true","Local Building Department","no codeSourceUrl + codeRetrievedAtIso — every value on this row is unprovenanced"
"tn-hamilton-chattanooga","TN","City of Chattanooga Building Department","2017","true","Local Building Department","no codeSourceUrl + codeRetrievedAtIso — every value on this row is unprovenanced"
"tn-hamilton-hamilton-county","TN","Hamilton County Building Department","2017","true","Local Building Department","no codeSourceUrl + codeRetrievedAtIso — every value on this row is unprovenanced"
"tn-hancock-hancock-county","TN","Hancock County Building Department","2017","true","Local Building Department","no codeSourceUrl + codeRetrievedAtIso — every value on this row is unprovenanced"
"tn-hardeman-hardeman-county","TN","Hardeman County Building Department","2017","true","Local Building Department","no codeSourceUrl + codeRetrievedAtIso — every value on this row is unprovenanced"
"tn-hardin-hardin-county","TN","Hardin County Building Department","2017","true","Local Building Department","no codeSourceUrl + codeRetrievedAtIso — every value on this row is unprovenanced"
"tn-hawkins-hawkins-county","TN","Hawkins County Building Department","2017","true","Local Building Department","no codeSourceUrl + codeRetrievedAtIso — every value on this row is unprovenanced"
"tn-haywood-haywood-county","TN","Haywood County Building Department","2017","true","Local Building Department","no codeSourceUrl + codeRetrievedAtIso — every value on this row is unprovenanced"
"tn-henderson-henderson-county","TN","Henderson County Building Department","2017","true","Local Building Department","no codeSourceUrl + codeRetrievedAtIso — every value on this row is unprovenanced"
"tn-henry-henry-county","TN","Henry County Building Department","2017","true","Local Building Department","no codeSourceUrl + codeRetrievedAtIso — every value on this row is unprovenanced"
"tn-hickman-hickman-county","TN","Hickman County Building Department","2017","true","Local Building Department","no codeSourceUrl + codeRetrievedAtIso — every value on this row is unprovenanced"
"tn-houston-houston-county","TN","Houston County Building Department","2017","true","Local Building Department","no codeSourceUrl + codeRetrievedAtIso — every value on this row is unprovenanced"
"tn-humphreys-humphreys-county","TN","Humphreys County Building Department","2017","true","Local Building Department","no codeSourceUrl + codeRetrievedAtIso — every value on this row is unprovenanced"
"tn-jackson-jackson-county","TN","Jackson County Building Department","2017","true","Local Building Department","no codeSourceUrl + codeRetrievedAtIso — every value on this row is unprovenanced"
"tn-jefferson-jefferson-county","TN","Jefferson County Building Department","2017","true","Local Building Department","no codeSourceUrl + codeRetrievedAtIso — every value on this row is unprovenanced"
"tn-johnson-johnson-county","TN","Johnson County Building Department","2017","true","Local Building Department","no codeSourceUrl + codeRetrievedAtIso — every value on this row is unprovenanced"
"tn-knox-knoxville","TN","City of Knoxville Building Department","2017","true","Local Building Department","no codeSourceUrl + codeRetrievedAtIso — every value on this row is unprovenanced"
"tn-knox-knox-county","TN","Knox County Building Department","2017","true","Local Building Department","no codeSourceUrl + codeRetrievedAtIso — every value on this row is unprovenanced"
"tn-lake-lake-county","TN","Lake County Building Department","2017","true","Local Building Department","no codeSourceUrl + codeRetrievedAtIso — every value on this row is unprovenanced"
"tn-lauderdale-lauderdale-county","TN","Lauderdale County Building Department","2017","true","Local Building Department","no codeSourceUrl + codeRetrievedAtIso — every value on this row is unprovenanced"
"tn-lawrence-lawrence-county","TN","Lawrence County Building Department","2017","true","Local Building Department","no codeSourceUrl + codeRetrievedAtIso — every value on this row is unprovenanced"
"tn-lewis-lewis-county","TN","Lewis County Building Department","2017","true","Local Building Department","no codeSourceUrl + codeRetrievedAtIso — every value on this row is unprovenanced"
"tn-lincoln-lincoln-county","TN","Lincoln County Building Department","2017","true","Local Building Department","no codeSourceUrl + codeRetrievedAtIso — every value on this row is unprovenanced"
"tn-loudon-loudon-county","TN","Loudon County Building Department","2017","true","Local Building Department","no codeSourceUrl + codeRetrievedAtIso — every value on this row is unprovenanced"
"tn-macon-macon-county","TN","Macon County Building Department","2017","true","Local Building Department","no codeSourceUrl + codeRetrievedAtIso — every value on this row is unprovenanced"
"tn-madison-jackson","TN","City of Jackson Building Department","2017","true","Local Building Department","no codeSourceUrl + codeRetrievedAtIso — every value on this row is unprovenanced"
"tn-madison-madison-county","TN","Madison County Building Department","2017","true","Local Building Department","no codeSourceUrl + codeRetrievedAtIso — every value on this row is unprovenanced"
"tn-marion-marion-county","TN","Marion County Building Department","2017","true","Local Building Department","no codeSourceUrl + codeRetrievedAtIso — every value on this row is unprovenanced"
"tn-marshall-marshall-county","TN","Marshall County Building Department","2017","true","Local Building Department","no codeSourceUrl + codeRetrievedAtIso — every value on this row is unprovenanced"
"tn-maury-columbia","TN","City of Columbia Building Department","2017","true","Local Building Department","no codeSourceUrl + codeRetrievedAtIso — every value on this row is unprovenanced"
"tn-maury-maury-county","TN","Maury County Building Department","2017","true","Local Building Department","no codeSourceUrl + codeRetrievedAtIso — every value on this row is unprovenanced"
"tn-mcminn-mcminn-county","TN","McMinn County Building Department","2017","true","Local Building Department","no codeSourceUrl + codeRetrievedAtIso — every value on this row is unprovenanced"
"tn-mcnairy-mcnairy-county","TN","McNairy County Building Department","2017","true","Local Building Department","no codeSourceUrl + codeRetrievedAtIso — every value on this row is unprovenanced"
"tn-meigs-meigs-county","TN","Meigs County Building Department","2017","true","Local Building Department","no codeSourceUrl + codeRetrievedAtIso — every value on this row is unprovenanced"
"tn-monroe-monroe-county","TN","Monroe County Building Department","2017","true","Local Building Department","no codeSourceUrl + codeRetrievedAtIso — every value on this row is unprovenanced"
"tn-montgomery-clarksville","TN","City of Clarksville Building Department","2017","true","Local Building Department","no codeSourceUrl + codeRetrievedAtIso — every value on this row is unprovenanced"
"tn-montgomery-montgomery-county","TN","Montgomery County Building Department","2017","true","Local Building Department","no codeSourceUrl + codeRetrievedAtIso — every value on this row is unprovenanced"
"tn-moore-moore-county","TN","Moore County Building Department","2017","true","Local Building Department","no codeSourceUrl + codeRetrievedAtIso — every value on this row is unprovenanced"
"tn-morgan-morgan-county","TN","Morgan County Building Department","2017","true","Local Building Department","no codeSourceUrl + codeRetrievedAtIso — every value on this row is unprovenanced"
"tn-obion-obion-county","TN","Obion County Building Department","2017","true","Local Building Department","no codeSourceUrl + codeRetrievedAtIso — every value on this row is unprovenanced"
"tn-overton-overton-county","TN","Overton County Building Department","2017","true","Local Building Department","no codeSourceUrl + codeRetrievedAtIso — every value on this row is unprovenanced"
"tn-perry-perry-county","TN","Perry County Building Department","2017","true","Local Building Department","no codeSourceUrl + codeRetrievedAtIso — every value on this row is unprovenanced"
"tn-pickett-pickett-county","TN","Pickett County Building Department","2017","true","Local Building Department","no codeSourceUrl + codeRetrievedAtIso — every value on this row is unprovenanced"
"tn-polk-polk-county","TN","Polk County Building Department","2017","true","Local Building Department","no codeSourceUrl + codeRetrievedAtIso — every value on this row is unprovenanced"
"tn-putnam-cookeville","TN","City of Cookeville Building Dept","2017","true","Local Building Department","no codeSourceUrl + codeRetrievedAtIso — every value on this row is unprovenanced"
"tn-putnam-putnam-county","TN","Putnam County Building Department","2017","true","Local Building Department","no codeSourceUrl + codeRetrievedAtIso — every value on this row is unprovenanced"
"tn-rhea-rhea-county","TN","Rhea County Building Department","2017","true","Local Building Department","no codeSourceUrl + codeRetrievedAtIso — every value on this row is unprovenanced"
"tn-roane-roane-county","TN","Roane County Building Department","2017","true","Local Building Department","no codeSourceUrl + codeRetrievedAtIso — every value on this row is unprovenanced"
"tn-robertson-robertson-county","TN","Robertson County Building Department","2017","true","Local Building Department","no codeSourceUrl + codeRetrievedAtIso — every value on this row is unprovenanced"
"tn-rutherford-la-vergne","TN","City of La Vergne Building Dept","2017","true","Local Building Department","no codeSourceUrl + codeRetrievedAtIso — every value on this row is unprovenanced"
"tn-rutherford-murfreesboro","TN","City of Murfreesboro Building Department","2017","true","Local Building Department","no codeSourceUrl + codeRetrievedAtIso — every value on this row is unprovenanced"
"tn-rutherford-smyrna","TN","Town of Smyrna Building Dept","2017","true","Local Building Department","no codeSourceUrl + codeRetrievedAtIso — every value on this row is unprovenanced"
"tn-rutherford-rutherford-county","TN","Rutherford County Building Department","2017","true","Local Building Department","no codeSourceUrl + codeRetrievedAtIso — every value on this row is unprovenanced"
"tn-scott-scott-county","TN","Scott County Building Department","2017","true","Local Building Department","no codeSourceUrl + codeRetrievedAtIso — every value on this row is unprovenanced"
"tn-sequatchie-sequatchie-county","TN","Sequatchie County Building Department","2017","true","Local Building Department","no codeSourceUrl + codeRetrievedAtIso — every value on this row is unprovenanced"
"tn-sevier-sevier-county","TN","Sevier County Building Department","2017","true","Local Building Department","no codeSourceUrl + codeRetrievedAtIso — every value on this row is unprovenanced"
"tn-shelby-bartlett","TN","City of Bartlett Building Dept","2017","true","Local Building Department","no codeSourceUrl + codeRetrievedAtIso — every value on this row is unprovenanced"
"tn-shelby-shelby-county","TN","Shelby County Building Department","2017","true","Local Building Department","no codeSourceUrl + codeRetrievedAtIso — every value on this row is unprovenanced"
"tn-smith-smith-county","TN","Smith County Building Department","2017","true","Local Building Department","no codeSourceUrl + codeRetrievedAtIso — every value on this row is unprovenanced"
"tn-stewart-stewart-county","TN","Stewart County Building Department","2017","true","Local Building Department","no codeSourceUrl + codeRetrievedAtIso — every value on this row is unprovenanced"
"tn-sullivan-sullivan-county","TN","Sullivan County Building Department","2017","true","Local Building Department","no codeSourceUrl + codeRetrievedAtIso — every value on this row is unprovenanced"
"tn-sumner-gallatin","TN","City of Gallatin Building Dept","2017","true","Local Building Department","no codeSourceUrl + codeRetrievedAtIso — every value on this row is unprovenanced"
"tn-sumner-hendersonville","TN","City of Hendersonville Building Department","2017","true","Local Building Department","no codeSourceUrl + codeRetrievedAtIso — every value on this row is unprovenanced"
"tn-sumner-sumner-county","TN","Sumner County Building Department","2017","true","Local Building Department","no codeSourceUrl + codeRetrievedAtIso — every value on this row is unprovenanced"
"tn-tipton-tipton-county","TN","Tipton County Building Department","2017","true","Local Building Department","no codeSourceUrl + codeRetrievedAtIso — every value on this row is unprovenanced"
"tn-trousdale-trousdale-county","TN","Trousdale County Building Department","2017","true","Local Building Department","no codeSourceUrl + codeRetrievedAtIso — every value on this row is unprovenanced"
"tn-unicoi-unicoi-county","TN","Unicoi County Building Department","2017","true","Local Building Department","no codeSourceUrl + codeRetrievedAtIso — every value on this row is unprovenanced"
"tn-union-union-county","TN","Union County Building Department","2017","true","Local Building Department","no codeSourceUrl + codeRetrievedAtIso — every value on this row is unprovenanced"
"tn-van-buren-van-buren-county","TN","Van Buren County Building Department","2017","true","Local Building Department","no codeSourceUrl + codeRetrievedAtIso — every value on this row is unprovenanced"
"tn-warren-warren-county","TN","Warren County Building Department","2017","true","Local Building Department","no codeSourceUrl + codeRetrievedAtIso — every value on this row is unprovenanced"
"tn-washington-johnson-city","TN","City of Johnson City Building Department","2017","true","Local Building Department","no codeSourceUrl + codeRetrievedAtIso — every value on this row is unprovenanced"
"tn-washington-washington-county","TN","Washington County Building Department","2017","true","Local Building Department","no codeSourceUrl + codeRetrievedAtIso — every value on this row is unprovenanced"
"tn-wayne-wayne-county","TN","Wayne County Building Department","2017","true","Local Building Department","no codeSourceUrl + codeRetrievedAtIso — every value on this row is unprovenanced"
"tn-weakley-weakley-county","TN","Weakley County Building Department","2017","true","Local Building Department","no codeSourceUrl + codeRetrievedAtIso — every value on this row is unprovenanced"
"tn-white-white-county","TN","White County Building Department","2017","true","Local Building Department","no codeSourceUrl + codeRetrievedAtIso — every value on this row is unprovenanced"
"tn-williamson-brentwood","TN","City of Brentwood Building Department","2017","true","Local Building Department","no codeSourceUrl + codeRetrievedAtIso — every value on this row is unprovenanced"
"tn-williamson-franklin","TN","City of Franklin Building Department","2017","true","Local Building Department","no codeSourceUrl + codeRetrievedAtIso — every value on this row is unprovenanced"
"tn-williamson-williamson-county","TN","Williamson County Building Department","2017","true","Local Building Department","no codeSourceUrl + codeRetrievedAtIso — every value on this row is unprovenanced"
"tn-wilson-lebanon","TN","City of Lebanon Building Dept","2017","true","Local Building Department","no codeSourceUrl + codeRetrievedAtIso — every value on this row is unprovenanced"
"tn-wilson-wilson-county","TN","Wilson County Building Department","2017","true","Local Building Department","no codeSourceUrl + codeRetrievedAtIso — every value on this row is unprovenanced"
"tx-anderson-anderson-county","TX","Anderson County Building Department","2020","true","Local Building Department","no codeSourceUrl + codeRetrievedAtIso — every value on this row is unprovenanced"
"tx-andrews-andrews-county","TX","Andrews County Building Department","2020","true","Local Building Department","no codeSourceUrl + codeRetrievedAtIso — every value on this row is unprovenanced"
"tx-angelina-angelina-county","TX","Angelina County Building Department","2020","true","Local Building Department","no codeSourceUrl + codeRetrievedAtIso — every value on this row is unprovenanced"
"tx-aransas-aransas-county","TX","Aransas County Building Department","2020","true","Local Building Department","no codeSourceUrl + codeRetrievedAtIso — every value on this row is unprovenanced"
"tx-archer-archer-county","TX","Archer County Building Department","2020","true","Local Building Department","no codeSourceUrl + codeRetrievedAtIso — every value on this row is unprovenanced"
"tx-armstrong-armstrong-county","TX","Armstrong County Building Department","2020","true","Local Building Department","no codeSourceUrl + codeRetrievedAtIso — every value on this row is unprovenanced"
"tx-atascosa-atascosa-county","TX","Atascosa County Building Department","2020","true","Local Building Department","no codeSourceUrl + codeRetrievedAtIso — every value on this row is unprovenanced"
"tx-austin-austin-county","TX","Austin County Building Department","2020","true","Local Building Department","no codeSourceUrl + codeRetrievedAtIso — every value on this row is unprovenanced"
"tx-bailey-bailey-county","TX","Bailey County Building Department","2020","true","Local Building Department","no codeSourceUrl + codeRetrievedAtIso — every value on this row is unprovenanced"
"tx-bandera-bandera-county","TX","Bandera County Building Department","2020","true","Local Building Department","no codeSourceUrl + codeRetrievedAtIso — every value on this row is unprovenanced"
"tx-bastrop-bastrop-county","TX","Bastrop County Building Department","2020","true","Local Building Department","no codeSourceUrl + codeRetrievedAtIso — every value on this row is unprovenanced"
"tx-baylor-baylor-county","TX","Baylor County Building Department","2020","true","Local Building Department","no codeSourceUrl + codeRetrievedAtIso — every value on this row is unprovenanced"
"tx-bee-bee-county","TX","Bee County Building Department","2020","true","Local Building Department","no codeSourceUrl + codeRetrievedAtIso — every value on this row is unprovenanced"
"tx-bell-killeen","TX","City of Killeen Building Dept","2020","true","Local Building Department","no codeSourceUrl + codeRetrievedAtIso — every value on this row is unprovenanced"
"tx-bell-temple","TX","City of Temple Building Dept","2020","true","Local Building Department","no codeSourceUrl + codeRetrievedAtIso — every value on this row is unprovenanced"
"tx-bell-bell-county","TX","Bell County Building Department","2020","true","Local Building Department","no codeSourceUrl + codeRetrievedAtIso — every value on this row is unprovenanced"
"tx-bexar-bexar-county","TX","Bexar County Building Department","2020","true","Local Building Department","no codeSourceUrl + codeRetrievedAtIso — every value on this row is unprovenanced"
"tx-blanco-blanco-county","TX","Blanco County Building Department","2020","true","Local Building Department","no codeSourceUrl + codeRetrievedAtIso — every value on this row is unprovenanced"
"tx-borden-borden-county","TX","Borden County Building Department","2020","true","Local Building Department","no codeSourceUrl + codeRetrievedAtIso — every value on this row is unprovenanced"
"tx-bosque-bosque-county","TX","Bosque County Building Department","2020","true","Local Building Department","no codeSourceUrl + codeRetrievedAtIso — every value on this row is unprovenanced"
"tx-bowie-bowie-county","TX","Bowie County Building Department","2020","true","Local Building Department","no codeSourceUrl + codeRetrievedAtIso — every value on this row is unprovenanced"
"tx-brazoria-pearland","TX","City of Pearland Building Department","2020","true","Local Building Department","no codeSourceUrl + codeRetrievedAtIso — every value on this row is unprovenanced"
"tx-brazoria-brazoria-county","TX","Brazoria County Building Department","2020","true","Local Building Department","no codeSourceUrl + codeRetrievedAtIso — every value on this row is unprovenanced"
"tx-brazos-bryan","TX","City of Bryan Building Dept","2020","true","Local Building Department","no codeSourceUrl + codeRetrievedAtIso — every value on this row is unprovenanced"
"tx-brazos-bryancollege-station","TX","Brazos County Building Dept","2020","false","Local Building Department","no codeSourceUrl + codeRetrievedAtIso — every value on this row is unprovenanced"
"tx-brazos-college-station","TX","City of College Station Building","2020","true","Local Building Department","no codeSourceUrl + codeRetrievedAtIso — every value on this row is unprovenanced"
"tx-brazos-brazos-county","TX","Brazos County Building Department","2020","true","Local Building Department","no codeSourceUrl + codeRetrievedAtIso — every value on this row is unprovenanced"
"tx-brewster-brewster-county","TX","Brewster County Building Department","2020","true","Local Building Department","no codeSourceUrl + codeRetrievedAtIso — every value on this row is unprovenanced"
"tx-briscoe-briscoe-county","TX","Briscoe County Building Department","2020","true","Local Building Department","no codeSourceUrl + codeRetrievedAtIso — every value on this row is unprovenanced"
"tx-brooks-brooks-county","TX","Brooks County Building Department","2020","true","Local Building Department","no codeSourceUrl + codeRetrievedAtIso — every value on this row is unprovenanced"
"tx-brown-brown-county","TX","Brown County Building Department","2020","true","Local Building Department","no codeSourceUrl + codeRetrievedAtIso — every value on this row is unprovenanced"
"tx-burleson-burleson-county","TX","Burleson County Building Department","2020","true","Local Building Department","no codeSourceUrl + codeRetrievedAtIso — every value on this row is unprovenanced"
"tx-burnet-burnet-county","TX","Burnet County Building Department","2020","true","Local Building Department","no codeSourceUrl + codeRetrievedAtIso — every value on this row is unprovenanced"
"tx-caldwell-caldwell-county","TX","Caldwell County Building Department","2020","true","Local Building Department","no codeSourceUrl + codeRetrievedAtIso — every value on this row is unprovenanced"
"tx-calhoun-calhoun-county","TX","Calhoun County Building Department","2020","true","Local Building Department","no codeSourceUrl + codeRetrievedAtIso — every value on this row is unprovenanced"
"tx-callahan-callahan-county","TX","Callahan County Building Department","2020","true","Local Building Department","no codeSourceUrl + codeRetrievedAtIso — every value on this row is unprovenanced"
"tx-cameron-brownsville","TX","City of Brownsville Building Dept","2020","true","Local Building Department","no codeSourceUrl + codeRetrievedAtIso — every value on this row is unprovenanced"
"tx-cameron-harlingen","TX","City of Harlingen Building Dept","2020","true","Local Building Department","no codeSourceUrl + codeRetrievedAtIso — every value on this row is unprovenanced"
"tx-cameron-cameron-county","TX","Cameron County Building Department","2020","true","Local Building Department","no codeSourceUrl + codeRetrievedAtIso — every value on this row is unprovenanced"
"tx-camp-camp-county","TX","Camp County Building Department","2020","true","Local Building Department","no codeSourceUrl + codeRetrievedAtIso — every value on this row is unprovenanced"
"tx-carson-carson-county","TX","Carson County Building Department","2020","true","Local Building Department","no codeSourceUrl + codeRetrievedAtIso — every value on this row is unprovenanced"
"tx-cass-cass-county","TX","Cass County Building Department","2020","true","Local Building Department","no codeSourceUrl + codeRetrievedAtIso — every value on this row is unprovenanced"
"tx-castro-castro-county","TX","Castro County Building Department","2020","true","Local Building Department","no codeSourceUrl + codeRetrievedAtIso — every value on this row is unprovenanced"
"tx-chambers-chambers-county","TX","Chambers County Building Department","2020","true","Local Building Department","no codeSourceUrl + codeRetrievedAtIso — every value on this row is unprovenanced"
"tx-cherokee-cherokee-county","TX","Cherokee County Building Department","2020","true","Local Building Department","no codeSourceUrl + codeRetrievedAtIso — every value on this row is unprovenanced"
"tx-childress-childress-county","TX","Childress County Building Department","2020","true","Local Building Department","no codeSourceUrl + codeRetrievedAtIso — every value on this row is unprovenanced"
"tx-clay-clay-county","TX","Clay County Building Department","2020","true","Local Building Department","no codeSourceUrl + codeRetrievedAtIso — every value on this row is unprovenanced"
"tx-cochran-cochran-county","TX","Cochran County Building Department","2020","true","Local Building Department","no codeSourceUrl + codeRetrievedAtIso — every value on this row is unprovenanced"
"tx-coke-coke-county","TX","Coke County Building Department","2020","true","Local Building Department","no codeSourceUrl + codeRetrievedAtIso — every value on this row is unprovenanced"
"tx-coleman-coleman-county","TX","Coleman County Building Department","2020","true","Local Building Department","no codeSourceUrl + codeRetrievedAtIso — every value on this row is unprovenanced"
"tx-collin-allen","TX","City of Allen Building Inspection","2020","true","Local Building Department","no codeSourceUrl + codeRetrievedAtIso — every value on this row is unprovenanced"
"tx-collin-frisco","TX","City of Frisco Building Inspection","2020","true","Local Building Department","no codeSourceUrl + codeRetrievedAtIso — every value on this row is unprovenanced"
"tx-collin-murphy","TX","City of Murphy Building Dept","2020","true","Local Building Department","no codeSourceUrl + codeRetrievedAtIso — every value on this row is unprovenanced"
"tx-collin-collin-county","TX","Collin County Building Department","2020","true","Local Building Department","no codeSourceUrl + codeRetrievedAtIso — every value on this row is unprovenanced"
"tx-collin-wylie","TX","City of Wylie Building Dept","2020","true","Local Building Department","no codeSourceUrl + codeRetrievedAtIso — every value on this row is unprovenanced"
"tx-collingsworth-collingsworth-county","TX","Collingsworth County Building Department","2020","true","Local Building Department","no codeSourceUrl + codeRetrievedAtIso — every value on this row is unprovenanced"
"tx-colorado-colorado-county","TX","Colorado County Building Department","2020","true","Local Building Department","no codeSourceUrl + codeRetrievedAtIso — every value on this row is unprovenanced"
"tx-comal-new-braunfels","TX","City of New Braunfels Building Department","2020","true","Local Building Department","no codeSourceUrl + codeRetrievedAtIso — every value on this row is unprovenanced"
"tx-comal-comal-county","TX","Comal County Building Department","2020","true","Local Building Department","no codeSourceUrl + codeRetrievedAtIso — every value on this row is unprovenanced"
"tx-comanche-comanche-county","TX","Comanche County Building Department","2020","true","Local Building Department","no codeSourceUrl + codeRetrievedAtIso — every value on this row is unprovenanced"
"tx-concho-concho-county","TX","Concho County Building Department","2020","true","Local Building Department","no codeSourceUrl + codeRetrievedAtIso — every value on this row is unprovenanced"
"tx-cooke-cooke-county","TX","Cooke County Building Department","2020","true","Local Building Department","no codeSourceUrl + codeRetrievedAtIso — every value on this row is unprovenanced"
"tx-coryell-coryell-county","TX","Coryell County Building Department","2020","true","Local Building Department","no codeSourceUrl + codeRetrievedAtIso — every value on this row is unprovenanced"
"tx-cottle-cottle-county","TX","Cottle County Building Department","2020","true","Local Building Department","no codeSourceUrl + codeRetrievedAtIso — every value on this row is unprovenanced"
"tx-crane-crane-county","TX","Crane County Building Department","2020","true","Local Building Department","no codeSourceUrl + codeRetrievedAtIso — every value on this row is unprovenanced"
"tx-crockett-crockett-county","TX","Crockett County Building Department","2020","true","Local Building Department","no codeSourceUrl + codeRetrievedAtIso — every value on this row is unprovenanced"
"tx-crosby-crosby-county","TX","Crosby County Building Department","2020","true","Local Building Department","no codeSourceUrl + codeRetrievedAtIso — every value on this row is unprovenanced"
"tx-culberson-culberson-county","TX","Culberson County Building Department","2020","true","Local Building Department","no codeSourceUrl + codeRetrievedAtIso — every value on this row is unprovenanced"
"tx-dallam-dallam-county","TX","Dallam County Building Department","2020","true","Local Building Department","no codeSourceUrl + codeRetrievedAtIso — every value on this row is unprovenanced"
"tx-dallas-carrollton","TX","City of Carrollton Building Department","2020","true","Local Building Department","no codeSourceUrl + codeRetrievedAtIso — every value on this row is unprovenanced"
"tx-dallas-cedar-hill","TX","City of Cedar Hill Building Dept","2020","true","Local Building Department","no codeSourceUrl + codeRetrievedAtIso — every value on this row is unprovenanced"
"tx-dallas-desoto","TX","City of DeSoto Building Dept","2020","true","Local Building Department","no codeSourceUrl + codeRetrievedAtIso — every value on this row is unprovenanced"
"tx-dallas-garland","TX","City of Garland Building Inspection","2020","true","Local Building Department","no codeSourceUrl + codeRetrievedAtIso — every value on this row is unprovenanced"
"tx-dallas-grand-prairie","TX","City of Grand Prairie Building Department","2020","true","Local Building Department","no codeSourceUrl + codeRetrievedAtIso — every value on this row is unprovenanced"
"tx-dallas-irving","TX","City of Irving Building Inspection","2020","true","Local Building Department","no codeSourceUrl + codeRetrievedAtIso — every value on this row is unprovenanced"
"tx-dallas-mesquite","TX","City of Mesquite Building Department","2020","true","Local Building Department","no codeSourceUrl + codeRetrievedAtIso — every value on this row is unprovenanced"
"tx-dallas-richardson","TX","City of Richardson Building Department","2020","true","Local Building Department","no codeSourceUrl + codeRetrievedAtIso — every value on this row is unprovenanced"
"tx-dallas-rowlett","TX","City of Rowlett Building Department","2020","true","Local Building Department","no codeSourceUrl + codeRetrievedAtIso — every value on this row is unprovenanced"
"tx-dallas-sachse","TX","City of Sachse Building Dept","2020","true","Local Building Department","no codeSourceUrl + codeRetrievedAtIso — every value on this row is unprovenanced"
"tx-dallas-dallas-county","TX","Dallas County Building Department","2020","true","Local Building Department","no codeSourceUrl + codeRetrievedAtIso — every value on this row is unprovenanced"
"tx-dawson-dawson-county","TX","Dawson County Building Department","2020","true","Local Building Department","no codeSourceUrl + codeRetrievedAtIso — every value on this row is unprovenanced"
"tx-deaf-smith-deaf-smith-county","TX","Deaf Smith County Building Department","2020","true","Local Building Department","no codeSourceUrl + codeRetrievedAtIso — every value on this row is unprovenanced"
"tx-delta-delta-county","TX","Delta County Building Department","2020","true","Local Building Department","no codeSourceUrl + codeRetrievedAtIso — every value on this row is unprovenanced"
"tx-denton-denton","TX","City of Denton Building Department","2020","true","Local Building Department","no codeSourceUrl + codeRetrievedAtIso — every value on this row is unprovenanced"
"tx-denton-lewisville","TX","City of Lewisville Building Department","2020","true","Local Building Department","no codeSourceUrl + codeRetrievedAtIso — every value on this row is unprovenanced"
"tx-dewitt-dewitt-county","TX","DeWitt County Building Department","2020","true","Local Building Department","no codeSourceUrl + codeRetrievedAtIso — every value on this row is unprovenanced"
"tx-dickens-dickens-county","TX","Dickens County Building Department","2020","true","Local Building Department","no codeSourceUrl + codeRetrievedAtIso — every value on this row is unprovenanced"
"tx-dimmit-dimmit-county","TX","Dimmit County Building Department","2020","true","Local Building Department","no codeSourceUrl + codeRetrievedAtIso — every value on this row is unprovenanced"
"tx-donley-donley-county","TX","Donley County Building Department","2020","true","Local Building Department","no codeSourceUrl + codeRetrievedAtIso — every value on this row is unprovenanced"
"tx-duval-duval-county","TX","Duval County Building Department","2020","true","Local Building Department","no codeSourceUrl + codeRetrievedAtIso — every value on this row is unprovenanced"
"tx-eastland-eastland-county","TX","Eastland County Building Department","2020","true","Local Building Department","no codeSourceUrl + codeRetrievedAtIso — every value on this row is unprovenanced"
"tx-ector-odessa","TX","City of Odessa Building Department","2020","true","Local Building Department","no codeSourceUrl + codeRetrievedAtIso — every value on this row is unprovenanced"
"tx-ector-ector-county","TX","Ector County Building Department","2020","true","Local Building Department","no codeSourceUrl + codeRetrievedAtIso — every value on this row is unprovenanced"
"tx-edwards-edwards-county","TX","Edwards County Building Department","2020","true","Local Building Department","no codeSourceUrl + codeRetrievedAtIso — every value on this row is unprovenanced"
"tx-el-paso-el-paso-county","TX","El Paso County Building Department","2020","true","Local Building Department","no codeSourceUrl + codeRetrievedAtIso — every value on this row is unprovenanced"
"tx-ellis-ellis-county","TX","Ellis County Building Department","2020","true","Local Building Department","no codeSourceUrl + codeRetrievedAtIso — every value on this row is unprovenanced"
"tx-ellis-waxahachie","TX","City of Waxahachie Building Dept","2020","true","Local Building Department","no codeSourceUrl + codeRetrievedAtIso — every value on this row is unprovenanced"
"tx-erath-erath-county","TX","Erath County Building Department","2020","true","Local Building Department","no codeSourceUrl + codeRetrievedAtIso — every value on this row is unprovenanced"
"tx-falls-falls-county","TX","Falls County Building Department","2020","true","Local Building Department","no codeSourceUrl + codeRetrievedAtIso — every value on this row is unprovenanced"
"tx-fannin-fannin-county","TX","Fannin County Building Department","2020","true","Local Building Department","no codeSourceUrl + codeRetrievedAtIso — every value on this row is unprovenanced"
"tx-fayette-fayette-county","TX","Fayette County Building Department","2020","true","Local Building Department","no codeSourceUrl + codeRetrievedAtIso — every value on this row is unprovenanced"
"tx-fisher-fisher-county","TX","Fisher County Building Department","2020","true","Local Building Department","no codeSourceUrl + codeRetrievedAtIso — every value on this row is unprovenanced"
"tx-floyd-floyd-county","TX","Floyd County Building Department","2020","true","Local Building Department","no codeSourceUrl + codeRetrievedAtIso — every value on this row is unprovenanced"
"tx-foard-foard-county","TX","Foard County Building Department","2020","true","Local Building Department","no codeSourceUrl + codeRetrievedAtIso — every value on this row is unprovenanced"
"tx-fort-bend-katy","TX","City of Katy Building Department","2020","true","Local Building Department","no codeSourceUrl + codeRetrievedAtIso — every value on this row is unprovenanced"
"tx-fort-bend-missouri-city","TX","City of Missouri City Building Department","2020","true","Local Building Department","no codeSourceUrl + codeRetrievedAtIso — every value on this row is unprovenanced"
"tx-fort-bend-sugar-land","TX","City of Sugar Land Building Department","2020","true","Local Building Department","no codeSourceUrl + codeRetrievedAtIso — every value on this row is unprovenanced"
"tx-fort-bend-fort-bend-county","TX","Fort Bend County Building Department","2020","true","Local Building Department","no codeSourceUrl + codeRetrievedAtIso — every value on this row is unprovenanced"
"tx-franklin-franklin-county","TX","Franklin County Building Department","2020","true","Local Building Department","no codeSourceUrl + codeRetrievedAtIso — every value on this row is unprovenanced"
"tx-freestone-freestone-county","TX","Freestone County Building Department","2020","true","Local Building Department","no codeSourceUrl + codeRetrievedAtIso — every value on this row is unprovenanced"
"tx-frio-frio-county","TX","Frio County Building Department","2020","true","Local Building Department","no codeSourceUrl + codeRetrievedAtIso — every value on this row is unprovenanced"
"tx-gaines-gaines-county","TX","Gaines County Building Department","2020","true","Local Building Department","no codeSourceUrl + codeRetrievedAtIso — every value on this row is unprovenanced"
"tx-galveston-galveston","TX","City of Galveston Building Dept","2020","true","Local Building Department","no codeSourceUrl + codeRetrievedAtIso — every value on this row is unprovenanced"
"tx-galveston-league-city","TX","City of League City Building Department","2020","true","Local Building Department","no codeSourceUrl + codeRetrievedAtIso — every value on this row is unprovenanced"
"tx-galveston-texas-city","TX","City of Texas City Building Department","2020","true","Local Building Department","no codeSourceUrl + codeRetrievedAtIso — every value on this row is unprovenanced"
"tx-galveston-galveston-county","TX","Galveston County Building Department","2020","true","Local Building Department","no codeSourceUrl + codeRetrievedAtIso — every value on this row is unprovenanced"
"tx-garza-garza-county","TX","Garza County Building Department","2020","true","Local Building Department","no codeSourceUrl + codeRetrievedAtIso — every value on this row is unprovenanced"
"tx-gillespie-gillespie-county","TX","Gillespie County Building Department","2020","true","Local Building Department","no codeSourceUrl + codeRetrievedAtIso — every value on this row is unprovenanced"
"tx-glasscock-glasscock-county","TX","Glasscock County Building Department","2020","true","Local Building Department","no codeSourceUrl + codeRetrievedAtIso — every value on this row is unprovenanced"
"tx-goliad-goliad-county","TX","Goliad County Building Department","2020","true","Local Building Department","no codeSourceUrl + codeRetrievedAtIso — every value on this row is unprovenanced"
"tx-gonzales-gonzales-county","TX","Gonzales County Building Department","2020","true","Local Building Department","no codeSourceUrl + codeRetrievedAtIso — every value on this row is unprovenanced"
"tx-gray-gray-county","TX","Gray County Building Department","2020","true","Local Building Department","no codeSourceUrl + codeRetrievedAtIso — every value on this row is unprovenanced"
"tx-grayson-denison","TX","City of Denison Building Dept","2020","true","Local Building Department","no codeSourceUrl + codeRetrievedAtIso — every value on this row is unprovenanced"
"tx-grayson-sherman","TX","City of Sherman Building Dept","2020","true","Local Building Department","no codeSourceUrl + codeRetrievedAtIso — every value on this row is unprovenanced"
"tx-grayson-grayson-county","TX","Grayson County Building Department","2020","true","Local Building Department","no codeSourceUrl + codeRetrievedAtIso — every value on this row is unprovenanced"
"tx-gregg-longview","TX","City of Longview Building Dept","2020","true","Local Building Department","no codeSourceUrl + codeRetrievedAtIso — every value on this row is unprovenanced"
"tx-gregg-gregg-county","TX","Gregg County Building Department","2020","true","Local Building Department","no codeSourceUrl + codeRetrievedAtIso — every value on this row is unprovenanced"
"tx-grimes-grimes-county","TX","Grimes County Building Department","2020","true","Local Building Department","no codeSourceUrl + codeRetrievedAtIso — every value on this row is unprovenanced"
"tx-guadalupe-guadalupe-county","TX","Guadalupe County Building Department","2020","true","Local Building Department","no codeSourceUrl + codeRetrievedAtIso — every value on this row is unprovenanced"
"tx-hale-hale-county","TX","Hale County Building Department","2020","true","Local Building Department","no codeSourceUrl + codeRetrievedAtIso — every value on this row is unprovenanced"
"tx-hall-hall-county","TX","Hall County Building Department","2020","true","Local Building Department","no codeSourceUrl + codeRetrievedAtIso — every value on this row is unprovenanced"
"tx-hamilton-hamilton-county","TX","Hamilton County Building Department","2020","true","Local Building Department","no codeSourceUrl + codeRetrievedAtIso — every value on this row is unprovenanced"
"tx-hansford-hansford-county","TX","Hansford County Building Department","2020","true","Local Building Department","no codeSourceUrl + codeRetrievedAtIso — every value on this row is unprovenanced"
"tx-hardeman-hardeman-county","TX","Hardeman County Building Department","2020","true","Local Building Department","no codeSourceUrl + codeRetrievedAtIso — every value on this row is unprovenanced"
"tx-hardin-hardin-county","TX","Hardin County Building Department","2020","true","Local Building Department","no codeSourceUrl + codeRetrievedAtIso — every value on this row is unprovenanced"
"tx-harris-baytown","TX","City of Baytown Building Department","2020","true","Local Building Department","no codeSourceUrl + codeRetrievedAtIso — every value on this row is unprovenanced"
"tx-harris-pasadena","TX","City of Pasadena Building Department","2020","true","Local Building Department","no codeSourceUrl + codeRetrievedAtIso — every value on this row is unprovenanced"
"tx-harris-harris-county","TX","Harris County Building Department","2020","true","Local Building Department","no codeSourceUrl + codeRetrievedAtIso — every value on this row is unprovenanced"
"tx-harrison-harrison-county","TX","Harrison County Building Department","2020","true","Local Building Department","no codeSourceUrl + codeRetrievedAtIso — every value on this row is unprovenanced"
"tx-hartley-hartley-county","TX","Hartley County Building Department","2020","true","Local Building Department","no codeSourceUrl + codeRetrievedAtIso — every value on this row is unprovenanced"
"tx-haskell-haskell-county","TX","Haskell County Building Department","2020","true","Local Building Department","no codeSourceUrl + codeRetrievedAtIso — every value on this row is unprovenanced"
"tx-hays-san-marcos","TX","City of San Marcos Building Department","2020","true","Local Building Department","no codeSourceUrl + codeRetrievedAtIso — every value on this row is unprovenanced"
"tx-hays-hays-county","TX","Hays County Building Department","2020","true","Local Building Department","no codeSourceUrl + codeRetrievedAtIso — every value on this row is unprovenanced"
"tx-hemphill-hemphill-county","TX","Hemphill County Building Department","2020","true","Local Building Department","no codeSourceUrl + codeRetrievedAtIso — every value on this row is unprovenanced"
"tx-henderson-henderson-county","TX","Henderson County Building Department","2020","true","Local Building Department","no codeSourceUrl + codeRetrievedAtIso — every value on this row is unprovenanced"
"tx-hidalgo-edinburg","TX","City of Edinburg Building Dept","2020","true","Local Building Department","no codeSourceUrl + codeRetrievedAtIso — every value on this row is unprovenanced"
"tx-hidalgo-mcallen","TX","City of McAllen Building Dept","2020","true","Local Building Department","no codeSourceUrl + codeRetrievedAtIso — every value on this row is unprovenanced"
"tx-hidalgo-mission","TX","City of Mission Building Dept","2020","true","Local Building Department","no codeSourceUrl + codeRetrievedAtIso — every value on this row is unprovenanced"
"tx-hidalgo-pharr","TX","City of Pharr Building Dept","2020","true","Local Building Department","no codeSourceUrl + codeRetrievedAtIso — every value on this row is unprovenanced"
"tx-hidalgo-hidalgo-county","TX","Hidalgo County Building Department","2020","true","Local Building Department","no codeSourceUrl + codeRetrievedAtIso — every value on this row is unprovenanced"
"tx-hill-hill-county","TX","Hill County Building Department","2020","true","Local Building Department","no codeSourceUrl + codeRetrievedAtIso — every value on this row is unprovenanced"
"tx-hockley-hockley-county","TX","Hockley County Building Department","2020","true","Local Building Department","no codeSourceUrl + codeRetrievedAtIso — every value on this row is unprovenanced"
"tx-hood-hood-county","TX","Hood County Building Department","2020","true","Local Building Department","no codeSourceUrl + codeRetrievedAtIso — every value on this row is unprovenanced"
"tx-hopkins-hopkins-county","TX","Hopkins County Building Department","2020","true","Local Building Department","no codeSourceUrl + codeRetrievedAtIso — every value on this row is unprovenanced"
"tx-houston-houston-county","TX","Houston County Building Department","2020","true","Local Building Department","no codeSourceUrl + codeRetrievedAtIso — every value on this row is unprovenanced"
"tx-howard-big-spring","TX","City of Big Spring Building Department","2020","true","Local Building Department","no codeSourceUrl + codeRetrievedAtIso — every value on this row is unprovenanced"
"tx-howard-howard-county","TX","Howard County Building Department","2020","true","Local Building Department","no codeSourceUrl + codeRetrievedAtIso — every value on this row is unprovenanced"
"tx-hudspeth-hudspeth-county","TX","Hudspeth County Building Department","2020","true","Local Building Department","no codeSourceUrl + codeRetrievedAtIso — every value on this row is unprovenanced"
"tx-hunt-hunt-county","TX","Hunt County Building Department","2020","true","Local Building Department","no codeSourceUrl + codeRetrievedAtIso — every value on this row is unprovenanced"
"tx-hutchinson-hutchinson-county","TX","Hutchinson County Building Department","2020","true","Local Building Department","no codeSourceUrl + codeRetrievedAtIso — every value on this row is unprovenanced"
"tx-irion-irion-county","TX","Irion County Building Department","2020","true","Local Building Department","no codeSourceUrl + codeRetrievedAtIso — every value on this row is unprovenanced"
"tx-jack-jack-county","TX","Jack County Building Department","2020","true","Local Building Department","no codeSourceUrl + codeRetrievedAtIso — every value on this row is unprovenanced"
"tx-jackson-jackson-county","TX","Jackson County Building Department","2020","true","Local Building Department","no codeSourceUrl + codeRetrievedAtIso — every value on this row is unprovenanced"
"tx-jasper-jasper-county","TX","Jasper County Building Department","2020","true","Local Building Department","no codeSourceUrl + codeRetrievedAtIso — every value on this row is unprovenanced"
"tx-jeff-davis-jeff-davis-county","TX","Jeff Davis County Building Department","2020","true","Local Building Department","no codeSourceUrl + codeRetrievedAtIso — every value on this row is unprovenanced"
"tx-jefferson-beaumont","TX","City of Beaumont Building Dept","2020","true","Local Building Department","no codeSourceUrl + codeRetrievedAtIso — every value on this row is unprovenanced"
"tx-jefferson-port-arthur","TX","City of Port Arthur Building Dept","2020","true","Local Building Department","no codeSourceUrl + codeRetrievedAtIso — every value on this row is unprovenanced"
"tx-jefferson-jefferson-county","TX","Jefferson County Building Department","2020","true","Local Building Department","no codeSourceUrl + codeRetrievedAtIso — every value on this row is unprovenanced"
"tx-jim-hogg-jim-hogg-county","TX","Jim Hogg County Building Department","2020","true","Local Building Department","no codeSourceUrl + codeRetrievedAtIso — every value on this row is unprovenanced"
"tx-jim-wells-jim-wells-county","TX","Jim Wells County Building Department","2020","true","Local Building Department","no codeSourceUrl + codeRetrievedAtIso — every value on this row is unprovenanced"
"tx-johnson-burleson","TX","City of Burleson Building Dept","2020","true","Local Building Department","no codeSourceUrl + codeRetrievedAtIso — every value on this row is unprovenanced"
"tx-johnson-cleburne","TX","City of Cleburne Building Dept","2020","true","Local Building Department","no codeSourceUrl + codeRetrievedAtIso — every value on this row is unprovenanced"
"tx-johnson-johnson-county","TX","Johnson County Building Department","2020","true","Local Building Department","no codeSourceUrl + codeRetrievedAtIso — every value on this row is unprovenanced"
"tx-jones-jones-county","TX","Jones County Building Department","2020","true","Local Building Department","no codeSourceUrl + codeRetrievedAtIso — every value on this row is unprovenanced"
"tx-karnes-karnes-county","TX","Karnes County Building Department","2020","true","Local Building Department","no codeSourceUrl + codeRetrievedAtIso — every value on this row is unprovenanced"
"tx-kaufman-forney","TX","City of Forney Building Dept","2020","true","Local Building Department","no codeSourceUrl + codeRetrievedAtIso — every value on this row is unprovenanced"
"tx-kaufman-kaufman-county","TX","Kaufman County Building Department","2020","true","Local Building Department","no codeSourceUrl + codeRetrievedAtIso — every value on this row is unprovenanced"
"tx-kendall-kendall-county","TX","Kendall County Building Department","2020","true","Local Building Department","no codeSourceUrl + codeRetrievedAtIso — every value on this row is unprovenanced"
"tx-kenedy-kenedy-county","TX","Kenedy County Building Department","2020","true","Local Building Department","no codeSourceUrl + codeRetrievedAtIso — every value on this row is unprovenanced"
"tx-kent-kent-county","TX","Kent County Building Department","2020","true","Local Building Department","no codeSourceUrl + codeRetrievedAtIso — every value on this row is unprovenanced"
"tx-kerr-kerr-county","TX","Kerr County Building Department","2020","true","Local Building Department","no codeSourceUrl + codeRetrievedAtIso — every value on this row is unprovenanced"
"tx-kimble-kimble-county","TX","Kimble County Building Department","2020","true","Local Building Department","no codeSourceUrl + codeRetrievedAtIso — every value on this row is unprovenanced"
"tx-king-king-county","TX","King County Building Department","2020","true","Local Building Department","no codeSourceUrl + codeRetrievedAtIso — every value on this row is unprovenanced"
"tx-kinney-kinney-county","TX","Kinney County Building Department","2020","true","Local Building Department","no codeSourceUrl + codeRetrievedAtIso — every value on this row is unprovenanced"
"tx-kleberg-kleberg-county","TX","Kleberg County Building Department","2020","true","Local Building Department","no codeSourceUrl + codeRetrievedAtIso — every value on this row is unprovenanced"
"tx-knox-knox-county","TX","Knox County Building Department","2020","true","Local Building Department","no codeSourceUrl + codeRetrievedAtIso — every value on this row is unprovenanced"
"tx-la-salle-la-salle-county","TX","La Salle County Building Department","2020","true","Local Building Department","no codeSourceUrl + codeRetrievedAtIso — every value on this row is unprovenanced"
"tx-lamar-lamar-county","TX","Lamar County Building Department","2020","true","Local Building Department","no codeSourceUrl + codeRetrievedAtIso — every value on this row is unprovenanced"
"tx-lamb-lamb-county","TX","Lamb County Building Department","2020","true","Local Building Department","no codeSourceUrl + codeRetrievedAtIso — every value on this row is unprovenanced"
"tx-lampasas-lampasas-county","TX","Lampasas County Building Department","2020","true","Local Building Department","no codeSourceUrl + codeRetrievedAtIso — every value on this row is unprovenanced"
"tx-lavaca-lavaca-county","TX","Lavaca County Building Department","2020","true","Local Building Department","no codeSourceUrl + codeRetrievedAtIso — every value on this row is unprovenanced"
"tx-lee-lee-county","TX","Lee County Building Department","2020","true","Local Building Department","no codeSourceUrl + codeRetrievedAtIso — every value on this row is unprovenanced"
"tx-leon-leon-county","TX","Leon County Building Department","2020","true","Local Building Department","no codeSourceUrl + codeRetrievedAtIso — every value on this row is unprovenanced"
"tx-liberty-liberty-county","TX","Liberty County Building Department","2020","true","Local Building Department","no codeSourceUrl + codeRetrievedAtIso — every value on this row is unprovenanced"
"tx-limestone-limestone-county","TX","Limestone County Building Department","2020","true","Local Building Department","no codeSourceUrl + codeRetrievedAtIso — every value on this row is unprovenanced"
"tx-lipscomb-lipscomb-county","TX","Lipscomb County Building Department","2020","true","Local Building Department","no codeSourceUrl + codeRetrievedAtIso — every value on this row is unprovenanced"
"tx-live-oak-live-oak-county","TX","Live Oak County Building Department","2020","true","Local Building Department","no codeSourceUrl + codeRetrievedAtIso — every value on this row is unprovenanced"
"tx-llano-llano-county","TX","Llano County Building Department","2020","true","Local Building Department","no codeSourceUrl + codeRetrievedAtIso — every value on this row is unprovenanced"
"tx-loving-loving-county","TX","Loving County Building Department","2020","true","Local Building Department","no codeSourceUrl + codeRetrievedAtIso — every value on this row is unprovenanced"
"tx-lubbock-lubbock","TX","City of Lubbock Building Inspection","2020","true","Local Building Department","no codeSourceUrl + codeRetrievedAtIso — every value on this row is unprovenanced"
"tx-lubbock-lubbock-county","TX","Lubbock County Building Department","2020","true","Local Building Department","no codeSourceUrl + codeRetrievedAtIso — every value on this row is unprovenanced"
"tx-lynn-lynn-county","TX","Lynn County Building Department","2020","true","Local Building Department","no codeSourceUrl + codeRetrievedAtIso — every value on this row is unprovenanced"
"tx-madison-madison-county","TX","Madison County Building Department","2020","true","Local Building Department","no codeSourceUrl + codeRetrievedAtIso — every value on this row is unprovenanced"
"tx-marion-marion-county","TX","Marion County Building Department","2020","true","Local Building Department","no codeSourceUrl + codeRetrievedAtIso — every value on this row is unprovenanced"
"tx-martin-martin-county","TX","Martin County Building Department","2020","true","Local Building Department","no codeSourceUrl + codeRetrievedAtIso — every value on this row is unprovenanced"
"tx-mason-mason-county","TX","Mason County Building Department","2020","true","Local Building Department","no codeSourceUrl + codeRetrievedAtIso — every value on this row is unprovenanced"
"tx-matagorda-matagorda-county","TX","Matagorda County Building Department","2020","true","Local Building Department","no codeSourceUrl + codeRetrievedAtIso — every value on this row is unprovenanced"
"tx-maverick-maverick-county","TX","Maverick County Building Department","2020","true","Local Building Department","no codeSourceUrl + codeRetrievedAtIso — every value on this row is unprovenanced"
"tx-mcculloch-mcculloch-county","TX","McCulloch County Building Department","2020","true","Local Building Department","no codeSourceUrl + codeRetrievedAtIso — every value on this row is unprovenanced"
"tx-mclennan-mclennan-county","TX","McLennan County Building Department","2020","true","Local Building Department","no codeSourceUrl + codeRetrievedAtIso — every value on this row is unprovenanced"
"tx-mclennan-waco","TX","City of Waco Building Department","2020","true","Local Building Department","no codeSourceUrl + codeRetrievedAtIso — every value on this row is unprovenanced"
"tx-mcmullen-mcmullen-county","TX","McMullen County Building Department","2020","true","Local Building Department","no codeSourceUrl + codeRetrievedAtIso — every value on this row is unprovenanced"
"tx-medina-medina-county","TX","Medina County Building Department","2020","true","Local Building Department","no codeSourceUrl + codeRetrievedAtIso — every value on this row is unprovenanced"
"tx-menard-menard-county","TX","Menard County Building Department","2020","true","Local Building Department","no codeSourceUrl + codeRetrievedAtIso — every value on this row is unprovenanced"
"tx-midland-midland","TX","City of Midland Building Department","2020","true","Local Building Department","no codeSourceUrl + codeRetrievedAtIso — every value on this row is unprovenanced"
"tx-midland-midland-county","TX","Midland County Building Department","2020","true","Local Building Department","no codeSourceUrl + codeRetrievedAtIso — every value on this row is unprovenanced"
"tx-milam-milam-county","TX","Milam County Building Department","2020","true","Local Building Department","no codeSourceUrl + codeRetrievedAtIso — every value on this row is unprovenanced"
"tx-mills-mills-county","TX","Mills County Building Department","2020","true","Local Building Department","no codeSourceUrl + codeRetrievedAtIso — every value on this row is unprovenanced"
"tx-mitchell-mitchell-county","TX","Mitchell County Building Department","2020","true","Local Building Department","no codeSourceUrl + codeRetrievedAtIso — every value on this row is unprovenanced"
"tx-montague-montague-county","TX","Montague County Building Department","2020","true","Local Building Department","no codeSourceUrl + codeRetrievedAtIso — every value on this row is unprovenanced"
"tx-montgomery-conroe","TX","City of Conroe Building Department","2020","true","Local Building Department","no codeSourceUrl + codeRetrievedAtIso — every value on this row is unprovenanced"
"tx-montgomery-the-woodlands","TX","The Woodlands Township Building","2020","false","Local Building Department","no codeSourceUrl + codeRetrievedAtIso — every value on this row is unprovenanced"
"tx-montgomery-montgomery-county","TX","Montgomery County Building Department","2020","true","Local Building Department","no codeSourceUrl + codeRetrievedAtIso — every value on this row is unprovenanced"
"tx-moore-moore-county","TX","Moore County Building Department","2020","true","Local Building Department","no codeSourceUrl + codeRetrievedAtIso — every value on this row is unprovenanced"
"tx-morris-morris-county","TX","Morris County Building Department","2020","true","Local Building Department","no codeSourceUrl + codeRetrievedAtIso — every value on this row is unprovenanced"
"tx-motley-motley-county","TX","Motley County Building Department","2020","true","Local Building Department","no codeSourceUrl + codeRetrievedAtIso — every value on this row is unprovenanced"
"tx-nacogdoches-nacogdoches-county","TX","Nacogdoches County Building Department","2020","true","Local Building Department","no codeSourceUrl + codeRetrievedAtIso — every value on this row is unprovenanced"
"tx-navarro-navarro-county","TX","Navarro County Building Department","2020","true","Local Building Department","no codeSourceUrl + codeRetrievedAtIso — every value on this row is unprovenanced"
"tx-newton-newton-county","TX","Newton County Building Department","2020","true","Local Building Department","no codeSourceUrl + codeRetrievedAtIso — every value on this row is unprovenanced"
"tx-nolan-nolan-county","TX","Nolan County Building Department","2020","true","Local Building Department","no codeSourceUrl + codeRetrievedAtIso — every value on this row is unprovenanced"
"tx-nueces-nueces-county","TX","Nueces County Building Department","2020","true","Local Building Department","no codeSourceUrl + codeRetrievedAtIso — every value on this row is unprovenanced"
"tx-ochiltree-ochiltree-county","TX","Ochiltree County Building Department","2020","true","Local Building Department","no codeSourceUrl + codeRetrievedAtIso — every value on this row is unprovenanced"
"tx-oldham-oldham-county","TX","Oldham County Building Department","2020","true","Local Building Department","no codeSourceUrl + codeRetrievedAtIso — every value on this row is unprovenanced"
"tx-orange-orange-county","TX","Orange County Building Department","2020","true","Local Building Department","no codeSourceUrl + codeRetrievedAtIso — every value on this row is unprovenanced"
"tx-palo-pinto-palo-pinto-county","TX","Palo Pinto County Building Department","2020","true","Local Building Department","no codeSourceUrl + codeRetrievedAtIso — every value on this row is unprovenanced"
"tx-panola-panola-county","TX","Panola County Building Department","2020","true","Local Building Department","no codeSourceUrl + codeRetrievedAtIso — every value on this row is unprovenanced"
"tx-parker-parker-county","TX","Parker County Building Department","2020","true","Local Building Department","no codeSourceUrl + codeRetrievedAtIso — every value on this row is unprovenanced"
"tx-parmer-parmer-county","TX","Parmer County Building Department","2020","true","Local Building Department","no codeSourceUrl + codeRetrievedAtIso — every value on this row is unprovenanced"
"tx-pecos-pecos-county","TX","Pecos County Building Department","2020","true","Local Building Department","no codeSourceUrl + codeRetrievedAtIso — every value on this row is unprovenanced"
"tx-polk-polk-county","TX","Polk County Building Department","2020","true","Local Building Department","no codeSourceUrl + codeRetrievedAtIso — every value on this row is unprovenanced"
"tx-potter-potter-county","TX","Potter County Building Department","2020","true","Local Building Department","no codeSourceUrl + codeRetrievedAtIso — every value on this row is unprovenanced"
"tx-potter-randall-amarillo","TX","City of Amarillo Building Dept","2020","false","Local Building Department","no codeSourceUrl + codeRetrievedAtIso — every value on this row is unprovenanced"
"tx-potterrandall-amarillo","TX","City of Amarillo Building Department","2020","false","Local Building Department","no codeSourceUrl + codeRetrievedAtIso — every value on this row is unprovenanced"
"tx-presidio-presidio-county","TX","Presidio County Building Department","2020","true","Local Building Department","no codeSourceUrl + codeRetrievedAtIso — every value on this row is unprovenanced"
"tx-rains-rains-county","TX","Rains County Building Department","2020","true","Local Building Department","no codeSourceUrl + codeRetrievedAtIso — every value on this row is unprovenanced"
"tx-randall-randall-county","TX","Randall County Building Department","2020","true","Local Building Department","no codeSourceUrl + codeRetrievedAtIso — every value on this row is unprovenanced"
"tx-reagan-reagan-county","TX","Reagan County Building Department","2020","true","Local Building Department","no codeSourceUrl + codeRetrievedAtIso — every value on this row is unprovenanced"
"tx-real-real-county","TX","Real County Building Department","2020","true","Local Building Department","no codeSourceUrl + codeRetrievedAtIso — every value on this row is unprovenanced"
"tx-red-river-red-river-county","TX","Red River County Building Department","2020","true","Local Building Department","no codeSourceUrl + codeRetrievedAtIso — every value on this row is unprovenanced"
"tx-reeves-reeves-county","TX","Reeves County Building Department","2020","true","Local Building Department","no codeSourceUrl + codeRetrievedAtIso — every value on this row is unprovenanced"
"tx-refugio-refugio-county","TX","Refugio County Building Department","2020","true","Local Building Department","no codeSourceUrl + codeRetrievedAtIso — every value on this row is unprovenanced"
"tx-roberts-roberts-county","TX","Roberts County Building Department","2020","true","Local Building Department","no codeSourceUrl + codeRetrievedAtIso — every value on this row is unprovenanced"
"tx-robertson-robertson-county","TX","Robertson County Building Department","2020","true","Local Building Department","no codeSourceUrl + codeRetrievedAtIso — every value on this row is unprovenanced"
"tx-rockwall-rockwall","TX","City of Rockwall Building Dept","2020","true","Local Building Department","no codeSourceUrl + codeRetrievedAtIso — every value on this row is unprovenanced"
"tx-rockwall-rockwall-county","TX","Rockwall County Building Department","2020","true","Local Building Department","no codeSourceUrl + codeRetrievedAtIso — every value on this row is unprovenanced"
"tx-runnels-runnels-county","TX","Runnels County Building Department","2020","true","Local Building Department","no codeSourceUrl + codeRetrievedAtIso — every value on this row is unprovenanced"
"tx-rusk-rusk-county","TX","Rusk County Building Department","2020","true","Local Building Department","no codeSourceUrl + codeRetrievedAtIso — every value on this row is unprovenanced"
"tx-sabine-sabine-county","TX","Sabine County Building Department","2020","true","Local Building Department","no codeSourceUrl + codeRetrievedAtIso — every value on this row is unprovenanced"
"tx-san-augustine-san-augustine-county","TX","San Augustine County Building Department","2020","true","Local Building Department","no codeSourceUrl + codeRetrievedAtIso — every value on this row is unprovenanced"
"tx-san-jacinto-san-jacinto-county","TX","San Jacinto County Building Department","2020","true","Local Building Department","no codeSourceUrl + codeRetrievedAtIso — every value on this row is unprovenanced"
"tx-san-patricio-san-patricio-county","TX","San Patricio County Building Department","2020","true","Local Building Department","no codeSourceUrl + codeRetrievedAtIso — every value on this row is unprovenanced"
"tx-san-saba-san-saba-county","TX","San Saba County Building Department","2020","true","Local Building Department","no codeSourceUrl + codeRetrievedAtIso — every value on this row is unprovenanced"
"tx-schleicher-schleicher-county","TX","Schleicher County Building Department","2020","true","Local Building Department","no codeSourceUrl + codeRetrievedAtIso — every value on this row is unprovenanced"
"tx-scurry-scurry-county","TX","Scurry County Building Department","2020","true","Local Building Department","no codeSourceUrl + codeRetrievedAtIso — every value on this row is unprovenanced"
"tx-shackelford-shackelford-county","TX","Shackelford County Building Department","2020","true","Local Building Department","no codeSourceUrl + codeRetrievedAtIso — every value on this row is unprovenanced"
"tx-shelby-shelby-county","TX","Shelby County Building Department","2020","true","Local Building Department","no codeSourceUrl + codeRetrievedAtIso — every value on this row is unprovenanced"
"tx-sherman-sherman-county","TX","Sherman County Building Department","2020","true","Local Building Department","no codeSourceUrl + codeRetrievedAtIso — every value on this row is unprovenanced"
"tx-smith-tyler","TX","City of Tyler Building Dept","2020","true","Local Building Department","no codeSourceUrl + codeRetrievedAtIso — every value on this row is unprovenanced"
"tx-smith-smith-county","TX","Smith County Building Department","2020","true","Local Building Department","no codeSourceUrl + codeRetrievedAtIso — every value on this row is unprovenanced"
"tx-somervell-somervell-county","TX","Somervell County Building Department","2020","true","Local Building Department","no codeSourceUrl + codeRetrievedAtIso — every value on this row is unprovenanced"
"tx-starr-starr-county","TX","Starr County Building Department","2020","true","Local Building Department","no codeSourceUrl + codeRetrievedAtIso — every value on this row is unprovenanced"
"tx-stephens-stephens-county","TX","Stephens County Building Department","2020","true","Local Building Department","no codeSourceUrl + codeRetrievedAtIso — every value on this row is unprovenanced"
"tx-sterling-sterling-county","TX","Sterling County Building Department","2020","true","Local Building Department","no codeSourceUrl + codeRetrievedAtIso — every value on this row is unprovenanced"
"tx-stonewall-stonewall-county","TX","Stonewall County Building Department","2020","true","Local Building Department","no codeSourceUrl + codeRetrievedAtIso — every value on this row is unprovenanced"
"tx-sutton-sutton-county","TX","Sutton County Building Department","2020","true","Local Building Department","no codeSourceUrl + codeRetrievedAtIso — every value on this row is unprovenanced"
"tx-swisher-swisher-county","TX","Swisher County Building Department","2020","true","Local Building Department","no codeSourceUrl + codeRetrievedAtIso — every value on this row is unprovenanced"
"tx-tarrant-arlington","TX","City of Arlington Building Inspection","2020","true","Local Building Department","no codeSourceUrl + codeRetrievedAtIso — every value on this row is unprovenanced"
"tx-tarrant-bedford","TX","City of Bedford Building Department","2020","true","Local Building Department","no codeSourceUrl + codeRetrievedAtIso — every value on this row is unprovenanced"
"tx-tarrant-euless","TX","City of Euless Building Department","2020","true","Local Building Department","no codeSourceUrl + codeRetrievedAtIso — every value on this row is unprovenanced"
"tx-tarrant-grapevine","TX","City of Grapevine Building Department","2020","true","Local Building Department","no codeSourceUrl + codeRetrievedAtIso — every value on this row is unprovenanced"
"tx-tarrant-hurst","TX","City of Hurst Building Dept","2020","true","Local Building Department","no codeSourceUrl + codeRetrievedAtIso — every value on this row is unprovenanced"
"tx-tarrant-keller","TX","City of Keller Building Department","2020","true","Local Building Department","no codeSourceUrl + codeRetrievedAtIso — every value on this row is unprovenanced"
"tx-tarrant-mansfield","TX","City of Mansfield Building Department","2020","true","Local Building Department","no codeSourceUrl + codeRetrievedAtIso — every value on this row is unprovenanced"
"tx-tarrant-north-richland-hills","TX","City of NRH Building Dept","2020","true","Local Building Department","no codeSourceUrl + codeRetrievedAtIso — every value on this row is unprovenanced"
"tx-tarrant-southlake","TX","City of Southlake Building Department","2020","true","Local Building Department","no codeSourceUrl + codeRetrievedAtIso — every value on this row is unprovenanced"
"tx-tarrant-tarrant-county","TX","Tarrant County Building Department","2020","true","Local Building Department","no codeSourceUrl + codeRetrievedAtIso — every value on this row is unprovenanced"
"tx-taylor-abilene","TX","City of Abilene Building Department","2020","true","Local Building Department","no codeSourceUrl + codeRetrievedAtIso — every value on this row is unprovenanced"
"tx-taylor-taylor-county","TX","Taylor County Building Department","2020","true","Local Building Department","no codeSourceUrl + codeRetrievedAtIso — every value on this row is unprovenanced"
"tx-terrell-terrell-county","TX","Terrell County Building Department","2020","true","Local Building Department","no codeSourceUrl + codeRetrievedAtIso — every value on this row is unprovenanced"
"tx-terry-terry-county","TX","Terry County Building Department","2020","true","Local Building Department","no codeSourceUrl + codeRetrievedAtIso — every value on this row is unprovenanced"
"tx-throckmorton-throckmorton-county","TX","Throckmorton County Building Department","2020","true","Local Building Department","no codeSourceUrl + codeRetrievedAtIso — every value on this row is unprovenanced"
"tx-titus-titus-county","TX","Titus County Building Department","2020","true","Local Building Department","no codeSourceUrl + codeRetrievedAtIso — every value on this row is unprovenanced"
"tx-tom-green-san-angelo","TX","City of San Angelo Building Department","2020","true","Local Building Department","no codeSourceUrl + codeRetrievedAtIso — every value on this row is unprovenanced"
"tx-tom-green-tom-green-county","TX","Tom Green County Building Department","2020","true","Local Building Department","no codeSourceUrl + codeRetrievedAtIso — every value on this row is unprovenanced"
"tx-travis-pflugerville","TX","City of Pflugerville Building Dept","2020","true","Local Building Department","no codeSourceUrl + codeRetrievedAtIso — every value on this row is unprovenanced"
"tx-travis-travis-county","TX","Travis County Building Department","2020","true","Local Building Department","no codeSourceUrl + codeRetrievedAtIso — every value on this row is unprovenanced"
"tx-trinity-trinity-county","TX","Trinity County Building Department","2020","true","Local Building Department","no codeSourceUrl + codeRetrievedAtIso — every value on this row is unprovenanced"
"tx-tyler-tyler-county","TX","Tyler County Building Department","2020","true","Local Building Department","no codeSourceUrl + codeRetrievedAtIso — every value on this row is unprovenanced"
"tx-upshur-upshur-county","TX","Upshur County Building Department","2020","true","Local Building Department","no codeSourceUrl + codeRetrievedAtIso — every value on this row is unprovenanced"
"tx-upton-upton-county","TX","Upton County Building Department","2020","true","Local Building Department","no codeSourceUrl + codeRetrievedAtIso — every value on this row is unprovenanced"
"tx-uvalde-uvalde-county","TX","Uvalde County Building Department","2020","true","Local Building Department","no codeSourceUrl + codeRetrievedAtIso — every value on this row is unprovenanced"
"tx-val-verde-val-verde-county","TX","Val Verde County Building Department","2020","true","Local Building Department","no codeSourceUrl + codeRetrievedAtIso — every value on this row is unprovenanced"
"tx-van-zandt-van-zandt-county","TX","Van Zandt County Building Department","2020","true","Local Building Department","no codeSourceUrl + codeRetrievedAtIso — every value on this row is unprovenanced"
"tx-victoria-victoria-county","TX","Victoria County Building Department","2020","true","Local Building Department","no codeSourceUrl + codeRetrievedAtIso — every value on this row is unprovenanced"
"tx-walker-walker-county","TX","Walker County Building Department","2020","true","Local Building Department","no codeSourceUrl + codeRetrievedAtIso — every value on this row is unprovenanced"
"tx-waller-waller-county","TX","Waller County Building Department","2020","true","Local Building Department","no codeSourceUrl + codeRetrievedAtIso — every value on this row is unprovenanced"
"tx-ward-ward-county","TX","Ward County Building Department","2020","true","Local Building Department","no codeSourceUrl + codeRetrievedAtIso — every value on this row is unprovenanced"
"tx-washington-washington-county","TX","Washington County Building Department","2020","true","Local Building Department","no codeSourceUrl + codeRetrievedAtIso — every value on this row is unprovenanced"
"tx-webb-laredo","TX","City of Laredo Building Department","2020","true","Local Building Department","no codeSourceUrl + codeRetrievedAtIso — every value on this row is unprovenanced"
"tx-webb-webb-county","TX","Webb County Building Department","2020","true","Local Building Department","no codeSourceUrl + codeRetrievedAtIso — every value on this row is unprovenanced"
"tx-wharton-wharton-county","TX","Wharton County Building Department","2020","true","Local Building Department","no codeSourceUrl + codeRetrievedAtIso — every value on this row is unprovenanced"
"tx-wheeler-wheeler-county","TX","Wheeler County Building Department","2020","true","Local Building Department","no codeSourceUrl + codeRetrievedAtIso — every value on this row is unprovenanced"
"tx-wichita-wichita-county","TX","Wichita County Building Department","2020","true","Local Building Department","no codeSourceUrl + codeRetrievedAtIso — every value on this row is unprovenanced"
"tx-wichita-wichita-falls","TX","City of Wichita Falls Building Dept","2020","true","Local Building Department","no codeSourceUrl + codeRetrievedAtIso — every value on this row is unprovenanced"
"tx-wilbarger-wilbarger-county","TX","Wilbarger County Building Department","2020","true","Local Building Department","no codeSourceUrl + codeRetrievedAtIso — every value on this row is unprovenanced"
"tx-willacy-willacy-county","TX","Willacy County Building Department","2020","true","Local Building Department","no codeSourceUrl + codeRetrievedAtIso — every value on this row is unprovenanced"
"tx-williamson-cedar-park","TX","City of Cedar Park Building Department","2020","true","Local Building Department","no codeSourceUrl + codeRetrievedAtIso — every value on this row is unprovenanced"
"tx-williamson-georgetown","TX","City of Georgetown Building Department","2020","true","Local Building Department","no codeSourceUrl + codeRetrievedAtIso — every value on this row is unprovenanced"
"tx-williamson-hutto","TX","City of Hutto Building Dept","2020","true","Local Building Department","no codeSourceUrl + codeRetrievedAtIso — every value on this row is unprovenanced"
"tx-williamson-leander","TX","City of Leander Building Dept","2020","true","Local Building Department","no codeSourceUrl + codeRetrievedAtIso — every value on this row is unprovenanced"
"tx-williamson-taylor","TX","City of Taylor Building Dept","2020","true","Local Building Department","no codeSourceUrl + codeRetrievedAtIso — every value on this row is unprovenanced"
"tx-williamson-williamson-county","TX","Williamson County Building Department","2020","true","Local Building Department","no codeSourceUrl + codeRetrievedAtIso — every value on this row is unprovenanced"
"tx-wilson-wilson-county","TX","Wilson County Building Department","2020","true","Local Building Department","no codeSourceUrl + codeRetrievedAtIso — every value on this row is unprovenanced"
"tx-winkler-winkler-county","TX","Winkler County Building Department","2020","true","Local Building Department","no codeSourceUrl + codeRetrievedAtIso — every value on this row is unprovenanced"
"tx-wise-wise-county","TX","Wise County Building Department","2020","true","Local Building Department","no codeSourceUrl + codeRetrievedAtIso — every value on this row is unprovenanced"
"tx-wood-wood-county","TX","Wood County Building Department","2020","true","Local Building Department","no codeSourceUrl + codeRetrievedAtIso — every value on this row is unprovenanced"
"tx-yoakum-yoakum-county","TX","Yoakum County Building Department","2020","true","Local Building Department","no codeSourceUrl + codeRetrievedAtIso — every value on this row is unprovenanced"
"tx-young-young-county","TX","Young County Building Department","2020","true","Local Building Department","no codeSourceUrl + codeRetrievedAtIso — every value on this row is unprovenanced"
"tx-zapata-zapata-county","TX","Zapata County Building Department","2020","true","Local Building Department","no codeSourceUrl + codeRetrievedAtIso — every value on this row is unprovenanced"
"tx-zavala-zavala-county","TX","Zavala County Building Department","2020","true","Local Building Department","no codeSourceUrl + codeRetrievedAtIso — every value on this row is unprovenanced"
"ut-beaver-beaver-county","UT","Beaver County Building Department","2017","true","Local Building Department","no codeSourceUrl + codeRetrievedAtIso — every value on this row is unprovenanced"
"ut-box-elder-box-elder-county","UT","Box Elder County Building Department","2017","true","Local Building Department","no codeSourceUrl + codeRetrievedAtIso — every value on this row is unprovenanced"
"ut-cache-logan","UT","City of Logan Building Dept","2017","true","Local Building Department","no codeSourceUrl + codeRetrievedAtIso — every value on this row is unprovenanced"
"ut-cache-cache-county","UT","Cache County Building Department","2017","true","Local Building Department","no codeSourceUrl + codeRetrievedAtIso — every value on this row is unprovenanced"
"ut-carbon-price","UT","City of Price Building Dept","2017","true","Local Building Department","no codeSourceUrl + codeRetrievedAtIso — every value on this row is unprovenanced"
"ut-carbon-carbon-county","UT","Carbon County Building Department","2017","true","Local Building Department","no codeSourceUrl + codeRetrievedAtIso — every value on this row is unprovenanced"
"ut-daggett-daggett-county","UT","Daggett County Building Department","2017","true","Local Building Department","no codeSourceUrl + codeRetrievedAtIso — every value on this row is unprovenanced"
"ut-davis-bountiful","UT","City of Bountiful Building Dept","2017","true","Local Building Department","no codeSourceUrl + codeRetrievedAtIso — every value on this row is unprovenanced"
"ut-davis-layton","UT","City of Layton Building Dept","2017","true","Local Building Department","no codeSourceUrl + codeRetrievedAtIso — every value on this row is unprovenanced"
"ut-davis-davis-county","UT","Davis County Building Department","2017","true","Local Building Department","no codeSourceUrl + codeRetrievedAtIso — every value on this row is unprovenanced"
"ut-duchesne-duchesne-county","UT","Duchesne County Building Department","2017","true","Local Building Department","no codeSourceUrl + codeRetrievedAtIso — every value on this row is unprovenanced"
"ut-emery-emery-county","UT","Emery County Building Department","2017","true","Local Building Department","no codeSourceUrl + codeRetrievedAtIso — every value on this row is unprovenanced"
"ut-garfield-garfield-county","UT","Garfield County Building Department","2017","true","Local Building Department","no codeSourceUrl + codeRetrievedAtIso — every value on this row is unprovenanced"
"ut-grand-grand-county","UT","Grand County Building Department","2017","true","Local Building Department","no codeSourceUrl + codeRetrievedAtIso — every value on this row is unprovenanced"
"ut-iron-cedar-city","UT","City of Cedar City Building Dept","2017","true","Local Building Department","no codeSourceUrl + codeRetrievedAtIso — every value on this row is unprovenanced"
"ut-iron-iron-county","UT","Iron County Building Department","2017","true","Local Building Department","no codeSourceUrl + codeRetrievedAtIso — every value on this row is unprovenanced"
"ut-juab-juab-county","UT","Juab County Building Department","2017","true","Local Building Department","no codeSourceUrl + codeRetrievedAtIso — every value on this row is unprovenanced"
"ut-kane-kane-county","UT","Kane County Building Department","2017","true","Local Building Department","no codeSourceUrl + codeRetrievedAtIso — every value on this row is unprovenanced"
"ut-millard-millard-county","UT","Millard County Building Department","2017","true","Local Building Department","no codeSourceUrl + codeRetrievedAtIso — every value on this row is unprovenanced"
"ut-morgan-morgan-county","UT","Morgan County Building Department","2017","true","Local Building Department","no codeSourceUrl + codeRetrievedAtIso — every value on this row is unprovenanced"
"ut-piute-piute-county","UT","Piute County Building Department","2017","true","Local Building Department","no codeSourceUrl + codeRetrievedAtIso — every value on this row is unprovenanced"
"ut-rich-rich-county","UT","Rich County Building Department","2017","true","Local Building Department","no codeSourceUrl + codeRetrievedAtIso — every value on this row is unprovenanced"
"ut-salt-lake-herriman","UT","City of Herriman Building Dept","2017","true","Local Building Department","no codeSourceUrl + codeRetrievedAtIso — every value on this row is unprovenanced"
"ut-salt-lake-murray","UT","City of Murray Building Dept","2017","true","Local Building Department","no codeSourceUrl + codeRetrievedAtIso — every value on this row is unprovenanced"
"ut-salt-lake-sandy","UT","City of Sandy Building Dept","2017","true","Local Building Department","no codeSourceUrl + codeRetrievedAtIso — every value on this row is unprovenanced"
"ut-salt-lake-south-jordan","UT","City of South Jordan Building Dept","2017","true","Local Building Department","no codeSourceUrl + codeRetrievedAtIso — every value on this row is unprovenanced"
"ut-salt-lake-salt-lake-county","UT","Salt Lake County Building Department","2017","true","Local Building Department","no codeSourceUrl + codeRetrievedAtIso — every value on this row is unprovenanced"
"ut-salt-lake-west-jordan","UT","City of West Jordan Building Dept","2017","true","Local Building Department","no codeSourceUrl + codeRetrievedAtIso — every value on this row is unprovenanced"
"ut-salt-lake-west-valley-city","UT","City of West Valley Building Department","2017","true","Local Building Department","no codeSourceUrl + codeRetrievedAtIso — every value on this row is unprovenanced"
"ut-san-juan-san-juan-county","UT","San Juan County Building Department","2017","true","Local Building Department","no codeSourceUrl + codeRetrievedAtIso — every value on this row is unprovenanced"
"ut-sanpete-sanpete-county","UT","Sanpete County Building Department","2017","true","Local Building Department","no codeSourceUrl + codeRetrievedAtIso — every value on this row is unprovenanced"
"ut-sevier-sevier-county","UT","Sevier County Building Department","2017","true","Local Building Department","no codeSourceUrl + codeRetrievedAtIso — every value on this row is unprovenanced"
"ut-summit-summit-county","UT","Summit County Building Department","2017","true","Local Building Department","no codeSourceUrl + codeRetrievedAtIso — every value on this row is unprovenanced"
"ut-tooele-tooele-county","UT","Tooele County Building Department","2017","true","Local Building Department","no codeSourceUrl + codeRetrievedAtIso — every value on this row is unprovenanced"
"ut-uintah-uintah-county","UT","Uintah County Building Department","2017","true","Local Building Department","no codeSourceUrl + codeRetrievedAtIso — every value on this row is unprovenanced"
"ut-utah-lehi","UT","City of Lehi Building Dept","2017","true","Local Building Department","no codeSourceUrl + codeRetrievedAtIso — every value on this row is unprovenanced"
"ut-utah-orem","UT","City of Orem Building Department","2017","true","Local Building Department","no codeSourceUrl + codeRetrievedAtIso — every value on this row is unprovenanced"
"ut-utah-pleasant-grove","UT","City of Pleasant Grove Building Dept","2017","true","Local Building Department","no codeSourceUrl + codeRetrievedAtIso — every value on this row is unprovenanced"
"ut-utah-utah-county","UT","Utah County Building Department","2017","true","Local Building Department","no codeSourceUrl + codeRetrievedAtIso — every value on this row is unprovenanced"
"ut-wasatch-wasatch-county","UT","Wasatch County Building Department","2017","true","Local Building Department","no codeSourceUrl + codeRetrievedAtIso — every value on this row is unprovenanced"
"ut-washington-st-george","UT","City of St. George Building Dept","2017","true","Local Building Department","no codeSourceUrl + codeRetrievedAtIso — every value on this row is unprovenanced"
"ut-washington-washington-county","UT","Washington County Building Department","2017","true","Local Building Department","no codeSourceUrl + codeRetrievedAtIso — every value on this row is unprovenanced"
"ut-wayne-wayne-county","UT","Wayne County Building Department","2017","true","Local Building Department","no codeSourceUrl + codeRetrievedAtIso — every value on this row is unprovenanced"
"ut-weber-weber-county","UT","Weber County Building Department","2017","true","Local Building Department","no codeSourceUrl + codeRetrievedAtIso — every value on this row is unprovenanced"
"va-accomack-accomack-county","VA","Accomack County Building Department","2020","true","Local Building Department","no codeSourceUrl + codeRetrievedAtIso — every value on this row is unprovenanced"
"va-albemarle-albemarle-county","VA","Albemarle County Building Department","2020","true","Local Building Department","no codeSourceUrl + codeRetrievedAtIso — every value on this row is unprovenanced"
"va-alexandria-city-alexandria","VA","City of Alexandria Building Department","2020","true","Local Building Department","no codeSourceUrl + codeRetrievedAtIso — every value on this row is unprovenanced"
"va-alleghany-alleghany-county","VA","Alleghany County Building Department","2020","true","Local Building Department","no codeSourceUrl + codeRetrievedAtIso — every value on this row is unprovenanced"
"va-amelia-amelia-county","VA","Amelia County Building Department","2020","true","Local Building Department","no codeSourceUrl + codeRetrievedAtIso — every value on this row is unprovenanced"
"va-amherst-amherst-county","VA","Amherst County Building Department","2020","true","Local Building Department","no codeSourceUrl + codeRetrievedAtIso — every value on this row is unprovenanced"
"va-appomattox-appomattox-county","VA","Appomattox County Building Department","2020","true","Local Building Department","no codeSourceUrl + codeRetrievedAtIso — every value on this row is unprovenanced"
"va-arlington-arlington-county","VA","Arlington County Building Department","2020","false","Local Building Department","no codeSourceUrl + codeRetrievedAtIso — every value on this row is unprovenanced"
"va-augusta-augusta-county","VA","Augusta County Building Department","2020","true","Local Building Department","no codeSourceUrl + codeRetrievedAtIso — every value on this row is unprovenanced"
"va-bath-bath-county","VA","Bath County Building Department","2020","true","Local Building Department","no codeSourceUrl + codeRetrievedAtIso — every value on this row is unprovenanced"
"va-bedford-bedford-county","VA","Bedford County Building Department","2020","true","Local Building Department","no codeSourceUrl + codeRetrievedAtIso — every value on this row is unprovenanced"
"va-bland-bland-county","VA","Bland County Building Department","2020","true","Local Building Department","no codeSourceUrl + codeRetrievedAtIso — every value on this row is unprovenanced"
"va-botetourt-botetourt-county","VA","Botetourt County Building Department","2020","true","Local Building Department","no codeSourceUrl + codeRetrievedAtIso — every value on this row is unprovenanced"
"va-bristol-city-bristol","VA","City of Bristol Building Department","2020","true","Local Building Department","no codeSourceUrl + codeRetrievedAtIso — every value on this row is unprovenanced"
"va-brunswick-brunswick-county","VA","Brunswick County Building Department","2020","true","Local Building Department","no codeSourceUrl + codeRetrievedAtIso — every value on this row is unprovenanced"
"va-buchanan-buchanan-county","VA","Buchanan County Building Department","2020","true","Local Building Department","no codeSourceUrl + codeRetrievedAtIso — every value on this row is unprovenanced"
"va-buckingham-buckingham-county","VA","Buckingham County Building Department","2020","true","Local Building Department","no codeSourceUrl + codeRetrievedAtIso — every value on this row is unprovenanced"
"va-buena-vista-city-buena-vista","VA","City of Buena Vista Building Department","2020","true","Local Building Department","no codeSourceUrl + codeRetrievedAtIso — every value on this row is unprovenanced"
"va-campbell-campbell-county","VA","Campbell County Building Department","2020","true","Local Building Department","no codeSourceUrl + codeRetrievedAtIso — every value on this row is unprovenanced"
"va-caroline-caroline-county","VA","Caroline County Building Department","2020","true","Local Building Department","no codeSourceUrl + codeRetrievedAtIso — every value on this row is unprovenanced"
"va-carroll-carroll-county","VA","Carroll County Building Department","2020","true","Local Building Department","no codeSourceUrl + codeRetrievedAtIso — every value on this row is unprovenanced"
"va-charles-city-charles-city-county","VA","Charles City County Building Department","2020","false","Local Building Department","no codeSourceUrl + codeRetrievedAtIso — every value on this row is unprovenanced"
"va-charlotte-charlotte-county","VA","Charlotte County Building Department","2020","true","Local Building Department","no codeSourceUrl + codeRetrievedAtIso — every value on this row is unprovenanced"
"va-charlottesville-city-charlottesville","VA","City of Charlottesville Building Department","2020","true","Local Building Department","no codeSourceUrl + codeRetrievedAtIso — every value on this row is unprovenanced"
"va-chesapeake-city-chesapeake","VA","City of Chesapeake Building Department","2020","true","Local Building Department","no codeSourceUrl + codeRetrievedAtIso — every value on this row is unprovenanced"
"va-clarke-clarke-county","VA","Clarke County Building Department","2020","true","Local Building Department","no codeSourceUrl + codeRetrievedAtIso — every value on this row is unprovenanced"
"va-clifton-forge-city-clifton-forge","VA","City of Clifton Forge Building Department","2020","false","Local Building Department","no codeSourceUrl + codeRetrievedAtIso — every value on this row is unprovenanced"
"va-colonial-heights-city-colonial-heights","VA","City of Colonial Heights Building Department","2020","true","Local Building Department","no codeSourceUrl + codeRetrievedAtIso — every value on this row is unprovenanced"
"va-covington-city-covington","VA","City of Covington Building Department","2020","true","Local Building Department","no codeSourceUrl + codeRetrievedAtIso — every value on this row is unprovenanced"
"va-craig-craig-county","VA","Craig County Building Department","2020","true","Local Building Department","no codeSourceUrl + codeRetrievedAtIso — every value on this row is unprovenanced"
"va-culpeper-culpeper-county","VA","Culpeper County Building Department","2020","true","Local Building Department","no codeSourceUrl + codeRetrievedAtIso — every value on this row is unprovenanced"
"va-cumberland-cumberland-county","VA","Cumberland County Building Department","2020","true","Local Building Department","no codeSourceUrl + codeRetrievedAtIso — every value on this row is unprovenanced"
"va-danville-city-danville","VA","City of Danville Building Department","2020","true","Local Building Department","no codeSourceUrl + codeRetrievedAtIso — every value on this row is unprovenanced"
"va-dickenson-dickenson-county","VA","Dickenson County Building Department","2020","true","Local Building Department","no codeSourceUrl + codeRetrievedAtIso — every value on this row is unprovenanced"
"va-dinwiddie-dinwiddie-county","VA","Dinwiddie County Building Department","2020","true","Local Building Department","no codeSourceUrl + codeRetrievedAtIso — every value on this row is unprovenanced"
"va-emporia-city-emporia","VA","City of Emporia Building Department","2020","true","Local Building Department","no codeSourceUrl + codeRetrievedAtIso — every value on this row is unprovenanced"
"va-essex-essex-county","VA","Essex County Building Department","2020","true","Local Building Department","no codeSourceUrl + codeRetrievedAtIso — every value on this row is unprovenanced"
"va-fairfax-city-fairfax","VA","City of Fairfax Building Department","2020","true","Local Building Department","no codeSourceUrl + codeRetrievedAtIso — every value on this row is unprovenanced"
"va-falls-church-city-falls-church","VA","City of Falls Church Building Department","2020","true","Local Building Department","no codeSourceUrl + codeRetrievedAtIso — every value on this row is unprovenanced"
"va-fauquier-fauquier-county","VA","Fauquier County Building Department","2020","true","Local Building Department","no codeSourceUrl + codeRetrievedAtIso — every value on this row is unprovenanced"
"va-floyd-floyd-county","VA","Floyd County Building Department","2020","true","Local Building Department","no codeSourceUrl + codeRetrievedAtIso — every value on this row is unprovenanced"
"va-fluvanna-fluvanna-county","VA","Fluvanna County Building Department","2020","true","Local Building Department","no codeSourceUrl + codeRetrievedAtIso — every value on this row is unprovenanced"
"va-franklin-franklin-county","VA","Franklin County Building Department","2020","true","Local Building Department","no codeSourceUrl + codeRetrievedAtIso — every value on this row is unprovenanced"
"va-franklin-city-franklin","VA","City of Franklin Building Department","2020","true","Local Building Department","no codeSourceUrl + codeRetrievedAtIso — every value on this row is unprovenanced"
"va-frederick-frederick-county","VA","Frederick County Building Department","2020","true","Local Building Department","no codeSourceUrl + codeRetrievedAtIso — every value on this row is unprovenanced"
"va-fredericksburg-city-fredericksburg","VA","City of Fredericksburg Building Department","2020","true","Local Building Department","no codeSourceUrl + codeRetrievedAtIso — every value on this row is unprovenanced"
"va-galax-city-galax","VA","City of Galax Building Department","2020","true","Local Building Department","no codeSourceUrl + codeRetrievedAtIso — every value on this row is unprovenanced"
"va-giles-giles-county","VA","Giles County Building Department","2020","true","Local Building Department","no codeSourceUrl + codeRetrievedAtIso — every value on this row is unprovenanced"
"va-gloucester-gloucester-county","VA","Gloucester County Building Department","2020","true","Local Building Department","no codeSourceUrl + codeRetrievedAtIso — every value on this row is unprovenanced"
"va-goochland-goochland-county","VA","Goochland County Building Department","2020","true","Local Building Department","no codeSourceUrl + codeRetrievedAtIso — every value on this row is unprovenanced"
"va-grayson-grayson-county","VA","Grayson County Building Department","2020","true","Local Building Department","no codeSourceUrl + codeRetrievedAtIso — every value on this row is unprovenanced"
"va-greene-greene-county","VA","Greene County Building Department","2020","true","Local Building Department","no codeSourceUrl + codeRetrievedAtIso — every value on this row is unprovenanced"
"va-greensville-greensville-county","VA","Greensville County Building Department","2020","true","Local Building Department","no codeSourceUrl + codeRetrievedAtIso — every value on this row is unprovenanced"
"va-halifax-halifax-county","VA","Halifax County Building Department","2020","true","Local Building Department","no codeSourceUrl + codeRetrievedAtIso — every value on this row is unprovenanced"
"va-hampton-city-hampton","VA","City of Hampton Building Department","2020","true","Local Building Department","no codeSourceUrl + codeRetrievedAtIso — every value on this row is unprovenanced"
"va-hanover-hanover-county","VA","Hanover County Building Department","2020","true","Local Building Department","no codeSourceUrl + codeRetrievedAtIso — every value on this row is unprovenanced"
"va-harrisonburg-city-harrisonburg","VA","City of Harrisonburg Building Department","2020","true","Local Building Department","no codeSourceUrl + codeRetrievedAtIso — every value on this row is unprovenanced"
"va-henrico-henrico-county","VA","Henrico County Building Department","2020","true","Local Building Department","no codeSourceUrl + codeRetrievedAtIso — every value on this row is unprovenanced"
"va-henry-henry-county","VA","Henry County Building Department","2020","true","Local Building Department","no codeSourceUrl + codeRetrievedAtIso — every value on this row is unprovenanced"
"va-highland-highland-county","VA","Highland County Building Department","2020","true","Local Building Department","no codeSourceUrl + codeRetrievedAtIso — every value on this row is unprovenanced"
"va-hopewell-city-hopewell","VA","City of Hopewell Building Department","2020","true","Local Building Department","no codeSourceUrl + codeRetrievedAtIso — every value on this row is unprovenanced"
"va-isle-of-wight-isle-of-wight-county","VA","Isle of Wight County Building Department","2020","true","Local Building Department","no codeSourceUrl + codeRetrievedAtIso — every value on this row is unprovenanced"
"va-james-city-james-city-county","VA","James City County Building Department","2020","false","Local Building Department","no codeSourceUrl + codeRetrievedAtIso — every value on this row is unprovenanced"
"va-king-and-queen-king-and-queen-county","VA","King and Queen County Building Department","2020","true","Local Building Department","no codeSourceUrl + codeRetrievedAtIso — every value on this row is unprovenanced"
"va-king-george-king-george-county","VA","King George County Building Department","2020","true","Local Building Department","no codeSourceUrl + codeRetrievedAtIso — every value on this row is unprovenanced"
"va-king-william-king-william-county","VA","King William County Building Department","2020","true","Local Building Department","no codeSourceUrl + codeRetrievedAtIso — every value on this row is unprovenanced"
"va-lancaster-lancaster-county","VA","Lancaster County Building Department","2020","true","Local Building Department","no codeSourceUrl + codeRetrievedAtIso — every value on this row is unprovenanced"
"va-lee-lee-county","VA","Lee County Building Department","2020","true","Local Building Department","no codeSourceUrl + codeRetrievedAtIso — every value on this row is unprovenanced"
"va-lexington-city-lexington","VA","City of Lexington Building Department","2020","true","Local Building Department","no codeSourceUrl + codeRetrievedAtIso — every value on this row is unprovenanced"
"va-loudoun-loudoun-county","VA","Loudoun County Building Department","2020","true","Local Building Department","no codeSourceUrl + codeRetrievedAtIso — every value on this row is unprovenanced"
"va-louisa-louisa-county","VA","Louisa County Building Department","2020","true","Local Building Department","no codeSourceUrl + codeRetrievedAtIso — every value on this row is unprovenanced"
"va-lunenburg-lunenburg-county","VA","Lunenburg County Building Department","2020","true","Local Building Department","no codeSourceUrl + codeRetrievedAtIso — every value on this row is unprovenanced"
"va-lynchburg-city-lynchburg","VA","City of Lynchburg Building Department","2020","true","Local Building Department","no codeSourceUrl + codeRetrievedAtIso — every value on this row is unprovenanced"
"va-madison-madison-county","VA","Madison County Building Department","2020","true","Local Building Department","no codeSourceUrl + codeRetrievedAtIso — every value on this row is unprovenanced"
"va-manassas-city-manassas","VA","City of Manassas Building Department","2020","true","Local Building Department","no codeSourceUrl + codeRetrievedAtIso — every value on this row is unprovenanced"
"va-manassas-park-city-manassas-park","VA","City of Manassas Park Building Department","2020","true","Local Building Department","no codeSourceUrl + codeRetrievedAtIso — every value on this row is unprovenanced"
"va-martinsville-city-martinsville","VA","City of Martinsville Building Department","2020","true","Local Building Department","no codeSourceUrl + codeRetrievedAtIso — every value on this row is unprovenanced"
"va-mathews-mathews-county","VA","Mathews County Building Department","2020","true","Local Building Department","no codeSourceUrl + codeRetrievedAtIso — every value on this row is unprovenanced"
"va-mecklenburg-mecklenburg-county","VA","Mecklenburg County Building Department","2020","true","Local Building Department","no codeSourceUrl + codeRetrievedAtIso — every value on this row is unprovenanced"
"va-middlesex-middlesex-county","VA","Middlesex County Building Department","2020","true","Local Building Department","no codeSourceUrl + codeRetrievedAtIso — every value on this row is unprovenanced"
"va-montgomery-montgomery-county","VA","Montgomery County Building Department","2020","true","Local Building Department","no codeSourceUrl + codeRetrievedAtIso — every value on this row is unprovenanced"
"va-nelson-nelson-county","VA","Nelson County Building Department","2020","true","Local Building Department","no codeSourceUrl + codeRetrievedAtIso — every value on this row is unprovenanced"
"va-new-kent-new-kent-county","VA","New Kent County Building Department","2020","true","Local Building Department","no codeSourceUrl + codeRetrievedAtIso — every value on this row is unprovenanced"
"va-newport-news-city-newport-news","VA","City of Newport News Building Department","2020","true","Local Building Department","no codeSourceUrl + codeRetrievedAtIso — every value on this row is unprovenanced"
"va-norfolk-city-norfolk","VA","City of Norfolk Building Department","2020","true","Local Building Department","no codeSourceUrl + codeRetrievedAtIso — every value on this row is unprovenanced"
"va-northampton-northampton-county","VA","Northampton County Building Department","2020","true","Local Building Department","no codeSourceUrl + codeRetrievedAtIso — every value on this row is unprovenanced"
"va-northumberland-northumberland-county","VA","Northumberland County Building Department","2020","true","Local Building Department","no codeSourceUrl + codeRetrievedAtIso — every value on this row is unprovenanced"
"va-norton-city-norton","VA","City of Norton Building Department","2020","true","Local Building Department","no codeSourceUrl + codeRetrievedAtIso — every value on this row is unprovenanced"
"va-nottoway-nottoway-county","VA","Nottoway County Building Department","2020","true","Local Building Department","no codeSourceUrl + codeRetrievedAtIso — every value on this row is unprovenanced"
"va-orange-orange-county","VA","Orange County Building Department","2020","true","Local Building Department","no codeSourceUrl + codeRetrievedAtIso — every value on this row is unprovenanced"
"va-page-page-county","VA","Page County Building Department","2020","true","Local Building Department","no codeSourceUrl + codeRetrievedAtIso — every value on this row is unprovenanced"
"va-patrick-patrick-county","VA","Patrick County Building Department","2020","true","Local Building Department","no codeSourceUrl + codeRetrievedAtIso — every value on this row is unprovenanced"
"va-petersburg-city-petersburg","VA","City of Petersburg Building Department","2020","true","Local Building Department","no codeSourceUrl + codeRetrievedAtIso — every value on this row is unprovenanced"
"va-pittsylvania-pittsylvania-county","VA","Pittsylvania County Building Department","2020","true","Local Building Department","no codeSourceUrl + codeRetrievedAtIso — every value on this row is unprovenanced"
"va-poquoson-city-poquoson","VA","City of Poquoson Building Department","2020","true","Local Building Department","no codeSourceUrl + codeRetrievedAtIso — every value on this row is unprovenanced"
"va-portsmouth-city-portsmouth","VA","City of Portsmouth Building Department","2020","true","Local Building Department","no codeSourceUrl + codeRetrievedAtIso — every value on this row is unprovenanced"
"va-powhatan-powhatan-county","VA","Powhatan County Building Department","2020","true","Local Building Department","no codeSourceUrl + codeRetrievedAtIso — every value on this row is unprovenanced"
"va-prince-edward-prince-edward-county","VA","Prince Edward County Building Department","2020","true","Local Building Department","no codeSourceUrl + codeRetrievedAtIso — every value on this row is unprovenanced"
"va-prince-george-prince-george-county","VA","Prince George County Building Department","2020","true","Local Building Department","no codeSourceUrl + codeRetrievedAtIso — every value on this row is unprovenanced"
"va-prince-william-prince-william-county","VA","Prince William County Building Department","2020","true","Local Building Department","no codeSourceUrl + codeRetrievedAtIso — every value on this row is unprovenanced"
"va-pulaski-pulaski-county","VA","Pulaski County Building Department","2020","true","Local Building Department","no codeSourceUrl + codeRetrievedAtIso — every value on this row is unprovenanced"
"va-radford-city-radford","VA","City of Radford Building Department","2020","true","Local Building Department","no codeSourceUrl + codeRetrievedAtIso — every value on this row is unprovenanced"
"va-rappahannock-rappahannock-county","VA","Rappahannock County Building Department","2020","true","Local Building Department","no codeSourceUrl + codeRetrievedAtIso — every value on this row is unprovenanced"
"va-richmond-richmond-county","VA","Richmond County Building Department","2020","true","Local Building Department","no codeSourceUrl + codeRetrievedAtIso — every value on this row is unprovenanced"
"va-roanoke-roanoke-county","VA","Roanoke County Building Department","2020","true","Local Building Department","no codeSourceUrl + codeRetrievedAtIso — every value on this row is unprovenanced"
"va-roanoke-city-roanoke","VA","City of Roanoke Building Department","2020","true","Local Building Department","no codeSourceUrl + codeRetrievedAtIso — every value on this row is unprovenanced"
"va-rockbridge-rockbridge-county","VA","Rockbridge County Building Department","2020","true","Local Building Department","no codeSourceUrl + codeRetrievedAtIso — every value on this row is unprovenanced"
"va-rockingham-rockingham-county","VA","Rockingham County Building Department","2020","true","Local Building Department","no codeSourceUrl + codeRetrievedAtIso — every value on this row is unprovenanced"
"va-russell-russell-county","VA","Russell County Building Department","2020","true","Local Building Department","no codeSourceUrl + codeRetrievedAtIso — every value on this row is unprovenanced"
"va-salem-city-salem","VA","City of Salem Building Department","2020","true","Local Building Department","no codeSourceUrl + codeRetrievedAtIso — every value on this row is unprovenanced"
"va-scott-scott-county","VA","Scott County Building Department","2020","true","Local Building Department","no codeSourceUrl + codeRetrievedAtIso — every value on this row is unprovenanced"
"va-shenandoah-shenandoah-county","VA","Shenandoah County Building Department","2020","true","Local Building Department","no codeSourceUrl + codeRetrievedAtIso — every value on this row is unprovenanced"
"va-smyth-smyth-county","VA","Smyth County Building Department","2020","true","Local Building Department","no codeSourceUrl + codeRetrievedAtIso — every value on this row is unprovenanced"
"va-southampton-southampton-county","VA","Southampton County Building Department","2020","true","Local Building Department","no codeSourceUrl + codeRetrievedAtIso — every value on this row is unprovenanced"
"va-spotsylvania-spotsylvania-county","VA","Spotsylvania County Building Department","2020","true","Local Building Department","no codeSourceUrl + codeRetrievedAtIso — every value on this row is unprovenanced"
"va-stafford-stafford-county","VA","Stafford County Building Department","2020","true","Local Building Department","no codeSourceUrl + codeRetrievedAtIso — every value on this row is unprovenanced"
"va-staunton-city-staunton","VA","City of Staunton Building Department","2020","true","Local Building Department","no codeSourceUrl + codeRetrievedAtIso — every value on this row is unprovenanced"
"va-suffolk-city-suffolk","VA","City of Suffolk Building Department","2020","true","Local Building Department","no codeSourceUrl + codeRetrievedAtIso — every value on this row is unprovenanced"
"va-surry-surry-county","VA","Surry County Building Department","2020","true","Local Building Department","no codeSourceUrl + codeRetrievedAtIso — every value on this row is unprovenanced"
"va-sussex-sussex-county","VA","Sussex County Building Department","2020","true","Local Building Department","no codeSourceUrl + codeRetrievedAtIso — every value on this row is unprovenanced"
"va-tazewell-tazewell-county","VA","Tazewell County Building Department","2020","true","Local Building Department","no codeSourceUrl + codeRetrievedAtIso — every value on this row is unprovenanced"
"va-warren-warren-county","VA","Warren County Building Department","2020","true","Local Building Department","no codeSourceUrl + codeRetrievedAtIso — every value on this row is unprovenanced"
"va-washington-washington-county","VA","Washington County Building Department","2020","true","Local Building Department","no codeSourceUrl + codeRetrievedAtIso — every value on this row is unprovenanced"
"va-waynesboro-city-waynesboro","VA","City of Waynesboro Building Department","2020","true","Local Building Department","no codeSourceUrl + codeRetrievedAtIso — every value on this row is unprovenanced"
"va-westmoreland-westmoreland-county","VA","Westmoreland County Building Department","2020","true","Local Building Department","no codeSourceUrl + codeRetrievedAtIso — every value on this row is unprovenanced"
"va-williamsburg-city-williamsburg","VA","City of Williamsburg Building Department","2020","true","Local Building Department","no codeSourceUrl + codeRetrievedAtIso — every value on this row is unprovenanced"
"va-winchester-city-winchester","VA","City of Winchester Building Department","2020","true","Local Building Department","no codeSourceUrl + codeRetrievedAtIso — every value on this row is unprovenanced"
"va-wise-wise-county","VA","Wise County Building Department","2020","true","Local Building Department","no codeSourceUrl + codeRetrievedAtIso — every value on this row is unprovenanced"
"va-wythe-wythe-county","VA","Wythe County Building Department","2020","true","Local Building Department","no codeSourceUrl + codeRetrievedAtIso — every value on this row is unprovenanced"
"va-york-york-county","VA","York County Building Department","2020","true","Local Building Department","no codeSourceUrl + codeRetrievedAtIso — every value on this row is unprovenanced"
"vi-st-croix-st-croix-county","VI","St. Croix County Building Department","2017","false","Local Building Department","no codeSourceUrl + codeRetrievedAtIso — every value on this row is unprovenanced"
"vi-st-john-st-john-county","VI","St. John County Building Department","2017","false","Local Building Department","no codeSourceUrl + codeRetrievedAtIso — every value on this row is unprovenanced"
"vi-st-thomas-st-thomas-county","VI","St. Thomas County Building Department","2017","false","Local Building Department","no codeSourceUrl + codeRetrievedAtIso — every value on this row is unprovenanced"
"vt-addison-middlebury","VT","Town of Middlebury Building Dept","2020","false","Local Building Department","no codeSourceUrl + codeRetrievedAtIso — every value on this row is unprovenanced"
"vt-addison-addison-county","VT","Addison County Building Department","2020","true","Local Building Department","no codeSourceUrl + codeRetrievedAtIso — every value on this row is unprovenanced"
"vt-bennington-bennington-county","VT","Bennington County Building Department","2020","true","Local Building Department","no codeSourceUrl + codeRetrievedAtIso — every value on this row is unprovenanced"
"vt-caledonia-caledonia-county","VT","Caledonia County Building Department","2020","true","Local Building Department","no codeSourceUrl + codeRetrievedAtIso — every value on this row is unprovenanced"
"vt-chittenden-south-burlington","VT","City of South Burlington Building Dept","2020","true","Local Building Department","no codeSourceUrl + codeRetrievedAtIso — every value on this row is unprovenanced"
"vt-chittenden-chittenden-county","VT","Chittenden County Building Department","2020","true","Local Building Department","no codeSourceUrl + codeRetrievedAtIso — every value on this row is unprovenanced"
"vt-essex-essex-county","VT","Essex County Building Department","2020","true","Local Building Department","no codeSourceUrl + codeRetrievedAtIso — every value on this row is unprovenanced"
"vt-franklin-st-albans","VT","City of St. Albans Building Dept","2020","true","Local Building Department","no codeSourceUrl + codeRetrievedAtIso — every value on this row is unprovenanced"
"vt-franklin-franklin-county","VT","Franklin County Building Department","2020","true","Local Building Department","no codeSourceUrl + codeRetrievedAtIso — every value on this row is unprovenanced"
"vt-grand-isle-grand-isle-county","VT","Grand Isle County Building Department","2020","true","Local Building Department","no codeSourceUrl + codeRetrievedAtIso — every value on this row is unprovenanced"
"vt-lamoille-lamoille-county","VT","Lamoille County Building Department","2020","true","Local Building Department","no codeSourceUrl + codeRetrievedAtIso — every value on this row is unprovenanced"
"vt-orange-orange-county","VT","Orange County Building Department","2020","true","Local Building Department","no codeSourceUrl + codeRetrievedAtIso — every value on this row is unprovenanced"
"vt-orleans-orleans-county","VT","Orleans County Building Department","2020","true","Local Building Department","no codeSourceUrl + codeRetrievedAtIso — every value on this row is unprovenanced"
"vt-rutland-rutland","VT","City of Rutland Building Department","2020","true","Local Building Department","no codeSourceUrl + codeRetrievedAtIso — every value on this row is unprovenanced"
"vt-rutland-rutland-county","VT","Rutland County Building Department","2020","true","Local Building Department","no codeSourceUrl + codeRetrievedAtIso — every value on this row is unprovenanced"
"vt-washington-barre","VT","City of Barre Building Dept","2020","true","Local Building Department","no codeSourceUrl + codeRetrievedAtIso — every value on this row is unprovenanced"
"vt-washington-montpelier","VT","City of Montpelier Building Department","2020","true","Local Building Department","no codeSourceUrl + codeRetrievedAtIso — every value on this row is unprovenanced"
"vt-washington-washington-county","VT","Washington County Building Department","2020","true","Local Building Department","no codeSourceUrl + codeRetrievedAtIso — every value on this row is unprovenanced"
"vt-windham-brattleboro","VT","Town of Brattleboro Building Dept","2020","false","Local Building Department","no codeSourceUrl + codeRetrievedAtIso — every value on this row is unprovenanced"
"vt-windham-windham-county","VT","Windham County Building Department","2020","true","Local Building Department","no codeSourceUrl + codeRetrievedAtIso — every value on this row is unprovenanced"
"vt-windsor-windsor-county","VT","Windsor County Building Department","2020","true","Local Building Department","no codeSourceUrl + codeRetrievedAtIso — every value on this row is unprovenanced"
"wa-adams-adams-county","WA","Adams County Building Department","2020","true","Local Building Department","no codeSourceUrl + codeRetrievedAtIso — every value on this row is unprovenanced"
"wa-asotin-asotin-county","WA","Asotin County Building Department","2020","true","Local Building Department","no codeSourceUrl + codeRetrievedAtIso — every value on this row is unprovenanced"
"wa-benton-kennewick","WA","City of Kennewick Building Dept","2020","true","Local Building Department","no codeSourceUrl + codeRetrievedAtIso — every value on this row is unprovenanced"
"wa-benton-benton-county","WA","Benton County Building Department","2020","true","Local Building Department","no codeSourceUrl + codeRetrievedAtIso — every value on this row is unprovenanced"
"wa-chelan-chelan-county","WA","Chelan County Building Department","2020","true","Local Building Department","no codeSourceUrl + codeRetrievedAtIso — every value on this row is unprovenanced"
"wa-clallam-clallam-county","WA","Clallam County Building Department","2020","true","Local Building Department","no codeSourceUrl + codeRetrievedAtIso — every value on this row is unprovenanced"
"wa-clark-clark-county","WA","Clark County Building Department","2020","true","Local Building Department","no codeSourceUrl + codeRetrievedAtIso — every value on this row is unprovenanced"
"wa-clark-vancouver","WA","City of Vancouver Building Department","2020","true","Local Building Department","no codeSourceUrl + codeRetrievedAtIso — every value on this row is unprovenanced"
"wa-columbia-columbia-county","WA","Columbia County Building Department","2020","true","Local Building Department","no codeSourceUrl + codeRetrievedAtIso — every value on this row is unprovenanced"
"wa-cowlitz-cowlitz-county","WA","Cowlitz County Building Department","2020","true","Local Building Department","no codeSourceUrl + codeRetrievedAtIso — every value on this row is unprovenanced"
"wa-douglas-douglas-county","WA","Douglas County Building Department","2020","true","Local Building Department","no codeSourceUrl + codeRetrievedAtIso — every value on this row is unprovenanced"
"wa-ferry-ferry-county","WA","Ferry County Building Department","2020","true","Local Building Department","no codeSourceUrl + codeRetrievedAtIso — every value on this row is unprovenanced"
"wa-franklin-franklin-county","WA","Franklin County Building Department","2020","true","Local Building Department","no codeSourceUrl + codeRetrievedAtIso — every value on this row is unprovenanced"
"wa-garfield-garfield-county","WA","Garfield County Building Department","2020","true","Local Building Department","no codeSourceUrl + codeRetrievedAtIso — every value on this row is unprovenanced"
"wa-grant-grant-county","WA","Grant County Building Department","2020","true","Local Building Department","no codeSourceUrl + codeRetrievedAtIso — every value on this row is unprovenanced"
"wa-grays-harbor-grays-harbor-county","WA","Grays Harbor County Building Department","2020","true","Local Building Department","no codeSourceUrl + codeRetrievedAtIso — every value on this row is unprovenanced"
"wa-island-island-county","WA","Island County Building Department","2020","true","Local Building Department","no codeSourceUrl + codeRetrievedAtIso — every value on this row is unprovenanced"
"wa-jefferson-jefferson-county","WA","Jefferson County Building Department","2020","true","Local Building Department","no codeSourceUrl + codeRetrievedAtIso — every value on this row is unprovenanced"
"wa-king-bellevue","WA","City of Bellevue Development Services","2020","true","Local Building Department","no codeSourceUrl + codeRetrievedAtIso — every value on this row is unprovenanced"
"wa-king-federal-way","WA","City of Federal Way Building Dept","2020","true","Local Building Department","no codeSourceUrl + codeRetrievedAtIso — every value on this row is unprovenanced"
"wa-king-kent","WA","City of Kent Building Department","2020","true","Local Building Department","no codeSourceUrl + codeRetrievedAtIso — every value on this row is unprovenanced"
"wa-king-kirkland","WA","City of Kirkland Building Dept","2020","true","Local Building Department","no codeSourceUrl + codeRetrievedAtIso — every value on this row is unprovenanced"
"wa-king-redmond","WA","City of Redmond Building Dept","2020","true","Local Building Department","no codeSourceUrl + codeRetrievedAtIso — every value on this row is unprovenanced"
"wa-king-renton","WA","City of Renton Building Dept","2020","true","Local Building Department","no codeSourceUrl + codeRetrievedAtIso — every value on this row is unprovenanced"
"wa-kitsap-bremerton","WA","City of Bremerton Building Dept","2020","true","Local Building Department","no codeSourceUrl + codeRetrievedAtIso — every value on this row is unprovenanced"
"wa-kitsap-kitsap-county","WA","Kitsap County Building Department","2020","true","Local Building Department","no codeSourceUrl + codeRetrievedAtIso — every value on this row is unprovenanced"
"wa-kittitas-kittitas-county","WA","Kittitas County Building Department","2020","true","Local Building Department","no codeSourceUrl + codeRetrievedAtIso — every value on this row is unprovenanced"
"wa-klickitat-klickitat-county","WA","Klickitat County Building Department","2020","true","Local Building Department","no codeSourceUrl + codeRetrievedAtIso — every value on this row is unprovenanced"
"wa-lewis-lewis-county","WA","Lewis County Building Department","2020","true","Local Building Department","no codeSourceUrl + codeRetrievedAtIso — every value on this row is unprovenanced"
"wa-lincoln-lincoln-county","WA","Lincoln County Building Department","2020","true","Local Building Department","no codeSourceUrl + codeRetrievedAtIso — every value on this row is unprovenanced"
"wa-mason-mason-county","WA","Mason County Building Department","2020","true","Local Building Department","no codeSourceUrl + codeRetrievedAtIso — every value on this row is unprovenanced"
"wa-okanogan-okanogan-county","WA","Okanogan County Building Department","2020","true","Local Building Department","no codeSourceUrl + codeRetrievedAtIso — every value on this row is unprovenanced"
"wa-pacific-pacific-county","WA","Pacific County Building Department","2020","true","Local Building Department","no codeSourceUrl + codeRetrievedAtIso — every value on this row is unprovenanced"
"wa-pend-oreille-pend-oreille-county","WA","Pend Oreille County Building Department","2020","true","Local Building Department","no codeSourceUrl + codeRetrievedAtIso — every value on this row is unprovenanced"
"wa-pierce-puyallup","WA","City of Puyallup Building Dept","2020","true","Local Building Department","no codeSourceUrl + codeRetrievedAtIso — every value on this row is unprovenanced"
"wa-pierce-pierce-county","WA","Pierce County Building Department","2020","true","Local Building Department","no codeSourceUrl + codeRetrievedAtIso — every value on this row is unprovenanced"
"wa-san-juan-san-juan-county","WA","San Juan County Building Department","2020","true","Local Building Department","no codeSourceUrl + codeRetrievedAtIso — every value on this row is unprovenanced"
"wa-skagit-skagit-county","WA","Skagit County Building Department","2020","true","Local Building Department","no codeSourceUrl + codeRetrievedAtIso — every value on this row is unprovenanced"
"wa-skamania-skamania-county","WA","Skamania County Building Department","2020","true","Local Building Department","no codeSourceUrl + codeRetrievedAtIso — every value on this row is unprovenanced"
"wa-snohomish-everett","WA","City of Everett Building Department","2020","true","Local Building Department","no codeSourceUrl + codeRetrievedAtIso — every value on this row is unprovenanced"
"wa-snohomish-marysville","WA","City of Marysville Building Dept","2020","true","Local Building Department","no codeSourceUrl + codeRetrievedAtIso — every value on this row is unprovenanced"
"wa-snohomish-snohomish-county","WA","Snohomish County Building Department","2020","true","Local Building Department","no codeSourceUrl + codeRetrievedAtIso — every value on this row is unprovenanced"
"wa-spokane-spokane","WA","City of Spokane Building Department","2020","true","Local Building Department","no codeSourceUrl + codeRetrievedAtIso — every value on this row is unprovenanced"
"wa-spokane-spokane-county","WA","Spokane County Building Department","2020","true","Local Building Department","no codeSourceUrl + codeRetrievedAtIso — every value on this row is unprovenanced"
"wa-stevens-stevens-county","WA","Stevens County Building Department","2020","true","Local Building Department","no codeSourceUrl + codeRetrievedAtIso — every value on this row is unprovenanced"
"wa-thurston-lacey","WA","City of Lacey Building Dept","2020","true","Local Building Department","no codeSourceUrl + codeRetrievedAtIso — every value on this row is unprovenanced"
"wa-thurston-olympia","WA","City of Olympia Building Dept","2020","true","Local Building Department","no codeSourceUrl + codeRetrievedAtIso — every value on this row is unprovenanced"
"wa-thurston-thurston-county","WA","Thurston County Building Department","2020","true","Local Building Department","no codeSourceUrl + codeRetrievedAtIso — every value on this row is unprovenanced"
"wa-wahkiakum-wahkiakum-county","WA","Wahkiakum County Building Department","2020","true","Local Building Department","no codeSourceUrl + codeRetrievedAtIso — every value on this row is unprovenanced"
"wa-walla-walla-walla-walla-county","WA","Walla Walla County Building Department","2020","true","Local Building Department","no codeSourceUrl + codeRetrievedAtIso — every value on this row is unprovenanced"
"wa-whatcom-bellingham","WA","City of Bellingham Building Dept","2020","true","Local Building Department","no codeSourceUrl + codeRetrievedAtIso — every value on this row is unprovenanced"
"wa-whatcom-whatcom-county","WA","Whatcom County Building Department","2020","true","Local Building Department","no codeSourceUrl + codeRetrievedAtIso — every value on this row is unprovenanced"
"wa-whitman-pullman","WA","City of Pullman Building Dept","2020","true","Local Building Department","no codeSourceUrl + codeRetrievedAtIso — every value on this row is unprovenanced"
"wa-whitman-whitman-county","WA","Whitman County Building Department","2020","true","Local Building Department","no codeSourceUrl + codeRetrievedAtIso — every value on this row is unprovenanced"
"wa-yakima-yakima-county","WA","Yakima County Building Department","2020","true","Local Building Department","no codeSourceUrl + codeRetrievedAtIso — every value on this row is unprovenanced"
"wa-yakima-yakima","WA","City of Yakima Building Dept","2020","true","Local Building Department","no codeSourceUrl + codeRetrievedAtIso — every value on this row is unprovenanced"
"wi-adams-adams-county","WI","Adams County Building Department","2020","true","Local Building Department","no codeSourceUrl + codeRetrievedAtIso — every value on this row is unprovenanced"
"wi-ashland-ashland-county","WI","Ashland County Building Department","2020","true","Local Building Department","no codeSourceUrl + codeRetrievedAtIso — every value on this row is unprovenanced"
"wi-barron-barron-county","WI","Barron County Building Department","2020","true","Local Building Department","no codeSourceUrl + codeRetrievedAtIso — every value on this row is unprovenanced"
"wi-bayfield-bayfield-county","WI","Bayfield County Building Department","2020","true","Local Building Department","no codeSourceUrl + codeRetrievedAtIso — every value on this row is unprovenanced"
"wi-brown-green-bay","WI","City of Green Bay Building Department","2020","true","Local Building Department","no codeSourceUrl + codeRetrievedAtIso — every value on this row is unprovenanced"
"wi-brown-brown-county","WI","Brown County Building Department","2020","true","Local Building Department","no codeSourceUrl + codeRetrievedAtIso — every value on this row is unprovenanced"
"wi-buffalo-buffalo-county","WI","Buffalo County Building Department","2020","true","Local Building Department","no codeSourceUrl + codeRetrievedAtIso — every value on this row is unprovenanced"
"wi-burnett-burnett-county","WI","Burnett County Building Department","2020","true","Local Building Department","no codeSourceUrl + codeRetrievedAtIso — every value on this row is unprovenanced"
"wi-calumet-calumet-county","WI","Calumet County Building Department","2020","true","Local Building Department","no codeSourceUrl + codeRetrievedAtIso — every value on this row is unprovenanced"
"wi-chippewa-chippewa-county","WI","Chippewa County Building Department","2020","true","Local Building Department","no codeSourceUrl + codeRetrievedAtIso — every value on this row is unprovenanced"
"wi-clark-clark-county","WI","Clark County Building Department","2020","true","Local Building Department","no codeSourceUrl + codeRetrievedAtIso — every value on this row is unprovenanced"
"wi-columbia-columbia-county","WI","Columbia County Building Department","2020","true","Local Building Department","no codeSourceUrl + codeRetrievedAtIso — every value on this row is unprovenanced"
"wi-crawford-crawford-county","WI","Crawford County Building Department","2020","true","Local Building Department","no codeSourceUrl + codeRetrievedAtIso — every value on this row is unprovenanced"
"wi-dane-dane-county","WI","Dane County Building Department","2020","true","Local Building Department","no codeSourceUrl + codeRetrievedAtIso — every value on this row is unprovenanced"
"wi-dodge-dodge-county","WI","Dodge County Building Department","2020","true","Local Building Department","no codeSourceUrl + codeRetrievedAtIso — every value on this row is unprovenanced"
"wi-door-door-county","WI","Door County Building Department","2020","true","Local Building Department","no codeSourceUrl + codeRetrievedAtIso — every value on this row is unprovenanced"
"wi-douglas-douglas-county","WI","Douglas County Building Department","2020","true","Local Building Department","no codeSourceUrl + codeRetrievedAtIso — every value on this row is unprovenanced"
"wi-dunn-dunn-county","WI","Dunn County Building Department","2020","true","Local Building Department","no codeSourceUrl + codeRetrievedAtIso — every value on this row is unprovenanced"
"wi-eau-claire-eau-claire","WI","City of Eau Claire Building Department","2020","true","Local Building Department","no codeSourceUrl + codeRetrievedAtIso — every value on this row is unprovenanced"
"wi-eau-claire-eau-claire-county","WI","Eau Claire County Building Department","2020","true","Local Building Department","no codeSourceUrl + codeRetrievedAtIso — every value on this row is unprovenanced"
"wi-florence-florence-county","WI","Florence County Building Department","2020","true","Local Building Department","no codeSourceUrl + codeRetrievedAtIso — every value on this row is unprovenanced"
"wi-fond-du-lac-fond-du-lac-county","WI","Fond du Lac County Building Department","2020","true","Local Building Department","no codeSourceUrl + codeRetrievedAtIso — every value on this row is unprovenanced"
"wi-forest-forest-county","WI","Forest County Building Department","2020","true","Local Building Department","no codeSourceUrl + codeRetrievedAtIso — every value on this row is unprovenanced"
"wi-grant-grant-county","WI","Grant County Building Department","2020","true","Local Building Department","no codeSourceUrl + codeRetrievedAtIso — every value on this row is unprovenanced"
"wi-green-green-county","WI","Green County Building Department","2020","true","Local Building Department","no codeSourceUrl + codeRetrievedAtIso — every value on this row is unprovenanced"
"wi-green-lake-green-lake-county","WI","Green Lake County Building Department","2020","true","Local Building Department","no codeSourceUrl + codeRetrievedAtIso — every value on this row is unprovenanced"
"wi-iowa-iowa-county","WI","Iowa County Building Department","2020","true","Local Building Department","no codeSourceUrl + codeRetrievedAtIso — every value on this row is unprovenanced"
"wi-iron-iron-county","WI","Iron County Building Department","2020","true","Local Building Department","no codeSourceUrl + codeRetrievedAtIso — every value on this row is unprovenanced"
"wi-jackson-jackson-county","WI","Jackson County Building Department","2020","true","Local Building Department","no codeSourceUrl + codeRetrievedAtIso — every value on this row is unprovenanced"
"wi-jefferson-jefferson-county","WI","Jefferson County Building Department","2020","true","Local Building Department","no codeSourceUrl + codeRetrievedAtIso — every value on this row is unprovenanced"
"wi-juneau-juneau-county","WI","Juneau County Building Department","2020","true","Local Building Department","no codeSourceUrl + codeRetrievedAtIso — every value on this row is unprovenanced"
"wi-kenosha-kenosha","WI","City of Kenosha Building Department","2020","true","Local Building Department","no codeSourceUrl + codeRetrievedAtIso — every value on this row is unprovenanced"
"wi-kenosha-kenosha-county","WI","Kenosha County Building Department","2020","true","Local Building Department","no codeSourceUrl + codeRetrievedAtIso — every value on this row is unprovenanced"
"wi-kewaunee-kewaunee-county","WI","Kewaunee County Building Department","2020","true","Local Building Department","no codeSourceUrl + codeRetrievedAtIso — every value on this row is unprovenanced"
"wi-la-crosse-la-crosse","WI","City of La Crosse Building Dept","2020","true","Local Building Department","no codeSourceUrl + codeRetrievedAtIso — every value on this row is unprovenanced"
"wi-la-crosse-la-crosse-county","WI","La Crosse County Building Department","2020","true","Local Building Department","no codeSourceUrl + codeRetrievedAtIso — every value on this row is unprovenanced"
"wi-lafayette-lafayette-county","WI","Lafayette County Building Department","2020","true","Local Building Department","no codeSourceUrl + codeRetrievedAtIso — every value on this row is unprovenanced"
"wi-langlade-langlade-county","WI","Langlade County Building Department","2020","true","Local Building Department","no codeSourceUrl + codeRetrievedAtIso — every value on this row is unprovenanced"
"wi-lincoln-lincoln-county","WI","Lincoln County Building Department","2020","true","Local Building Department","no codeSourceUrl + codeRetrievedAtIso — every value on this row is unprovenanced"
"wi-manitowoc-manitowoc-county","WI","Manitowoc County Building Department","2020","true","Local Building Department","no codeSourceUrl + codeRetrievedAtIso — every value on this row is unprovenanced"
"wi-marathon-marathon-county","WI","Marathon County Building Department","2020","true","Local Building Department","no codeSourceUrl + codeRetrievedAtIso — every value on this row is unprovenanced"
"wi-marathon-wausau","WI","City of Wausau Building Dept","2020","true","Local Building Department","no codeSourceUrl + codeRetrievedAtIso — every value on this row is unprovenanced"
"wi-marinette-marinette-county","WI","Marinette County Building Department","2020","true","Local Building Department","no codeSourceUrl + codeRetrievedAtIso — every value on this row is unprovenanced"
"wi-marquette-marquette-county","WI","Marquette County Building Department","2020","true","Local Building Department","no codeSourceUrl + codeRetrievedAtIso — every value on this row is unprovenanced"
"wi-menominee-menominee-county","WI","Menominee County Building Department","2020","true","Local Building Department","no codeSourceUrl + codeRetrievedAtIso — every value on this row is unprovenanced"
"wi-milwaukee-milwaukee-county","WI","Milwaukee County Building Department","2020","true","Local Building Department","no codeSourceUrl + codeRetrievedAtIso — every value on this row is unprovenanced"
"wi-milwaukee-west-allis","WI","City of West Allis Building Dept","2020","true","Local Building Department","no codeSourceUrl + codeRetrievedAtIso — every value on this row is unprovenanced"
"wi-monroe-monroe-county","WI","Monroe County Building Department","2020","true","Local Building Department","no codeSourceUrl + codeRetrievedAtIso — every value on this row is unprovenanced"
"wi-oconto-oconto-county","WI","Oconto County Building Department","2020","true","Local Building Department","no codeSourceUrl + codeRetrievedAtIso — every value on this row is unprovenanced"
"wi-oneida-oneida-county","WI","Oneida County Building Department","2020","true","Local Building Department","no codeSourceUrl + codeRetrievedAtIso — every value on this row is unprovenanced"
"wi-outagamie-appleton","WI","City of Appleton Building Dept","2020","true","Local Building Department","no codeSourceUrl + codeRetrievedAtIso — every value on this row is unprovenanced"
"wi-outagamie-outagamie-county","WI","Outagamie County Building Department","2020","true","Local Building Department","no codeSourceUrl + codeRetrievedAtIso — every value on this row is unprovenanced"
"wi-ozaukee-ozaukee-county","WI","Ozaukee County Building Department","2020","true","Local Building Department","no codeSourceUrl + codeRetrievedAtIso — every value on this row is unprovenanced"
"wi-pepin-pepin-county","WI","Pepin County Building Department","2020","true","Local Building Department","no codeSourceUrl + codeRetrievedAtIso — every value on this row is unprovenanced"
"wi-pierce-pierce-county","WI","Pierce County Building Department","2020","true","Local Building Department","no codeSourceUrl + codeRetrievedAtIso — every value on this row is unprovenanced"
"wi-polk-polk-county","WI","Polk County Building Department","2020","true","Local Building Department","no codeSourceUrl + codeRetrievedAtIso — every value on this row is unprovenanced"
"wi-portage-stevens-point","WI","City of Stevens Point Building Dept","2020","true","Local Building Department","no codeSourceUrl + codeRetrievedAtIso — every value on this row is unprovenanced"
"wi-portage-portage-county","WI","Portage County Building Department","2020","true","Local Building Department","no codeSourceUrl + codeRetrievedAtIso — every value on this row is unprovenanced"
"wi-price-price-county","WI","Price County Building Department","2020","true","Local Building Department","no codeSourceUrl + codeRetrievedAtIso — every value on this row is unprovenanced"
"wi-racine-racine","WI","City of Racine Building Department","2020","true","Local Building Department","no codeSourceUrl + codeRetrievedAtIso — every value on this row is unprovenanced"
"wi-racine-racine-county","WI","Racine County Building Department","2020","true","Local Building Department","no codeSourceUrl + codeRetrievedAtIso — every value on this row is unprovenanced"
"wi-richland-richland-county","WI","Richland County Building Department","2020","true","Local Building Department","no codeSourceUrl + codeRetrievedAtIso — every value on this row is unprovenanced"
"wi-rock-janesville","WI","City of Janesville Building Dept","2020","true","Local Building Department","no codeSourceUrl + codeRetrievedAtIso — every value on this row is unprovenanced"
"wi-rock-rock-county","WI","Rock County Building Department","2020","true","Local Building Department","no codeSourceUrl + codeRetrievedAtIso — every value on this row is unprovenanced"
"wi-rusk-rusk-county","WI","Rusk County Building Department","2020","true","Local Building Department","no codeSourceUrl + codeRetrievedAtIso — every value on this row is unprovenanced"
"wi-sauk-sauk-county","WI","Sauk County Building Department","2020","true","Local Building Department","no codeSourceUrl + codeRetrievedAtIso — every value on this row is unprovenanced"
"wi-sawyer-sawyer-county","WI","Sawyer County Building Department","2020","true","Local Building Department","no codeSourceUrl + codeRetrievedAtIso — every value on this row is unprovenanced"
"wi-shawano-shawano-county","WI","Shawano County Building Department","2020","true","Local Building Department","no codeSourceUrl + codeRetrievedAtIso — every value on this row is unprovenanced"
"wi-sheboygan-sheboygan","WI","City of Sheboygan Building Dept","2020","true","Local Building Department","no codeSourceUrl + codeRetrievedAtIso — every value on this row is unprovenanced"
"wi-sheboygan-sheboygan-county","WI","Sheboygan County Building Department","2020","true","Local Building Department","no codeSourceUrl + codeRetrievedAtIso — every value on this row is unprovenanced"
"wi-st-croix-st-croix-county","WI","St. Croix County Building Department","2020","true","Local Building Department","no codeSourceUrl + codeRetrievedAtIso — every value on this row is unprovenanced"
"wi-taylor-taylor-county","WI","Taylor County Building Department","2020","true","Local Building Department","no codeSourceUrl + codeRetrievedAtIso — every value on this row is unprovenanced"
"wi-trempealeau-trempealeau-county","WI","Trempealeau County Building Department","2020","true","Local Building Department","no codeSourceUrl + codeRetrievedAtIso — every value on this row is unprovenanced"
"wi-vernon-vernon-county","WI","Vernon County Building Department","2020","true","Local Building Department","no codeSourceUrl + codeRetrievedAtIso — every value on this row is unprovenanced"
"wi-vilas-vilas-county","WI","Vilas County Building Department","2020","true","Local Building Department","no codeSourceUrl + codeRetrievedAtIso — every value on this row is unprovenanced"
"wi-walworth-walworth-county","WI","Walworth County Building Department","2020","true","Local Building Department","no codeSourceUrl + codeRetrievedAtIso — every value on this row is unprovenanced"
"wi-washburn-washburn-county","WI","Washburn County Building Department","2020","true","Local Building Department","no codeSourceUrl + codeRetrievedAtIso — every value on this row is unprovenanced"
"wi-washington-washington-county","WI","Washington County Building Department","2020","true","Local Building Department","no codeSourceUrl + codeRetrievedAtIso — every value on this row is unprovenanced"
"wi-waukesha-waukesha-county","WI","Waukesha County Building Department","2020","true","Local Building Department","no codeSourceUrl + codeRetrievedAtIso — every value on this row is unprovenanced"
"wi-waukesha-waukesha","WI","City of Waukesha Building Department","2020","true","Local Building Department","no codeSourceUrl + codeRetrievedAtIso — every value on this row is unprovenanced"
"wi-waupaca-waupaca-county","WI","Waupaca County Building Department","2020","true","Local Building Department","no codeSourceUrl + codeRetrievedAtIso — every value on this row is unprovenanced"
"wi-waushara-waushara-county","WI","Waushara County Building Department","2020","true","Local Building Department","no codeSourceUrl + codeRetrievedAtIso — every value on this row is unprovenanced"
"wi-winnebago-oshkosh","WI","City of Oshkosh Building Department","2020","true","Local Building Department","no codeSourceUrl + codeRetrievedAtIso — every value on this row is unprovenanced"
"wi-winnebago-winnebago-county","WI","Winnebago County Building Department","2020","true","Local Building Department","no codeSourceUrl + codeRetrievedAtIso — every value on this row is unprovenanced"
"wi-wood-wood-county","WI","Wood County Building Department","2020","true","Local Building Department","no codeSourceUrl + codeRetrievedAtIso — every value on this row is unprovenanced"
"wv-barbour-barbour-county","WV","Barbour County Building Department","2017","true","Local Building Department","no codeSourceUrl + codeRetrievedAtIso — every value on this row is unprovenanced"
"wv-berkeley-martinsburg","WV","City of Martinsburg Building Dept","2017","true","Local Building Department","no codeSourceUrl + codeRetrievedAtIso — every value on this row is unprovenanced"
"wv-berkeley-berkeley-county","WV","Berkeley County Building Department","2017","true","Local Building Department","no codeSourceUrl + codeRetrievedAtIso — every value on this row is unprovenanced"
"wv-boone-boone-county","WV","Boone County Building Department","2017","true","Local Building Department","no codeSourceUrl + codeRetrievedAtIso — every value on this row is unprovenanced"
"wv-braxton-braxton-county","WV","Braxton County Building Department","2017","true","Local Building Department","no codeSourceUrl + codeRetrievedAtIso — every value on this row is unprovenanced"
"wv-brooke-brooke-county","WV","Brooke County Building Department","2017","true","Local Building Department","no codeSourceUrl + codeRetrievedAtIso — every value on this row is unprovenanced"
"wv-cabell-huntington","WV","City of Huntington Building Department","2017","true","Local Building Department","no codeSourceUrl + codeRetrievedAtIso — every value on this row is unprovenanced"
"wv-cabell-cabell-county","WV","Cabell County Building Department","2017","true","Local Building Department","no codeSourceUrl + codeRetrievedAtIso — every value on this row is unprovenanced"
"wv-calhoun-calhoun-county","WV","Calhoun County Building Department","2017","true","Local Building Department","no codeSourceUrl + codeRetrievedAtIso — every value on this row is unprovenanced"
"wv-clay-clay-county","WV","Clay County Building Department","2017","true","Local Building Department","no codeSourceUrl + codeRetrievedAtIso — every value on this row is unprovenanced"
"wv-doddridge-doddridge-county","WV","Doddridge County Building Department","2017","true","Local Building Department","no codeSourceUrl + codeRetrievedAtIso — every value on this row is unprovenanced"
"wv-fayette-fayette-county","WV","Fayette County Building Department","2017","true","Local Building Department","no codeSourceUrl + codeRetrievedAtIso — every value on this row is unprovenanced"
"wv-gilmer-gilmer-county","WV","Gilmer County Building Department","2017","true","Local Building Department","no codeSourceUrl + codeRetrievedAtIso — every value on this row is unprovenanced"
"wv-grant-grant-county","WV","Grant County Building Department","2017","true","Local Building Department","no codeSourceUrl + codeRetrievedAtIso — every value on this row is unprovenanced"
"wv-greenbrier-greenbrier-county","WV","Greenbrier County Building Department","2017","true","Local Building Department","no codeSourceUrl + codeRetrievedAtIso — every value on this row is unprovenanced"
"wv-hampshire-hampshire-county","WV","Hampshire County Building Department","2017","true","Local Building Department","no codeSourceUrl + codeRetrievedAtIso — every value on this row is unprovenanced"
"wv-hancock-hancock-county","WV","Hancock County Building Department","2017","true","Local Building Department","no codeSourceUrl + codeRetrievedAtIso — every value on this row is unprovenanced"
"wv-hancock-weirton","WV","City of Weirton Building Dept","2017","true","Local Building Department","no codeSourceUrl + codeRetrievedAtIso — every value on this row is unprovenanced"
"wv-hardy-hardy-county","WV","Hardy County Building Department","2017","true","Local Building Department","no codeSourceUrl + codeRetrievedAtIso — every value on this row is unprovenanced"
"wv-harrison-clarksburg","WV","City of Clarksburg Building Dept","2017","true","Local Building Department","no codeSourceUrl + codeRetrievedAtIso — every value on this row is unprovenanced"
"wv-harrison-harrison-county","WV","Harrison County Building Department","2017","true","Local Building Department","no codeSourceUrl + codeRetrievedAtIso — every value on this row is unprovenanced"
"wv-jackson-jackson-county","WV","Jackson County Building Department","2017","true","Local Building Department","no codeSourceUrl + codeRetrievedAtIso — every value on this row is unprovenanced"
"wv-jefferson-jefferson-county","WV","Jefferson County Building Department","2017","true","Local Building Department","no codeSourceUrl + codeRetrievedAtIso — every value on this row is unprovenanced"
"wv-kanawha-kanawha-county","WV","Kanawha County Building Department","2017","true","Local Building Department","no codeSourceUrl + codeRetrievedAtIso — every value on this row is unprovenanced"
"wv-lewis-lewis-county","WV","Lewis County Building Department","2017","true","Local Building Department","no codeSourceUrl + codeRetrievedAtIso — every value on this row is unprovenanced"
"wv-lincoln-lincoln-county","WV","Lincoln County Building Department","2017","true","Local Building Department","no codeSourceUrl + codeRetrievedAtIso — every value on this row is unprovenanced"
"wv-logan-logan-county","WV","Logan County Building Department","2017","true","Local Building Department","no codeSourceUrl + codeRetrievedAtIso — every value on this row is unprovenanced"
"wv-marion-fairmont","WV","City of Fairmont Building Dept","2017","true","Local Building Department","no codeSourceUrl + codeRetrievedAtIso — every value on this row is unprovenanced"
"wv-marion-marion-county","WV","Marion County Building Department","2017","true","Local Building Department","no codeSourceUrl + codeRetrievedAtIso — every value on this row is unprovenanced"
"wv-marshall-marshall-county","WV","Marshall County Building Department","2017","true","Local Building Department","no codeSourceUrl + codeRetrievedAtIso — every value on this row is unprovenanced"
"wv-mason-mason-county","WV","Mason County Building Department","2017","true","Local Building Department","no codeSourceUrl + codeRetrievedAtIso — every value on this row is unprovenanced"
"wv-mcdowell-mcdowell-county","WV","McDowell County Building Department","2017","true","Local Building Department","no codeSourceUrl + codeRetrievedAtIso — every value on this row is unprovenanced"
"wv-mercer-mercer-county","WV","Mercer County Building Department","2017","true","Local Building Department","no codeSourceUrl + codeRetrievedAtIso — every value on this row is unprovenanced"
"wv-mineral-mineral-county","WV","Mineral County Building Department","2017","true","Local Building Department","no codeSourceUrl + codeRetrievedAtIso — every value on this row is unprovenanced"
"wv-mingo-mingo-county","WV","Mingo County Building Department","2017","true","Local Building Department","no codeSourceUrl + codeRetrievedAtIso — every value on this row is unprovenanced"
"wv-monongalia-morgantown","WV","City of Morgantown Building Department","2017","true","Local Building Department","no codeSourceUrl + codeRetrievedAtIso — every value on this row is unprovenanced"
"wv-monongalia-monongalia-county","WV","Monongalia County Building Department","2017","true","Local Building Department","no codeSourceUrl + codeRetrievedAtIso — every value on this row is unprovenanced"
"wv-monroe-monroe-county","WV","Monroe County Building Department","2017","true","Local Building Department","no codeSourceUrl + codeRetrievedAtIso — every value on this row is unprovenanced"
"wv-morgan-morgan-county","WV","Morgan County Building Department","2017","true","Local Building Department","no codeSourceUrl + codeRetrievedAtIso — every value on this row is unprovenanced"
"wv-nicholas-nicholas-county","WV","Nicholas County Building Department","2017","true","Local Building Department","no codeSourceUrl + codeRetrievedAtIso — every value on this row is unprovenanced"
"wv-ohio-ohio-county","WV","Ohio County Building Department","2017","true","Local Building Department","no codeSourceUrl + codeRetrievedAtIso — every value on this row is unprovenanced"
"wv-ohio-wheeling","WV","City of Wheeling Building Dept","2017","true","Local Building Department","no codeSourceUrl + codeRetrievedAtIso — every value on this row is unprovenanced"
"wv-pendleton-pendleton-county","WV","Pendleton County Building Department","2017","true","Local Building Department","no codeSourceUrl + codeRetrievedAtIso — every value on this row is unprovenanced"
"wv-pleasants-pleasants-county","WV","Pleasants County Building Department","2017","true","Local Building Department","no codeSourceUrl + codeRetrievedAtIso — every value on this row is unprovenanced"
"wv-pocahontas-pocahontas-county","WV","Pocahontas County Building Department","2017","true","Local Building Department","no codeSourceUrl + codeRetrievedAtIso — every value on this row is unprovenanced"
"wv-preston-preston-county","WV","Preston County Building Department","2017","true","Local Building Department","no codeSourceUrl + codeRetrievedAtIso — every value on this row is unprovenanced"
"wv-putnam-putnam-county","WV","Putnam County Building Department","2017","true","Local Building Department","no codeSourceUrl + codeRetrievedAtIso — every value on this row is unprovenanced"
"wv-raleigh-beckley","WV","City of Beckley Building Dept","2017","true","Local Building Department","no codeSourceUrl + codeRetrievedAtIso — every value on this row is unprovenanced"
"wv-raleigh-raleigh-county","WV","Raleigh County Building Department","2017","true","Local Building Department","no codeSourceUrl + codeRetrievedAtIso — every value on this row is unprovenanced"
"wv-randolph-randolph-county","WV","Randolph County Building Department","2017","true","Local Building Department","no codeSourceUrl + codeRetrievedAtIso — every value on this row is unprovenanced"
"wv-ritchie-ritchie-county","WV","Ritchie County Building Department","2017","true","Local Building Department","no codeSourceUrl + codeRetrievedAtIso — every value on this row is unprovenanced"
"wv-roane-roane-county","WV","Roane County Building Department","2017","true","Local Building Department","no codeSourceUrl + codeRetrievedAtIso — every value on this row is unprovenanced"
"wv-summers-summers-county","WV","Summers County Building Department","2017","true","Local Building Department","no codeSourceUrl + codeRetrievedAtIso — every value on this row is unprovenanced"
"wv-taylor-taylor-county","WV","Taylor County Building Department","2017","true","Local Building Department","no codeSourceUrl + codeRetrievedAtIso — every value on this row is unprovenanced"
"wv-tucker-tucker-county","WV","Tucker County Building Department","2017","true","Local Building Department","no codeSourceUrl + codeRetrievedAtIso — every value on this row is unprovenanced"
"wv-tyler-tyler-county","WV","Tyler County Building Department","2017","true","Local Building Department","no codeSourceUrl + codeRetrievedAtIso — every value on this row is unprovenanced"
"wv-upshur-upshur-county","WV","Upshur County Building Department","2017","true","Local Building Department","no codeSourceUrl + codeRetrievedAtIso — every value on this row is unprovenanced"
"wv-wayne-wayne-county","WV","Wayne County Building Department","2017","true","Local Building Department","no codeSourceUrl + codeRetrievedAtIso — every value on this row is unprovenanced"
"wv-webster-webster-county","WV","Webster County Building Department","2017","true","Local Building Department","no codeSourceUrl + codeRetrievedAtIso — every value on this row is unprovenanced"
"wv-wetzel-wetzel-county","WV","Wetzel County Building Department","2017","true","Local Building Department","no codeSourceUrl + codeRetrievedAtIso — every value on this row is unprovenanced"
"wv-wirt-wirt-county","WV","Wirt County Building Department","2017","true","Local Building Department","no codeSourceUrl + codeRetrievedAtIso — every value on this row is unprovenanced"
"wv-wood-parkersburg","WV","City of Parkersburg Building Dept","2017","true","Local Building Department","no codeSourceUrl + codeRetrievedAtIso — every value on this row is unprovenanced"
"wv-wood-wood-county","WV","Wood County Building Department","2017","true","Local Building Department","no codeSourceUrl + codeRetrievedAtIso — every value on this row is unprovenanced"
"wv-wyoming-wyoming-county","WV","Wyoming County Building Department","2017","true","Local Building Department","no codeSourceUrl + codeRetrievedAtIso — every value on this row is unprovenanced"
"wy-albany-laramie","WY","City of Laramie Building Dept","2017","true","Local Building Department","no codeSourceUrl + codeRetrievedAtIso — every value on this row is unprovenanced"
"wy-albany-albany-county","WY","Albany County Building Department","2017","true","Local Building Department","no codeSourceUrl + codeRetrievedAtIso — every value on this row is unprovenanced"
"wy-big-horn-big-horn-county","WY","Big Horn County Building Department","2017","true","Local Building Department","no codeSourceUrl + codeRetrievedAtIso — every value on this row is unprovenanced"
"wy-campbell-gillette","WY","City of Gillette Building Dept","2017","true","Local Building Department","no codeSourceUrl + codeRetrievedAtIso — every value on this row is unprovenanced"
"wy-campbell-campbell-county","WY","Campbell County Building Department","2017","true","Local Building Department","no codeSourceUrl + codeRetrievedAtIso — every value on this row is unprovenanced"
"wy-carbon-carbon-county","WY","Carbon County Building Department","2017","true","Local Building Department","no codeSourceUrl + codeRetrievedAtIso — every value on this row is unprovenanced"
"wy-converse-converse-county","WY","Converse County Building Department","2017","true","Local Building Department","no codeSourceUrl + codeRetrievedAtIso — every value on this row is unprovenanced"
"wy-crook-crook-county","WY","Crook County Building Department","2017","true","Local Building Department","no codeSourceUrl + codeRetrievedAtIso — every value on this row is unprovenanced"
"wy-fremont-riverton","WY","City of Riverton Building Dept","2017","true","Local Building Department","no codeSourceUrl + codeRetrievedAtIso — every value on this row is unprovenanced"
"wy-fremont-fremont-county","WY","Fremont County Building Department","2017","true","Local Building Department","no codeSourceUrl + codeRetrievedAtIso — every value on this row is unprovenanced"
"wy-goshen-goshen-county","WY","Goshen County Building Department","2017","true","Local Building Department","no codeSourceUrl + codeRetrievedAtIso — every value on this row is unprovenanced"
"wy-hot-springs-hot-springs-county","WY","Hot Springs County Building Department","2017","true","Local Building Department","no codeSourceUrl + codeRetrievedAtIso — every value on this row is unprovenanced"
"wy-johnson-johnson-county","WY","Johnson County Building Department","2017","true","Local Building Department","no codeSourceUrl + codeRetrievedAtIso — every value on this row is unprovenanced"
"wy-laramie-laramie-county","WY","Laramie County Building Department","2017","true","Local Building Department","no codeSourceUrl + codeRetrievedAtIso — every value on this row is unprovenanced"
"wy-lincoln-lincoln-county","WY","Lincoln County Building Department","2017","true","Local Building Department","no codeSourceUrl + codeRetrievedAtIso — every value on this row is unprovenanced"
"wy-natrona-casper","WY","City of Casper Building Department","2017","true","Local Building Department","no codeSourceUrl + codeRetrievedAtIso — every value on this row is unprovenanced"
"wy-natrona-natrona-county","WY","Natrona County Building Department","2017","true","Local Building Department","no codeSourceUrl + codeRetrievedAtIso — every value on this row is unprovenanced"
"wy-niobrara-niobrara-county","WY","Niobrara County Building Department","2017","true","Local Building Department","no codeSourceUrl + codeRetrievedAtIso — every value on this row is unprovenanced"
"wy-park-cody","WY","City of Cody Building Dept","2017","true","Local Building Department","no codeSourceUrl + codeRetrievedAtIso — every value on this row is unprovenanced"
"wy-park-powell","WY","City of Powell Building Dept","2017","true","Local Building Department","no codeSourceUrl + codeRetrievedAtIso — every value on this row is unprovenanced"
"wy-park-park-county","WY","Park County Building Department","2017","true","Local Building Department","no codeSourceUrl + codeRetrievedAtIso — every value on this row is unprovenanced"
"wy-platte-platte-county","WY","Platte County Building Department","2017","true","Local Building Department","no codeSourceUrl + codeRetrievedAtIso — every value on this row is unprovenanced"
"wy-sheridan-sheridan","WY","City of Sheridan Building Dept","2017","true","Local Building Department","no codeSourceUrl + codeRetrievedAtIso — every value on this row is unprovenanced"
"wy-sheridan-sheridan-county","WY","Sheridan County Building Department","2017","true","Local Building Department","no codeSourceUrl + codeRetrievedAtIso — every value on this row is unprovenanced"
"wy-sublette-sublette-county","WY","Sublette County Building Department","2017","true","Local Building Department","no codeSourceUrl + codeRetrievedAtIso — every value on this row is unprovenanced"
"wy-sweetwater-green-river","WY","City of Green River Building Dept","2017","true","Local Building Department","no codeSourceUrl + codeRetrievedAtIso — every value on this row is unprovenanced"
"wy-sweetwater-rock-springs","WY","City of Rock Springs Building Dept","2017","true","Local Building Department","no codeSourceUrl + codeRetrievedAtIso — every value on this row is unprovenanced"
"wy-sweetwater-sweetwater-county","WY","Sweetwater County Building Department","2017","true","Local Building Department","no codeSourceUrl + codeRetrievedAtIso — every value on this row is unprovenanced"
"wy-teton-jackson","WY","Town of Jackson Building Dept","2017","true","Local Building Department","no codeSourceUrl + codeRetrievedAtIso — every value on this row is unprovenanced"
"wy-teton-teton-county","WY","Teton County Building Department","2017","true","Local Building Department","no codeSourceUrl + codeRetrievedAtIso — every value on this row is unprovenanced"
"wy-uinta-evanston","WY","City of Evanston Building Dept","2017","true","Local Building Department","no codeSourceUrl + codeRetrievedAtIso — every value on this row is unprovenanced"
"wy-uinta-uinta-county","WY","Uinta County Building Department","2017","true","Local Building Department","no codeSourceUrl + codeRetrievedAtIso — every value on this row is unprovenanced"
"wy-washakie-washakie-county","WY","Washakie County Building Department","2017","true","Local Building Department","no codeSourceUrl + codeRetrievedAtIso — every value on this row is unprovenanced"
"wy-weston-weston-county","WY","Weston County Building Department","2017","true","Local Building Department","no codeSourceUrl + codeRetrievedAtIso — every value on this row is unprovenanced"
