stableGovernmentId,canonicalName,stateFips,entityKind,countyFips,placeGeoid,cousubGeoid,plausibleBecause,delegationRuleId,solarProHasCandidate
"county:01001","Autauga County","01","county","01001","","","delegation policy names 'county' for building permits in this state","baseline:county-administers-unincorporated-building","al-autauga-autauga-county"
"county:01003","Baldwin County","01","county","01003","","","delegation policy names 'county' for building permits in this state","baseline:county-administers-unincorporated-building","al-baldwin-baldwin-county"
"county:01005","Barbour County","01","county","01005","","","delegation policy names 'county' for building permits in this state","baseline:county-administers-unincorporated-building","al-barbour-barbour-county"
"county:01007","Bibb County","01","county","01007","","","delegation policy names 'county' for building permits in this state","baseline:county-administers-unincorporated-building","al-bibb-bibb-county"
"county:01009","Blount County","01","county","01009","","","delegation policy names 'county' for building permits in this state","baseline:county-administers-unincorporated-building","al-blount-blount-county"
"county:01011","Bullock County","01","county","01011","","","delegation policy names 'county' for building permits in this state","baseline:county-administers-unincorporated-building","al-bullock-bullock-county"
"county:01013","Butler County","01","county","01013","","","delegation policy names 'county' for building permits in this state","baseline:county-administers-unincorporated-building","al-butler-butler-county"
"county:01015","Calhoun County","01","county","01015","","","delegation policy names 'county' for building permits in this state","baseline:county-administers-unincorporated-building","al-calhoun-calhoun-county"
"county:01017","Chambers County","01","county","01017","","","delegation policy names 'county' for building permits in this state","baseline:county-administers-unincorporated-building","al-chambers-chambers-county"
"county:01019","Cherokee County","01","county","01019","","","delegation policy names 'county' for building permits in this state","baseline:county-administers-unincorporated-building","al-cherokee-cherokee-county"
"county:01021","Chilton County","01","county","01021","","","delegation policy names 'county' for building permits in this state","baseline:county-administers-unincorporated-building","al-chilton-chilton-county"
"county:01023","Choctaw County","01","county","01023","","","delegation policy names 'county' for building permits in this state","baseline:county-administers-unincorporated-building","al-choctaw-choctaw-county"
"county:01025","Clarke County","01","county","01025","","","delegation policy names 'county' for building permits in this state","baseline:county-administers-unincorporated-building","al-clarke-clarke-county"
"county:01027","Clay County","01","county","01027","","","delegation policy names 'county' for building permits in this state","baseline:county-administers-unincorporated-building","al-clay-clay-county"
"county:01029","Cleburne County","01","county","01029","","","delegation policy names 'county' for building permits in this state","baseline:county-administers-unincorporated-building","al-cleburne-cleburne-county"
"county:01031","Coffee County","01","county","01031","","","delegation policy names 'county' for building permits in this state","baseline:county-administers-unincorporated-building","al-coffee-coffee-county"
"county:01033","Colbert County","01","county","01033","","","delegation policy names 'county' for building permits in this state","baseline:county-administers-unincorporated-building","al-colbert-colbert-county"
"county:01035","Conecuh County","01","county","01035","","","delegation policy names 'county' for building permits in this state","baseline:county-administers-unincorporated-building","al-conecuh-conecuh-county"
"county:01037","Coosa County","01","county","01037","","","delegation policy names 'county' for building permits in this state","baseline:county-administers-unincorporated-building","al-coosa-coosa-county"
"county:01039","Covington County","01","county","01039","","","delegation policy names 'county' for building permits in this state","baseline:county-administers-unincorporated-building","al-covington-covington-county"
"county:01041","Crenshaw County","01","county","01041","","","delegation policy names 'county' for building permits in this state","baseline:county-administers-unincorporated-building","al-crenshaw-crenshaw-county"
"county:01043","Cullman County","01","county","01043","","","delegation policy names 'county' for building permits in this state","baseline:county-administers-unincorporated-building","al-cullman-cullman-county"
"county:01045","Dale County","01","county","01045","","","delegation policy names 'county' for building permits in this state","baseline:county-administers-unincorporated-building","al-dale-dale-county"
"county:01047","Dallas County","01","county","01047","","","delegation policy names 'county' for building permits in this state","baseline:county-administers-unincorporated-building","al-dallas-dallas-county"
"county:01049","DeKalb County","01","county","01049","","","delegation policy names 'county' for building permits in this state","baseline:county-administers-unincorporated-building","al-dekalb-dekalb-county"
"county:01051","Elmore County","01","county","01051","","","delegation policy names 'county' for building permits in this state","baseline:county-administers-unincorporated-building","al-elmore-elmore-county"
"county:01053","Escambia County","01","county","01053","","","delegation policy names 'county' for building permits in this state","baseline:county-administers-unincorporated-building","al-escambia-escambia-county"
"county:01055","Etowah County","01","county","01055","","","delegation policy names 'county' for building permits in this state","baseline:county-administers-unincorporated-building","al-etowah-etowah-county"
"county:01057","Fayette County","01","county","01057","","","delegation policy names 'county' for building permits in this state","baseline:county-administers-unincorporated-building","al-fayette-fayette-county"
"county:01059","Franklin County","01","county","01059","","","delegation policy names 'county' for building permits in this state","baseline:county-administers-unincorporated-building","al-franklin-franklin-county"
"county:01061","Geneva County","01","county","01061","","","delegation policy names 'county' for building permits in this state","baseline:county-administers-unincorporated-building","al-geneva-geneva-county"
"county:01063","Greene County","01","county","01063","","","delegation policy names 'county' for building permits in this state","baseline:county-administers-unincorporated-building","al-greene-greene-county"
"county:01065","Hale County","01","county","01065","","","delegation policy names 'county' for building permits in this state","baseline:county-administers-unincorporated-building","al-hale-hale-county"
"county:01067","Henry County","01","county","01067","","","delegation policy names 'county' for building permits in this state","baseline:county-administers-unincorporated-building","al-henry-henry-county"
"county:01069","Houston County","01","county","01069","","","delegation policy names 'county' for building permits in this state","baseline:county-administers-unincorporated-building","al-houston-houston-county"
"county:01071","Jackson County","01","county","01071","","","delegation policy names 'county' for building permits in this state","baseline:county-administers-unincorporated-building","al-jackson-jackson-county"
"county:01073","Jefferson County","01","county","01073","","","delegation policy names 'county' for building permits in this state","baseline:county-administers-unincorporated-building","al-jefferson-jefferson-county"
"county:01075","Lamar County","01","county","01075","","","delegation policy names 'county' for building permits in this state","baseline:county-administers-unincorporated-building","al-lamar-lamar-county"
"county:01077","Lauderdale County","01","county","01077","","","delegation policy names 'county' for building permits in this state","baseline:county-administers-unincorporated-building","al-lauderdale-lauderdale-county"
"county:01079","Lawrence County","01","county","01079","","","delegation policy names 'county' for building permits in this state","baseline:county-administers-unincorporated-building","al-lawrence-lawrence-county"
"county:01081","Lee County","01","county","01081","","","delegation policy names 'county' for building permits in this state","baseline:county-administers-unincorporated-building","al-lee-lee-county"
"county:01083","Limestone County","01","county","01083","","","delegation policy names 'county' for building permits in this state","baseline:county-administers-unincorporated-building","al-limestone-limestone-county"
"county:01085","Lowndes County","01","county","01085","","","delegation policy names 'county' for building permits in this state","baseline:county-administers-unincorporated-building","al-lowndes-lowndes-county"
"county:01087","Macon County","01","county","01087","","","delegation policy names 'county' for building permits in this state","baseline:county-administers-unincorporated-building","al-macon-macon-county"
"county:01089","Madison County","01","county","01089","","","delegation policy names 'county' for building permits in this state","baseline:county-administers-unincorporated-building","al-madison-madison-county"
"county:01091","Marengo County","01","county","01091","","","delegation policy names 'county' for building permits in this state","baseline:county-administers-unincorporated-building","al-marengo-marengo-county"
"county:01093","Marion County","01","county","01093","","","delegation policy names 'county' for building permits in this state","baseline:county-administers-unincorporated-building","al-marion-marion-county"
"county:01095","Marshall County","01","county","01095","","","delegation policy names 'county' for building permits in this state","baseline:county-administers-unincorporated-building","al-marshall-marshall-county"
"county:01097","Mobile County","01","county","01097","","","delegation policy names 'county' for building permits in this state","baseline:county-administers-unincorporated-building","al-mobile-mobile-county"
"county:01099","Monroe County","01","county","01099","","","delegation policy names 'county' for building permits in this state","baseline:county-administers-unincorporated-building","al-monroe-monroe-county"
"county:01101","Montgomery County","01","county","01101","","","delegation policy names 'county' for building permits in this state","baseline:county-administers-unincorporated-building","al-montgomery-montgomery-county"
"county:01103","Morgan County","01","county","01103","","","delegation policy names 'county' for building permits in this state","baseline:county-administers-unincorporated-building","al-morgan-morgan-county"
"county:01105","Perry County","01","county","01105","","","delegation policy names 'county' for building permits in this state","baseline:county-administers-unincorporated-building","al-perry-perry-county"
"county:01107","Pickens County","01","county","01107","","","delegation policy names 'county' for building permits in this state","baseline:county-administers-unincorporated-building","al-pickens-pickens-county"
"county:01109","Pike County","01","county","01109","","","delegation policy names 'county' for building permits in this state","baseline:county-administers-unincorporated-building","al-pike-pike-county"
"county:01111","Randolph County","01","county","01111","","","delegation policy names 'county' for building permits in this state","baseline:county-administers-unincorporated-building","al-randolph-randolph-county"
"county:01113","Russell County","01","county","01113","","","delegation policy names 'county' for building permits in this state","baseline:county-administers-unincorporated-building","al-russell-russell-county"
"county:01115","St. Clair County","01","county","01115","","","delegation policy names 'county' for building permits in this state","baseline:county-administers-unincorporated-building","al-st-clair-st-clair-county"
"county:01117","Shelby County","01","county","01117","","","delegation policy names 'county' for building permits in this state","baseline:county-administers-unincorporated-building","al-shelby-shelby-county"
"county:01119","Sumter County","01","county","01119","","","delegation policy names 'county' for building permits in this state","baseline:county-administers-unincorporated-building","al-sumter-sumter-county"
"county:01121","Talladega County","01","county","01121","","","delegation policy names 'county' for building permits in this state","baseline:county-administers-unincorporated-building","al-talladega-talladega-county"
"county:01123","Tallapoosa County","01","county","01123","","","delegation policy names 'county' for building permits in this state","baseline:county-administers-unincorporated-building","al-tallapoosa-tallapoosa-county"
"county:01125","Tuscaloosa County","01","county","01125","","","delegation policy names 'county' for building permits in this state","baseline:county-administers-unincorporated-building","al-tuscaloosa-tuscaloosa-county"
"county:01127","Walker County","01","county","01127","","","delegation policy names 'county' for building permits in this state","baseline:county-administers-unincorporated-building","al-walker-walker-county"
"county:01129","Washington County","01","county","01129","","","delegation policy names 'county' for building permits in this state","baseline:county-administers-unincorporated-building","al-washington-washington-county"
"county:01131","Wilcox County","01","county","01131","","","delegation policy names 'county' for building permits in this state","baseline:county-administers-unincorporated-building","al-wilcox-wilcox-county"
"county:01133","Winston County","01","county","01133","","","delegation policy names 'county' for building permits in this state","baseline:county-administers-unincorporated-building","al-winston-winston-county"
"county:02013","Aleutians East Borough","02","borough","02013","","","delegation policy names 'borough' for building permits in this state","baseline:county-administers-unincorporated-building","ak-aleutians-east-aleutians-east-county"
"county:02020","Anchorage Municipality","02","consolidated-government","02020","","","delegation policy names 'consolidated-government' for building permits in this state","baseline:incorporated-place-administers-building","ak-anchorage-anchorage-county"
"county:02060","Bristol Bay Borough","02","borough","02060","","","delegation policy names 'borough' for building permits in this state","baseline:county-administers-unincorporated-building","ak-bristol-bay-bristol-bay-county"
"county:02068","Denali Borough","02","borough","02068","","","delegation policy names 'borough' for building permits in this state","baseline:county-administers-unincorporated-building","ak-denali-denali-county"
"county:02090","Fairbanks North Star Borough","02","borough","02090","","","delegation policy names 'borough' for building permits in this state","baseline:county-administers-unincorporated-building","ak-fairbanks-north-star-fairbanks-north-star-county"
"county:02100","Haines Borough","02","borough","02100","","","delegation policy names 'borough' for building permits in this state","baseline:county-administers-unincorporated-building","ak-haines-haines-county"
"county:02110","Juneau City and Borough","02","consolidated-government","02110","","","delegation policy names 'consolidated-government' for building permits in this state","baseline:incorporated-place-administers-building","ak-juneau-juneau-county"
"county:02122","Kenai Peninsula Borough","02","borough","02122","","","delegation policy names 'borough' for building permits in this state","baseline:county-administers-unincorporated-building","ak-kenai-peninsula-kenai-peninsula-county"
"county:02130","Ketchikan Gateway Borough","02","borough","02130","","","delegation policy names 'borough' for building permits in this state","baseline:county-administers-unincorporated-building","ak-ketchikan-gateway-ketchikan-gateway-county"
"county:02150","Kodiak Island Borough","02","borough","02150","","","delegation policy names 'borough' for building permits in this state","baseline:county-administers-unincorporated-building","ak-kodiak-island-kodiak-island-county"
"county:02164","Lake and Peninsula Borough","02","borough","02164","","","delegation policy names 'borough' for building permits in this state","baseline:county-administers-unincorporated-building","ak-lake-and-peninsula-lake-and-peninsula-county"
"county:02170","Matanuska-Susitna Borough","02","borough","02170","","","delegation policy names 'borough' for building permits in this state","baseline:county-administers-unincorporated-building","ak-matanuska-susitna-matanuska-susitna-county"
"county:02185","North Slope Borough","02","borough","02185","","","delegation policy names 'borough' for building permits in this state","baseline:county-administers-unincorporated-building","ak-north-slope-north-slope-county"
"county:02188","Northwest Arctic Borough","02","borough","02188","","","delegation policy names 'borough' for building permits in this state","baseline:county-administers-unincorporated-building","ak-northwest-arctic-northwest-arctic-county"
"county:02195","Petersburg Borough","02","borough","02195","","","delegation policy names 'borough' for building permits in this state","baseline:county-administers-unincorporated-building","ak-petersburg-petersburg-county"
"county:02220","Sitka City and Borough","02","consolidated-government","02220","","","delegation policy names 'consolidated-government' for building permits in this state","baseline:incorporated-place-administers-building","ak-sitka-sitka-county"
"county:02230","Skagway Municipality","02","borough","02230","","","delegation policy names 'borough' for building permits in this state","baseline:county-administers-unincorporated-building","ak-skagway-skagway-county"
"county:02275","Wrangell City and Borough","02","consolidated-government","02275","","","delegation policy names 'consolidated-government' for building permits in this state","baseline:incorporated-place-administers-building","ak-wrangell-wrangell-county"
"county:02282","Yakutat City and Borough","02","borough","02282","","","delegation policy names 'borough' for building permits in this state","baseline:county-administers-unincorporated-building","ak-yakutat-yakutat-county"
"county:04001","Apache County","04","county","04001","","","delegation policy names 'county' for building permits in this state","baseline:county-administers-unincorporated-building","az-apache-apache-county"
"county:04003","Cochise County","04","county","04003","","","delegation policy names 'county' for building permits in this state","baseline:county-administers-unincorporated-building","az-cochise-cochise-county"
"county:04005","Coconino County","04","county","04005","","","delegation policy names 'county' for building permits in this state","baseline:county-administers-unincorporated-building","az-coconino-coconino-county"
"county:04007","Gila County","04","county","04007","","","delegation policy names 'county' for building permits in this state","baseline:county-administers-unincorporated-building","az-gila-gila-county"
"county:04009","Graham County","04","county","04009","","","delegation policy names 'county' for building permits in this state","baseline:county-administers-unincorporated-building","az-graham-graham-county"
"county:04011","Greenlee County","04","county","04011","","","delegation policy names 'county' for building permits in this state","baseline:county-administers-unincorporated-building","az-greenlee-greenlee-county"
"county:04012","La Paz County","04","county","04012","","","delegation policy names 'county' for building permits in this state","baseline:county-administers-unincorporated-building","az-la-paz-la-paz-county"
"county:04013","Maricopa County","04","county","04013","","","delegation policy names 'county' for building permits in this state","baseline:county-administers-unincorporated-building","az-maricopa-maricopa-county"
"county:04015","Mohave County","04","county","04015","","","delegation policy names 'county' for building permits in this state","baseline:county-administers-unincorporated-building","az-mohave-mohave-county"
"county:04017","Navajo County","04","county","04017","","","delegation policy names 'county' for building permits in this state","baseline:county-administers-unincorporated-building","az-navajo-navajo-county"
"county:04019","Pima County","04","county","04019","","","delegation policy names 'county' for building permits in this state","baseline:county-administers-unincorporated-building","az-pima-county"
"county:04021","Pinal County","04","county","04021","","","delegation policy names 'county' for building permits in this state","baseline:county-administers-unincorporated-building","az-pinal-pinal-county"
"county:04023","Santa Cruz County","04","county","04023","","","delegation policy names 'county' for building permits in this state","baseline:county-administers-unincorporated-building","az-santa-cruz-santa-cruz-county"
"county:04025","Yavapai County","04","county","04025","","","delegation policy names 'county' for building permits in this state","baseline:county-administers-unincorporated-building","az-yavapai-yavapai-county"
"county:04027","Yuma County","04","county","04027","","","delegation policy names 'county' for building permits in this state","baseline:county-administers-unincorporated-building","az-yuma-yuma-county"
"county:05001","Arkansas County","05","county","05001","","","delegation policy names 'county' for building permits in this state","baseline:county-administers-unincorporated-building","ar-arkansas-arkansas-county"
"county:05003","Ashley County","05","county","05003","","","delegation policy names 'county' for building permits in this state","baseline:county-administers-unincorporated-building","ar-ashley-ashley-county"
"county:05005","Baxter County","05","county","05005","","","delegation policy names 'county' for building permits in this state","baseline:county-administers-unincorporated-building","ar-baxter-baxter-county"
"county:05007","Benton County","05","county","05007","","","delegation policy names 'county' for building permits in this state","baseline:county-administers-unincorporated-building","ar-benton-benton-county"
"county:05009","Boone County","05","county","05009","","","delegation policy names 'county' for building permits in this state","baseline:county-administers-unincorporated-building","ar-boone-boone-county"
"county:05011","Bradley County","05","county","05011","","","delegation policy names 'county' for building permits in this state","baseline:county-administers-unincorporated-building","ar-bradley-bradley-county"
"county:05013","Calhoun County","05","county","05013","","","delegation policy names 'county' for building permits in this state","baseline:county-administers-unincorporated-building","ar-calhoun-calhoun-county"
"county:05015","Carroll County","05","county","05015","","","delegation policy names 'county' for building permits in this state","baseline:county-administers-unincorporated-building","ar-carroll-carroll-county"
"county:05017","Chicot County","05","county","05017","","","delegation policy names 'county' for building permits in this state","baseline:county-administers-unincorporated-building","ar-chicot-chicot-county"
"county:05019","Clark County","05","county","05019","","","delegation policy names 'county' for building permits in this state","baseline:county-administers-unincorporated-building","ar-clark-clark-county"
"county:05021","Clay County","05","county","05021","","","delegation policy names 'county' for building permits in this state","baseline:county-administers-unincorporated-building","ar-clay-clay-county"
"county:05023","Cleburne County","05","county","05023","","","delegation policy names 'county' for building permits in this state","baseline:county-administers-unincorporated-building","ar-cleburne-cleburne-county"
"county:05025","Cleveland County","05","county","05025","","","delegation policy names 'county' for building permits in this state","baseline:county-administers-unincorporated-building","ar-cleveland-cleveland-county"
"county:05027","Columbia County","05","county","05027","","","delegation policy names 'county' for building permits in this state","baseline:county-administers-unincorporated-building","ar-columbia-columbia-county"
"county:05029","Conway County","05","county","05029","","","delegation policy names 'county' for building permits in this state","baseline:county-administers-unincorporated-building","ar-conway-conway-county"
"county:05031","Craighead County","05","county","05031","","","delegation policy names 'county' for building permits in this state","baseline:county-administers-unincorporated-building","ar-craighead-craighead-county"
"county:05033","Crawford County","05","county","05033","","","delegation policy names 'county' for building permits in this state","baseline:county-administers-unincorporated-building","ar-crawford-crawford-county"
"county:05035","Crittenden County","05","county","05035","","","delegation policy names 'county' for building permits in this state","baseline:county-administers-unincorporated-building","ar-crittenden-crittenden-county"
"county:05037","Cross County","05","county","05037","","","delegation policy names 'county' for building permits in this state","baseline:county-administers-unincorporated-building","ar-cross-cross-county"
"county:05039","Dallas County","05","county","05039","","","delegation policy names 'county' for building permits in this state","baseline:county-administers-unincorporated-building","ar-dallas-dallas-county"
"county:05041","Desha County","05","county","05041","","","delegation policy names 'county' for building permits in this state","baseline:county-administers-unincorporated-building","ar-desha-desha-county"
"county:05043","Drew County","05","county","05043","","","delegation policy names 'county' for building permits in this state","baseline:county-administers-unincorporated-building","ar-drew-drew-county"
"county:05045","Faulkner County","05","county","05045","","","delegation policy names 'county' for building permits in this state","baseline:county-administers-unincorporated-building","ar-faulkner-faulkner-county"
"county:05047","Franklin County","05","county","05047","","","delegation policy names 'county' for building permits in this state","baseline:county-administers-unincorporated-building","ar-franklin-franklin-county"
"county:05049","Fulton County","05","county","05049","","","delegation policy names 'county' for building permits in this state","baseline:county-administers-unincorporated-building","ar-fulton-fulton-county"
"county:05051","Garland County","05","county","05051","","","delegation policy names 'county' for building permits in this state","baseline:county-administers-unincorporated-building","ar-garland-garland-county"
"county:05053","Grant County","05","county","05053","","","delegation policy names 'county' for building permits in this state","baseline:county-administers-unincorporated-building","ar-grant-grant-county"
"county:05055","Greene County","05","county","05055","","","delegation policy names 'county' for building permits in this state","baseline:county-administers-unincorporated-building","ar-greene-greene-county"
"county:05057","Hempstead County","05","county","05057","","","delegation policy names 'county' for building permits in this state","baseline:county-administers-unincorporated-building","ar-hempstead-hempstead-county"
"county:05059","Hot Spring County","05","county","05059","","","delegation policy names 'county' for building permits in this state","baseline:county-administers-unincorporated-building","ar-hot-spring-hot-spring-county"
"county:05061","Howard County","05","county","05061","","","delegation policy names 'county' for building permits in this state","baseline:county-administers-unincorporated-building","ar-howard-howard-county"
"county:05063","Independence County","05","county","05063","","","delegation policy names 'county' for building permits in this state","baseline:county-administers-unincorporated-building","ar-independence-independence-county"
"county:05065","Izard County","05","county","05065","","","delegation policy names 'county' for building permits in this state","baseline:county-administers-unincorporated-building","ar-izard-izard-county"
"county:05067","Jackson County","05","county","05067","","","delegation policy names 'county' for building permits in this state","baseline:county-administers-unincorporated-building","ar-jackson-jackson-county"
"county:05069","Jefferson County","05","county","05069","","","delegation policy names 'county' for building permits in this state","baseline:county-administers-unincorporated-building","ar-jefferson-jefferson-county"
"county:05071","Johnson County","05","county","05071","","","delegation policy names 'county' for building permits in this state","baseline:county-administers-unincorporated-building","ar-johnson-johnson-county"
"county:05073","Lafayette County","05","county","05073","","","delegation policy names 'county' for building permits in this state","baseline:county-administers-unincorporated-building","ar-lafayette-lafayette-county"
"county:05075","Lawrence County","05","county","05075","","","delegation policy names 'county' for building permits in this state","baseline:county-administers-unincorporated-building","ar-lawrence-lawrence-county"
"county:05077","Lee County","05","county","05077","","","delegation policy names 'county' for building permits in this state","baseline:county-administers-unincorporated-building","ar-lee-lee-county"
"county:05079","Lincoln County","05","county","05079","","","delegation policy names 'county' for building permits in this state","baseline:county-administers-unincorporated-building","ar-lincoln-lincoln-county"
"county:05081","Little River County","05","county","05081","","","delegation policy names 'county' for building permits in this state","baseline:county-administers-unincorporated-building","ar-little-river-little-river-county"
"county:05083","Logan County","05","county","05083","","","delegation policy names 'county' for building permits in this state","baseline:county-administers-unincorporated-building","ar-logan-logan-county"
"county:05085","Lonoke County","05","county","05085","","","delegation policy names 'county' for building permits in this state","baseline:county-administers-unincorporated-building","ar-lonoke-lonoke-county"
"county:05087","Madison County","05","county","05087","","","delegation policy names 'county' for building permits in this state","baseline:county-administers-unincorporated-building","ar-madison-madison-county"
"county:05089","Marion County","05","county","05089","","","delegation policy names 'county' for building permits in this state","baseline:county-administers-unincorporated-building","ar-marion-marion-county"
"county:05091","Miller County","05","county","05091","","","delegation policy names 'county' for building permits in this state","baseline:county-administers-unincorporated-building","ar-miller-miller-county"
"county:05093","Mississippi County","05","county","05093","","","delegation policy names 'county' for building permits in this state","baseline:county-administers-unincorporated-building","ar-mississippi-mississippi-county"
"county:05095","Monroe County","05","county","05095","","","delegation policy names 'county' for building permits in this state","baseline:county-administers-unincorporated-building","ar-monroe-monroe-county"
"county:05097","Montgomery County","05","county","05097","","","delegation policy names 'county' for building permits in this state","baseline:county-administers-unincorporated-building","ar-montgomery-montgomery-county"
"county:05099","Nevada County","05","county","05099","","","delegation policy names 'county' for building permits in this state","baseline:county-administers-unincorporated-building","ar-nevada-nevada-county"
"county:05101","Newton County","05","county","05101","","","delegation policy names 'county' for building permits in this state","baseline:county-administers-unincorporated-building","ar-newton-newton-county"
"county:05103","Ouachita County","05","county","05103","","","delegation policy names 'county' for building permits in this state","baseline:county-administers-unincorporated-building","ar-ouachita-ouachita-county"
"county:05105","Perry County","05","county","05105","","","delegation policy names 'county' for building permits in this state","baseline:county-administers-unincorporated-building","ar-perry-perry-county"
"county:05107","Phillips County","05","county","05107","","","delegation policy names 'county' for building permits in this state","baseline:county-administers-unincorporated-building","ar-phillips-phillips-county"
"county:05109","Pike County","05","county","05109","","","delegation policy names 'county' for building permits in this state","baseline:county-administers-unincorporated-building","ar-pike-pike-county"
"county:05111","Poinsett County","05","county","05111","","","delegation policy names 'county' for building permits in this state","baseline:county-administers-unincorporated-building","ar-poinsett-poinsett-county"
"county:05113","Polk County","05","county","05113","","","delegation policy names 'county' for building permits in this state","baseline:county-administers-unincorporated-building","ar-polk-polk-county"
"county:05115","Pope County","05","county","05115","","","delegation policy names 'county' for building permits in this state","baseline:county-administers-unincorporated-building","ar-pope-pope-county"
"county:05117","Prairie County","05","county","05117","","","delegation policy names 'county' for building permits in this state","baseline:county-administers-unincorporated-building","ar-prairie-prairie-county"
"county:05119","Pulaski County","05","county","05119","","","delegation policy names 'county' for building permits in this state","baseline:county-administers-unincorporated-building","ar-pulaski-pulaski-county"
"county:05121","Randolph County","05","county","05121","","","delegation policy names 'county' for building permits in this state","baseline:county-administers-unincorporated-building","ar-randolph-randolph-county"
"county:05123","St. Francis County","05","county","05123","","","delegation policy names 'county' for building permits in this state","baseline:county-administers-unincorporated-building","ar-st-francis-st-francis-county"
"county:05125","Saline County","05","county","05125","","","delegation policy names 'county' for building permits in this state","baseline:county-administers-unincorporated-building","ar-saline-saline-county"
"county:05127","Scott County","05","county","05127","","","delegation policy names 'county' for building permits in this state","baseline:county-administers-unincorporated-building","ar-scott-scott-county"
"county:05129","Searcy County","05","county","05129","","","delegation policy names 'county' for building permits in this state","baseline:county-administers-unincorporated-building","ar-searcy-searcy-county"
"county:05131","Sebastian County","05","county","05131","","","delegation policy names 'county' for building permits in this state","baseline:county-administers-unincorporated-building","ar-sebastian-sebastian-county"
"county:05133","Sevier County","05","county","05133","","","delegation policy names 'county' for building permits in this state","baseline:county-administers-unincorporated-building","ar-sevier-sevier-county"
"county:05135","Sharp County","05","county","05135","","","delegation policy names 'county' for building permits in this state","baseline:county-administers-unincorporated-building","ar-sharp-sharp-county"
"county:05137","Stone County","05","county","05137","","","delegation policy names 'county' for building permits in this state","baseline:county-administers-unincorporated-building","ar-stone-stone-county"
"county:05139","Union County","05","county","05139","","","delegation policy names 'county' for building permits in this state","baseline:county-administers-unincorporated-building","ar-union-union-county"
"county:05141","Van Buren County","05","county","05141","","","delegation policy names 'county' for building permits in this state","baseline:county-administers-unincorporated-building","ar-van-buren-van-buren-county"
"county:05143","Washington County","05","county","05143","","","delegation policy names 'county' for building permits in this state","baseline:county-administers-unincorporated-building","ar-washington-washington-county"
"county:05145","White County","05","county","05145","","","delegation policy names 'county' for building permits in this state","baseline:county-administers-unincorporated-building","ar-white-white-county"
"county:05147","Woodruff County","05","county","05147","","","delegation policy names 'county' for building permits in this state","baseline:county-administers-unincorporated-building","ar-woodruff-woodruff-county"
"county:05149","Yell County","05","county","05149","","","delegation policy names 'county' for building permits in this state","baseline:county-administers-unincorporated-building","ar-yell-yell-county"
"county:06001","Alameda County","06","county","06001","","","delegation policy names 'county' for building permits in this state","baseline:county-administers-unincorporated-building","ca-alameda-alameda-county"
"county:06003","Alpine County","06","county","06003","","","delegation policy names 'county' for building permits in this state","baseline:county-administers-unincorporated-building","ca-alpine-alpine-county"
"county:06005","Amador County","06","county","06005","","","delegation policy names 'county' for building permits in this state","baseline:county-administers-unincorporated-building","ca-amador-amador-county"
"county:06007","Butte County","06","county","06007","","","delegation policy names 'county' for building permits in this state","baseline:county-administers-unincorporated-building","ca-butte-butte-county"
"county:06009","Calaveras County","06","county","06009","","","delegation policy names 'county' for building permits in this state","baseline:county-administers-unincorporated-building","ca-calaveras-calaveras-county"
"county:06011","Colusa County","06","county","06011","","","delegation policy names 'county' for building permits in this state","baseline:county-administers-unincorporated-building","ca-colusa-colusa-county"
"county:06013","Contra Costa County","06","county","06013","","","delegation policy names 'county' for building permits in this state","baseline:county-administers-unincorporated-building","ca-contra-costa-county"
"county:06015","Del Norte County","06","county","06015","","","delegation policy names 'county' for building permits in this state","baseline:county-administers-unincorporated-building","ca-del-norte-del-norte-county"
"county:06017","El Dorado County","06","county","06017","","","delegation policy names 'county' for building permits in this state","baseline:county-administers-unincorporated-building","ca-el-dorado-el-dorado-county"
"county:06019","Fresno County","06","county","06019","","","delegation policy names 'county' for building permits in this state","baseline:county-administers-unincorporated-building","ca-fresno-fresno-county"
"county:06021","Glenn County","06","county","06021","","","delegation policy names 'county' for building permits in this state","baseline:county-administers-unincorporated-building","ca-glenn-glenn-county"
"county:06023","Humboldt County","06","county","06023","","","delegation policy names 'county' for building permits in this state","baseline:county-administers-unincorporated-building","ca-humboldt-humboldt-county"
"county:06025","Imperial County","06","county","06025","","","delegation policy names 'county' for building permits in this state","baseline:county-administers-unincorporated-building","ca-imperial-imperial-county"
"county:06027","Inyo County","06","county","06027","","","delegation policy names 'county' for building permits in this state","baseline:county-administers-unincorporated-building","ca-inyo-inyo-county"
"county:06029","Kern County","06","county","06029","","","delegation policy names 'county' for building permits in this state","baseline:county-administers-unincorporated-building","ca-kern-kern-county"
"county:06031","Kings County","06","county","06031","","","delegation policy names 'county' for building permits in this state","baseline:county-administers-unincorporated-building","ca-kings-kings-county"
"county:06033","Lake County","06","county","06033","","","delegation policy names 'county' for building permits in this state","baseline:county-administers-unincorporated-building","ca-lake-lake-county"
"county:06035","Lassen County","06","county","06035","","","delegation policy names 'county' for building permits in this state","baseline:county-administers-unincorporated-building","ca-lassen-lassen-county"
"county:06037","Los Angeles County","06","county","06037","","","delegation policy names 'county' for building permits in this state","baseline:county-administers-unincorporated-building","ca-los-angeles-county"
"county:06039","Madera County","06","county","06039","","","delegation policy names 'county' for building permits in this state","baseline:county-administers-unincorporated-building","ca-madera-madera-county"
"county:06041","Marin County","06","county","06041","","","delegation policy names 'county' for building permits in this state","baseline:county-administers-unincorporated-building","ca-marin-marin-county"
"county:06043","Mariposa County","06","county","06043","","","delegation policy names 'county' for building permits in this state","baseline:county-administers-unincorporated-building","ca-mariposa-mariposa-county"
"county:06045","Mendocino County","06","county","06045","","","delegation policy names 'county' for building permits in this state","baseline:county-administers-unincorporated-building","ca-mendocino-mendocino-county"
"county:06047","Merced County","06","county","06047","","","delegation policy names 'county' for building permits in this state","baseline:county-administers-unincorporated-building","ca-merced-merced-county"
"county:06049","Modoc County","06","county","06049","","","delegation policy names 'county' for building permits in this state","baseline:county-administers-unincorporated-building","ca-modoc-modoc-county"
"county:06051","Mono County","06","county","06051","","","delegation policy names 'county' for building permits in this state","baseline:county-administers-unincorporated-building","ca-mono-mono-county"
"county:06053","Monterey County","06","county","06053","","","delegation policy names 'county' for building permits in this state","baseline:county-administers-unincorporated-building","ca-monterey-monterey-county"
"county:06055","Napa County","06","county","06055","","","delegation policy names 'county' for building permits in this state","baseline:county-administers-unincorporated-building","ca-napa-napa-county"
"county:06057","Nevada County","06","county","06057","","","delegation policy names 'county' for building permits in this state","baseline:county-administers-unincorporated-building","ca-nevada-nevada-county"
"county:06059","Orange County","06","county","06059","","","delegation policy names 'county' for building permits in this state","baseline:county-administers-unincorporated-building","ca-orange-orange-county"
"county:06061","Placer County","06","county","06061","","","delegation policy names 'county' for building permits in this state","baseline:county-administers-unincorporated-building","ca-placer-placer-county"
"county:06063","Plumas County","06","county","06063","","","delegation policy names 'county' for building permits in this state","baseline:county-administers-unincorporated-building","ca-plumas-plumas-county"
"county:06065","Riverside County","06","county","06065","","","delegation policy names 'county' for building permits in this state","baseline:county-administers-unincorporated-building","ca-riverside-county"
"county:06067","Sacramento County","06","county","06067","","","delegation policy names 'county' for building permits in this state","baseline:county-administers-unincorporated-building","ca-sacramento-sacramento-county"
"county:06069","San Benito County","06","county","06069","","","delegation policy names 'county' for building permits in this state","baseline:county-administers-unincorporated-building","ca-san-benito-san-benito-county"
"county:06071","San Bernardino County","06","county","06071","","","delegation policy names 'county' for building permits in this state","baseline:county-administers-unincorporated-building","ca-san-bernardino-county"
"county:06073","San Diego County","06","county","06073","","","delegation policy names 'county' for building permits in this state","baseline:county-administers-unincorporated-building","ca-san-diego-county"
"county:06075","San Francisco County","06","consolidated-government","06075","","","delegation policy names 'consolidated-government' for building permits in this state","baseline:incorporated-place-administers-building","ca-san-francisco-san-francisco-county"
"county:06077","San Joaquin County","06","county","06077","","","delegation policy names 'county' for building permits in this state","baseline:county-administers-unincorporated-building","ca-san-joaquin-san-joaquin-county"
"county:06079","San Luis Obispo County","06","county","06079","","","delegation policy names 'county' for building permits in this state","baseline:county-administers-unincorporated-building","ca-san-luis-obispo-san-luis-obispo-county"
"county:06081","San Mateo County","06","county","06081","","","delegation policy names 'county' for building permits in this state","baseline:county-administers-unincorporated-building","ca-san-mateo-san-mateo-county"
"county:06083","Santa Barbara County","06","county","06083","","","delegation policy names 'county' for building permits in this state","baseline:county-administers-unincorporated-building","ca-santa-barbara-santa-barbara-county"
"county:06085","Santa Clara County","06","county","06085","","","delegation policy names 'county' for building permits in this state","baseline:county-administers-unincorporated-building","ca-santa-clara-santa-clara-county"
"county:06087","Santa Cruz County","06","county","06087","","","delegation policy names 'county' for building permits in this state","baseline:county-administers-unincorporated-building","ca-santa-cruz-santa-cruz-county"
"county:06089","Shasta County","06","county","06089","","","delegation policy names 'county' for building permits in this state","baseline:county-administers-unincorporated-building","ca-shasta-shasta-county"
"county:06091","Sierra County","06","county","06091","","","delegation policy names 'county' for building permits in this state","baseline:county-administers-unincorporated-building","ca-sierra-sierra-county"
"county:06093","Siskiyou County","06","county","06093","","","delegation policy names 'county' for building permits in this state","baseline:county-administers-unincorporated-building","ca-siskiyou-siskiyou-county"
"county:06095","Solano County","06","county","06095","","","delegation policy names 'county' for building permits in this state","baseline:county-administers-unincorporated-building","ca-solano-solano-county"
"county:06097","Sonoma County","06","county","06097","","","delegation policy names 'county' for building permits in this state","baseline:county-administers-unincorporated-building","ca-sonoma-sonoma-county"
"county:06099","Stanislaus County","06","county","06099","","","delegation policy names 'county' for building permits in this state","baseline:county-administers-unincorporated-building","ca-stanislaus-stanislaus-county"
"county:06101","Sutter County","06","county","06101","","","delegation policy names 'county' for building permits in this state","baseline:county-administers-unincorporated-building","ca-sutter-sutter-county"
"county:06103","Tehama County","06","county","06103","","","delegation policy names 'county' for building permits in this state","baseline:county-administers-unincorporated-building","ca-tehama-tehama-county"
"county:06105","Trinity County","06","county","06105","","","delegation policy names 'county' for building permits in this state","baseline:county-administers-unincorporated-building","ca-trinity-trinity-county"
"county:06107","Tulare County","06","county","06107","","","delegation policy names 'county' for building permits in this state","baseline:county-administers-unincorporated-building","ca-tulare-tulare-county"
"county:06109","Tuolumne County","06","county","06109","","","delegation policy names 'county' for building permits in this state","baseline:county-administers-unincorporated-building","ca-tuolumne-tuolumne-county"
"county:06111","Ventura County","06","county","06111","","","delegation policy names 'county' for building permits in this state","baseline:county-administers-unincorporated-building","ca-ventura-county"
"county:06113","Yolo County","06","county","06113","","","delegation policy names 'county' for building permits in this state","baseline:county-administers-unincorporated-building","ca-yolo-yolo-county"
"county:06115","Yuba County","06","county","06115","","","delegation policy names 'county' for building permits in this state","baseline:county-administers-unincorporated-building","ca-yuba-yuba-county"
"county:08001","Adams County","08","county","08001","","","delegation policy names 'county' for building permits in this state","baseline:county-administers-unincorporated-building","co-adams-adams-county"
"county:08003","Alamosa County","08","county","08003","","","delegation policy names 'county' for building permits in this state","baseline:county-administers-unincorporated-building","co-alamosa-alamosa-county"
"county:08005","Arapahoe County","08","county","08005","","","delegation policy names 'county' for building permits in this state","baseline:county-administers-unincorporated-building","co-arapahoe-arapahoe-county"
"county:08007","Archuleta County","08","county","08007","","","delegation policy names 'county' for building permits in this state","baseline:county-administers-unincorporated-building","co-archuleta-archuleta-county"
"county:08009","Baca County","08","county","08009","","","delegation policy names 'county' for building permits in this state","baseline:county-administers-unincorporated-building","co-baca-baca-county"
"county:08011","Bent County","08","county","08011","","","delegation policy names 'county' for building permits in this state","baseline:county-administers-unincorporated-building","co-bent-bent-county"
"county:08013","Boulder County","08","county","08013","","","delegation policy names 'county' for building permits in this state","baseline:county-administers-unincorporated-building","co-boulder-boulder-county"
"county:08014","Broomfield County","08","consolidated-government","08014","","","delegation policy names 'consolidated-government' for building permits in this state","baseline:incorporated-place-administers-building","co-broomfield-broomfield-county"
"county:08015","Chaffee County","08","county","08015","","","delegation policy names 'county' for building permits in this state","baseline:county-administers-unincorporated-building","co-chaffee-chaffee-county"
"county:08017","Cheyenne County","08","county","08017","","","delegation policy names 'county' for building permits in this state","baseline:county-administers-unincorporated-building","co-cheyenne-cheyenne-county"
"county:08019","Clear Creek County","08","county","08019","","","delegation policy names 'county' for building permits in this state","baseline:county-administers-unincorporated-building","co-clear-creek-clear-creek-county"
"county:08021","Conejos County","08","county","08021","","","delegation policy names 'county' for building permits in this state","baseline:county-administers-unincorporated-building","co-conejos-conejos-county"
"county:08023","Costilla County","08","county","08023","","","delegation policy names 'county' for building permits in this state","baseline:county-administers-unincorporated-building","co-costilla-costilla-county"
"county:08025","Crowley County","08","county","08025","","","delegation policy names 'county' for building permits in this state","baseline:county-administers-unincorporated-building","co-crowley-crowley-county"
"county:08027","Custer County","08","county","08027","","","delegation policy names 'county' for building permits in this state","baseline:county-administers-unincorporated-building","co-custer-custer-county"
"county:08029","Delta County","08","county","08029","","","delegation policy names 'county' for building permits in this state","baseline:county-administers-unincorporated-building","co-delta-delta-county"
"county:08031","Denver County","08","consolidated-government","08031","","","delegation policy names 'consolidated-government' for building permits in this state","baseline:incorporated-place-administers-building","co-denver-denver-county"
"county:08033","Dolores County","08","county","08033","","","delegation policy names 'county' for building permits in this state","baseline:county-administers-unincorporated-building","co-dolores-dolores-county"
"county:08035","Douglas County","08","county","08035","","","delegation policy names 'county' for building permits in this state","baseline:county-administers-unincorporated-building","co-douglas-douglas-county"
"county:08037","Eagle County","08","county","08037","","","delegation policy names 'county' for building permits in this state","baseline:county-administers-unincorporated-building","co-eagle-eagle-county"
"county:08039","Elbert County","08","county","08039","","","delegation policy names 'county' for building permits in this state","baseline:county-administers-unincorporated-building","co-elbert-elbert-county"
"county:08041","El Paso County","08","county","08041","","","delegation policy names 'county' for building permits in this state","baseline:county-administers-unincorporated-building","co-el-paso-el-paso-county"
"county:08043","Fremont County","08","county","08043","","","delegation policy names 'county' for building permits in this state","baseline:county-administers-unincorporated-building","co-fremont-fremont-county"
"county:08045","Garfield County","08","county","08045","","","delegation policy names 'county' for building permits in this state","baseline:county-administers-unincorporated-building","co-garfield-garfield-county"
"county:08047","Gilpin County","08","county","08047","","","delegation policy names 'county' for building permits in this state","baseline:county-administers-unincorporated-building","co-gilpin-gilpin-county"
"county:08049","Grand County","08","county","08049","","","delegation policy names 'county' for building permits in this state","baseline:county-administers-unincorporated-building","co-grand-grand-county"
"county:08051","Gunnison County","08","county","08051","","","delegation policy names 'county' for building permits in this state","baseline:county-administers-unincorporated-building","co-gunnison-gunnison-county"
"county:08053","Hinsdale County","08","county","08053","","","delegation policy names 'county' for building permits in this state","baseline:county-administers-unincorporated-building","co-hinsdale-hinsdale-county"
"county:08055","Huerfano County","08","county","08055","","","delegation policy names 'county' for building permits in this state","baseline:county-administers-unincorporated-building","co-huerfano-huerfano-county"
"county:08057","Jackson County","08","county","08057","","","delegation policy names 'county' for building permits in this state","baseline:county-administers-unincorporated-building","co-jackson-jackson-county"
"county:08059","Jefferson County","08","county","08059","","","delegation policy names 'county' for building permits in this state","baseline:county-administers-unincorporated-building","co-jefferson-county"
"county:08061","Kiowa County","08","county","08061","","","delegation policy names 'county' for building permits in this state","baseline:county-administers-unincorporated-building","co-kiowa-kiowa-county"
"county:08063","Kit Carson County","08","county","08063","","","delegation policy names 'county' for building permits in this state","baseline:county-administers-unincorporated-building","co-kit-carson-kit-carson-county"
"county:08065","Lake County","08","county","08065","","","delegation policy names 'county' for building permits in this state","baseline:county-administers-unincorporated-building","co-lake-lake-county"
"county:08067","La Plata County","08","county","08067","","","delegation policy names 'county' for building permits in this state","baseline:county-administers-unincorporated-building","co-la-plata-la-plata-county"
"county:08069","Larimer County","08","county","08069","","","delegation policy names 'county' for building permits in this state","baseline:county-administers-unincorporated-building","co-larimer-larimer-county"
"county:08071","Las Animas County","08","county","08071","","","delegation policy names 'county' for building permits in this state","baseline:county-administers-unincorporated-building","co-las-animas-las-animas-county"
"county:08073","Lincoln County","08","county","08073","","","delegation policy names 'county' for building permits in this state","baseline:county-administers-unincorporated-building","co-lincoln-lincoln-county"
"county:08075","Logan County","08","county","08075","","","delegation policy names 'county' for building permits in this state","baseline:county-administers-unincorporated-building","co-logan-logan-county"
"county:08077","Mesa County","08","county","08077","","","delegation policy names 'county' for building permits in this state","baseline:county-administers-unincorporated-building","co-mesa-mesa-county"
"county:08079","Mineral County","08","county","08079","","","delegation policy names 'county' for building permits in this state","baseline:county-administers-unincorporated-building","co-mineral-mineral-county"
"county:08081","Moffat County","08","county","08081","","","delegation policy names 'county' for building permits in this state","baseline:county-administers-unincorporated-building","co-moffat-moffat-county"
"county:08083","Montezuma County","08","county","08083","","","delegation policy names 'county' for building permits in this state","baseline:county-administers-unincorporated-building","co-montezuma-montezuma-county"
"county:08085","Montrose County","08","county","08085","","","delegation policy names 'county' for building permits in this state","baseline:county-administers-unincorporated-building","co-montrose-montrose-county"
"county:08087","Morgan County","08","county","08087","","","delegation policy names 'county' for building permits in this state","baseline:county-administers-unincorporated-building","co-morgan-morgan-county"
"county:08089","Otero County","08","county","08089","","","delegation policy names 'county' for building permits in this state","baseline:county-administers-unincorporated-building","co-otero-otero-county"
"county:08091","Ouray County","08","county","08091","","","delegation policy names 'county' for building permits in this state","baseline:county-administers-unincorporated-building","co-ouray-ouray-county"
"county:08093","Park County","08","county","08093","","","delegation policy names 'county' for building permits in this state","baseline:county-administers-unincorporated-building","co-park-park-county"
"county:08095","Phillips County","08","county","08095","","","delegation policy names 'county' for building permits in this state","baseline:county-administers-unincorporated-building","co-phillips-phillips-county"
"county:08097","Pitkin County","08","county","08097","","","delegation policy names 'county' for building permits in this state","baseline:county-administers-unincorporated-building","co-pitkin-pitkin-county"
"county:08099","Prowers County","08","county","08099","","","delegation policy names 'county' for building permits in this state","baseline:county-administers-unincorporated-building","co-prowers-prowers-county"
"county:08101","Pueblo County","08","county","08101","","","delegation policy names 'county' for building permits in this state","baseline:county-administers-unincorporated-building","co-pueblo-pueblo-county"
"county:08103","Rio Blanco County","08","county","08103","","","delegation policy names 'county' for building permits in this state","baseline:county-administers-unincorporated-building","co-rio-blanco-rio-blanco-county"
"county:08105","Rio Grande County","08","county","08105","","","delegation policy names 'county' for building permits in this state","baseline:county-administers-unincorporated-building","co-rio-grande-rio-grande-county"
"county:08107","Routt County","08","county","08107","","","delegation policy names 'county' for building permits in this state","baseline:county-administers-unincorporated-building","co-routt-routt-county"
"county:08109","Saguache County","08","county","08109","","","delegation policy names 'county' for building permits in this state","baseline:county-administers-unincorporated-building","co-saguache-saguache-county"
"county:08111","San Juan County","08","county","08111","","","delegation policy names 'county' for building permits in this state","baseline:county-administers-unincorporated-building","co-san-juan-san-juan-county"
"county:08113","San Miguel County","08","county","08113","","","delegation policy names 'county' for building permits in this state","baseline:county-administers-unincorporated-building","co-san-miguel-san-miguel-county"
"county:08115","Sedgwick County","08","county","08115","","","delegation policy names 'county' for building permits in this state","baseline:county-administers-unincorporated-building","co-sedgwick-sedgwick-county"
"county:08117","Summit County","08","county","08117","","","delegation policy names 'county' for building permits in this state","baseline:county-administers-unincorporated-building","co-summit-summit-county"
"county:08119","Teller County","08","county","08119","","","delegation policy names 'county' for building permits in this state","baseline:county-administers-unincorporated-building","co-teller-teller-county"
"county:08121","Washington County","08","county","08121","","","delegation policy names 'county' for building permits in this state","baseline:county-administers-unincorporated-building","co-washington-washington-county"
"county:08123","Weld County","08","county","08123","","","delegation policy names 'county' for building permits in this state","baseline:county-administers-unincorporated-building","co-weld-weld-county"
"county:08125","Yuma County","08","county","08125","","","delegation policy names 'county' for building permits in this state","baseline:county-administers-unincorporated-building","co-yuma-yuma-county"
"county:10001","Kent County","10","county","10001","","","delegation policy names 'county' for building permits in this state","baseline:county-administers-unincorporated-building","de-kent-kent-county"
"county:10003","New Castle County","10","county","10003","","","delegation policy names 'county' for building permits in this state","baseline:county-administers-unincorporated-building","de-new-castle-new-castle-county"
"county:10005","Sussex County","10","county","10005","","","delegation policy names 'county' for building permits in this state","baseline:county-administers-unincorporated-building","de-sussex-sussex-county"
"county:12001","Alachua County","12","county","12001","","","delegation policy names 'county' for building permits in this state","baseline:county-administers-unincorporated-building","fl-alachua-alachua-county"
"county:12003","Baker County","12","county","12003","","","delegation policy names 'county' for building permits in this state","baseline:county-administers-unincorporated-building","fl-baker-baker-county"
"county:12005","Bay County","12","county","12005","","","delegation policy names 'county' for building permits in this state","baseline:county-administers-unincorporated-building","fl-bay-bay-county"
"county:12007","Bradford County","12","county","12007","","","delegation policy names 'county' for building permits in this state","baseline:county-administers-unincorporated-building","fl-bradford-bradford-county"
"county:12009","Brevard County","12","county","12009","","","delegation policy names 'county' for building permits in this state","baseline:county-administers-unincorporated-building","fl-brevard-brevard-county"
"county:12011","Broward County","12","county","12011","","","delegation policy names 'county' for building permits in this state","baseline:county-administers-unincorporated-building","fl-broward-broward-county"
"county:12013","Calhoun County","12","county","12013","","","delegation policy names 'county' for building permits in this state","baseline:county-administers-unincorporated-building","fl-calhoun-calhoun-county"
"county:12015","Charlotte County","12","county","12015","","","delegation policy names 'county' for building permits in this state","baseline:county-administers-unincorporated-building","fl-charlotte-charlotte-county"
"county:12017","Citrus County","12","county","12017","","","delegation policy names 'county' for building permits in this state","baseline:county-administers-unincorporated-building","fl-citrus-citrus-county"
"county:12019","Clay County","12","county","12019","","","delegation policy names 'county' for building permits in this state","baseline:county-administers-unincorporated-building","fl-clay-clay-county"
"county:12021","Collier County","12","county","12021","","","delegation policy names 'county' for building permits in this state","baseline:county-administers-unincorporated-building","fl-collier-collier-county"
"county:12023","Columbia County","12","county","12023","","","delegation policy names 'county' for building permits in this state","baseline:county-administers-unincorporated-building","fl-columbia-columbia-county"
"county:12027","DeSoto County","12","county","12027","","","delegation policy names 'county' for building permits in this state","baseline:county-administers-unincorporated-building","fl-desoto-desoto-county"
"county:12029","Dixie County","12","county","12029","","","delegation policy names 'county' for building permits in this state","baseline:county-administers-unincorporated-building","fl-dixie-dixie-county"
"county:12031","Duval County","12","consolidated-government","12031","","","delegation policy names 'consolidated-government' for building permits in this state","baseline:incorporated-place-administers-building","fl-duval-duval-county"
"county:12033","Escambia County","12","county","12033","","","delegation policy names 'county' for building permits in this state","baseline:county-administers-unincorporated-building","fl-escambia-escambia-county"
"county:12035","Flagler County","12","county","12035","","","delegation policy names 'county' for building permits in this state","baseline:county-administers-unincorporated-building","fl-flagler-flagler-county"
"county:12037","Franklin County","12","county","12037","","","delegation policy names 'county' for building permits in this state","baseline:county-administers-unincorporated-building","fl-franklin-franklin-county"
"county:12039","Gadsden County","12","county","12039","","","delegation policy names 'county' for building permits in this state","baseline:county-administers-unincorporated-building","fl-gadsden-gadsden-county"
"county:12041","Gilchrist County","12","county","12041","","","delegation policy names 'county' for building permits in this state","baseline:county-administers-unincorporated-building","fl-gilchrist-gilchrist-county"
"county:12043","Glades County","12","county","12043","","","delegation policy names 'county' for building permits in this state","baseline:county-administers-unincorporated-building","fl-glades-glades-county"
"county:12045","Gulf County","12","county","12045","","","delegation policy names 'county' for building permits in this state","baseline:county-administers-unincorporated-building","fl-gulf-gulf-county"
"county:12047","Hamilton County","12","county","12047","","","delegation policy names 'county' for building permits in this state","baseline:county-administers-unincorporated-building","fl-hamilton-hamilton-county"
"county:12049","Hardee County","12","county","12049","","","delegation policy names 'county' for building permits in this state","baseline:county-administers-unincorporated-building","fl-hardee-hardee-county"
"county:12051","Hendry County","12","county","12051","","","delegation policy names 'county' for building permits in this state","baseline:county-administers-unincorporated-building","fl-hendry-hendry-county"
"county:12053","Hernando County","12","county","12053","","","delegation policy names 'county' for building permits in this state","baseline:county-administers-unincorporated-building","fl-hernando-hernando-county"
"county:12055","Highlands County","12","county","12055","","","delegation policy names 'county' for building permits in this state","baseline:county-administers-unincorporated-building","fl-highlands-highlands-county"
"county:12057","Hillsborough County","12","county","12057","","","delegation policy names 'county' for building permits in this state","baseline:county-administers-unincorporated-building","fl-hillsborough-hillsborough-county"
"county:12059","Holmes County","12","county","12059","","","delegation policy names 'county' for building permits in this state","baseline:county-administers-unincorporated-building","fl-holmes-holmes-county"
"county:12061","Indian River County","12","county","12061","","","delegation policy names 'county' for building permits in this state","baseline:county-administers-unincorporated-building","fl-indian-river-indian-river-county"
"county:12063","Jackson County","12","county","12063","","","delegation policy names 'county' for building permits in this state","baseline:county-administers-unincorporated-building","fl-jackson-jackson-county"
"county:12065","Jefferson County","12","county","12065","","","delegation policy names 'county' for building permits in this state","baseline:county-administers-unincorporated-building","fl-jefferson-jefferson-county"
"county:12067","Lafayette County","12","county","12067","","","delegation policy names 'county' for building permits in this state","baseline:county-administers-unincorporated-building","fl-lafayette-lafayette-county"
"county:12069","Lake County","12","county","12069","","","delegation policy names 'county' for building permits in this state","baseline:county-administers-unincorporated-building","fl-lake-lake-county"
"county:12071","Lee County","12","county","12071","","","delegation policy names 'county' for building permits in this state","baseline:county-administers-unincorporated-building","fl-lee-lee-county"
"county:12073","Leon County","12","county","12073","","","delegation policy names 'county' for building permits in this state","baseline:county-administers-unincorporated-building","fl-leon-leon-county"
"county:12075","Levy County","12","county","12075","","","delegation policy names 'county' for building permits in this state","baseline:county-administers-unincorporated-building","fl-levy-levy-county"
"county:12077","Liberty County","12","county","12077","","","delegation policy names 'county' for building permits in this state","baseline:county-administers-unincorporated-building","fl-liberty-liberty-county"
"county:12079","Madison County","12","county","12079","","","delegation policy names 'county' for building permits in this state","baseline:county-administers-unincorporated-building","fl-madison-madison-county"
"county:12081","Manatee County","12","county","12081","","","delegation policy names 'county' for building permits in this state","baseline:county-administers-unincorporated-building","fl-manatee-manatee-county"
"county:12083","Marion County","12","county","12083","","","delegation policy names 'county' for building permits in this state","baseline:county-administers-unincorporated-building","fl-marion-marion-county"
"county:12085","Martin County","12","county","12085","","","delegation policy names 'county' for building permits in this state","baseline:county-administers-unincorporated-building","fl-martin-martin-county"
"county:12087","Monroe County","12","county","12087","","","delegation policy names 'county' for building permits in this state","baseline:county-administers-unincorporated-building","fl-monroe-monroe-county"
"county:12089","Nassau County","12","county","12089","","","delegation policy names 'county' for building permits in this state","baseline:county-administers-unincorporated-building","fl-nassau-nassau-county"
"county:12091","Okaloosa County","12","county","12091","","","delegation policy names 'county' for building permits in this state","baseline:county-administers-unincorporated-building","fl-okaloosa-okaloosa-county"
"county:12093","Okeechobee County","12","county","12093","","","delegation policy names 'county' for building permits in this state","baseline:county-administers-unincorporated-building","fl-okeechobee-okeechobee-county"
"county:12095","Orange County","12","county","12095","","","delegation policy names 'county' for building permits in this state","baseline:county-administers-unincorporated-building","fl-orange-orange-county"
"county:12097","Osceola County","12","county","12097","","","delegation policy names 'county' for building permits in this state","baseline:county-administers-unincorporated-building","fl-osceola-osceola-county"
"county:12099","Palm Beach County","12","county","12099","","","delegation policy names 'county' for building permits in this state","baseline:county-administers-unincorporated-building","fl-palm-beach-palm-beach-county"
"county:12101","Pasco County","12","county","12101","","","delegation policy names 'county' for building permits in this state","baseline:county-administers-unincorporated-building","fl-pasco-pasco-county"
"county:12103","Pinellas County","12","county","12103","","","delegation policy names 'county' for building permits in this state","baseline:county-administers-unincorporated-building","fl-pinellas-pinellas-county"
"county:12105","Polk County","12","county","12105","","","delegation policy names 'county' for building permits in this state","baseline:county-administers-unincorporated-building","fl-polk-polk-county"
"county:12107","Putnam County","12","county","12107","","","delegation policy names 'county' for building permits in this state","baseline:county-administers-unincorporated-building","fl-putnam-putnam-county"
"county:12109","St. Johns County","12","county","12109","","","delegation policy names 'county' for building permits in this state","baseline:county-administers-unincorporated-building","fl-st-johns-st-johns-county"
"county:12111","St. Lucie County","12","county","12111","","","delegation policy names 'county' for building permits in this state","baseline:county-administers-unincorporated-building","fl-st-lucie-st-lucie-county"
"county:12113","Santa Rosa County","12","county","12113","","","delegation policy names 'county' for building permits in this state","baseline:county-administers-unincorporated-building","fl-santa-rosa-santa-rosa-county"
"county:12115","Sarasota County","12","county","12115","","","delegation policy names 'county' for building permits in this state","baseline:county-administers-unincorporated-building","fl-sarasota-sarasota-county"
"county:12117","Seminole County","12","county","12117","","","delegation policy names 'county' for building permits in this state","baseline:county-administers-unincorporated-building","fl-seminole-county"
"county:12119","Sumter County","12","county","12119","","","delegation policy names 'county' for building permits in this state","baseline:county-administers-unincorporated-building","fl-sumter-sumter-county"
"county:12121","Suwannee County","12","county","12121","","","delegation policy names 'county' for building permits in this state","baseline:county-administers-unincorporated-building","fl-suwannee-suwannee-county"
"county:12123","Taylor County","12","county","12123","","","delegation policy names 'county' for building permits in this state","baseline:county-administers-unincorporated-building","fl-taylor-taylor-county"
"county:12125","Union County","12","county","12125","","","delegation policy names 'county' for building permits in this state","baseline:county-administers-unincorporated-building","fl-union-union-county"
"county:12127","Volusia County","12","county","12127","","","delegation policy names 'county' for building permits in this state","baseline:county-administers-unincorporated-building","fl-volusia-volusia-county"
"county:12129","Wakulla County","12","county","12129","","","delegation policy names 'county' for building permits in this state","baseline:county-administers-unincorporated-building","fl-wakulla-wakulla-county"
"county:12131","Walton County","12","county","12131","","","delegation policy names 'county' for building permits in this state","baseline:county-administers-unincorporated-building","fl-walton-walton-county"
"county:12133","Washington County","12","county","12133","","","delegation policy names 'county' for building permits in this state","baseline:county-administers-unincorporated-building","fl-washington-washington-county"
"county:13001","Appling County","13","county","13001","","","delegation policy names 'county' for building permits in this state","baseline:county-administers-unincorporated-building","ga-appling-appling-county"
"county:13003","Atkinson County","13","county","13003","","","delegation policy names 'county' for building permits in this state","baseline:county-administers-unincorporated-building","ga-atkinson-atkinson-county"
"county:13005","Bacon County","13","county","13005","","","delegation policy names 'county' for building permits in this state","baseline:county-administers-unincorporated-building","ga-bacon-bacon-county"
"county:13007","Baker County","13","county","13007","","","delegation policy names 'county' for building permits in this state","baseline:county-administers-unincorporated-building","ga-baker-baker-county"
"county:13009","Baldwin County","13","county","13009","","","delegation policy names 'county' for building permits in this state","baseline:county-administers-unincorporated-building","ga-baldwin-baldwin-county"
"county:13011","Banks County","13","county","13011","","","delegation policy names 'county' for building permits in this state","baseline:county-administers-unincorporated-building","ga-banks-banks-county"
"county:13013","Barrow County","13","county","13013","","","delegation policy names 'county' for building permits in this state","baseline:county-administers-unincorporated-building","ga-barrow-barrow-county"
"county:13015","Bartow County","13","county","13015","","","delegation policy names 'county' for building permits in this state","baseline:county-administers-unincorporated-building","ga-bartow-bartow-county"
"county:13017","Ben Hill County","13","county","13017","","","delegation policy names 'county' for building permits in this state","baseline:county-administers-unincorporated-building","ga-ben-hill-ben-hill-county"
"county:13019","Berrien County","13","county","13019","","","delegation policy names 'county' for building permits in this state","baseline:county-administers-unincorporated-building","ga-berrien-berrien-county"
"county:13021","Bibb County","13","consolidated-government","13021","","","delegation policy names 'consolidated-government' for building permits in this state","baseline:incorporated-place-administers-building","ga-bibb-bibb-county"
"county:13023","Bleckley County","13","county","13023","","","delegation policy names 'county' for building permits in this state","baseline:county-administers-unincorporated-building","ga-bleckley-bleckley-county"
"county:13025","Brantley County","13","county","13025","","","delegation policy names 'county' for building permits in this state","baseline:county-administers-unincorporated-building","ga-brantley-brantley-county"
"county:13027","Brooks County","13","county","13027","","","delegation policy names 'county' for building permits in this state","baseline:county-administers-unincorporated-building","ga-brooks-brooks-county"
"county:13029","Bryan County","13","county","13029","","","delegation policy names 'county' for building permits in this state","baseline:county-administers-unincorporated-building","ga-bryan-bryan-county"
"county:13031","Bulloch County","13","county","13031","","","delegation policy names 'county' for building permits in this state","baseline:county-administers-unincorporated-building","ga-bulloch-bulloch-county"
"county:13033","Burke County","13","county","13033","","","delegation policy names 'county' for building permits in this state","baseline:county-administers-unincorporated-building","ga-burke-burke-county"
"county:13035","Butts County","13","county","13035","","","delegation policy names 'county' for building permits in this state","baseline:county-administers-unincorporated-building","ga-butts-butts-county"
"county:13037","Calhoun County","13","county","13037","","","delegation policy names 'county' for building permits in this state","baseline:county-administers-unincorporated-building","ga-calhoun-calhoun-county"
"county:13039","Camden County","13","county","13039","","","delegation policy names 'county' for building permits in this state","baseline:county-administers-unincorporated-building","ga-camden-camden-county"
"county:13043","Candler County","13","county","13043","","","delegation policy names 'county' for building permits in this state","baseline:county-administers-unincorporated-building","ga-candler-candler-county"
"county:13045","Carroll County","13","county","13045","","","delegation policy names 'county' for building permits in this state","baseline:county-administers-unincorporated-building","ga-carroll-carroll-county"
"county:13047","Catoosa County","13","county","13047","","","delegation policy names 'county' for building permits in this state","baseline:county-administers-unincorporated-building","ga-catoosa-catoosa-county"
"county:13049","Charlton County","13","county","13049","","","delegation policy names 'county' for building permits in this state","baseline:county-administers-unincorporated-building","ga-charlton-charlton-county"
"county:13051","Chatham County","13","county","13051","","","delegation policy names 'county' for building permits in this state","baseline:county-administers-unincorporated-building","ga-chatham-chatham-county"
"county:13053","Chattahoochee County","13","consolidated-government","13053","","","delegation policy names 'consolidated-government' for building permits in this state","baseline:incorporated-place-administers-building","ga-chattahoochee-chattahoochee-county"
"county:13055","Chattooga County","13","county","13055","","","delegation policy names 'county' for building permits in this state","baseline:county-administers-unincorporated-building","ga-chattooga-chattooga-county"
"county:13057","Cherokee County","13","county","13057","","","delegation policy names 'county' for building permits in this state","baseline:county-administers-unincorporated-building","ga-cherokee-cherokee-county"
"county:13059","Clarke County","13","consolidated-government","13059","","","delegation policy names 'consolidated-government' for building permits in this state","baseline:incorporated-place-administers-building","ga-clarke-clarke-county"
"county:13061","Clay County","13","county","13061","","","delegation policy names 'county' for building permits in this state","baseline:county-administers-unincorporated-building","ga-clay-clay-county"
"county:13063","Clayton County","13","county","13063","","","delegation policy names 'county' for building permits in this state","baseline:county-administers-unincorporated-building","ga-clayton-clayton-county"
"county:13065","Clinch County","13","county","13065","","","delegation policy names 'county' for building permits in this state","baseline:county-administers-unincorporated-building","ga-clinch-clinch-county"
"county:13067","Cobb County","13","county","13067","","","delegation policy names 'county' for building permits in this state","baseline:county-administers-unincorporated-building","ga-cobb-county"
"county:13069","Coffee County","13","county","13069","","","delegation policy names 'county' for building permits in this state","baseline:county-administers-unincorporated-building","ga-coffee-coffee-county"
"county:13071","Colquitt County","13","county","13071","","","delegation policy names 'county' for building permits in this state","baseline:county-administers-unincorporated-building","ga-colquitt-colquitt-county"
"county:13073","Columbia County","13","county","13073","","","delegation policy names 'county' for building permits in this state","baseline:county-administers-unincorporated-building","ga-columbia-columbia-county"
"county:13075","Cook County","13","county","13075","","","delegation policy names 'county' for building permits in this state","baseline:county-administers-unincorporated-building","ga-cook-cook-county"
"county:13077","Coweta County","13","county","13077","","","delegation policy names 'county' for building permits in this state","baseline:county-administers-unincorporated-building","ga-coweta-coweta-county"
"county:13079","Crawford County","13","county","13079","","","delegation policy names 'county' for building permits in this state","baseline:county-administers-unincorporated-building","ga-crawford-crawford-county"
"county:13081","Crisp County","13","county","13081","","","delegation policy names 'county' for building permits in this state","baseline:county-administers-unincorporated-building","ga-crisp-crisp-county"
"county:13083","Dade County","13","county","13083","","","delegation policy names 'county' for building permits in this state","baseline:county-administers-unincorporated-building","ga-dade-dade-county"
"county:13085","Dawson County","13","county","13085","","","delegation policy names 'county' for building permits in this state","baseline:county-administers-unincorporated-building","ga-dawson-dawson-county"
"county:13087","Decatur County","13","county","13087","","","delegation policy names 'county' for building permits in this state","baseline:county-administers-unincorporated-building","ga-decatur-decatur-county"
"county:13089","DeKalb County","13","county","13089","","","delegation policy names 'county' for building permits in this state","baseline:county-administers-unincorporated-building","ga-dekalb-county"
"county:13091","Dodge County","13","county","13091","","","delegation policy names 'county' for building permits in this state","baseline:county-administers-unincorporated-building","ga-dodge-dodge-county"
"county:13093","Dooly County","13","county","13093","","","delegation policy names 'county' for building permits in this state","baseline:county-administers-unincorporated-building","ga-dooly-dooly-county"
"county:13095","Dougherty County","13","county","13095","","","delegation policy names 'county' for building permits in this state","baseline:county-administers-unincorporated-building","ga-dougherty-dougherty-county"
"county:13097","Douglas County","13","county","13097","","","delegation policy names 'county' for building permits in this state","baseline:county-administers-unincorporated-building","ga-douglas-douglas-county"
"county:13099","Early County","13","county","13099","","","delegation policy names 'county' for building permits in this state","baseline:county-administers-unincorporated-building","ga-early-early-county"
"county:13101","Echols County","13","consolidated-government","13101","","","delegation policy names 'consolidated-government' for building permits in this state","baseline:incorporated-place-administers-building","ga-echols-echols-county"
"county:13103","Effingham County","13","county","13103","","","delegation policy names 'county' for building permits in this state","baseline:county-administers-unincorporated-building","ga-effingham-effingham-county"
"county:13105","Elbert County","13","county","13105","","","delegation policy names 'county' for building permits in this state","baseline:county-administers-unincorporated-building","ga-elbert-elbert-county"
"county:13107","Emanuel County","13","county","13107","","","delegation policy names 'county' for building permits in this state","baseline:county-administers-unincorporated-building","ga-emanuel-emanuel-county"
"county:13109","Evans County","13","county","13109","","","delegation policy names 'county' for building permits in this state","baseline:county-administers-unincorporated-building","ga-evans-evans-county"
"county:13111","Fannin County","13","county","13111","","","delegation policy names 'county' for building permits in this state","baseline:county-administers-unincorporated-building","ga-fannin-fannin-county"
"county:13113","Fayette County","13","county","13113","","","delegation policy names 'county' for building permits in this state","baseline:county-administers-unincorporated-building","ga-fayette-fayette-county"
"county:13115","Floyd County","13","county","13115","","","delegation policy names 'county' for building permits in this state","baseline:county-administers-unincorporated-building","ga-floyd-floyd-county"
"county:13117","Forsyth County","13","county","13117","","","delegation policy names 'county' for building permits in this state","baseline:county-administers-unincorporated-building","ga-forsyth-forsyth-county"
"county:13119","Franklin County","13","county","13119","","","delegation policy names 'county' for building permits in this state","baseline:county-administers-unincorporated-building","ga-franklin-franklin-county"
"county:13121","Fulton County","13","county","13121","","","delegation policy names 'county' for building permits in this state","baseline:county-administers-unincorporated-building","ga-fulton-fulton-county"
"county:13123","Gilmer County","13","county","13123","","","delegation policy names 'county' for building permits in this state","baseline:county-administers-unincorporated-building","ga-gilmer-gilmer-county"
"county:13125","Glascock County","13","county","13125","","","delegation policy names 'county' for building permits in this state","baseline:county-administers-unincorporated-building","ga-glascock-glascock-county"
"county:13127","Glynn County","13","county","13127","","","delegation policy names 'county' for building permits in this state","baseline:county-administers-unincorporated-building","ga-glynn-glynn-county"
"county:13129","Gordon County","13","county","13129","","","delegation policy names 'county' for building permits in this state","baseline:county-administers-unincorporated-building","ga-gordon-gordon-county"
"county:13131","Grady County","13","county","13131","","","delegation policy names 'county' for building permits in this state","baseline:county-administers-unincorporated-building","ga-grady-grady-county"
"county:13133","Greene County","13","county","13133","","","delegation policy names 'county' for building permits in this state","baseline:county-administers-unincorporated-building","ga-greene-greene-county"
"county:13135","Gwinnett County","13","county","13135","","","delegation policy names 'county' for building permits in this state","baseline:county-administers-unincorporated-building","ga-gwinnett-county"
"county:13137","Habersham County","13","county","13137","","","delegation policy names 'county' for building permits in this state","baseline:county-administers-unincorporated-building","ga-habersham-habersham-county"
"county:13139","Hall County","13","county","13139","","","delegation policy names 'county' for building permits in this state","baseline:county-administers-unincorporated-building","ga-hall-hall-county"
"county:13141","Hancock County","13","county","13141","","","delegation policy names 'county' for building permits in this state","baseline:county-administers-unincorporated-building","ga-hancock-hancock-county"
"county:13143","Haralson County","13","county","13143","","","delegation policy names 'county' for building permits in this state","baseline:county-administers-unincorporated-building","ga-haralson-haralson-county"
"county:13145","Harris County","13","county","13145","","","delegation policy names 'county' for building permits in this state","baseline:county-administers-unincorporated-building","ga-harris-harris-county"
"county:13147","Hart County","13","county","13147","","","delegation policy names 'county' for building permits in this state","baseline:county-administers-unincorporated-building","ga-hart-hart-county"
"county:13149","Heard County","13","county","13149","","","delegation policy names 'county' for building permits in this state","baseline:county-administers-unincorporated-building","ga-heard-heard-county"
"county:13151","Henry County","13","county","13151","","","delegation policy names 'county' for building permits in this state","baseline:county-administers-unincorporated-building","ga-henry-henry-county"
"county:13153","Houston County","13","county","13153","","","delegation policy names 'county' for building permits in this state","baseline:county-administers-unincorporated-building","ga-houston-houston-county"
"county:13155","Irwin County","13","county","13155","","","delegation policy names 'county' for building permits in this state","baseline:county-administers-unincorporated-building","ga-irwin-irwin-county"
"county:13157","Jackson County","13","county","13157","","","delegation policy names 'county' for building permits in this state","baseline:county-administers-unincorporated-building","ga-jackson-jackson-county"
"county:13159","Jasper County","13","county","13159","","","delegation policy names 'county' for building permits in this state","baseline:county-administers-unincorporated-building","ga-jasper-jasper-county"
"county:13161","Jeff Davis County","13","county","13161","","","delegation policy names 'county' for building permits in this state","baseline:county-administers-unincorporated-building","ga-jeff-davis-jeff-davis-county"
"county:13163","Jefferson County","13","county","13163","","","delegation policy names 'county' for building permits in this state","baseline:county-administers-unincorporated-building","ga-jefferson-jefferson-county"
"county:13165","Jenkins County","13","county","13165","","","delegation policy names 'county' for building permits in this state","baseline:county-administers-unincorporated-building","ga-jenkins-jenkins-county"
"county:13167","Johnson County","13","county","13167","","","delegation policy names 'county' for building permits in this state","baseline:county-administers-unincorporated-building","ga-johnson-johnson-county"
"county:13169","Jones County","13","county","13169","","","delegation policy names 'county' for building permits in this state","baseline:county-administers-unincorporated-building","ga-jones-jones-county"
"county:13171","Lamar County","13","county","13171","","","delegation policy names 'county' for building permits in this state","baseline:county-administers-unincorporated-building","ga-lamar-lamar-county"
"county:13173","Lanier County","13","county","13173","","","delegation policy names 'county' for building permits in this state","baseline:county-administers-unincorporated-building","ga-lanier-lanier-county"
"county:13175","Laurens County","13","county","13175","","","delegation policy names 'county' for building permits in this state","baseline:county-administers-unincorporated-building","ga-laurens-laurens-county"
"county:13177","Lee County","13","county","13177","","","delegation policy names 'county' for building permits in this state","baseline:county-administers-unincorporated-building","ga-lee-lee-county"
"county:13179","Liberty County","13","county","13179","","","delegation policy names 'county' for building permits in this state","baseline:county-administers-unincorporated-building","ga-liberty-liberty-county"
"county:13181","Lincoln County","13","county","13181","","","delegation policy names 'county' for building permits in this state","baseline:county-administers-unincorporated-building","ga-lincoln-lincoln-county"
"county:13183","Long County","13","county","13183","","","delegation policy names 'county' for building permits in this state","baseline:county-administers-unincorporated-building","ga-long-long-county"
"county:13185","Lowndes County","13","county","13185","","","delegation policy names 'county' for building permits in this state","baseline:county-administers-unincorporated-building","ga-lowndes-lowndes-county"
"county:13187","Lumpkin County","13","county","13187","","","delegation policy names 'county' for building permits in this state","baseline:county-administers-unincorporated-building","ga-lumpkin-lumpkin-county"
"county:13189","McDuffie County","13","county","13189","","","delegation policy names 'county' for building permits in this state","baseline:county-administers-unincorporated-building","ga-mcduffie-mcduffie-county"
"county:13191","McIntosh County","13","county","13191","","","delegation policy names 'county' for building permits in this state","baseline:county-administers-unincorporated-building","ga-mcintosh-mcintosh-county"
"county:13193","Macon County","13","county","13193","","","delegation policy names 'county' for building permits in this state","baseline:county-administers-unincorporated-building","ga-macon-macon-county"
"county:13195","Madison County","13","county","13195","","","delegation policy names 'county' for building permits in this state","baseline:county-administers-unincorporated-building","ga-madison-madison-county"
"county:13197","Marion County","13","county","13197","","","delegation policy names 'county' for building permits in this state","baseline:county-administers-unincorporated-building","ga-marion-marion-county"
"county:13199","Meriwether County","13","county","13199","","","delegation policy names 'county' for building permits in this state","baseline:county-administers-unincorporated-building","ga-meriwether-meriwether-county"
"county:13201","Miller County","13","county","13201","","","delegation policy names 'county' for building permits in this state","baseline:county-administers-unincorporated-building","ga-miller-miller-county"
"county:13205","Mitchell County","13","county","13205","","","delegation policy names 'county' for building permits in this state","baseline:county-administers-unincorporated-building","ga-mitchell-mitchell-county"
"county:13207","Monroe County","13","county","13207","","","delegation policy names 'county' for building permits in this state","baseline:county-administers-unincorporated-building","ga-monroe-monroe-county"
"county:13209","Montgomery County","13","county","13209","","","delegation policy names 'county' for building permits in this state","baseline:county-administers-unincorporated-building","ga-montgomery-montgomery-county"
"county:13211","Morgan County","13","county","13211","","","delegation policy names 'county' for building permits in this state","baseline:county-administers-unincorporated-building","ga-morgan-morgan-county"
"county:13213","Murray County","13","county","13213","","","delegation policy names 'county' for building permits in this state","baseline:county-administers-unincorporated-building","ga-murray-murray-county"
"county:13215","Muscogee County","13","consolidated-government","13215","","","delegation policy names 'consolidated-government' for building permits in this state","baseline:incorporated-place-administers-building","ga-muscogee-muscogee-county"
"county:13217","Newton County","13","county","13217","","","delegation policy names 'county' for building permits in this state","baseline:county-administers-unincorporated-building","ga-newton-newton-county"
"county:13219","Oconee County","13","county","13219","","","delegation policy names 'county' for building permits in this state","baseline:county-administers-unincorporated-building","ga-oconee-oconee-county"
"county:13221","Oglethorpe County","13","county","13221","","","delegation policy names 'county' for building permits in this state","baseline:county-administers-unincorporated-building","ga-oglethorpe-oglethorpe-county"
"county:13223","Paulding County","13","county","13223","","","delegation policy names 'county' for building permits in this state","baseline:county-administers-unincorporated-building","ga-paulding-paulding-county"
"county:13225","Peach County","13","county","13225","","","delegation policy names 'county' for building permits in this state","baseline:county-administers-unincorporated-building","ga-peach-peach-county"
"county:13227","Pickens County","13","county","13227","","","delegation policy names 'county' for building permits in this state","baseline:county-administers-unincorporated-building","ga-pickens-pickens-county"
"county:13229","Pierce County","13","county","13229","","","delegation policy names 'county' for building permits in this state","baseline:county-administers-unincorporated-building","ga-pierce-pierce-county"
"county:13231","Pike County","13","county","13231","","","delegation policy names 'county' for building permits in this state","baseline:county-administers-unincorporated-building","ga-pike-pike-county"
"county:13233","Polk County","13","county","13233","","","delegation policy names 'county' for building permits in this state","baseline:county-administers-unincorporated-building","ga-polk-polk-county"
"county:13235","Pulaski County","13","county","13235","","","delegation policy names 'county' for building permits in this state","baseline:county-administers-unincorporated-building","ga-pulaski-pulaski-county"
"county:13237","Putnam County","13","county","13237","","","delegation policy names 'county' for building permits in this state","baseline:county-administers-unincorporated-building","ga-putnam-putnam-county"
"county:13239","Quitman County","13","consolidated-government","13239","","","delegation policy names 'consolidated-government' for building permits in this state","baseline:incorporated-place-administers-building","ga-quitman-quitman-county"
"county:13241","Rabun County","13","county","13241","","","delegation policy names 'county' for building permits in this state","baseline:county-administers-unincorporated-building","ga-rabun-rabun-county"
"county:13243","Randolph County","13","county","13243","","","delegation policy names 'county' for building permits in this state","baseline:county-administers-unincorporated-building","ga-randolph-randolph-county"
"county:13245","Richmond County","13","consolidated-government","13245","","","delegation policy names 'consolidated-government' for building permits in this state","baseline:incorporated-place-administers-building","ga-richmond-richmond-county"
"county:13247","Rockdale County","13","county","13247","","","delegation policy names 'county' for building permits in this state","baseline:county-administers-unincorporated-building","ga-rockdale-rockdale-county"
"county:13249","Schley County","13","county","13249","","","delegation policy names 'county' for building permits in this state","baseline:county-administers-unincorporated-building","ga-schley-schley-county"
"county:13251","Screven County","13","county","13251","","","delegation policy names 'county' for building permits in this state","baseline:county-administers-unincorporated-building","ga-screven-screven-county"
"county:13253","Seminole County","13","county","13253","","","delegation policy names 'county' for building permits in this state","baseline:county-administers-unincorporated-building","ga-seminole-seminole-county"
"county:13255","Spalding County","13","county","13255","","","delegation policy names 'county' for building permits in this state","baseline:county-administers-unincorporated-building","ga-spalding-spalding-county"
"county:13257","Stephens County","13","county","13257","","","delegation policy names 'county' for building permits in this state","baseline:county-administers-unincorporated-building","ga-stephens-stephens-county"
"county:13259","Stewart County","13","county","13259","","","delegation policy names 'county' for building permits in this state","baseline:county-administers-unincorporated-building","ga-stewart-stewart-county"
"county:13261","Sumter County","13","county","13261","","","delegation policy names 'county' for building permits in this state","baseline:county-administers-unincorporated-building","ga-sumter-sumter-county"
"county:13263","Talbot County","13","county","13263","","","delegation policy names 'county' for building permits in this state","baseline:county-administers-unincorporated-building","ga-talbot-talbot-county"
"county:13265","Taliaferro County","13","county","13265","","","delegation policy names 'county' for building permits in this state","baseline:county-administers-unincorporated-building","ga-taliaferro-taliaferro-county"
"county:13267","Tattnall County","13","county","13267","","","delegation policy names 'county' for building permits in this state","baseline:county-administers-unincorporated-building","ga-tattnall-tattnall-county"
"county:13269","Taylor County","13","county","13269","","","delegation policy names 'county' for building permits in this state","baseline:county-administers-unincorporated-building","ga-taylor-taylor-county"
"county:13271","Telfair County","13","county","13271","","","delegation policy names 'county' for building permits in this state","baseline:county-administers-unincorporated-building","ga-telfair-telfair-county"
"county:13273","Terrell County","13","county","13273","","","delegation policy names 'county' for building permits in this state","baseline:county-administers-unincorporated-building","ga-terrell-terrell-county"
"county:13275","Thomas County","13","county","13275","","","delegation policy names 'county' for building permits in this state","baseline:county-administers-unincorporated-building","ga-thomas-thomas-county"
"county:13277","Tift County","13","county","13277","","","delegation policy names 'county' for building permits in this state","baseline:county-administers-unincorporated-building","ga-tift-tift-county"
"county:13279","Toombs County","13","county","13279","","","delegation policy names 'county' for building permits in this state","baseline:county-administers-unincorporated-building","ga-toombs-toombs-county"
"county:13281","Towns County","13","county","13281","","","delegation policy names 'county' for building permits in this state","baseline:county-administers-unincorporated-building","ga-towns-towns-county"
"county:13283","Treutlen County","13","county","13283","","","delegation policy names 'county' for building permits in this state","baseline:county-administers-unincorporated-building","ga-treutlen-treutlen-county"
"county:13285","Troup County","13","county","13285","","","delegation policy names 'county' for building permits in this state","baseline:county-administers-unincorporated-building","ga-troup-troup-county"
"county:13287","Turner County","13","county","13287","","","delegation policy names 'county' for building permits in this state","baseline:county-administers-unincorporated-building","ga-turner-turner-county"
"county:13289","Twiggs County","13","county","13289","","","delegation policy names 'county' for building permits in this state","baseline:county-administers-unincorporated-building","ga-twiggs-twiggs-county"
"county:13291","Union County","13","county","13291","","","delegation policy names 'county' for building permits in this state","baseline:county-administers-unincorporated-building","ga-union-union-county"
"county:13293","Upson County","13","county","13293","","","delegation policy names 'county' for building permits in this state","baseline:county-administers-unincorporated-building","ga-upson-upson-county"
"county:13295","Walker County","13","county","13295","","","delegation policy names 'county' for building permits in this state","baseline:county-administers-unincorporated-building","ga-walker-walker-county"
"county:13297","Walton County","13","county","13297","","","delegation policy names 'county' for building permits in this state","baseline:county-administers-unincorporated-building","ga-walton-walton-county"
"county:13299","Ware County","13","county","13299","","","delegation policy names 'county' for building permits in this state","baseline:county-administers-unincorporated-building","ga-ware-ware-county"
"county:13301","Warren County","13","county","13301","","","delegation policy names 'county' for building permits in this state","baseline:county-administers-unincorporated-building","ga-warren-warren-county"
"county:13303","Washington County","13","county","13303","","","delegation policy names 'county' for building permits in this state","baseline:county-administers-unincorporated-building","ga-washington-washington-county"
"county:13305","Wayne County","13","county","13305","","","delegation policy names 'county' for building permits in this state","baseline:county-administers-unincorporated-building","ga-wayne-wayne-county"
"county:13307","Webster County","13","consolidated-government","13307","","","delegation policy names 'consolidated-government' for building permits in this state","baseline:incorporated-place-administers-building","ga-webster-webster-county"
"county:13309","Wheeler County","13","county","13309","","","delegation policy names 'county' for building permits in this state","baseline:county-administers-unincorporated-building","ga-wheeler-wheeler-county"
"county:13311","White County","13","county","13311","","","delegation policy names 'county' for building permits in this state","baseline:county-administers-unincorporated-building","ga-white-white-county"
"county:13313","Whitfield County","13","county","13313","","","delegation policy names 'county' for building permits in this state","baseline:county-administers-unincorporated-building","ga-whitfield-whitfield-county"
"county:13315","Wilcox County","13","county","13315","","","delegation policy names 'county' for building permits in this state","baseline:county-administers-unincorporated-building","ga-wilcox-wilcox-county"
"county:13317","Wilkes County","13","county","13317","","","delegation policy names 'county' for building permits in this state","baseline:county-administers-unincorporated-building","ga-wilkes-wilkes-county"
"county:13319","Wilkinson County","13","county","13319","","","delegation policy names 'county' for building permits in this state","baseline:county-administers-unincorporated-building","ga-wilkinson-wilkinson-county"
"county:13321","Worth County","13","county","13321","","","delegation policy names 'county' for building permits in this state","baseline:county-administers-unincorporated-building","ga-worth-worth-county"
"county:15003","Honolulu County","15","consolidated-government","15003","","","delegation policy names 'consolidated-government' for building permits in this state","baseline:incorporated-place-administers-building","hi-honolulu-honolulu-county"
"county:15007","Kauai County","15","county","15007","","","delegation policy names 'county' for building permits in this state","baseline:county-administers-unincorporated-building","hi-kauai-kauai-county"
"county:16001","Ada County","16","county","16001","","","delegation policy names 'county' for building permits in this state","baseline:county-administers-unincorporated-building","id-ada-ada-county"
"county:16003","Adams County","16","county","16003","","","delegation policy names 'county' for building permits in this state","baseline:county-administers-unincorporated-building","id-adams-adams-county"
"county:16005","Bannock County","16","county","16005","","","delegation policy names 'county' for building permits in this state","baseline:county-administers-unincorporated-building","id-bannock-bannock-county"
"county:16007","Bear Lake County","16","county","16007","","","delegation policy names 'county' for building permits in this state","baseline:county-administers-unincorporated-building","id-bear-lake-bear-lake-county"
"county:16009","Benewah County","16","county","16009","","","delegation policy names 'county' for building permits in this state","baseline:county-administers-unincorporated-building","id-benewah-benewah-county"
"county:16011","Bingham County","16","county","16011","","","delegation policy names 'county' for building permits in this state","baseline:county-administers-unincorporated-building","id-bingham-bingham-county"
"county:16013","Blaine County","16","county","16013","","","delegation policy names 'county' for building permits in this state","baseline:county-administers-unincorporated-building","id-blaine-blaine-county"
"county:16015","Boise County","16","county","16015","","","delegation policy names 'county' for building permits in this state","baseline:county-administers-unincorporated-building","id-boise-boise-county"
"county:16017","Bonner County","16","county","16017","","","delegation policy names 'county' for building permits in this state","baseline:county-administers-unincorporated-building","id-bonner-bonner-county"
"county:16019","Bonneville County","16","county","16019","","","delegation policy names 'county' for building permits in this state","baseline:county-administers-unincorporated-building","id-bonneville-bonneville-county"
"county:16021","Boundary County","16","county","16021","","","delegation policy names 'county' for building permits in this state","baseline:county-administers-unincorporated-building","id-boundary-boundary-county"
"county:16023","Butte County","16","county","16023","","","delegation policy names 'county' for building permits in this state","baseline:county-administers-unincorporated-building","id-butte-butte-county"
"county:16025","Camas County","16","county","16025","","","delegation policy names 'county' for building permits in this state","baseline:county-administers-unincorporated-building","id-camas-camas-county"
"county:16027","Canyon County","16","county","16027","","","delegation policy names 'county' for building permits in this state","baseline:county-administers-unincorporated-building","id-canyon-canyon-county"
"county:16029","Caribou County","16","county","16029","","","delegation policy names 'county' for building permits in this state","baseline:county-administers-unincorporated-building","id-caribou-caribou-county"
"county:16031","Cassia County","16","county","16031","","","delegation policy names 'county' for building permits in this state","baseline:county-administers-unincorporated-building","id-cassia-cassia-county"
"county:16033","Clark County","16","county","16033","","","delegation policy names 'county' for building permits in this state","baseline:county-administers-unincorporated-building","id-clark-clark-county"
"county:16035","Clearwater County","16","county","16035","","","delegation policy names 'county' for building permits in this state","baseline:county-administers-unincorporated-building","id-clearwater-clearwater-county"
"county:16037","Custer County","16","county","16037","","","delegation policy names 'county' for building permits in this state","baseline:county-administers-unincorporated-building","id-custer-custer-county"
"county:16039","Elmore County","16","county","16039","","","delegation policy names 'county' for building permits in this state","baseline:county-administers-unincorporated-building","id-elmore-elmore-county"
"county:16041","Franklin County","16","county","16041","","","delegation policy names 'county' for building permits in this state","baseline:county-administers-unincorporated-building","id-franklin-franklin-county"
"county:16043","Fremont County","16","county","16043","","","delegation policy names 'county' for building permits in this state","baseline:county-administers-unincorporated-building","id-fremont-fremont-county"
"county:16045","Gem County","16","county","16045","","","delegation policy names 'county' for building permits in this state","baseline:county-administers-unincorporated-building","id-gem-gem-county"
"county:16047","Gooding County","16","county","16047","","","delegation policy names 'county' for building permits in this state","baseline:county-administers-unincorporated-building","id-gooding-gooding-county"
"county:16049","Idaho County","16","county","16049","","","delegation policy names 'county' for building permits in this state","baseline:county-administers-unincorporated-building","id-idaho-idaho-county"
"county:16051","Jefferson County","16","county","16051","","","delegation policy names 'county' for building permits in this state","baseline:county-administers-unincorporated-building","id-jefferson-jefferson-county"
"county:16053","Jerome County","16","county","16053","","","delegation policy names 'county' for building permits in this state","baseline:county-administers-unincorporated-building","id-jerome-jerome-county"
"county:16055","Kootenai County","16","county","16055","","","delegation policy names 'county' for building permits in this state","baseline:county-administers-unincorporated-building","id-kootenai-kootenai-county"
"county:16057","Latah County","16","county","16057","","","delegation policy names 'county' for building permits in this state","baseline:county-administers-unincorporated-building","id-latah-latah-county"
"county:16059","Lemhi County","16","county","16059","","","delegation policy names 'county' for building permits in this state","baseline:county-administers-unincorporated-building","id-lemhi-lemhi-county"
"county:16061","Lewis County","16","county","16061","","","delegation policy names 'county' for building permits in this state","baseline:county-administers-unincorporated-building","id-lewis-lewis-county"
"county:16063","Lincoln County","16","county","16063","","","delegation policy names 'county' for building permits in this state","baseline:county-administers-unincorporated-building","id-lincoln-lincoln-county"
"county:16065","Madison County","16","county","16065","","","delegation policy names 'county' for building permits in this state","baseline:county-administers-unincorporated-building","id-madison-madison-county"
"county:16067","Minidoka County","16","county","16067","","","delegation policy names 'county' for building permits in this state","baseline:county-administers-unincorporated-building","id-minidoka-minidoka-county"
"county:16069","Nez Perce County","16","county","16069","","","delegation policy names 'county' for building permits in this state","baseline:county-administers-unincorporated-building","id-nez-perce-nez-perce-county"
"county:16071","Oneida County","16","county","16071","","","delegation policy names 'county' for building permits in this state","baseline:county-administers-unincorporated-building","id-oneida-oneida-county"
"county:16073","Owyhee County","16","county","16073","","","delegation policy names 'county' for building permits in this state","baseline:county-administers-unincorporated-building","id-owyhee-owyhee-county"
"county:16075","Payette County","16","county","16075","","","delegation policy names 'county' for building permits in this state","baseline:county-administers-unincorporated-building","id-payette-payette-county"
"county:16077","Power County","16","county","16077","","","delegation policy names 'county' for building permits in this state","baseline:county-administers-unincorporated-building","id-power-power-county"
"county:16079","Shoshone County","16","county","16079","","","delegation policy names 'county' for building permits in this state","baseline:county-administers-unincorporated-building","id-shoshone-shoshone-county"
"county:16081","Teton County","16","county","16081","","","delegation policy names 'county' for building permits in this state","baseline:county-administers-unincorporated-building","id-teton-teton-county"
"county:16083","Twin Falls County","16","county","16083","","","delegation policy names 'county' for building permits in this state","baseline:county-administers-unincorporated-building","id-twin-falls-twin-falls-county"
"county:16085","Valley County","16","county","16085","","","delegation policy names 'county' for building permits in this state","baseline:county-administers-unincorporated-building","id-valley-valley-county"
"county:16087","Washington County","16","county","16087","","","delegation policy names 'county' for building permits in this state","baseline:county-administers-unincorporated-building","id-washington-washington-county"
"county:17001","Adams County","17","county","17001","","","delegation policy names 'county' for building permits in this state","baseline:county-administers-unincorporated-building","il-adams-adams-county"
"county:17003","Alexander County","17","county","17003","","","delegation policy names 'county' for building permits in this state","baseline:county-administers-unincorporated-building","il-alexander-alexander-county"
"county:17005","Bond County","17","county","17005","","","delegation policy names 'county' for building permits in this state","baseline:county-administers-unincorporated-building","il-bond-bond-county"
"county:17007","Boone County","17","county","17007","","","delegation policy names 'county' for building permits in this state","baseline:county-administers-unincorporated-building","il-boone-boone-county"
"county:17009","Brown County","17","county","17009","","","delegation policy names 'county' for building permits in this state","baseline:county-administers-unincorporated-building","il-brown-brown-county"
"county:17011","Bureau County","17","county","17011","","","delegation policy names 'county' for building permits in this state","baseline:county-administers-unincorporated-building","il-bureau-bureau-county"
"county:17013","Calhoun County","17","county","17013","","","delegation policy names 'county' for building permits in this state","baseline:county-administers-unincorporated-building","il-calhoun-calhoun-county"
"county:17015","Carroll County","17","county","17015","","","delegation policy names 'county' for building permits in this state","baseline:county-administers-unincorporated-building","il-carroll-carroll-county"
"county:17017","Cass County","17","county","17017","","","delegation policy names 'county' for building permits in this state","baseline:county-administers-unincorporated-building","il-cass-cass-county"
"county:17019","Champaign County","17","county","17019","","","delegation policy names 'county' for building permits in this state","baseline:county-administers-unincorporated-building","il-champaign-champaign-county"
"county:17021","Christian County","17","county","17021","","","delegation policy names 'county' for building permits in this state","baseline:county-administers-unincorporated-building","il-christian-christian-county"
"county:17023","Clark County","17","county","17023","","","delegation policy names 'county' for building permits in this state","baseline:county-administers-unincorporated-building","il-clark-clark-county"
"county:17025","Clay County","17","county","17025","","","delegation policy names 'county' for building permits in this state","baseline:county-administers-unincorporated-building","il-clay-clay-county"
"county:17027","Clinton County","17","county","17027","","","delegation policy names 'county' for building permits in this state","baseline:county-administers-unincorporated-building","il-clinton-clinton-county"
"county:17029","Coles County","17","county","17029","","","delegation policy names 'county' for building permits in this state","baseline:county-administers-unincorporated-building","il-coles-coles-county"
"county:17031","Cook County","17","county","17031","","","delegation policy names 'county' for building permits in this state","baseline:county-administers-unincorporated-building","il-cook-county"
"county:17033","Crawford County","17","county","17033","","","delegation policy names 'county' for building permits in this state","baseline:county-administers-unincorporated-building","il-crawford-crawford-county"
"county:17035","Cumberland County","17","county","17035","","","delegation policy names 'county' for building permits in this state","baseline:county-administers-unincorporated-building","il-cumberland-cumberland-county"
"county:17037","DeKalb County","17","county","17037","","","delegation policy names 'county' for building permits in this state","baseline:county-administers-unincorporated-building","il-dekalb-dekalb-county"
"county:17039","De Witt County","17","county","17039","","","delegation policy names 'county' for building permits in this state","baseline:county-administers-unincorporated-building","il-de-witt-de-witt-county"
"county:17041","Douglas County","17","county","17041","","","delegation policy names 'county' for building permits in this state","baseline:county-administers-unincorporated-building","il-douglas-douglas-county"
"county:17043","DuPage County","17","county","17043","","","delegation policy names 'county' for building permits in this state","baseline:county-administers-unincorporated-building","il-dupage-dupage-county"
"county:17045","Edgar County","17","county","17045","","","delegation policy names 'county' for building permits in this state","baseline:county-administers-unincorporated-building","il-edgar-edgar-county"
"county:17047","Edwards County","17","county","17047","","","delegation policy names 'county' for building permits in this state","baseline:county-administers-unincorporated-building","il-edwards-edwards-county"
"county:17049","Effingham County","17","county","17049","","","delegation policy names 'county' for building permits in this state","baseline:county-administers-unincorporated-building","il-effingham-effingham-county"
"county:17051","Fayette County","17","county","17051","","","delegation policy names 'county' for building permits in this state","baseline:county-administers-unincorporated-building","il-fayette-fayette-county"
"county:17053","Ford County","17","county","17053","","","delegation policy names 'county' for building permits in this state","baseline:county-administers-unincorporated-building","il-ford-ford-county"
"county:17055","Franklin County","17","county","17055","","","delegation policy names 'county' for building permits in this state","baseline:county-administers-unincorporated-building","il-franklin-franklin-county"
"county:17057","Fulton County","17","county","17057","","","delegation policy names 'county' for building permits in this state","baseline:county-administers-unincorporated-building","il-fulton-fulton-county"
"county:17059","Gallatin County","17","county","17059","","","delegation policy names 'county' for building permits in this state","baseline:county-administers-unincorporated-building","il-gallatin-gallatin-county"
"county:17061","Greene County","17","county","17061","","","delegation policy names 'county' for building permits in this state","baseline:county-administers-unincorporated-building","il-greene-greene-county"
"county:17063","Grundy County","17","county","17063","","","delegation policy names 'county' for building permits in this state","baseline:county-administers-unincorporated-building","il-grundy-grundy-county"
"county:17065","Hamilton County","17","county","17065","","","delegation policy names 'county' for building permits in this state","baseline:county-administers-unincorporated-building","il-hamilton-hamilton-county"
"county:17067","Hancock County","17","county","17067","","","delegation policy names 'county' for building permits in this state","baseline:county-administers-unincorporated-building","il-hancock-hancock-county"
"county:17069","Hardin County","17","county","17069","","","delegation policy names 'county' for building permits in this state","baseline:county-administers-unincorporated-building","il-hardin-hardin-county"
"county:17071","Henderson County","17","county","17071","","","delegation policy names 'county' for building permits in this state","baseline:county-administers-unincorporated-building","il-henderson-henderson-county"
"county:17073","Henry County","17","county","17073","","","delegation policy names 'county' for building permits in this state","baseline:county-administers-unincorporated-building","il-henry-henry-county"
"county:17075","Iroquois County","17","county","17075","","","delegation policy names 'county' for building permits in this state","baseline:county-administers-unincorporated-building","il-iroquois-iroquois-county"
"county:17077","Jackson County","17","county","17077","","","delegation policy names 'county' for building permits in this state","baseline:county-administers-unincorporated-building","il-jackson-jackson-county"
"county:17079","Jasper County","17","county","17079","","","delegation policy names 'county' for building permits in this state","baseline:county-administers-unincorporated-building","il-jasper-jasper-county"
"county:17081","Jefferson County","17","county","17081","","","delegation policy names 'county' for building permits in this state","baseline:county-administers-unincorporated-building","il-jefferson-jefferson-county"
"county:17083","Jersey County","17","county","17083","","","delegation policy names 'county' for building permits in this state","baseline:county-administers-unincorporated-building","il-jersey-jersey-county"
"county:17085","Jo Daviess County","17","county","17085","","","delegation policy names 'county' for building permits in this state","baseline:county-administers-unincorporated-building","il-jo-daviess-jo-daviess-county"
"county:17087","Johnson County","17","county","17087","","","delegation policy names 'county' for building permits in this state","baseline:county-administers-unincorporated-building","il-johnson-johnson-county"
"county:17089","Kane County","17","county","17089","","","delegation policy names 'county' for building permits in this state","baseline:county-administers-unincorporated-building","il-kane-kane-county"
"county:17091","Kankakee County","17","county","17091","","","delegation policy names 'county' for building permits in this state","baseline:county-administers-unincorporated-building","il-kankakee-kankakee-county"
"county:17093","Kendall County","17","county","17093","","","delegation policy names 'county' for building permits in this state","baseline:county-administers-unincorporated-building","il-kendall-kendall-county"
"county:17095","Knox County","17","county","17095","","","delegation policy names 'county' for building permits in this state","baseline:county-administers-unincorporated-building","il-knox-knox-county"
"county:17097","Lake County","17","county","17097","","","delegation policy names 'county' for building permits in this state","baseline:county-administers-unincorporated-building","il-lake-lake-county"
"county:17099","LaSalle County","17","county","17099","","","delegation policy names 'county' for building permits in this state","baseline:county-administers-unincorporated-building","il-lasalle-lasalle-county"
"county:17101","Lawrence County","17","county","17101","","","delegation policy names 'county' for building permits in this state","baseline:county-administers-unincorporated-building","il-lawrence-lawrence-county"
"county:17103","Lee County","17","county","17103","","","delegation policy names 'county' for building permits in this state","baseline:county-administers-unincorporated-building","il-lee-lee-county"
"county:17105","Livingston County","17","county","17105","","","delegation policy names 'county' for building permits in this state","baseline:county-administers-unincorporated-building","il-livingston-livingston-county"
"county:17107","Logan County","17","county","17107","","","delegation policy names 'county' for building permits in this state","baseline:county-administers-unincorporated-building","il-logan-logan-county"
"county:17109","McDonough County","17","county","17109","","","delegation policy names 'county' for building permits in this state","baseline:county-administers-unincorporated-building","il-mcdonough-mcdonough-county"
"county:17111","McHenry County","17","county","17111","","","delegation policy names 'county' for building permits in this state","baseline:county-administers-unincorporated-building","il-mchenry-mchenry-county"
"county:17113","McLean County","17","county","17113","","","delegation policy names 'county' for building permits in this state","baseline:county-administers-unincorporated-building","il-mclean-mclean-county"
"county:17115","Macon County","17","county","17115","","","delegation policy names 'county' for building permits in this state","baseline:county-administers-unincorporated-building","il-macon-macon-county"
"county:17117","Macoupin County","17","county","17117","","","delegation policy names 'county' for building permits in this state","baseline:county-administers-unincorporated-building","il-macoupin-macoupin-county"
"county:17119","Madison County","17","county","17119","","","delegation policy names 'county' for building permits in this state","baseline:county-administers-unincorporated-building","il-madison-county"
"county:17121","Marion County","17","county","17121","","","delegation policy names 'county' for building permits in this state","baseline:county-administers-unincorporated-building","il-marion-marion-county"
"county:17123","Marshall County","17","county","17123","","","delegation policy names 'county' for building permits in this state","baseline:county-administers-unincorporated-building","il-marshall-marshall-county"
"county:17125","Mason County","17","county","17125","","","delegation policy names 'county' for building permits in this state","baseline:county-administers-unincorporated-building","il-mason-mason-county"
"county:17127","Massac County","17","county","17127","","","delegation policy names 'county' for building permits in this state","baseline:county-administers-unincorporated-building","il-massac-massac-county"
"county:17129","Menard County","17","county","17129","","","delegation policy names 'county' for building permits in this state","baseline:county-administers-unincorporated-building","il-menard-menard-county"
"county:17131","Mercer County","17","county","17131","","","delegation policy names 'county' for building permits in this state","baseline:county-administers-unincorporated-building","il-mercer-mercer-county"
"county:17133","Monroe County","17","county","17133","","","delegation policy names 'county' for building permits in this state","baseline:county-administers-unincorporated-building","il-monroe-monroe-county"
"county:17135","Montgomery County","17","county","17135","","","delegation policy names 'county' for building permits in this state","baseline:county-administers-unincorporated-building","il-montgomery-montgomery-county"
"county:17137","Morgan County","17","county","17137","","","delegation policy names 'county' for building permits in this state","baseline:county-administers-unincorporated-building","il-morgan-morgan-county"
"county:17139","Moultrie County","17","county","17139","","","delegation policy names 'county' for building permits in this state","baseline:county-administers-unincorporated-building","il-moultrie-moultrie-county"
"county:17141","Ogle County","17","county","17141","","","delegation policy names 'county' for building permits in this state","baseline:county-administers-unincorporated-building","il-ogle-ogle-county"
"county:17143","Peoria County","17","county","17143","","","delegation policy names 'county' for building permits in this state","baseline:county-administers-unincorporated-building","il-peoria-peoria-county"
"county:17145","Perry County","17","county","17145","","","delegation policy names 'county' for building permits in this state","baseline:county-administers-unincorporated-building","il-perry-perry-county"
"county:17147","Piatt County","17","county","17147","","","delegation policy names 'county' for building permits in this state","baseline:county-administers-unincorporated-building","il-piatt-piatt-county"
"county:17149","Pike County","17","county","17149","","","delegation policy names 'county' for building permits in this state","baseline:county-administers-unincorporated-building","il-pike-pike-county"
"county:17151","Pope County","17","county","17151","","","delegation policy names 'county' for building permits in this state","baseline:county-administers-unincorporated-building","il-pope-pope-county"
"county:17153","Pulaski County","17","county","17153","","","delegation policy names 'county' for building permits in this state","baseline:county-administers-unincorporated-building","il-pulaski-pulaski-county"
"county:17155","Putnam County","17","county","17155","","","delegation policy names 'county' for building permits in this state","baseline:county-administers-unincorporated-building","il-putnam-putnam-county"
"county:17157","Randolph County","17","county","17157","","","delegation policy names 'county' for building permits in this state","baseline:county-administers-unincorporated-building","il-randolph-randolph-county"
"county:17159","Richland County","17","county","17159","","","delegation policy names 'county' for building permits in this state","baseline:county-administers-unincorporated-building","il-richland-richland-county"
"county:17161","Rock Island County","17","county","17161","","","delegation policy names 'county' for building permits in this state","baseline:county-administers-unincorporated-building","il-rock-island-rock-island-county"
"county:17163","St. Clair County","17","county","17163","","","delegation policy names 'county' for building permits in this state","baseline:county-administers-unincorporated-building","il-st-clair-st-clair-county"
"county:17165","Saline County","17","county","17165","","","delegation policy names 'county' for building permits in this state","baseline:county-administers-unincorporated-building","il-saline-saline-county"
"county:17167","Sangamon County","17","county","17167","","","delegation policy names 'county' for building permits in this state","baseline:county-administers-unincorporated-building","il-sangamon-sangamon-county"
"county:17169","Schuyler County","17","county","17169","","","delegation policy names 'county' for building permits in this state","baseline:county-administers-unincorporated-building","il-schuyler-schuyler-county"
"county:17171","Scott County","17","county","17171","","","delegation policy names 'county' for building permits in this state","baseline:county-administers-unincorporated-building","il-scott-scott-county"
"county:17173","Shelby County","17","county","17173","","","delegation policy names 'county' for building permits in this state","baseline:county-administers-unincorporated-building","il-shelby-shelby-county"
"county:17175","Stark County","17","county","17175","","","delegation policy names 'county' for building permits in this state","baseline:county-administers-unincorporated-building","il-stark-stark-county"
"county:17177","Stephenson County","17","county","17177","","","delegation policy names 'county' for building permits in this state","baseline:county-administers-unincorporated-building","il-stephenson-stephenson-county"
"county:17179","Tazewell County","17","county","17179","","","delegation policy names 'county' for building permits in this state","baseline:county-administers-unincorporated-building","il-tazewell-tazewell-county"
"county:17181","Union County","17","county","17181","","","delegation policy names 'county' for building permits in this state","baseline:county-administers-unincorporated-building","il-union-union-county"
"county:17183","Vermilion County","17","county","17183","","","delegation policy names 'county' for building permits in this state","baseline:county-administers-unincorporated-building","il-vermilion-vermilion-county"
"county:17185","Wabash County","17","county","17185","","","delegation policy names 'county' for building permits in this state","baseline:county-administers-unincorporated-building","il-wabash-wabash-county"
"county:17187","Warren County","17","county","17187","","","delegation policy names 'county' for building permits in this state","baseline:county-administers-unincorporated-building","il-warren-warren-county"
"county:17189","Washington County","17","county","17189","","","delegation policy names 'county' for building permits in this state","baseline:county-administers-unincorporated-building","il-washington-washington-county"
"county:17191","Wayne County","17","county","17191","","","delegation policy names 'county' for building permits in this state","baseline:county-administers-unincorporated-building","il-wayne-wayne-county"
"county:17193","White County","17","county","17193","","","delegation policy names 'county' for building permits in this state","baseline:county-administers-unincorporated-building","il-white-white-county"
"county:17195","Whiteside County","17","county","17195","","","delegation policy names 'county' for building permits in this state","baseline:county-administers-unincorporated-building","il-whiteside-whiteside-county"
"county:17197","Will County","17","county","17197","","","delegation policy names 'county' for building permits in this state","baseline:county-administers-unincorporated-building","il-will-will-county"
"county:17199","Williamson County","17","county","17199","","","delegation policy names 'county' for building permits in this state","baseline:county-administers-unincorporated-building","il-williamson-williamson-county"
"county:17201","Winnebago County","17","county","17201","","","delegation policy names 'county' for building permits in this state","baseline:county-administers-unincorporated-building","il-winnebago-winnebago-county"
"county:17203","Woodford County","17","county","17203","","","delegation policy names 'county' for building permits in this state","baseline:county-administers-unincorporated-building","il-woodford-woodford-county"
"county:18001","Adams County","18","county","18001","","","delegation policy names 'county' for building permits in this state","baseline:county-administers-unincorporated-building","in-adams-adams-county"
"county:18003","Allen County","18","county","18003","","","delegation policy names 'county' for building permits in this state","baseline:county-administers-unincorporated-building","in-allen-allen-county"
"county:18005","Bartholomew County","18","county","18005","","","delegation policy names 'county' for building permits in this state","baseline:county-administers-unincorporated-building","in-bartholomew-bartholomew-county"
"county:18007","Benton County","18","county","18007","","","delegation policy names 'county' for building permits in this state","baseline:county-administers-unincorporated-building","in-benton-benton-county"
"county:18009","Blackford County","18","county","18009","","","delegation policy names 'county' for building permits in this state","baseline:county-administers-unincorporated-building","in-blackford-blackford-county"
"county:18011","Boone County","18","county","18011","","","delegation policy names 'county' for building permits in this state","baseline:county-administers-unincorporated-building","in-boone-boone-county"
"county:18013","Brown County","18","county","18013","","","delegation policy names 'county' for building permits in this state","baseline:county-administers-unincorporated-building","in-brown-brown-county"
"county:18015","Carroll County","18","county","18015","","","delegation policy names 'county' for building permits in this state","baseline:county-administers-unincorporated-building","in-carroll-carroll-county"
"county:18017","Cass County","18","county","18017","","","delegation policy names 'county' for building permits in this state","baseline:county-administers-unincorporated-building","in-cass-cass-county"
"county:18019","Clark County","18","county","18019","","","delegation policy names 'county' for building permits in this state","baseline:county-administers-unincorporated-building","in-clark-clark-county"
"county:18021","Clay County","18","county","18021","","","delegation policy names 'county' for building permits in this state","baseline:county-administers-unincorporated-building","in-clay-clay-county"
"county:18023","Clinton County","18","county","18023","","","delegation policy names 'county' for building permits in this state","baseline:county-administers-unincorporated-building","in-clinton-clinton-county"
"county:18025","Crawford County","18","county","18025","","","delegation policy names 'county' for building permits in this state","baseline:county-administers-unincorporated-building","in-crawford-crawford-county"
"county:18027","Daviess County","18","county","18027","","","delegation policy names 'county' for building permits in this state","baseline:county-administers-unincorporated-building","in-daviess-daviess-county"
"county:18029","Dearborn County","18","county","18029","","","delegation policy names 'county' for building permits in this state","baseline:county-administers-unincorporated-building","in-dearborn-dearborn-county"
"county:18031","Decatur County","18","county","18031","","","delegation policy names 'county' for building permits in this state","baseline:county-administers-unincorporated-building","in-decatur-decatur-county"
"county:18033","DeKalb County","18","county","18033","","","delegation policy names 'county' for building permits in this state","baseline:county-administers-unincorporated-building","in-dekalb-dekalb-county"
"county:18035","Delaware County","18","county","18035","","","delegation policy names 'county' for building permits in this state","baseline:county-administers-unincorporated-building","in-delaware-delaware-county"
"county:18037","Dubois County","18","county","18037","","","delegation policy names 'county' for building permits in this state","baseline:county-administers-unincorporated-building","in-dubois-dubois-county"
"county:18039","Elkhart County","18","county","18039","","","delegation policy names 'county' for building permits in this state","baseline:county-administers-unincorporated-building","in-elkhart-elkhart-county"
"county:18041","Fayette County","18","county","18041","","","delegation policy names 'county' for building permits in this state","baseline:county-administers-unincorporated-building","in-fayette-fayette-county"
"county:18043","Floyd County","18","county","18043","","","delegation policy names 'county' for building permits in this state","baseline:county-administers-unincorporated-building","in-floyd-floyd-county"
"county:18045","Fountain County","18","county","18045","","","delegation policy names 'county' for building permits in this state","baseline:county-administers-unincorporated-building","in-fountain-fountain-county"
"county:18047","Franklin County","18","county","18047","","","delegation policy names 'county' for building permits in this state","baseline:county-administers-unincorporated-building","in-franklin-franklin-county"
"county:18049","Fulton County","18","county","18049","","","delegation policy names 'county' for building permits in this state","baseline:county-administers-unincorporated-building","in-fulton-fulton-county"
"county:18051","Gibson County","18","county","18051","","","delegation policy names 'county' for building permits in this state","baseline:county-administers-unincorporated-building","in-gibson-gibson-county"
"county:18053","Grant County","18","county","18053","","","delegation policy names 'county' for building permits in this state","baseline:county-administers-unincorporated-building","in-grant-grant-county"
"county:18055","Greene County","18","county","18055","","","delegation policy names 'county' for building permits in this state","baseline:county-administers-unincorporated-building","in-greene-greene-county"
"county:18057","Hamilton County","18","county","18057","","","delegation policy names 'county' for building permits in this state","baseline:county-administers-unincorporated-building","in-hamilton-hamilton-county"
"county:18059","Hancock County","18","county","18059","","","delegation policy names 'county' for building permits in this state","baseline:county-administers-unincorporated-building","in-hancock-hancock-county"
"county:18061","Harrison County","18","county","18061","","","delegation policy names 'county' for building permits in this state","baseline:county-administers-unincorporated-building","in-harrison-harrison-county"
"county:18063","Hendricks County","18","county","18063","","","delegation policy names 'county' for building permits in this state","baseline:county-administers-unincorporated-building","in-hendricks-hendricks-county"
"county:18065","Henry County","18","county","18065","","","delegation policy names 'county' for building permits in this state","baseline:county-administers-unincorporated-building","in-henry-henry-county"
"county:18067","Howard County","18","county","18067","","","delegation policy names 'county' for building permits in this state","baseline:county-administers-unincorporated-building","in-howard-howard-county"
"county:18069","Huntington County","18","county","18069","","","delegation policy names 'county' for building permits in this state","baseline:county-administers-unincorporated-building","in-huntington-huntington-county"
"county:18071","Jackson County","18","county","18071","","","delegation policy names 'county' for building permits in this state","baseline:county-administers-unincorporated-building","in-jackson-jackson-county"
"county:18073","Jasper County","18","county","18073","","","delegation policy names 'county' for building permits in this state","baseline:county-administers-unincorporated-building","in-jasper-jasper-county"
"county:18075","Jay County","18","county","18075","","","delegation policy names 'county' for building permits in this state","baseline:county-administers-unincorporated-building","in-jay-jay-county"
"county:18077","Jefferson County","18","county","18077","","","delegation policy names 'county' for building permits in this state","baseline:county-administers-unincorporated-building","in-jefferson-jefferson-county"
"county:18079","Jennings County","18","county","18079","","","delegation policy names 'county' for building permits in this state","baseline:county-administers-unincorporated-building","in-jennings-jennings-county"
"county:18081","Johnson County","18","county","18081","","","delegation policy names 'county' for building permits in this state","baseline:county-administers-unincorporated-building","in-johnson-johnson-county"
"county:18083","Knox County","18","county","18083","","","delegation policy names 'county' for building permits in this state","baseline:county-administers-unincorporated-building","in-knox-knox-county"
"county:18085","Kosciusko County","18","county","18085","","","delegation policy names 'county' for building permits in this state","baseline:county-administers-unincorporated-building","in-kosciusko-kosciusko-county"
"county:18087","LaGrange County","18","county","18087","","","delegation policy names 'county' for building permits in this state","baseline:county-administers-unincorporated-building","in-lagrange-lagrange-county"
"county:18089","Lake County","18","county","18089","","","delegation policy names 'county' for building permits in this state","baseline:county-administers-unincorporated-building","in-lake-lake-county"
"county:18091","LaPorte County","18","county","18091","","","delegation policy names 'county' for building permits in this state","baseline:county-administers-unincorporated-building","in-laporte-laporte-county"
"county:18093","Lawrence County","18","county","18093","","","delegation policy names 'county' for building permits in this state","baseline:county-administers-unincorporated-building","in-lawrence-lawrence-county"
"county:18095","Madison County","18","county","18095","","","delegation policy names 'county' for building permits in this state","baseline:county-administers-unincorporated-building","in-madison-madison-county"
"county:18097","Marion County","18","consolidated-government","18097","","","delegation policy names 'consolidated-government' for building permits in this state","baseline:incorporated-place-administers-building","in-marion-marion-county"
"county:18099","Marshall County","18","county","18099","","","delegation policy names 'county' for building permits in this state","baseline:county-administers-unincorporated-building","in-marshall-marshall-county"
"county:18101","Martin County","18","county","18101","","","delegation policy names 'county' for building permits in this state","baseline:county-administers-unincorporated-building","in-martin-martin-county"
"county:18103","Miami County","18","county","18103","","","delegation policy names 'county' for building permits in this state","baseline:county-administers-unincorporated-building","in-miami-miami-county"
"county:18105","Monroe County","18","county","18105","","","delegation policy names 'county' for building permits in this state","baseline:county-administers-unincorporated-building","in-monroe-monroe-county"
"county:18107","Montgomery County","18","county","18107","","","delegation policy names 'county' for building permits in this state","baseline:county-administers-unincorporated-building","in-montgomery-montgomery-county"
"county:18109","Morgan County","18","county","18109","","","delegation policy names 'county' for building permits in this state","baseline:county-administers-unincorporated-building","in-morgan-morgan-county"
"county:18111","Newton County","18","county","18111","","","delegation policy names 'county' for building permits in this state","baseline:county-administers-unincorporated-building","in-newton-newton-county"
"county:18113","Noble County","18","county","18113","","","delegation policy names 'county' for building permits in this state","baseline:county-administers-unincorporated-building","in-noble-noble-county"
"county:18115","Ohio County","18","county","18115","","","delegation policy names 'county' for building permits in this state","baseline:county-administers-unincorporated-building","in-ohio-ohio-county"
"county:18117","Orange County","18","county","18117","","","delegation policy names 'county' for building permits in this state","baseline:county-administers-unincorporated-building","in-orange-orange-county"
"county:18119","Owen County","18","county","18119","","","delegation policy names 'county' for building permits in this state","baseline:county-administers-unincorporated-building","in-owen-owen-county"
"county:18121","Parke County","18","county","18121","","","delegation policy names 'county' for building permits in this state","baseline:county-administers-unincorporated-building","in-parke-parke-county"
"county:18123","Perry County","18","county","18123","","","delegation policy names 'county' for building permits in this state","baseline:county-administers-unincorporated-building","in-perry-perry-county"
"county:18125","Pike County","18","county","18125","","","delegation policy names 'county' for building permits in this state","baseline:county-administers-unincorporated-building","in-pike-pike-county"
"county:18127","Porter County","18","county","18127","","","delegation policy names 'county' for building permits in this state","baseline:county-administers-unincorporated-building","in-porter-porter-county"
"county:18129","Posey County","18","county","18129","","","delegation policy names 'county' for building permits in this state","baseline:county-administers-unincorporated-building","in-posey-posey-county"
"county:18131","Pulaski County","18","county","18131","","","delegation policy names 'county' for building permits in this state","baseline:county-administers-unincorporated-building","in-pulaski-pulaski-county"
"county:18133","Putnam County","18","county","18133","","","delegation policy names 'county' for building permits in this state","baseline:county-administers-unincorporated-building","in-putnam-putnam-county"
"county:18135","Randolph County","18","county","18135","","","delegation policy names 'county' for building permits in this state","baseline:county-administers-unincorporated-building","in-randolph-randolph-county"
"county:18137","Ripley County","18","county","18137","","","delegation policy names 'county' for building permits in this state","baseline:county-administers-unincorporated-building","in-ripley-ripley-county"
"county:18139","Rush County","18","county","18139","","","delegation policy names 'county' for building permits in this state","baseline:county-administers-unincorporated-building","in-rush-rush-county"
"county:18141","St. Joseph County","18","county","18141","","","delegation policy names 'county' for building permits in this state","baseline:county-administers-unincorporated-building","in-st-joseph-st-joseph-county"
"county:18143","Scott County","18","county","18143","","","delegation policy names 'county' for building permits in this state","baseline:county-administers-unincorporated-building","in-scott-scott-county"
"county:18145","Shelby County","18","county","18145","","","delegation policy names 'county' for building permits in this state","baseline:county-administers-unincorporated-building","in-shelby-shelby-county"
"county:18147","Spencer County","18","county","18147","","","delegation policy names 'county' for building permits in this state","baseline:county-administers-unincorporated-building","in-spencer-spencer-county"
"county:18149","Starke County","18","county","18149","","","delegation policy names 'county' for building permits in this state","baseline:county-administers-unincorporated-building","in-starke-starke-county"
"county:18151","Steuben County","18","county","18151","","","delegation policy names 'county' for building permits in this state","baseline:county-administers-unincorporated-building","in-steuben-steuben-county"
"county:18153","Sullivan County","18","county","18153","","","delegation policy names 'county' for building permits in this state","baseline:county-administers-unincorporated-building","in-sullivan-sullivan-county"
"county:18155","Switzerland County","18","county","18155","","","delegation policy names 'county' for building permits in this state","baseline:county-administers-unincorporated-building","in-switzerland-switzerland-county"
"county:18157","Tippecanoe County","18","county","18157","","","delegation policy names 'county' for building permits in this state","baseline:county-administers-unincorporated-building","in-tippecanoe-tippecanoe-county"
"county:18159","Tipton County","18","county","18159","","","delegation policy names 'county' for building permits in this state","baseline:county-administers-unincorporated-building","in-tipton-tipton-county"
"county:18161","Union County","18","county","18161","","","delegation policy names 'county' for building permits in this state","baseline:county-administers-unincorporated-building","in-union-union-county"
"county:18163","Vanderburgh County","18","county","18163","","","delegation policy names 'county' for building permits in this state","baseline:county-administers-unincorporated-building","in-vanderburgh-vanderburgh-county"
"county:18165","Vermillion County","18","county","18165","","","delegation policy names 'county' for building permits in this state","baseline:county-administers-unincorporated-building","in-vermillion-vermillion-county"
"county:18167","Vigo County","18","county","18167","","","delegation policy names 'county' for building permits in this state","baseline:county-administers-unincorporated-building","in-vigo-vigo-county"
"county:18169","Wabash County","18","county","18169","","","delegation policy names 'county' for building permits in this state","baseline:county-administers-unincorporated-building","in-wabash-wabash-county"
"county:18171","Warren County","18","county","18171","","","delegation policy names 'county' for building permits in this state","baseline:county-administers-unincorporated-building","in-warren-warren-county"
"county:18173","Warrick County","18","county","18173","","","delegation policy names 'county' for building permits in this state","baseline:county-administers-unincorporated-building","in-warrick-warrick-county"
"county:18175","Washington County","18","county","18175","","","delegation policy names 'county' for building permits in this state","baseline:county-administers-unincorporated-building","in-washington-washington-county"
"county:18177","Wayne County","18","county","18177","","","delegation policy names 'county' for building permits in this state","baseline:county-administers-unincorporated-building","in-wayne-wayne-county"
"county:18179","Wells County","18","county","18179","","","delegation policy names 'county' for building permits in this state","baseline:county-administers-unincorporated-building","in-wells-wells-county"
"county:18181","White County","18","county","18181","","","delegation policy names 'county' for building permits in this state","baseline:county-administers-unincorporated-building","in-white-white-county"
"county:18183","Whitley County","18","county","18183","","","delegation policy names 'county' for building permits in this state","baseline:county-administers-unincorporated-building","in-whitley-whitley-county"
"county:19001","Adair County","19","county","19001","","","delegation policy names 'county' for building permits in this state","baseline:county-administers-unincorporated-building","ia-adair-adair-county"
"county:19003","Adams County","19","county","19003","","","delegation policy names 'county' for building permits in this state","baseline:county-administers-unincorporated-building","ia-adams-adams-county"
"county:19005","Allamakee County","19","county","19005","","","delegation policy names 'county' for building permits in this state","baseline:county-administers-unincorporated-building","ia-allamakee-allamakee-county"
"county:19007","Appanoose County","19","county","19007","","","delegation policy names 'county' for building permits in this state","baseline:county-administers-unincorporated-building","ia-appanoose-appanoose-county"
"county:19009","Audubon County","19","county","19009","","","delegation policy names 'county' for building permits in this state","baseline:county-administers-unincorporated-building","ia-audubon-audubon-county"
"county:19011","Benton County","19","county","19011","","","delegation policy names 'county' for building permits in this state","baseline:county-administers-unincorporated-building","ia-benton-benton-county"
"county:19013","Black Hawk County","19","county","19013","","","delegation policy names 'county' for building permits in this state","baseline:county-administers-unincorporated-building","ia-black-hawk-black-hawk-county"
"county:19015","Boone County","19","county","19015","","","delegation policy names 'county' for building permits in this state","baseline:county-administers-unincorporated-building","ia-boone-boone-county"
"county:19017","Bremer County","19","county","19017","","","delegation policy names 'county' for building permits in this state","baseline:county-administers-unincorporated-building","ia-bremer-bremer-county"
"county:19019","Buchanan County","19","county","19019","","","delegation policy names 'county' for building permits in this state","baseline:county-administers-unincorporated-building","ia-buchanan-buchanan-county"
"county:19021","Buena Vista County","19","county","19021","","","delegation policy names 'county' for building permits in this state","baseline:county-administers-unincorporated-building","ia-buena-vista-buena-vista-county"
"county:19023","Butler County","19","county","19023","","","delegation policy names 'county' for building permits in this state","baseline:county-administers-unincorporated-building","ia-butler-butler-county"
"county:19025","Calhoun County","19","county","19025","","","delegation policy names 'county' for building permits in this state","baseline:county-administers-unincorporated-building","ia-calhoun-calhoun-county"
"county:19027","Carroll County","19","county","19027","","","delegation policy names 'county' for building permits in this state","baseline:county-administers-unincorporated-building","ia-carroll-carroll-county"
"county:19029","Cass County","19","county","19029","","","delegation policy names 'county' for building permits in this state","baseline:county-administers-unincorporated-building","ia-cass-cass-county"
"county:19031","Cedar County","19","county","19031","","","delegation policy names 'county' for building permits in this state","baseline:county-administers-unincorporated-building","ia-cedar-cedar-county"
"county:19033","Cerro Gordo County","19","county","19033","","","delegation policy names 'county' for building permits in this state","baseline:county-administers-unincorporated-building","ia-cerro-gordo-cerro-gordo-county"
"county:19035","Cherokee County","19","county","19035","","","delegation policy names 'county' for building permits in this state","baseline:county-administers-unincorporated-building","ia-cherokee-cherokee-county"
"county:19037","Chickasaw County","19","county","19037","","","delegation policy names 'county' for building permits in this state","baseline:county-administers-unincorporated-building","ia-chickasaw-chickasaw-county"
"county:19039","Clarke County","19","county","19039","","","delegation policy names 'county' for building permits in this state","baseline:county-administers-unincorporated-building","ia-clarke-clarke-county"
"county:19041","Clay County","19","county","19041","","","delegation policy names 'county' for building permits in this state","baseline:county-administers-unincorporated-building","ia-clay-clay-county"
"county:19043","Clayton County","19","county","19043","","","delegation policy names 'county' for building permits in this state","baseline:county-administers-unincorporated-building","ia-clayton-clayton-county"
"county:19045","Clinton County","19","county","19045","","","delegation policy names 'county' for building permits in this state","baseline:county-administers-unincorporated-building","ia-clinton-clinton-county"
"county:19047","Crawford County","19","county","19047","","","delegation policy names 'county' for building permits in this state","baseline:county-administers-unincorporated-building","ia-crawford-crawford-county"
"county:19049","Dallas County","19","county","19049","","","delegation policy names 'county' for building permits in this state","baseline:county-administers-unincorporated-building","ia-dallas-dallas-county"
"county:19051","Davis County","19","county","19051","","","delegation policy names 'county' for building permits in this state","baseline:county-administers-unincorporated-building","ia-davis-davis-county"
"county:19053","Decatur County","19","county","19053","","","delegation policy names 'county' for building permits in this state","baseline:county-administers-unincorporated-building","ia-decatur-decatur-county"
"county:19055","Delaware County","19","county","19055","","","delegation policy names 'county' for building permits in this state","baseline:county-administers-unincorporated-building","ia-delaware-delaware-county"
"county:19057","Des Moines County","19","county","19057","","","delegation policy names 'county' for building permits in this state","baseline:county-administers-unincorporated-building","ia-des-moines-des-moines-county"
"county:19059","Dickinson County","19","county","19059","","","delegation policy names 'county' for building permits in this state","baseline:county-administers-unincorporated-building","ia-dickinson-dickinson-county"
"county:19061","Dubuque County","19","county","19061","","","delegation policy names 'county' for building permits in this state","baseline:county-administers-unincorporated-building","ia-dubuque-dubuque-county"
"county:19063","Emmet County","19","county","19063","","","delegation policy names 'county' for building permits in this state","baseline:county-administers-unincorporated-building","ia-emmet-emmet-county"
"county:19065","Fayette County","19","county","19065","","","delegation policy names 'county' for building permits in this state","baseline:county-administers-unincorporated-building","ia-fayette-fayette-county"
"county:19067","Floyd County","19","county","19067","","","delegation policy names 'county' for building permits in this state","baseline:county-administers-unincorporated-building","ia-floyd-floyd-county"
"county:19069","Franklin County","19","county","19069","","","delegation policy names 'county' for building permits in this state","baseline:county-administers-unincorporated-building","ia-franklin-franklin-county"
"county:19071","Fremont County","19","county","19071","","","delegation policy names 'county' for building permits in this state","baseline:county-administers-unincorporated-building","ia-fremont-fremont-county"
"county:19073","Greene County","19","county","19073","","","delegation policy names 'county' for building permits in this state","baseline:county-administers-unincorporated-building","ia-greene-greene-county"
"county:19075","Grundy County","19","county","19075","","","delegation policy names 'county' for building permits in this state","baseline:county-administers-unincorporated-building","ia-grundy-grundy-county"
"county:19077","Guthrie County","19","county","19077","","","delegation policy names 'county' for building permits in this state","baseline:county-administers-unincorporated-building","ia-guthrie-guthrie-county"
"county:19079","Hamilton County","19","county","19079","","","delegation policy names 'county' for building permits in this state","baseline:county-administers-unincorporated-building","ia-hamilton-hamilton-county"
"county:19081","Hancock County","19","county","19081","","","delegation policy names 'county' for building permits in this state","baseline:county-administers-unincorporated-building","ia-hancock-hancock-county"
"county:19083","Hardin County","19","county","19083","","","delegation policy names 'county' for building permits in this state","baseline:county-administers-unincorporated-building","ia-hardin-hardin-county"
"county:19085","Harrison County","19","county","19085","","","delegation policy names 'county' for building permits in this state","baseline:county-administers-unincorporated-building","ia-harrison-harrison-county"
"county:19087","Henry County","19","county","19087","","","delegation policy names 'county' for building permits in this state","baseline:county-administers-unincorporated-building","ia-henry-henry-county"
"county:19089","Howard County","19","county","19089","","","delegation policy names 'county' for building permits in this state","baseline:county-administers-unincorporated-building","ia-howard-howard-county"
"county:19091","Humboldt County","19","county","19091","","","delegation policy names 'county' for building permits in this state","baseline:county-administers-unincorporated-building","ia-humboldt-humboldt-county"
"county:19093","Ida County","19","county","19093","","","delegation policy names 'county' for building permits in this state","baseline:county-administers-unincorporated-building","ia-ida-ida-county"
"county:19095","Iowa County","19","county","19095","","","delegation policy names 'county' for building permits in this state","baseline:county-administers-unincorporated-building","ia-iowa-iowa-county"
"county:19097","Jackson County","19","county","19097","","","delegation policy names 'county' for building permits in this state","baseline:county-administers-unincorporated-building","ia-jackson-jackson-county"
"county:19099","Jasper County","19","county","19099","","","delegation policy names 'county' for building permits in this state","baseline:county-administers-unincorporated-building","ia-jasper-jasper-county"
"county:19101","Jefferson County","19","county","19101","","","delegation policy names 'county' for building permits in this state","baseline:county-administers-unincorporated-building","ia-jefferson-jefferson-county"
"county:19103","Johnson County","19","county","19103","","","delegation policy names 'county' for building permits in this state","baseline:county-administers-unincorporated-building","ia-johnson-johnson-county"
"county:19105","Jones County","19","county","19105","","","delegation policy names 'county' for building permits in this state","baseline:county-administers-unincorporated-building","ia-jones-jones-county"
"county:19107","Keokuk County","19","county","19107","","","delegation policy names 'county' for building permits in this state","baseline:county-administers-unincorporated-building","ia-keokuk-keokuk-county"
"county:19109","Kossuth County","19","county","19109","","","delegation policy names 'county' for building permits in this state","baseline:county-administers-unincorporated-building","ia-kossuth-kossuth-county"
"county:19111","Lee County","19","county","19111","","","delegation policy names 'county' for building permits in this state","baseline:county-administers-unincorporated-building","ia-lee-lee-county"
"county:19113","Linn County","19","county","19113","","","delegation policy names 'county' for building permits in this state","baseline:county-administers-unincorporated-building","ia-linn-linn-county"
"county:19115","Louisa County","19","county","19115","","","delegation policy names 'county' for building permits in this state","baseline:county-administers-unincorporated-building","ia-louisa-louisa-county"
"county:19117","Lucas County","19","county","19117","","","delegation policy names 'county' for building permits in this state","baseline:county-administers-unincorporated-building","ia-lucas-lucas-county"
"county:19119","Lyon County","19","county","19119","","","delegation policy names 'county' for building permits in this state","baseline:county-administers-unincorporated-building","ia-lyon-lyon-county"
"county:19121","Madison County","19","county","19121","","","delegation policy names 'county' for building permits in this state","baseline:county-administers-unincorporated-building","ia-madison-madison-county"
"county:19123","Mahaska County","19","county","19123","","","delegation policy names 'county' for building permits in this state","baseline:county-administers-unincorporated-building","ia-mahaska-mahaska-county"
"county:19125","Marion County","19","county","19125","","","delegation policy names 'county' for building permits in this state","baseline:county-administers-unincorporated-building","ia-marion-marion-county"
"county:19127","Marshall County","19","county","19127","","","delegation policy names 'county' for building permits in this state","baseline:county-administers-unincorporated-building","ia-marshall-marshall-county"
"county:19129","Mills County","19","county","19129","","","delegation policy names 'county' for building permits in this state","baseline:county-administers-unincorporated-building","ia-mills-mills-county"
"county:19131","Mitchell County","19","county","19131","","","delegation policy names 'county' for building permits in this state","baseline:county-administers-unincorporated-building","ia-mitchell-mitchell-county"
"county:19133","Monona County","19","county","19133","","","delegation policy names 'county' for building permits in this state","baseline:county-administers-unincorporated-building","ia-monona-monona-county"
"county:19135","Monroe County","19","county","19135","","","delegation policy names 'county' for building permits in this state","baseline:county-administers-unincorporated-building","ia-monroe-monroe-county"
"county:19137","Montgomery County","19","county","19137","","","delegation policy names 'county' for building permits in this state","baseline:county-administers-unincorporated-building","ia-montgomery-montgomery-county"
"county:19139","Muscatine County","19","county","19139","","","delegation policy names 'county' for building permits in this state","baseline:county-administers-unincorporated-building","ia-muscatine-muscatine-county"
"county:19141","O'Brien County","19","county","19141","","","delegation policy names 'county' for building permits in this state","baseline:county-administers-unincorporated-building","ia-obrien-obrien-county"
"county:19143","Osceola County","19","county","19143","","","delegation policy names 'county' for building permits in this state","baseline:county-administers-unincorporated-building","ia-osceola-osceola-county"
"county:19145","Page County","19","county","19145","","","delegation policy names 'county' for building permits in this state","baseline:county-administers-unincorporated-building","ia-page-page-county"
"county:19147","Palo Alto County","19","county","19147","","","delegation policy names 'county' for building permits in this state","baseline:county-administers-unincorporated-building","ia-palo-alto-palo-alto-county"
"county:19149","Plymouth County","19","county","19149","","","delegation policy names 'county' for building permits in this state","baseline:county-administers-unincorporated-building","ia-plymouth-plymouth-county"
"county:19151","Pocahontas County","19","county","19151","","","delegation policy names 'county' for building permits in this state","baseline:county-administers-unincorporated-building","ia-pocahontas-pocahontas-county"
"county:19153","Polk County","19","county","19153","","","delegation policy names 'county' for building permits in this state","baseline:county-administers-unincorporated-building","ia-polk-polk-county"
"county:19155","Pottawattamie County","19","county","19155","","","delegation policy names 'county' for building permits in this state","baseline:county-administers-unincorporated-building","ia-pottawattamie-pottawattamie-county"
"county:19157","Poweshiek County","19","county","19157","","","delegation policy names 'county' for building permits in this state","baseline:county-administers-unincorporated-building","ia-poweshiek-poweshiek-county"
"county:19159","Ringgold County","19","county","19159","","","delegation policy names 'county' for building permits in this state","baseline:county-administers-unincorporated-building","ia-ringgold-ringgold-county"
"county:19161","Sac County","19","county","19161","","","delegation policy names 'county' for building permits in this state","baseline:county-administers-unincorporated-building","ia-sac-sac-county"
"county:19163","Scott County","19","county","19163","","","delegation policy names 'county' for building permits in this state","baseline:county-administers-unincorporated-building","ia-scott-scott-county"
"county:19165","Shelby County","19","county","19165","","","delegation policy names 'county' for building permits in this state","baseline:county-administers-unincorporated-building","ia-shelby-shelby-county"
"county:19167","Sioux County","19","county","19167","","","delegation policy names 'county' for building permits in this state","baseline:county-administers-unincorporated-building","ia-sioux-sioux-county"
"county:19169","Story County","19","county","19169","","","delegation policy names 'county' for building permits in this state","baseline:county-administers-unincorporated-building","ia-story-story-county"
"county:19171","Tama County","19","county","19171","","","delegation policy names 'county' for building permits in this state","baseline:county-administers-unincorporated-building","ia-tama-tama-county"
"county:19173","Taylor County","19","county","19173","","","delegation policy names 'county' for building permits in this state","baseline:county-administers-unincorporated-building","ia-taylor-taylor-county"
"county:19175","Union County","19","county","19175","","","delegation policy names 'county' for building permits in this state","baseline:county-administers-unincorporated-building","ia-union-union-county"
"county:19177","Van Buren County","19","county","19177","","","delegation policy names 'county' for building permits in this state","baseline:county-administers-unincorporated-building","ia-van-buren-van-buren-county"
"county:19179","Wapello County","19","county","19179","","","delegation policy names 'county' for building permits in this state","baseline:county-administers-unincorporated-building","ia-wapello-wapello-county"
"county:19181","Warren County","19","county","19181","","","delegation policy names 'county' for building permits in this state","baseline:county-administers-unincorporated-building","ia-warren-warren-county"
"county:19183","Washington County","19","county","19183","","","delegation policy names 'county' for building permits in this state","baseline:county-administers-unincorporated-building","ia-washington-washington-county"
"county:19185","Wayne County","19","county","19185","","","delegation policy names 'county' for building permits in this state","baseline:county-administers-unincorporated-building","ia-wayne-wayne-county"
"county:19187","Webster County","19","county","19187","","","delegation policy names 'county' for building permits in this state","baseline:county-administers-unincorporated-building","ia-webster-webster-county"
"county:19189","Winnebago County","19","county","19189","","","delegation policy names 'county' for building permits in this state","baseline:county-administers-unincorporated-building","ia-winnebago-winnebago-county"
"county:19191","Winneshiek County","19","county","19191","","","delegation policy names 'county' for building permits in this state","baseline:county-administers-unincorporated-building","ia-winneshiek-winneshiek-county"
"county:19193","Woodbury County","19","county","19193","","","delegation policy names 'county' for building permits in this state","baseline:county-administers-unincorporated-building","ia-woodbury-woodbury-county"
"county:19195","Worth County","19","county","19195","","","delegation policy names 'county' for building permits in this state","baseline:county-administers-unincorporated-building","ia-worth-worth-county"
"county:19197","Wright County","19","county","19197","","","delegation policy names 'county' for building permits in this state","baseline:county-administers-unincorporated-building","ia-wright-wright-county"
"county:20001","Allen County","20","county","20001","","","delegation policy names 'county' for building permits in this state","baseline:county-administers-unincorporated-building","ks-allen-allen-county"
"county:20003","Anderson County","20","county","20003","","","delegation policy names 'county' for building permits in this state","baseline:county-administers-unincorporated-building","ks-anderson-anderson-county"
"county:20005","Atchison County","20","county","20005","","","delegation policy names 'county' for building permits in this state","baseline:county-administers-unincorporated-building","ks-atchison-atchison-county"
"county:20007","Barber County","20","county","20007","","","delegation policy names 'county' for building permits in this state","baseline:county-administers-unincorporated-building","ks-barber-barber-county"
"county:20009","Barton County","20","county","20009","","","delegation policy names 'county' for building permits in this state","baseline:county-administers-unincorporated-building","ks-barton-barton-county"
"county:20011","Bourbon County","20","county","20011","","","delegation policy names 'county' for building permits in this state","baseline:county-administers-unincorporated-building","ks-bourbon-bourbon-county"
"county:20013","Brown County","20","county","20013","","","delegation policy names 'county' for building permits in this state","baseline:county-administers-unincorporated-building","ks-brown-brown-county"
"county:20015","Butler County","20","county","20015","","","delegation policy names 'county' for building permits in this state","baseline:county-administers-unincorporated-building","ks-butler-butler-county"
"county:20017","Chase County","20","county","20017","","","delegation policy names 'county' for building permits in this state","baseline:county-administers-unincorporated-building","ks-chase-chase-county"
"county:20019","Chautauqua County","20","county","20019","","","delegation policy names 'county' for building permits in this state","baseline:county-administers-unincorporated-building","ks-chautauqua-chautauqua-county"
"county:20021","Cherokee County","20","county","20021","","","delegation policy names 'county' for building permits in this state","baseline:county-administers-unincorporated-building","ks-cherokee-cherokee-county"
"county:20023","Cheyenne County","20","county","20023","","","delegation policy names 'county' for building permits in this state","baseline:county-administers-unincorporated-building","ks-cheyenne-cheyenne-county"
"county:20025","Clark County","20","county","20025","","","delegation policy names 'county' for building permits in this state","baseline:county-administers-unincorporated-building","ks-clark-clark-county"
"county:20027","Clay County","20","county","20027","","","delegation policy names 'county' for building permits in this state","baseline:county-administers-unincorporated-building","ks-clay-clay-county"
"county:20029","Cloud County","20","county","20029","","","delegation policy names 'county' for building permits in this state","baseline:county-administers-unincorporated-building","ks-cloud-cloud-county"
"county:20031","Coffey County","20","county","20031","","","delegation policy names 'county' for building permits in this state","baseline:county-administers-unincorporated-building","ks-coffey-coffey-county"
"county:20033","Comanche County","20","county","20033","","","delegation policy names 'county' for building permits in this state","baseline:county-administers-unincorporated-building","ks-comanche-comanche-county"
"county:20035","Cowley County","20","county","20035","","","delegation policy names 'county' for building permits in this state","baseline:county-administers-unincorporated-building","ks-cowley-cowley-county"
"county:20037","Crawford County","20","county","20037","","","delegation policy names 'county' for building permits in this state","baseline:county-administers-unincorporated-building","ks-crawford-crawford-county"
"county:20039","Decatur County","20","county","20039","","","delegation policy names 'county' for building permits in this state","baseline:county-administers-unincorporated-building","ks-decatur-decatur-county"
"county:20041","Dickinson County","20","county","20041","","","delegation policy names 'county' for building permits in this state","baseline:county-administers-unincorporated-building","ks-dickinson-dickinson-county"
"county:20043","Doniphan County","20","county","20043","","","delegation policy names 'county' for building permits in this state","baseline:county-administers-unincorporated-building","ks-doniphan-doniphan-county"
"county:20045","Douglas County","20","county","20045","","","delegation policy names 'county' for building permits in this state","baseline:county-administers-unincorporated-building","ks-douglas-douglas-county"
"county:20047","Edwards County","20","county","20047","","","delegation policy names 'county' for building permits in this state","baseline:county-administers-unincorporated-building","ks-edwards-edwards-county"
"county:20049","Elk County","20","county","20049","","","delegation policy names 'county' for building permits in this state","baseline:county-administers-unincorporated-building","ks-elk-elk-county"
"county:20051","Ellis County","20","county","20051","","","delegation policy names 'county' for building permits in this state","baseline:county-administers-unincorporated-building","ks-ellis-ellis-county"
"county:20053","Ellsworth County","20","county","20053","","","delegation policy names 'county' for building permits in this state","baseline:county-administers-unincorporated-building","ks-ellsworth-ellsworth-county"
"county:20055","Finney County","20","county","20055","","","delegation policy names 'county' for building permits in this state","baseline:county-administers-unincorporated-building","ks-finney-finney-county"
"county:20057","Ford County","20","county","20057","","","delegation policy names 'county' for building permits in this state","baseline:county-administers-unincorporated-building","ks-ford-ford-county"
"county:20059","Franklin County","20","county","20059","","","delegation policy names 'county' for building permits in this state","baseline:county-administers-unincorporated-building","ks-franklin-franklin-county"
"county:20061","Geary County","20","county","20061","","","delegation policy names 'county' for building permits in this state","baseline:county-administers-unincorporated-building","ks-geary-geary-county"
"county:20063","Gove County","20","county","20063","","","delegation policy names 'county' for building permits in this state","baseline:county-administers-unincorporated-building","ks-gove-gove-county"
"county:20065","Graham County","20","county","20065","","","delegation policy names 'county' for building permits in this state","baseline:county-administers-unincorporated-building","ks-graham-graham-county"
"county:20067","Grant County","20","county","20067","","","delegation policy names 'county' for building permits in this state","baseline:county-administers-unincorporated-building","ks-grant-grant-county"
"county:20069","Gray County","20","county","20069","","","delegation policy names 'county' for building permits in this state","baseline:county-administers-unincorporated-building","ks-gray-gray-county"
"county:20071","Greeley County","20","consolidated-government","20071","","","delegation policy names 'consolidated-government' for building permits in this state","baseline:incorporated-place-administers-building","ks-greeley-greeley-county"
"county:20073","Greenwood County","20","county","20073","","","delegation policy names 'county' for building permits in this state","baseline:county-administers-unincorporated-building","ks-greenwood-greenwood-county"
"county:20075","Hamilton County","20","county","20075","","","delegation policy names 'county' for building permits in this state","baseline:county-administers-unincorporated-building","ks-hamilton-hamilton-county"
"county:20077","Harper County","20","county","20077","","","delegation policy names 'county' for building permits in this state","baseline:county-administers-unincorporated-building","ks-harper-harper-county"
"county:20079","Harvey County","20","county","20079","","","delegation policy names 'county' for building permits in this state","baseline:county-administers-unincorporated-building","ks-harvey-harvey-county"
"county:20081","Haskell County","20","county","20081","","","delegation policy names 'county' for building permits in this state","baseline:county-administers-unincorporated-building","ks-haskell-haskell-county"
"county:20083","Hodgeman County","20","county","20083","","","delegation policy names 'county' for building permits in this state","baseline:county-administers-unincorporated-building","ks-hodgeman-hodgeman-county"
"county:20085","Jackson County","20","county","20085","","","delegation policy names 'county' for building permits in this state","baseline:county-administers-unincorporated-building","ks-jackson-jackson-county"
"county:20087","Jefferson County","20","county","20087","","","delegation policy names 'county' for building permits in this state","baseline:county-administers-unincorporated-building","ks-jefferson-jefferson-county"
"county:20089","Jewell County","20","county","20089","","","delegation policy names 'county' for building permits in this state","baseline:county-administers-unincorporated-building","ks-jewell-jewell-county"
"county:20091","Johnson County","20","county","20091","","","delegation policy names 'county' for building permits in this state","baseline:county-administers-unincorporated-building","ks-johnson-johnson-county"
"county:20093","Kearny County","20","county","20093","","","delegation policy names 'county' for building permits in this state","baseline:county-administers-unincorporated-building","ks-kearny-kearny-county"
"county:20095","Kingman County","20","county","20095","","","delegation policy names 'county' for building permits in this state","baseline:county-administers-unincorporated-building","ks-kingman-kingman-county"
"county:20097","Kiowa County","20","county","20097","","","delegation policy names 'county' for building permits in this state","baseline:county-administers-unincorporated-building","ks-kiowa-kiowa-county"
"county:20099","Labette County","20","county","20099","","","delegation policy names 'county' for building permits in this state","baseline:county-administers-unincorporated-building","ks-labette-labette-county"
"county:20101","Lane County","20","county","20101","","","delegation policy names 'county' for building permits in this state","baseline:county-administers-unincorporated-building","ks-lane-lane-county"
"county:20103","Leavenworth County","20","county","20103","","","delegation policy names 'county' for building permits in this state","baseline:county-administers-unincorporated-building","ks-leavenworth-leavenworth-county"
"county:20105","Lincoln County","20","county","20105","","","delegation policy names 'county' for building permits in this state","baseline:county-administers-unincorporated-building","ks-lincoln-lincoln-county"
"county:20107","Linn County","20","county","20107","","","delegation policy names 'county' for building permits in this state","baseline:county-administers-unincorporated-building","ks-linn-linn-county"
"county:20109","Logan County","20","county","20109","","","delegation policy names 'county' for building permits in this state","baseline:county-administers-unincorporated-building","ks-logan-logan-county"
"county:20111","Lyon County","20","county","20111","","","delegation policy names 'county' for building permits in this state","baseline:county-administers-unincorporated-building","ks-lyon-lyon-county"
"county:20113","McPherson County","20","county","20113","","","delegation policy names 'county' for building permits in this state","baseline:county-administers-unincorporated-building","ks-mcpherson-mcpherson-county"
"county:20115","Marion County","20","county","20115","","","delegation policy names 'county' for building permits in this state","baseline:county-administers-unincorporated-building","ks-marion-marion-county"
"county:20117","Marshall County","20","county","20117","","","delegation policy names 'county' for building permits in this state","baseline:county-administers-unincorporated-building","ks-marshall-marshall-county"
"county:20119","Meade County","20","county","20119","","","delegation policy names 'county' for building permits in this state","baseline:county-administers-unincorporated-building","ks-meade-meade-county"
"county:20121","Miami County","20","county","20121","","","delegation policy names 'county' for building permits in this state","baseline:county-administers-unincorporated-building","ks-miami-miami-county"
"county:20123","Mitchell County","20","county","20123","","","delegation policy names 'county' for building permits in this state","baseline:county-administers-unincorporated-building","ks-mitchell-mitchell-county"
"county:20125","Montgomery County","20","county","20125","","","delegation policy names 'county' for building permits in this state","baseline:county-administers-unincorporated-building","ks-montgomery-montgomery-county"
"county:20127","Morris County","20","county","20127","","","delegation policy names 'county' for building permits in this state","baseline:county-administers-unincorporated-building","ks-morris-morris-county"
"county:20129","Morton County","20","county","20129","","","delegation policy names 'county' for building permits in this state","baseline:county-administers-unincorporated-building","ks-morton-morton-county"
"county:20131","Nemaha County","20","county","20131","","","delegation policy names 'county' for building permits in this state","baseline:county-administers-unincorporated-building","ks-nemaha-nemaha-county"
"county:20133","Neosho County","20","county","20133","","","delegation policy names 'county' for building permits in this state","baseline:county-administers-unincorporated-building","ks-neosho-neosho-county"
"county:20135","Ness County","20","county","20135","","","delegation policy names 'county' for building permits in this state","baseline:county-administers-unincorporated-building","ks-ness-ness-county"
"county:20137","Norton County","20","county","20137","","","delegation policy names 'county' for building permits in this state","baseline:county-administers-unincorporated-building","ks-norton-norton-county"
"county:20139","Osage County","20","county","20139","","","delegation policy names 'county' for building permits in this state","baseline:county-administers-unincorporated-building","ks-osage-osage-county"
"county:20141","Osborne County","20","county","20141","","","delegation policy names 'county' for building permits in this state","baseline:county-administers-unincorporated-building","ks-osborne-osborne-county"
"county:20143","Ottawa County","20","county","20143","","","delegation policy names 'county' for building permits in this state","baseline:county-administers-unincorporated-building","ks-ottawa-ottawa-county"
"county:20145","Pawnee County","20","county","20145","","","delegation policy names 'county' for building permits in this state","baseline:county-administers-unincorporated-building","ks-pawnee-pawnee-county"
"county:20147","Phillips County","20","county","20147","","","delegation policy names 'county' for building permits in this state","baseline:county-administers-unincorporated-building","ks-phillips-phillips-county"
"county:20149","Pottawatomie County","20","county","20149","","","delegation policy names 'county' for building permits in this state","baseline:county-administers-unincorporated-building","ks-pottawatomie-pottawatomie-county"
"county:20151","Pratt County","20","county","20151","","","delegation policy names 'county' for building permits in this state","baseline:county-administers-unincorporated-building","ks-pratt-pratt-county"
"county:20153","Rawlins County","20","county","20153","","","delegation policy names 'county' for building permits in this state","baseline:county-administers-unincorporated-building","ks-rawlins-rawlins-county"
"county:20155","Reno County","20","county","20155","","","delegation policy names 'county' for building permits in this state","baseline:county-administers-unincorporated-building","ks-reno-reno-county"
"county:20157","Republic County","20","county","20157","","","delegation policy names 'county' for building permits in this state","baseline:county-administers-unincorporated-building","ks-republic-republic-county"
"county:20159","Rice County","20","county","20159","","","delegation policy names 'county' for building permits in this state","baseline:county-administers-unincorporated-building","ks-rice-rice-county"
"county:20161","Riley County","20","county","20161","","","delegation policy names 'county' for building permits in this state","baseline:county-administers-unincorporated-building","ks-riley-riley-county"
"county:20163","Rooks County","20","county","20163","","","delegation policy names 'county' for building permits in this state","baseline:county-administers-unincorporated-building","ks-rooks-rooks-county"
"county:20165","Rush County","20","county","20165","","","delegation policy names 'county' for building permits in this state","baseline:county-administers-unincorporated-building","ks-rush-rush-county"
"county:20167","Russell County","20","county","20167","","","delegation policy names 'county' for building permits in this state","baseline:county-administers-unincorporated-building","ks-russell-russell-county"
"county:20169","Saline County","20","county","20169","","","delegation policy names 'county' for building permits in this state","baseline:county-administers-unincorporated-building","ks-saline-saline-county"
"county:20171","Scott County","20","county","20171","","","delegation policy names 'county' for building permits in this state","baseline:county-administers-unincorporated-building","ks-scott-scott-county"
"county:20173","Sedgwick County","20","county","20173","","","delegation policy names 'county' for building permits in this state","baseline:county-administers-unincorporated-building","ks-sedgwick-sedgwick-county"
"county:20175","Seward County","20","county","20175","","","delegation policy names 'county' for building permits in this state","baseline:county-administers-unincorporated-building","ks-seward-seward-county"
"county:20177","Shawnee County","20","county","20177","","","delegation policy names 'county' for building permits in this state","baseline:county-administers-unincorporated-building","ks-shawnee-shawnee-county"
"county:20179","Sheridan County","20","county","20179","","","delegation policy names 'county' for building permits in this state","baseline:county-administers-unincorporated-building","ks-sheridan-sheridan-county"
"county:20181","Sherman County","20","county","20181","","","delegation policy names 'county' for building permits in this state","baseline:county-administers-unincorporated-building","ks-sherman-sherman-county"
"county:20183","Smith County","20","county","20183","","","delegation policy names 'county' for building permits in this state","baseline:county-administers-unincorporated-building","ks-smith-smith-county"
"county:20185","Stafford County","20","county","20185","","","delegation policy names 'county' for building permits in this state","baseline:county-administers-unincorporated-building","ks-stafford-stafford-county"
"county:20187","Stanton County","20","county","20187","","","delegation policy names 'county' for building permits in this state","baseline:county-administers-unincorporated-building","ks-stanton-stanton-county"
"county:20189","Stevens County","20","county","20189","","","delegation policy names 'county' for building permits in this state","baseline:county-administers-unincorporated-building","ks-stevens-stevens-county"
"county:20191","Sumner County","20","county","20191","","","delegation policy names 'county' for building permits in this state","baseline:county-administers-unincorporated-building","ks-sumner-sumner-county"
"county:20193","Thomas County","20","county","20193","","","delegation policy names 'county' for building permits in this state","baseline:county-administers-unincorporated-building","ks-thomas-thomas-county"
"county:20195","Trego County","20","county","20195","","","delegation policy names 'county' for building permits in this state","baseline:county-administers-unincorporated-building","ks-trego-trego-county"
"county:20197","Wabaunsee County","20","county","20197","","","delegation policy names 'county' for building permits in this state","baseline:county-administers-unincorporated-building","ks-wabaunsee-wabaunsee-county"
"county:20199","Wallace County","20","county","20199","","","delegation policy names 'county' for building permits in this state","baseline:county-administers-unincorporated-building","ks-wallace-wallace-county"
"county:20201","Washington County","20","county","20201","","","delegation policy names 'county' for building permits in this state","baseline:county-administers-unincorporated-building","ks-washington-washington-county"
"county:20203","Wichita County","20","county","20203","","","delegation policy names 'county' for building permits in this state","baseline:county-administers-unincorporated-building","ks-wichita-wichita-county"
"county:20205","Wilson County","20","county","20205","","","delegation policy names 'county' for building permits in this state","baseline:county-administers-unincorporated-building","ks-wilson-wilson-county"
"county:20207","Woodson County","20","county","20207","","","delegation policy names 'county' for building permits in this state","baseline:county-administers-unincorporated-building","ks-woodson-woodson-county"
"county:20209","Wyandotte County","20","consolidated-government","20209","","","delegation policy names 'consolidated-government' for building permits in this state","baseline:incorporated-place-administers-building","ks-wyandotte-wyandotte-county"
"county:21001","Adair County","21","county","21001","","","delegation policy names 'county' for building permits in this state","baseline:county-administers-unincorporated-building","ky-adair-adair-county"
"county:21003","Allen County","21","county","21003","","","delegation policy names 'county' for building permits in this state","baseline:county-administers-unincorporated-building","ky-allen-allen-county"
"county:21005","Anderson County","21","county","21005","","","delegation policy names 'county' for building permits in this state","baseline:county-administers-unincorporated-building","ky-anderson-anderson-county"
"county:21007","Ballard County","21","county","21007","","","delegation policy names 'county' for building permits in this state","baseline:county-administers-unincorporated-building","ky-ballard-ballard-county"
"county:21009","Barren County","21","county","21009","","","delegation policy names 'county' for building permits in this state","baseline:county-administers-unincorporated-building","ky-barren-barren-county"
"county:21011","Bath County","21","county","21011","","","delegation policy names 'county' for building permits in this state","baseline:county-administers-unincorporated-building","ky-bath-bath-county"
"county:21013","Bell County","21","county","21013","","","delegation policy names 'county' for building permits in this state","baseline:county-administers-unincorporated-building","ky-bell-bell-county"
"county:21015","Boone County","21","county","21015","","","delegation policy names 'county' for building permits in this state","baseline:county-administers-unincorporated-building","ky-boone-boone-county"
"county:21017","Bourbon County","21","county","21017","","","delegation policy names 'county' for building permits in this state","baseline:county-administers-unincorporated-building","ky-bourbon-bourbon-county"
"county:21019","Boyd County","21","county","21019","","","delegation policy names 'county' for building permits in this state","baseline:county-administers-unincorporated-building","ky-boyd-boyd-county"
"county:21021","Boyle County","21","county","21021","","","delegation policy names 'county' for building permits in this state","baseline:county-administers-unincorporated-building","ky-boyle-boyle-county"
"county:21023","Bracken County","21","county","21023","","","delegation policy names 'county' for building permits in this state","baseline:county-administers-unincorporated-building","ky-bracken-bracken-county"
"county:21025","Breathitt County","21","county","21025","","","delegation policy names 'county' for building permits in this state","baseline:county-administers-unincorporated-building","ky-breathitt-breathitt-county"
"county:21027","Breckinridge County","21","county","21027","","","delegation policy names 'county' for building permits in this state","baseline:county-administers-unincorporated-building","ky-breckinridge-breckinridge-county"
"county:21029","Bullitt County","21","county","21029","","","delegation policy names 'county' for building permits in this state","baseline:county-administers-unincorporated-building","ky-bullitt-bullitt-county"
"county:21031","Butler County","21","county","21031","","","delegation policy names 'county' for building permits in this state","baseline:county-administers-unincorporated-building","ky-butler-butler-county"
"county:21033","Caldwell County","21","county","21033","","","delegation policy names 'county' for building permits in this state","baseline:county-administers-unincorporated-building","ky-caldwell-caldwell-county"
"county:21035","Calloway County","21","county","21035","","","delegation policy names 'county' for building permits in this state","baseline:county-administers-unincorporated-building","ky-calloway-calloway-county"
"county:21037","Campbell County","21","county","21037","","","delegation policy names 'county' for building permits in this state","baseline:county-administers-unincorporated-building","ky-campbell-campbell-county"
"county:21039","Carlisle County","21","county","21039","","","delegation policy names 'county' for building permits in this state","baseline:county-administers-unincorporated-building","ky-carlisle-carlisle-county"
"county:21041","Carroll County","21","county","21041","","","delegation policy names 'county' for building permits in this state","baseline:county-administers-unincorporated-building","ky-carroll-carroll-county"
"county:21043","Carter County","21","county","21043","","","delegation policy names 'county' for building permits in this state","baseline:county-administers-unincorporated-building","ky-carter-carter-county"
"county:21045","Casey County","21","county","21045","","","delegation policy names 'county' for building permits in this state","baseline:county-administers-unincorporated-building","ky-casey-casey-county"
"county:21047","Christian County","21","county","21047","","","delegation policy names 'county' for building permits in this state","baseline:county-administers-unincorporated-building","ky-christian-christian-county"
"county:21049","Clark County","21","county","21049","","","delegation policy names 'county' for building permits in this state","baseline:county-administers-unincorporated-building","ky-clark-clark-county"
"county:21051","Clay County","21","county","21051","","","delegation policy names 'county' for building permits in this state","baseline:county-administers-unincorporated-building","ky-clay-clay-county"
"county:21053","Clinton County","21","county","21053","","","delegation policy names 'county' for building permits in this state","baseline:county-administers-unincorporated-building","ky-clinton-clinton-county"
"county:21055","Crittenden County","21","county","21055","","","delegation policy names 'county' for building permits in this state","baseline:county-administers-unincorporated-building","ky-crittenden-crittenden-county"
"county:21057","Cumberland County","21","county","21057","","","delegation policy names 'county' for building permits in this state","baseline:county-administers-unincorporated-building","ky-cumberland-cumberland-county"
"county:21059","Daviess County","21","county","21059","","","delegation policy names 'county' for building permits in this state","baseline:county-administers-unincorporated-building","ky-daviess-daviess-county"
"county:21061","Edmonson County","21","county","21061","","","delegation policy names 'county' for building permits in this state","baseline:county-administers-unincorporated-building","ky-edmonson-edmonson-county"
"county:21063","Elliott County","21","county","21063","","","delegation policy names 'county' for building permits in this state","baseline:county-administers-unincorporated-building","ky-elliott-elliott-county"
"county:21065","Estill County","21","county","21065","","","delegation policy names 'county' for building permits in this state","baseline:county-administers-unincorporated-building","ky-estill-estill-county"
"county:21067","Fayette County","21","consolidated-government","21067","","","delegation policy names 'consolidated-government' for building permits in this state","baseline:incorporated-place-administers-building","ky-fayette-fayette-county"
"county:21069","Fleming County","21","county","21069","","","delegation policy names 'county' for building permits in this state","baseline:county-administers-unincorporated-building","ky-fleming-fleming-county"
"county:21071","Floyd County","21","county","21071","","","delegation policy names 'county' for building permits in this state","baseline:county-administers-unincorporated-building","ky-floyd-floyd-county"
"county:21073","Franklin County","21","county","21073","","","delegation policy names 'county' for building permits in this state","baseline:county-administers-unincorporated-building","ky-franklin-franklin-county"
"county:21075","Fulton County","21","county","21075","","","delegation policy names 'county' for building permits in this state","baseline:county-administers-unincorporated-building","ky-fulton-fulton-county"
"county:21077","Gallatin County","21","county","21077","","","delegation policy names 'county' for building permits in this state","baseline:county-administers-unincorporated-building","ky-gallatin-gallatin-county"
"county:21079","Garrard County","21","county","21079","","","delegation policy names 'county' for building permits in this state","baseline:county-administers-unincorporated-building","ky-garrard-garrard-county"
"county:21081","Grant County","21","county","21081","","","delegation policy names 'county' for building permits in this state","baseline:county-administers-unincorporated-building","ky-grant-grant-county"
"county:21083","Graves County","21","county","21083","","","delegation policy names 'county' for building permits in this state","baseline:county-administers-unincorporated-building","ky-graves-graves-county"
"county:21085","Grayson County","21","county","21085","","","delegation policy names 'county' for building permits in this state","baseline:county-administers-unincorporated-building","ky-grayson-grayson-county"
"county:21087","Green County","21","county","21087","","","delegation policy names 'county' for building permits in this state","baseline:county-administers-unincorporated-building","ky-green-green-county"
"county:21089","Greenup County","21","county","21089","","","delegation policy names 'county' for building permits in this state","baseline:county-administers-unincorporated-building","ky-greenup-greenup-county"
"county:21091","Hancock County","21","county","21091","","","delegation policy names 'county' for building permits in this state","baseline:county-administers-unincorporated-building","ky-hancock-hancock-county"
"county:21093","Hardin County","21","county","21093","","","delegation policy names 'county' for building permits in this state","baseline:county-administers-unincorporated-building","ky-hardin-hardin-county"
"county:21095","Harlan County","21","county","21095","","","delegation policy names 'county' for building permits in this state","baseline:county-administers-unincorporated-building","ky-harlan-harlan-county"
"county:21097","Harrison County","21","county","21097","","","delegation policy names 'county' for building permits in this state","baseline:county-administers-unincorporated-building","ky-harrison-harrison-county"
"county:21099","Hart County","21","county","21099","","","delegation policy names 'county' for building permits in this state","baseline:county-administers-unincorporated-building","ky-hart-hart-county"
"county:21101","Henderson County","21","county","21101","","","delegation policy names 'county' for building permits in this state","baseline:county-administers-unincorporated-building","ky-henderson-henderson-county"
"county:21103","Henry County","21","county","21103","","","delegation policy names 'county' for building permits in this state","baseline:county-administers-unincorporated-building","ky-henry-henry-county"
"county:21105","Hickman County","21","county","21105","","","delegation policy names 'county' for building permits in this state","baseline:county-administers-unincorporated-building","ky-hickman-hickman-county"
"county:21107","Hopkins County","21","county","21107","","","delegation policy names 'county' for building permits in this state","baseline:county-administers-unincorporated-building","ky-hopkins-hopkins-county"
"county:21109","Jackson County","21","county","21109","","","delegation policy names 'county' for building permits in this state","baseline:county-administers-unincorporated-building","ky-jackson-jackson-county"
"county:21111","Jefferson County","21","consolidated-government","21111","","","delegation policy names 'consolidated-government' for building permits in this state","baseline:incorporated-place-administers-building","ky-jefferson-jefferson-county"
"county:21113","Jessamine County","21","county","21113","","","delegation policy names 'county' for building permits in this state","baseline:county-administers-unincorporated-building","ky-jessamine-jessamine-county"
"county:21115","Johnson County","21","county","21115","","","delegation policy names 'county' for building permits in this state","baseline:county-administers-unincorporated-building","ky-johnson-johnson-county"
"county:21117","Kenton County","21","county","21117","","","delegation policy names 'county' for building permits in this state","baseline:county-administers-unincorporated-building","ky-kenton-kenton-county"
"county:21119","Knott County","21","county","21119","","","delegation policy names 'county' for building permits in this state","baseline:county-administers-unincorporated-building","ky-knott-knott-county"
"county:21121","Knox County","21","county","21121","","","delegation policy names 'county' for building permits in this state","baseline:county-administers-unincorporated-building","ky-knox-knox-county"
"county:21123","Larue County","21","county","21123","","","delegation policy names 'county' for building permits in this state","baseline:county-administers-unincorporated-building","ky-larue-larue-county"
"county:21125","Laurel County","21","county","21125","","","delegation policy names 'county' for building permits in this state","baseline:county-administers-unincorporated-building","ky-laurel-laurel-county"
"county:21127","Lawrence County","21","county","21127","","","delegation policy names 'county' for building permits in this state","baseline:county-administers-unincorporated-building","ky-lawrence-lawrence-county"
"county:21129","Lee County","21","county","21129","","","delegation policy names 'county' for building permits in this state","baseline:county-administers-unincorporated-building","ky-lee-lee-county"
"county:21131","Leslie County","21","county","21131","","","delegation policy names 'county' for building permits in this state","baseline:county-administers-unincorporated-building","ky-leslie-leslie-county"
"county:21133","Letcher County","21","county","21133","","","delegation policy names 'county' for building permits in this state","baseline:county-administers-unincorporated-building","ky-letcher-letcher-county"
"county:21135","Lewis County","21","county","21135","","","delegation policy names 'county' for building permits in this state","baseline:county-administers-unincorporated-building","ky-lewis-lewis-county"
"county:21137","Lincoln County","21","county","21137","","","delegation policy names 'county' for building permits in this state","baseline:county-administers-unincorporated-building","ky-lincoln-lincoln-county"
"county:21139","Livingston County","21","county","21139","","","delegation policy names 'county' for building permits in this state","baseline:county-administers-unincorporated-building","ky-livingston-livingston-county"
"county:21141","Logan County","21","county","21141","","","delegation policy names 'county' for building permits in this state","baseline:county-administers-unincorporated-building","ky-logan-logan-county"
"county:21143","Lyon County","21","county","21143","","","delegation policy names 'county' for building permits in this state","baseline:county-administers-unincorporated-building","ky-lyon-lyon-county"
"county:21145","McCracken County","21","county","21145","","","delegation policy names 'county' for building permits in this state","baseline:county-administers-unincorporated-building","ky-mccracken-mccracken-county"
"county:21147","McCreary County","21","county","21147","","","delegation policy names 'county' for building permits in this state","baseline:county-administers-unincorporated-building","ky-mccreary-mccreary-county"
"county:21149","McLean County","21","county","21149","","","delegation policy names 'county' for building permits in this state","baseline:county-administers-unincorporated-building","ky-mclean-mclean-county"
"county:21151","Madison County","21","county","21151","","","delegation policy names 'county' for building permits in this state","baseline:county-administers-unincorporated-building","ky-madison-madison-county"
"county:21153","Magoffin County","21","county","21153","","","delegation policy names 'county' for building permits in this state","baseline:county-administers-unincorporated-building","ky-magoffin-magoffin-county"
"county:21155","Marion County","21","county","21155","","","delegation policy names 'county' for building permits in this state","baseline:county-administers-unincorporated-building","ky-marion-marion-county"
"county:21157","Marshall County","21","county","21157","","","delegation policy names 'county' for building permits in this state","baseline:county-administers-unincorporated-building","ky-marshall-marshall-county"
"county:21159","Martin County","21","county","21159","","","delegation policy names 'county' for building permits in this state","baseline:county-administers-unincorporated-building","ky-martin-martin-county"
"county:21161","Mason County","21","county","21161","","","delegation policy names 'county' for building permits in this state","baseline:county-administers-unincorporated-building","ky-mason-mason-county"
"county:21163","Meade County","21","county","21163","","","delegation policy names 'county' for building permits in this state","baseline:county-administers-unincorporated-building","ky-meade-meade-county"
"county:21165","Menifee County","21","county","21165","","","delegation policy names 'county' for building permits in this state","baseline:county-administers-unincorporated-building","ky-menifee-menifee-county"
"county:21167","Mercer County","21","county","21167","","","delegation policy names 'county' for building permits in this state","baseline:county-administers-unincorporated-building","ky-mercer-mercer-county"
"county:21169","Metcalfe County","21","county","21169","","","delegation policy names 'county' for building permits in this state","baseline:county-administers-unincorporated-building","ky-metcalfe-metcalfe-county"
"county:21171","Monroe County","21","county","21171","","","delegation policy names 'county' for building permits in this state","baseline:county-administers-unincorporated-building","ky-monroe-monroe-county"
"county:21173","Montgomery County","21","county","21173","","","delegation policy names 'county' for building permits in this state","baseline:county-administers-unincorporated-building","ky-montgomery-montgomery-county"
"county:21175","Morgan County","21","county","21175","","","delegation policy names 'county' for building permits in this state","baseline:county-administers-unincorporated-building","ky-morgan-morgan-county"
"county:21177","Muhlenberg County","21","county","21177","","","delegation policy names 'county' for building permits in this state","baseline:county-administers-unincorporated-building","ky-muhlenberg-muhlenberg-county"
"county:21179","Nelson County","21","county","21179","","","delegation policy names 'county' for building permits in this state","baseline:county-administers-unincorporated-building","ky-nelson-nelson-county"
"county:21181","Nicholas County","21","county","21181","","","delegation policy names 'county' for building permits in this state","baseline:county-administers-unincorporated-building","ky-nicholas-nicholas-county"
"county:21183","Ohio County","21","county","21183","","","delegation policy names 'county' for building permits in this state","baseline:county-administers-unincorporated-building","ky-ohio-ohio-county"
"county:21185","Oldham County","21","county","21185","","","delegation policy names 'county' for building permits in this state","baseline:county-administers-unincorporated-building","ky-oldham-oldham-county"
"county:21187","Owen County","21","county","21187","","","delegation policy names 'county' for building permits in this state","baseline:county-administers-unincorporated-building","ky-owen-owen-county"
"county:21189","Owsley County","21","county","21189","","","delegation policy names 'county' for building permits in this state","baseline:county-administers-unincorporated-building","ky-owsley-owsley-county"
"county:21191","Pendleton County","21","county","21191","","","delegation policy names 'county' for building permits in this state","baseline:county-administers-unincorporated-building","ky-pendleton-pendleton-county"
"county:21193","Perry County","21","county","21193","","","delegation policy names 'county' for building permits in this state","baseline:county-administers-unincorporated-building","ky-perry-perry-county"
"county:21195","Pike County","21","county","21195","","","delegation policy names 'county' for building permits in this state","baseline:county-administers-unincorporated-building","ky-pike-pike-county"
"county:21197","Powell County","21","county","21197","","","delegation policy names 'county' for building permits in this state","baseline:county-administers-unincorporated-building","ky-powell-powell-county"
"county:21199","Pulaski County","21","county","21199","","","delegation policy names 'county' for building permits in this state","baseline:county-administers-unincorporated-building","ky-pulaski-pulaski-county"
"county:21201","Robertson County","21","county","21201","","","delegation policy names 'county' for building permits in this state","baseline:county-administers-unincorporated-building","ky-robertson-robertson-county"
"county:21203","Rockcastle County","21","county","21203","","","delegation policy names 'county' for building permits in this state","baseline:county-administers-unincorporated-building","ky-rockcastle-rockcastle-county"
"county:21205","Rowan County","21","county","21205","","","delegation policy names 'county' for building permits in this state","baseline:county-administers-unincorporated-building","ky-rowan-rowan-county"
"county:21207","Russell County","21","county","21207","","","delegation policy names 'county' for building permits in this state","baseline:county-administers-unincorporated-building","ky-russell-russell-county"
"county:21209","Scott County","21","county","21209","","","delegation policy names 'county' for building permits in this state","baseline:county-administers-unincorporated-building","ky-scott-scott-county"
"county:21211","Shelby County","21","county","21211","","","delegation policy names 'county' for building permits in this state","baseline:county-administers-unincorporated-building","ky-shelby-shelby-county"
"county:21213","Simpson County","21","county","21213","","","delegation policy names 'county' for building permits in this state","baseline:county-administers-unincorporated-building","ky-simpson-simpson-county"
"county:21215","Spencer County","21","county","21215","","","delegation policy names 'county' for building permits in this state","baseline:county-administers-unincorporated-building","ky-spencer-spencer-county"
"county:21217","Taylor County","21","county","21217","","","delegation policy names 'county' for building permits in this state","baseline:county-administers-unincorporated-building","ky-taylor-taylor-county"
"county:21219","Todd County","21","county","21219","","","delegation policy names 'county' for building permits in this state","baseline:county-administers-unincorporated-building","ky-todd-todd-county"
"county:21221","Trigg County","21","county","21221","","","delegation policy names 'county' for building permits in this state","baseline:county-administers-unincorporated-building","ky-trigg-trigg-county"
"county:21223","Trimble County","21","county","21223","","","delegation policy names 'county' for building permits in this state","baseline:county-administers-unincorporated-building","ky-trimble-trimble-county"
"county:21225","Union County","21","county","21225","","","delegation policy names 'county' for building permits in this state","baseline:county-administers-unincorporated-building","ky-union-union-county"
"county:21227","Warren County","21","county","21227","","","delegation policy names 'county' for building permits in this state","baseline:county-administers-unincorporated-building","ky-warren-warren-county"
"county:21229","Washington County","21","county","21229","","","delegation policy names 'county' for building permits in this state","baseline:county-administers-unincorporated-building","ky-washington-washington-county"
"county:21231","Wayne County","21","county","21231","","","delegation policy names 'county' for building permits in this state","baseline:county-administers-unincorporated-building","ky-wayne-wayne-county"
"county:21233","Webster County","21","county","21233","","","delegation policy names 'county' for building permits in this state","baseline:county-administers-unincorporated-building","ky-webster-webster-county"
"county:21235","Whitley County","21","county","21235","","","delegation policy names 'county' for building permits in this state","baseline:county-administers-unincorporated-building","ky-whitley-whitley-county"
"county:21237","Wolfe County","21","county","21237","","","delegation policy names 'county' for building permits in this state","baseline:county-administers-unincorporated-building","ky-wolfe-wolfe-county"
"county:21239","Woodford County","21","county","21239","","","delegation policy names 'county' for building permits in this state","baseline:county-administers-unincorporated-building","ky-woodford-woodford-county"
"county:23001","Androscoggin County","23","county","23001","","","delegation policy names 'county' for building permits in this state","baseline:county-administers-unincorporated-building","me-androscoggin-androscoggin-county"
"county:23003","Aroostook County","23","county","23003","","","delegation policy names 'county' for building permits in this state","baseline:county-administers-unincorporated-building","me-aroostook-aroostook-county"
"county:23005","Cumberland County","23","county","23005","","","delegation policy names 'county' for building permits in this state","baseline:county-administers-unincorporated-building","me-cumberland-cumberland-county"
"county:23007","Franklin County","23","county","23007","","","delegation policy names 'county' for building permits in this state","baseline:county-administers-unincorporated-building","me-franklin-franklin-county"
"county:23009","Hancock County","23","county","23009","","","delegation policy names 'county' for building permits in this state","baseline:county-administers-unincorporated-building","me-hancock-hancock-county"
"county:23011","Kennebec County","23","county","23011","","","delegation policy names 'county' for building permits in this state","baseline:county-administers-unincorporated-building","me-kennebec-kennebec-county"
"county:23013","Knox County","23","county","23013","","","delegation policy names 'county' for building permits in this state","baseline:county-administers-unincorporated-building","me-knox-knox-county"
"county:23015","Lincoln County","23","county","23015","","","delegation policy names 'county' for building permits in this state","baseline:county-administers-unincorporated-building","me-lincoln-lincoln-county"
"county:23017","Oxford County","23","county","23017","","","delegation policy names 'county' for building permits in this state","baseline:county-administers-unincorporated-building","me-oxford-oxford-county"
"county:23019","Penobscot County","23","county","23019","","","delegation policy names 'county' for building permits in this state","baseline:county-administers-unincorporated-building","me-penobscot-penobscot-county"
"county:23021","Piscataquis County","23","county","23021","","","delegation policy names 'county' for building permits in this state","baseline:county-administers-unincorporated-building","me-piscataquis-piscataquis-county"
"county:23023","Sagadahoc County","23","county","23023","","","delegation policy names 'county' for building permits in this state","baseline:county-administers-unincorporated-building","me-sagadahoc-sagadahoc-county"
"county:23025","Somerset County","23","county","23025","","","delegation policy names 'county' for building permits in this state","baseline:county-administers-unincorporated-building","me-somerset-somerset-county"
"county:23027","Waldo County","23","county","23027","","","delegation policy names 'county' for building permits in this state","baseline:county-administers-unincorporated-building","me-waldo-waldo-county"
"county:23029","Washington County","23","county","23029","","","delegation policy names 'county' for building permits in this state","baseline:county-administers-unincorporated-building","me-washington-washington-county"
"county:23031","York County","23","county","23031","","","delegation policy names 'county' for building permits in this state","baseline:county-administers-unincorporated-building","me-york-york-county"
"county:24001","Allegany County","24","county","24001","","","delegation policy names 'county' for building permits in this state","baseline:county-administers-unincorporated-building","md-allegany-allegany-county"
"county:24003","Anne Arundel County","24","county","24003","","","delegation policy names 'county' for building permits in this state","baseline:county-administers-unincorporated-building","md-anne-arundel-county"
"county:24005","Baltimore County","24","county","24005","","","delegation policy names 'county' for building permits in this state","baseline:county-administers-unincorporated-building","md-baltimore-baltimore-county"
"county:24009","Calvert County","24","county","24009","","","delegation policy names 'county' for building permits in this state","baseline:county-administers-unincorporated-building","md-calvert-calvert-county"
"county:24011","Caroline County","24","county","24011","","","delegation policy names 'county' for building permits in this state","baseline:county-administers-unincorporated-building","md-caroline-caroline-county"
"county:24013","Carroll County","24","county","24013","","","delegation policy names 'county' for building permits in this state","baseline:county-administers-unincorporated-building","md-carroll-carroll-county"
"county:24015","Cecil County","24","county","24015","","","delegation policy names 'county' for building permits in this state","baseline:county-administers-unincorporated-building","md-cecil-cecil-county"
"county:24017","Charles County","24","county","24017","","","delegation policy names 'county' for building permits in this state","baseline:county-administers-unincorporated-building","md-charles-charles-county"
"county:24019","Dorchester County","24","county","24019","","","delegation policy names 'county' for building permits in this state","baseline:county-administers-unincorporated-building","md-dorchester-dorchester-county"
"county:24021","Frederick County","24","county","24021","","","delegation policy names 'county' for building permits in this state","baseline:county-administers-unincorporated-building","md-frederick-frederick-county"
"county:24023","Garrett County","24","county","24023","","","delegation policy names 'county' for building permits in this state","baseline:county-administers-unincorporated-building","md-garrett-garrett-county"
"county:24025","Harford County","24","county","24025","","","delegation policy names 'county' for building permits in this state","baseline:county-administers-unincorporated-building","md-harford-harford-county"
"county:24027","Howard County","24","county","24027","","","delegation policy names 'county' for building permits in this state","baseline:county-administers-unincorporated-building","md-howard-howard-county"
"county:24029","Kent County","24","county","24029","","","delegation policy names 'county' for building permits in this state","baseline:county-administers-unincorporated-building","md-kent-kent-county"
"county:24031","Montgomery County","24","county","24031","","","delegation policy names 'county' for building permits in this state","baseline:county-administers-unincorporated-building","md-montgomery-county"
"county:24033","Prince George's County","24","county","24033","","","delegation policy names 'county' for building permits in this state","baseline:county-administers-unincorporated-building","md-prince-georges-county"
"county:24035","Queen Anne's County","24","county","24035","","","delegation policy names 'county' for building permits in this state","baseline:county-administers-unincorporated-building","md-queen-annes-queen-annes-county"
"county:24037","St. Mary's County","24","county","24037","","","delegation policy names 'county' for building permits in this state","baseline:county-administers-unincorporated-building","md-st-marys-st-marys-county"
"county:24039","Somerset County","24","county","24039","","","delegation policy names 'county' for building permits in this state","baseline:county-administers-unincorporated-building","md-somerset-somerset-county"
"county:24041","Talbot County","24","county","24041","","","delegation policy names 'county' for building permits in this state","baseline:county-administers-unincorporated-building","md-talbot-talbot-county"
"county:24043","Washington County","24","county","24043","","","delegation policy names 'county' for building permits in this state","baseline:county-administers-unincorporated-building","md-washington-washington-county"
"county:24045","Wicomico County","24","county","24045","","","delegation policy names 'county' for building permits in this state","baseline:county-administers-unincorporated-building","md-wicomico-wicomico-county"
"county:24047","Worcester County","24","county","24047","","","delegation policy names 'county' for building permits in this state","baseline:county-administers-unincorporated-building","md-worcester-worcester-county"
"county:26001","Alcona County","26","county","26001","","","delegation policy names 'county' for building permits in this state","baseline:county-administers-unincorporated-building","mi-alcona-alcona-county"
"county:26003","Alger County","26","county","26003","","","delegation policy names 'county' for building permits in this state","baseline:county-administers-unincorporated-building","mi-alger-alger-county"
"county:26005","Allegan County","26","county","26005","","","delegation policy names 'county' for building permits in this state","baseline:county-administers-unincorporated-building","mi-allegan-allegan-county"
"county:26007","Alpena County","26","county","26007","","","delegation policy names 'county' for building permits in this state","baseline:county-administers-unincorporated-building","mi-alpena-alpena-county"
"county:26009","Antrim County","26","county","26009","","","delegation policy names 'county' for building permits in this state","baseline:county-administers-unincorporated-building","mi-antrim-antrim-county"
"county:26011","Arenac County","26","county","26011","","","delegation policy names 'county' for building permits in this state","baseline:county-administers-unincorporated-building","mi-arenac-arenac-county"
"county:26013","Baraga County","26","county","26013","","","delegation policy names 'county' for building permits in this state","baseline:county-administers-unincorporated-building","mi-baraga-baraga-county"
"county:26015","Barry County","26","county","26015","","","delegation policy names 'county' for building permits in this state","baseline:county-administers-unincorporated-building","mi-barry-barry-county"
"county:26017","Bay County","26","county","26017","","","delegation policy names 'county' for building permits in this state","baseline:county-administers-unincorporated-building","mi-bay-bay-county"
"county:26019","Benzie County","26","county","26019","","","delegation policy names 'county' for building permits in this state","baseline:county-administers-unincorporated-building","mi-benzie-benzie-county"
"county:26021","Berrien County","26","county","26021","","","delegation policy names 'county' for building permits in this state","baseline:county-administers-unincorporated-building","mi-berrien-berrien-county"
"county:26023","Branch County","26","county","26023","","","delegation policy names 'county' for building permits in this state","baseline:county-administers-unincorporated-building","mi-branch-branch-county"
"county:26025","Calhoun County","26","county","26025","","","delegation policy names 'county' for building permits in this state","baseline:county-administers-unincorporated-building","mi-calhoun-calhoun-county"
"county:26027","Cass County","26","county","26027","","","delegation policy names 'county' for building permits in this state","baseline:county-administers-unincorporated-building","mi-cass-cass-county"
"county:26029","Charlevoix County","26","county","26029","","","delegation policy names 'county' for building permits in this state","baseline:county-administers-unincorporated-building","mi-charlevoix-charlevoix-county"
"county:26031","Cheboygan County","26","county","26031","","","delegation policy names 'county' for building permits in this state","baseline:county-administers-unincorporated-building","mi-cheboygan-cheboygan-county"
"county:26033","Chippewa County","26","county","26033","","","delegation policy names 'county' for building permits in this state","baseline:county-administers-unincorporated-building","mi-chippewa-chippewa-county"
"county:26035","Clare County","26","county","26035","","","delegation policy names 'county' for building permits in this state","baseline:county-administers-unincorporated-building","mi-clare-clare-county"
"county:26037","Clinton County","26","county","26037","","","delegation policy names 'county' for building permits in this state","baseline:county-administers-unincorporated-building","mi-clinton-clinton-county"
"county:26039","Crawford County","26","county","26039","","","delegation policy names 'county' for building permits in this state","baseline:county-administers-unincorporated-building","mi-crawford-crawford-county"
"county:26041","Delta County","26","county","26041","","","delegation policy names 'county' for building permits in this state","baseline:county-administers-unincorporated-building","mi-delta-delta-county"
"county:26043","Dickinson County","26","county","26043","","","delegation policy names 'county' for building permits in this state","baseline:county-administers-unincorporated-building","mi-dickinson-dickinson-county"
"county:26045","Eaton County","26","county","26045","","","delegation policy names 'county' for building permits in this state","baseline:county-administers-unincorporated-building","mi-eaton-eaton-county"
"county:26047","Emmet County","26","county","26047","","","delegation policy names 'county' for building permits in this state","baseline:county-administers-unincorporated-building","mi-emmet-emmet-county"
"county:26049","Genesee County","26","county","26049","","","delegation policy names 'county' for building permits in this state","baseline:county-administers-unincorporated-building","mi-genesee-genesee-county"
"county:26051","Gladwin County","26","county","26051","","","delegation policy names 'county' for building permits in this state","baseline:county-administers-unincorporated-building","mi-gladwin-gladwin-county"
"county:26053","Gogebic County","26","county","26053","","","delegation policy names 'county' for building permits in this state","baseline:county-administers-unincorporated-building","mi-gogebic-gogebic-county"
"county:26055","Grand Traverse County","26","county","26055","","","delegation policy names 'county' for building permits in this state","baseline:county-administers-unincorporated-building","mi-grand-traverse-grand-traverse-county"
"county:26057","Gratiot County","26","county","26057","","","delegation policy names 'county' for building permits in this state","baseline:county-administers-unincorporated-building","mi-gratiot-gratiot-county"
"county:26059","Hillsdale County","26","county","26059","","","delegation policy names 'county' for building permits in this state","baseline:county-administers-unincorporated-building","mi-hillsdale-hillsdale-county"
"county:26061","Houghton County","26","county","26061","","","delegation policy names 'county' for building permits in this state","baseline:county-administers-unincorporated-building","mi-houghton-houghton-county"
"county:26063","Huron County","26","county","26063","","","delegation policy names 'county' for building permits in this state","baseline:county-administers-unincorporated-building","mi-huron-huron-county"
"county:26065","Ingham County","26","county","26065","","","delegation policy names 'county' for building permits in this state","baseline:county-administers-unincorporated-building","mi-ingham-ingham-county"
"county:26067","Ionia County","26","county","26067","","","delegation policy names 'county' for building permits in this state","baseline:county-administers-unincorporated-building","mi-ionia-ionia-county"
"county:26069","Iosco County","26","county","26069","","","delegation policy names 'county' for building permits in this state","baseline:county-administers-unincorporated-building","mi-iosco-iosco-county"
"county:26071","Iron County","26","county","26071","","","delegation policy names 'county' for building permits in this state","baseline:county-administers-unincorporated-building","mi-iron-iron-county"
"county:26073","Isabella County","26","county","26073","","","delegation policy names 'county' for building permits in this state","baseline:county-administers-unincorporated-building","mi-isabella-isabella-county"
"county:26075","Jackson County","26","county","26075","","","delegation policy names 'county' for building permits in this state","baseline:county-administers-unincorporated-building","mi-jackson-jackson-county"
"county:26077","Kalamazoo County","26","county","26077","","","delegation policy names 'county' for building permits in this state","baseline:county-administers-unincorporated-building","mi-kalamazoo-kalamazoo-county"
"county:26079","Kalkaska County","26","county","26079","","","delegation policy names 'county' for building permits in this state","baseline:county-administers-unincorporated-building","mi-kalkaska-kalkaska-county"
"county:26081","Kent County","26","county","26081","","","delegation policy names 'county' for building permits in this state","baseline:county-administers-unincorporated-building","mi-kent-kent-county"
"county:26083","Keweenaw County","26","county","26083","","","delegation policy names 'county' for building permits in this state","baseline:county-administers-unincorporated-building","mi-keweenaw-keweenaw-county"
"county:26085","Lake County","26","county","26085","","","delegation policy names 'county' for building permits in this state","baseline:county-administers-unincorporated-building","mi-lake-lake-county"
"county:26087","Lapeer County","26","county","26087","","","delegation policy names 'county' for building permits in this state","baseline:county-administers-unincorporated-building","mi-lapeer-lapeer-county"
"county:26089","Leelanau County","26","county","26089","","","delegation policy names 'county' for building permits in this state","baseline:county-administers-unincorporated-building","mi-leelanau-leelanau-county"
"county:26091","Lenawee County","26","county","26091","","","delegation policy names 'county' for building permits in this state","baseline:county-administers-unincorporated-building","mi-lenawee-lenawee-county"
"county:26093","Livingston County","26","county","26093","","","delegation policy names 'county' for building permits in this state","baseline:county-administers-unincorporated-building","mi-livingston-livingston-county"
"county:26095","Luce County","26","county","26095","","","delegation policy names 'county' for building permits in this state","baseline:county-administers-unincorporated-building","mi-luce-luce-county"
"county:26097","Mackinac County","26","county","26097","","","delegation policy names 'county' for building permits in this state","baseline:county-administers-unincorporated-building","mi-mackinac-mackinac-county"
"county:26099","Macomb County","26","county","26099","","","delegation policy names 'county' for building permits in this state","baseline:county-administers-unincorporated-building","mi-macomb-macomb-county"
"county:26101","Manistee County","26","county","26101","","","delegation policy names 'county' for building permits in this state","baseline:county-administers-unincorporated-building","mi-manistee-manistee-county"
"county:26103","Marquette County","26","county","26103","","","delegation policy names 'county' for building permits in this state","baseline:county-administers-unincorporated-building","mi-marquette-marquette-county"
"county:26105","Mason County","26","county","26105","","","delegation policy names 'county' for building permits in this state","baseline:county-administers-unincorporated-building","mi-mason-mason-county"
"county:26107","Mecosta County","26","county","26107","","","delegation policy names 'county' for building permits in this state","baseline:county-administers-unincorporated-building","mi-mecosta-mecosta-county"
"county:26109","Menominee County","26","county","26109","","","delegation policy names 'county' for building permits in this state","baseline:county-administers-unincorporated-building","mi-menominee-menominee-county"
"county:26111","Midland County","26","county","26111","","","delegation policy names 'county' for building permits in this state","baseline:county-administers-unincorporated-building","mi-midland-midland-county"
"county:26113","Missaukee County","26","county","26113","","","delegation policy names 'county' for building permits in this state","baseline:county-administers-unincorporated-building","mi-missaukee-missaukee-county"
"county:26115","Monroe County","26","county","26115","","","delegation policy names 'county' for building permits in this state","baseline:county-administers-unincorporated-building","mi-monroe-monroe-county"
"county:26117","Montcalm County","26","county","26117","","","delegation policy names 'county' for building permits in this state","baseline:county-administers-unincorporated-building","mi-montcalm-montcalm-county"
"county:26119","Montmorency County","26","county","26119","","","delegation policy names 'county' for building permits in this state","baseline:county-administers-unincorporated-building","mi-montmorency-montmorency-county"
"county:26121","Muskegon County","26","county","26121","","","delegation policy names 'county' for building permits in this state","baseline:county-administers-unincorporated-building","mi-muskegon-muskegon-county"
"county:26123","Newaygo County","26","county","26123","","","delegation policy names 'county' for building permits in this state","baseline:county-administers-unincorporated-building","mi-newaygo-newaygo-county"
"county:26125","Oakland County","26","county","26125","","","delegation policy names 'county' for building permits in this state","baseline:county-administers-unincorporated-building","mi-oakland-oakland-county"
"county:26127","Oceana County","26","county","26127","","","delegation policy names 'county' for building permits in this state","baseline:county-administers-unincorporated-building","mi-oceana-oceana-county"
"county:26129","Ogemaw County","26","county","26129","","","delegation policy names 'county' for building permits in this state","baseline:county-administers-unincorporated-building","mi-ogemaw-ogemaw-county"
"county:26131","Ontonagon County","26","county","26131","","","delegation policy names 'county' for building permits in this state","baseline:county-administers-unincorporated-building","mi-ontonagon-ontonagon-county"
"county:26133","Osceola County","26","county","26133","","","delegation policy names 'county' for building permits in this state","baseline:county-administers-unincorporated-building","mi-osceola-osceola-county"
"county:26135","Oscoda County","26","county","26135","","","delegation policy names 'county' for building permits in this state","baseline:county-administers-unincorporated-building","mi-oscoda-oscoda-county"
"county:26137","Otsego County","26","county","26137","","","delegation policy names 'county' for building permits in this state","baseline:county-administers-unincorporated-building","mi-otsego-otsego-county"
"county:26139","Ottawa County","26","county","26139","","","delegation policy names 'county' for building permits in this state","baseline:county-administers-unincorporated-building","mi-ottawa-ottawa-county"
"county:26141","Presque Isle County","26","county","26141","","","delegation policy names 'county' for building permits in this state","baseline:county-administers-unincorporated-building","mi-presque-isle-presque-isle-county"
"county:26143","Roscommon County","26","county","26143","","","delegation policy names 'county' for building permits in this state","baseline:county-administers-unincorporated-building","mi-roscommon-roscommon-county"
"county:26145","Saginaw County","26","county","26145","","","delegation policy names 'county' for building permits in this state","baseline:county-administers-unincorporated-building","mi-saginaw-saginaw-county"
"county:26147","St. Clair County","26","county","26147","","","delegation policy names 'county' for building permits in this state","baseline:county-administers-unincorporated-building","mi-st-clair-st-clair-county"
"county:26149","St. Joseph County","26","county","26149","","","delegation policy names 'county' for building permits in this state","baseline:county-administers-unincorporated-building","mi-st-joseph-st-joseph-county"
"county:26151","Sanilac County","26","county","26151","","","delegation policy names 'county' for building permits in this state","baseline:county-administers-unincorporated-building","mi-sanilac-sanilac-county"
"county:26153","Schoolcraft County","26","county","26153","","","delegation policy names 'county' for building permits in this state","baseline:county-administers-unincorporated-building","mi-schoolcraft-schoolcraft-county"
"county:26155","Shiawassee County","26","county","26155","","","delegation policy names 'county' for building permits in this state","baseline:county-administers-unincorporated-building","mi-shiawassee-shiawassee-county"
"county:26157","Tuscola County","26","county","26157","","","delegation policy names 'county' for building permits in this state","baseline:county-administers-unincorporated-building","mi-tuscola-tuscola-county"
"county:26159","Van Buren County","26","county","26159","","","delegation policy names 'county' for building permits in this state","baseline:county-administers-unincorporated-building","mi-van-buren-van-buren-county"
"county:26161","Washtenaw County","26","county","26161","","","delegation policy names 'county' for building permits in this state","baseline:county-administers-unincorporated-building","mi-washtenaw-washtenaw-county"
"county:26163","Wayne County","26","county","26163","","","delegation policy names 'county' for building permits in this state","baseline:county-administers-unincorporated-building","mi-wayne-wayne-county"
"county:26165","Wexford County","26","county","26165","","","delegation policy names 'county' for building permits in this state","baseline:county-administers-unincorporated-building","mi-wexford-wexford-county"
"county:27001","Aitkin County","27","county","27001","","","delegation policy names 'county' for building permits in this state","baseline:county-administers-unincorporated-building","mn-aitkin-aitkin-county"
"county:27003","Anoka County","27","county","27003","","","delegation policy names 'county' for building permits in this state","baseline:county-administers-unincorporated-building","mn-anoka-anoka-county"
"county:27005","Becker County","27","county","27005","","","delegation policy names 'county' for building permits in this state","baseline:county-administers-unincorporated-building","mn-becker-becker-county"
"county:27007","Beltrami County","27","county","27007","","","delegation policy names 'county' for building permits in this state","baseline:county-administers-unincorporated-building","mn-beltrami-beltrami-county"
"county:27009","Benton County","27","county","27009","","","delegation policy names 'county' for building permits in this state","baseline:county-administers-unincorporated-building","mn-benton-benton-county"
"county:27011","Big Stone County","27","county","27011","","","delegation policy names 'county' for building permits in this state","baseline:county-administers-unincorporated-building","mn-big-stone-big-stone-county"
"county:27013","Blue Earth County","27","county","27013","","","delegation policy names 'county' for building permits in this state","baseline:county-administers-unincorporated-building","mn-blue-earth-blue-earth-county"
"county:27015","Brown County","27","county","27015","","","delegation policy names 'county' for building permits in this state","baseline:county-administers-unincorporated-building","mn-brown-brown-county"
"county:27017","Carlton County","27","county","27017","","","delegation policy names 'county' for building permits in this state","baseline:county-administers-unincorporated-building","mn-carlton-carlton-county"
"county:27019","Carver County","27","county","27019","","","delegation policy names 'county' for building permits in this state","baseline:county-administers-unincorporated-building","mn-carver-carver-county"
"county:27021","Cass County","27","county","27021","","","delegation policy names 'county' for building permits in this state","baseline:county-administers-unincorporated-building","mn-cass-cass-county"
"county:27023","Chippewa County","27","county","27023","","","delegation policy names 'county' for building permits in this state","baseline:county-administers-unincorporated-building","mn-chippewa-chippewa-county"
"county:27025","Chisago County","27","county","27025","","","delegation policy names 'county' for building permits in this state","baseline:county-administers-unincorporated-building","mn-chisago-chisago-county"
"county:27027","Clay County","27","county","27027","","","delegation policy names 'county' for building permits in this state","baseline:county-administers-unincorporated-building","mn-clay-clay-county"
"county:27029","Clearwater County","27","county","27029","","","delegation policy names 'county' for building permits in this state","baseline:county-administers-unincorporated-building","mn-clearwater-clearwater-county"
"county:27031","Cook County","27","county","27031","","","delegation policy names 'county' for building permits in this state","baseline:county-administers-unincorporated-building","mn-cook-cook-county"
"county:27033","Cottonwood County","27","county","27033","","","delegation policy names 'county' for building permits in this state","baseline:county-administers-unincorporated-building","mn-cottonwood-cottonwood-county"
"county:27035","Crow Wing County","27","county","27035","","","delegation policy names 'county' for building permits in this state","baseline:county-administers-unincorporated-building","mn-crow-wing-crow-wing-county"
"county:27037","Dakota County","27","county","27037","","","delegation policy names 'county' for building permits in this state","baseline:county-administers-unincorporated-building","mn-dakota-dakota-county"
"county:27039","Dodge County","27","county","27039","","","delegation policy names 'county' for building permits in this state","baseline:county-administers-unincorporated-building","mn-dodge-dodge-county"
"county:27041","Douglas County","27","county","27041","","","delegation policy names 'county' for building permits in this state","baseline:county-administers-unincorporated-building","mn-douglas-douglas-county"
"county:27043","Faribault County","27","county","27043","","","delegation policy names 'county' for building permits in this state","baseline:county-administers-unincorporated-building","mn-faribault-faribault-county"
"county:27045","Fillmore County","27","county","27045","","","delegation policy names 'county' for building permits in this state","baseline:county-administers-unincorporated-building","mn-fillmore-fillmore-county"
"county:27047","Freeborn County","27","county","27047","","","delegation policy names 'county' for building permits in this state","baseline:county-administers-unincorporated-building","mn-freeborn-freeborn-county"
"county:27049","Goodhue County","27","county","27049","","","delegation policy names 'county' for building permits in this state","baseline:county-administers-unincorporated-building","mn-goodhue-goodhue-county"
"county:27051","Grant County","27","county","27051","","","delegation policy names 'county' for building permits in this state","baseline:county-administers-unincorporated-building","mn-grant-grant-county"
"county:27053","Hennepin County","27","county","27053","","","delegation policy names 'county' for building permits in this state","baseline:county-administers-unincorporated-building","mn-hennepin-hennepin-county"
"county:27055","Houston County","27","county","27055","","","delegation policy names 'county' for building permits in this state","baseline:county-administers-unincorporated-building","mn-houston-houston-county"
"county:27057","Hubbard County","27","county","27057","","","delegation policy names 'county' for building permits in this state","baseline:county-administers-unincorporated-building","mn-hubbard-hubbard-county"
"county:27059","Isanti County","27","county","27059","","","delegation policy names 'county' for building permits in this state","baseline:county-administers-unincorporated-building","mn-isanti-isanti-county"
"county:27061","Itasca County","27","county","27061","","","delegation policy names 'county' for building permits in this state","baseline:county-administers-unincorporated-building","mn-itasca-itasca-county"
"county:27063","Jackson County","27","county","27063","","","delegation policy names 'county' for building permits in this state","baseline:county-administers-unincorporated-building","mn-jackson-jackson-county"
"county:27065","Kanabec County","27","county","27065","","","delegation policy names 'county' for building permits in this state","baseline:county-administers-unincorporated-building","mn-kanabec-kanabec-county"
"county:27067","Kandiyohi County","27","county","27067","","","delegation policy names 'county' for building permits in this state","baseline:county-administers-unincorporated-building","mn-kandiyohi-kandiyohi-county"
"county:27069","Kittson County","27","county","27069","","","delegation policy names 'county' for building permits in this state","baseline:county-administers-unincorporated-building","mn-kittson-kittson-county"
"county:27071","Koochiching County","27","county","27071","","","delegation policy names 'county' for building permits in this state","baseline:county-administers-unincorporated-building","mn-koochiching-koochiching-county"
"county:27073","Lac qui Parle County","27","county","27073","","","delegation policy names 'county' for building permits in this state","baseline:county-administers-unincorporated-building","mn-lac-qui-parle-lac-qui-parle-county"
"county:27075","Lake County","27","county","27075","","","delegation policy names 'county' for building permits in this state","baseline:county-administers-unincorporated-building","mn-lake-lake-county"
"county:27077","Lake of the Woods County","27","county","27077","","","delegation policy names 'county' for building permits in this state","baseline:county-administers-unincorporated-building","mn-lake-of-the-woods-lake-of-the-woods-county"
"county:27079","Le Sueur County","27","county","27079","","","delegation policy names 'county' for building permits in this state","baseline:county-administers-unincorporated-building","mn-le-sueur-le-sueur-county"
"county:27081","Lincoln County","27","county","27081","","","delegation policy names 'county' for building permits in this state","baseline:county-administers-unincorporated-building","mn-lincoln-lincoln-county"
"county:27083","Lyon County","27","county","27083","","","delegation policy names 'county' for building permits in this state","baseline:county-administers-unincorporated-building","mn-lyon-lyon-county"
"county:27085","McLeod County","27","county","27085","","","delegation policy names 'county' for building permits in this state","baseline:county-administers-unincorporated-building","mn-mcleod-mcleod-county"
"county:27087","Mahnomen County","27","county","27087","","","delegation policy names 'county' for building permits in this state","baseline:county-administers-unincorporated-building","mn-mahnomen-mahnomen-county"
"county:27089","Marshall County","27","county","27089","","","delegation policy names 'county' for building permits in this state","baseline:county-administers-unincorporated-building","mn-marshall-marshall-county"
"county:27091","Martin County","27","county","27091","","","delegation policy names 'county' for building permits in this state","baseline:county-administers-unincorporated-building","mn-martin-martin-county"
"county:27093","Meeker County","27","county","27093","","","delegation policy names 'county' for building permits in this state","baseline:county-administers-unincorporated-building","mn-meeker-meeker-county"
"county:27095","Mille Lacs County","27","county","27095","","","delegation policy names 'county' for building permits in this state","baseline:county-administers-unincorporated-building","mn-mille-lacs-mille-lacs-county"
"county:27097","Morrison County","27","county","27097","","","delegation policy names 'county' for building permits in this state","baseline:county-administers-unincorporated-building","mn-morrison-morrison-county"
"county:27099","Mower County","27","county","27099","","","delegation policy names 'county' for building permits in this state","baseline:county-administers-unincorporated-building","mn-mower-mower-county"
"county:27101","Murray County","27","county","27101","","","delegation policy names 'county' for building permits in this state","baseline:county-administers-unincorporated-building","mn-murray-murray-county"
"county:27103","Nicollet County","27","county","27103","","","delegation policy names 'county' for building permits in this state","baseline:county-administers-unincorporated-building","mn-nicollet-nicollet-county"
"county:27105","Nobles County","27","county","27105","","","delegation policy names 'county' for building permits in this state","baseline:county-administers-unincorporated-building","mn-nobles-nobles-county"
"county:27107","Norman County","27","county","27107","","","delegation policy names 'county' for building permits in this state","baseline:county-administers-unincorporated-building","mn-norman-norman-county"
"county:27109","Olmsted County","27","county","27109","","","delegation policy names 'county' for building permits in this state","baseline:county-administers-unincorporated-building","mn-olmsted-olmsted-county"
"county:27111","Otter Tail County","27","county","27111","","","delegation policy names 'county' for building permits in this state","baseline:county-administers-unincorporated-building","mn-otter-tail-otter-tail-county"
"county:27113","Pennington County","27","county","27113","","","delegation policy names 'county' for building permits in this state","baseline:county-administers-unincorporated-building","mn-pennington-pennington-county"
"county:27115","Pine County","27","county","27115","","","delegation policy names 'county' for building permits in this state","baseline:county-administers-unincorporated-building","mn-pine-pine-county"
"county:27117","Pipestone County","27","county","27117","","","delegation policy names 'county' for building permits in this state","baseline:county-administers-unincorporated-building","mn-pipestone-pipestone-county"
"county:27119","Polk County","27","county","27119","","","delegation policy names 'county' for building permits in this state","baseline:county-administers-unincorporated-building","mn-polk-polk-county"
"county:27121","Pope County","27","county","27121","","","delegation policy names 'county' for building permits in this state","baseline:county-administers-unincorporated-building","mn-pope-pope-county"
"county:27123","Ramsey County","27","county","27123","","","delegation policy names 'county' for building permits in this state","baseline:county-administers-unincorporated-building","mn-ramsey-ramsey-county"
"county:27125","Red Lake County","27","county","27125","","","delegation policy names 'county' for building permits in this state","baseline:county-administers-unincorporated-building","mn-red-lake-red-lake-county"
"county:27127","Redwood County","27","county","27127","","","delegation policy names 'county' for building permits in this state","baseline:county-administers-unincorporated-building","mn-redwood-redwood-county"
"county:27129","Renville County","27","county","27129","","","delegation policy names 'county' for building permits in this state","baseline:county-administers-unincorporated-building","mn-renville-renville-county"
"county:27131","Rice County","27","county","27131","","","delegation policy names 'county' for building permits in this state","baseline:county-administers-unincorporated-building","mn-rice-rice-county"
"county:27133","Rock County","27","county","27133","","","delegation policy names 'county' for building permits in this state","baseline:county-administers-unincorporated-building","mn-rock-rock-county"
"county:27135","Roseau County","27","county","27135","","","delegation policy names 'county' for building permits in this state","baseline:county-administers-unincorporated-building","mn-roseau-roseau-county"
"county:27137","St. Louis County","27","county","27137","","","delegation policy names 'county' for building permits in this state","baseline:county-administers-unincorporated-building","mn-st-louis-st-louis-county"
"county:27139","Scott County","27","county","27139","","","delegation policy names 'county' for building permits in this state","baseline:county-administers-unincorporated-building","mn-scott-scott-county"
"county:27141","Sherburne County","27","county","27141","","","delegation policy names 'county' for building permits in this state","baseline:county-administers-unincorporated-building","mn-sherburne-sherburne-county"
"county:27143","Sibley County","27","county","27143","","","delegation policy names 'county' for building permits in this state","baseline:county-administers-unincorporated-building","mn-sibley-sibley-county"
"county:27145","Stearns County","27","county","27145","","","delegation policy names 'county' for building permits in this state","baseline:county-administers-unincorporated-building","mn-stearns-stearns-county"
"county:27147","Steele County","27","county","27147","","","delegation policy names 'county' for building permits in this state","baseline:county-administers-unincorporated-building","mn-steele-steele-county"
"county:27149","Stevens County","27","county","27149","","","delegation policy names 'county' for building permits in this state","baseline:county-administers-unincorporated-building","mn-stevens-stevens-county"
"county:27151","Swift County","27","county","27151","","","delegation policy names 'county' for building permits in this state","baseline:county-administers-unincorporated-building","mn-swift-swift-county"
"county:27153","Todd County","27","county","27153","","","delegation policy names 'county' for building permits in this state","baseline:county-administers-unincorporated-building","mn-todd-todd-county"
"county:27155","Traverse County","27","county","27155","","","delegation policy names 'county' for building permits in this state","baseline:county-administers-unincorporated-building","mn-traverse-traverse-county"
"county:27157","Wabasha County","27","county","27157","","","delegation policy names 'county' for building permits in this state","baseline:county-administers-unincorporated-building","mn-wabasha-wabasha-county"
"county:27159","Wadena County","27","county","27159","","","delegation policy names 'county' for building permits in this state","baseline:county-administers-unincorporated-building","mn-wadena-wadena-county"
"county:27161","Waseca County","27","county","27161","","","delegation policy names 'county' for building permits in this state","baseline:county-administers-unincorporated-building","mn-waseca-waseca-county"
"county:27163","Washington County","27","county","27163","","","delegation policy names 'county' for building permits in this state","baseline:county-administers-unincorporated-building","mn-washington-washington-county"
"county:27165","Watonwan County","27","county","27165","","","delegation policy names 'county' for building permits in this state","baseline:county-administers-unincorporated-building","mn-watonwan-watonwan-county"
"county:27167","Wilkin County","27","county","27167","","","delegation policy names 'county' for building permits in this state","baseline:county-administers-unincorporated-building","mn-wilkin-wilkin-county"
"county:27169","Winona County","27","county","27169","","","delegation policy names 'county' for building permits in this state","baseline:county-administers-unincorporated-building","mn-winona-winona-county"
"county:27171","Wright County","27","county","27171","","","delegation policy names 'county' for building permits in this state","baseline:county-administers-unincorporated-building","mn-wright-wright-county"
"county:27173","Yellow Medicine County","27","county","27173","","","delegation policy names 'county' for building permits in this state","baseline:county-administers-unincorporated-building","mn-yellow-medicine-yellow-medicine-county"
"county:28001","Adams County","28","county","28001","","","delegation policy names 'county' for building permits in this state","baseline:county-administers-unincorporated-building","ms-adams-adams-county"
"county:28003","Alcorn County","28","county","28003","","","delegation policy names 'county' for building permits in this state","baseline:county-administers-unincorporated-building","ms-alcorn-alcorn-county"
"county:28005","Amite County","28","county","28005","","","delegation policy names 'county' for building permits in this state","baseline:county-administers-unincorporated-building","ms-amite-amite-county"
"county:28007","Attala County","28","county","28007","","","delegation policy names 'county' for building permits in this state","baseline:county-administers-unincorporated-building","ms-attala-attala-county"
"county:28009","Benton County","28","county","28009","","","delegation policy names 'county' for building permits in this state","baseline:county-administers-unincorporated-building","ms-benton-benton-county"
"county:28011","Bolivar County","28","county","28011","","","delegation policy names 'county' for building permits in this state","baseline:county-administers-unincorporated-building","ms-bolivar-bolivar-county"
"county:28013","Calhoun County","28","county","28013","","","delegation policy names 'county' for building permits in this state","baseline:county-administers-unincorporated-building","ms-calhoun-calhoun-county"
"county:28015","Carroll County","28","county","28015","","","delegation policy names 'county' for building permits in this state","baseline:county-administers-unincorporated-building","ms-carroll-carroll-county"
"county:28017","Chickasaw County","28","county","28017","","","delegation policy names 'county' for building permits in this state","baseline:county-administers-unincorporated-building","ms-chickasaw-chickasaw-county"
"county:28019","Choctaw County","28","county","28019","","","delegation policy names 'county' for building permits in this state","baseline:county-administers-unincorporated-building","ms-choctaw-choctaw-county"
"county:28021","Claiborne County","28","county","28021","","","delegation policy names 'county' for building permits in this state","baseline:county-administers-unincorporated-building","ms-claiborne-claiborne-county"
"county:28023","Clarke County","28","county","28023","","","delegation policy names 'county' for building permits in this state","baseline:county-administers-unincorporated-building","ms-clarke-clarke-county"
"county:28025","Clay County","28","county","28025","","","delegation policy names 'county' for building permits in this state","baseline:county-administers-unincorporated-building","ms-clay-clay-county"
"county:28027","Coahoma County","28","county","28027","","","delegation policy names 'county' for building permits in this state","baseline:county-administers-unincorporated-building","ms-coahoma-coahoma-county"
"county:28029","Copiah County","28","county","28029","","","delegation policy names 'county' for building permits in this state","baseline:county-administers-unincorporated-building","ms-copiah-copiah-county"
"county:28031","Covington County","28","county","28031","","","delegation policy names 'county' for building permits in this state","baseline:county-administers-unincorporated-building","ms-covington-covington-county"
"county:28033","DeSoto County","28","county","28033","","","delegation policy names 'county' for building permits in this state","baseline:county-administers-unincorporated-building","ms-desoto-desoto-county"
"county:28035","Forrest County","28","county","28035","","","delegation policy names 'county' for building permits in this state","baseline:county-administers-unincorporated-building","ms-forrest-forrest-county"
"county:28037","Franklin County","28","county","28037","","","delegation policy names 'county' for building permits in this state","baseline:county-administers-unincorporated-building","ms-franklin-franklin-county"
"county:28039","George County","28","county","28039","","","delegation policy names 'county' for building permits in this state","baseline:county-administers-unincorporated-building","ms-george-george-county"
"county:28041","Greene County","28","county","28041","","","delegation policy names 'county' for building permits in this state","baseline:county-administers-unincorporated-building","ms-greene-greene-county"
"county:28043","Grenada County","28","county","28043","","","delegation policy names 'county' for building permits in this state","baseline:county-administers-unincorporated-building","ms-grenada-grenada-county"
"county:28045","Hancock County","28","county","28045","","","delegation policy names 'county' for building permits in this state","baseline:county-administers-unincorporated-building","ms-hancock-hancock-county"
"county:28047","Harrison County","28","county","28047","","","delegation policy names 'county' for building permits in this state","baseline:county-administers-unincorporated-building","ms-harrison-harrison-county"
"county:28049","Hinds County","28","county","28049","","","delegation policy names 'county' for building permits in this state","baseline:county-administers-unincorporated-building","ms-hinds-hinds-county"
"county:28051","Holmes County","28","county","28051","","","delegation policy names 'county' for building permits in this state","baseline:county-administers-unincorporated-building","ms-holmes-holmes-county"
"county:28053","Humphreys County","28","county","28053","","","delegation policy names 'county' for building permits in this state","baseline:county-administers-unincorporated-building","ms-humphreys-humphreys-county"
"county:28055","Issaquena County","28","county","28055","","","delegation policy names 'county' for building permits in this state","baseline:county-administers-unincorporated-building","ms-issaquena-issaquena-county"
"county:28057","Itawamba County","28","county","28057","","","delegation policy names 'county' for building permits in this state","baseline:county-administers-unincorporated-building","ms-itawamba-itawamba-county"
"county:28059","Jackson County","28","county","28059","","","delegation policy names 'county' for building permits in this state","baseline:county-administers-unincorporated-building","ms-jackson-jackson-county"
"county:28061","Jasper County","28","county","28061","","","delegation policy names 'county' for building permits in this state","baseline:county-administers-unincorporated-building","ms-jasper-jasper-county"
"county:28063","Jefferson County","28","county","28063","","","delegation policy names 'county' for building permits in this state","baseline:county-administers-unincorporated-building","ms-jefferson-jefferson-county"
"county:28065","Jefferson Davis County","28","county","28065","","","delegation policy names 'county' for building permits in this state","baseline:county-administers-unincorporated-building","ms-jefferson-davis-jefferson-davis-county"
"county:28067","Jones County","28","county","28067","","","delegation policy names 'county' for building permits in this state","baseline:county-administers-unincorporated-building","ms-jones-jones-county"
"county:28069","Kemper County","28","county","28069","","","delegation policy names 'county' for building permits in this state","baseline:county-administers-unincorporated-building","ms-kemper-kemper-county"
"county:28071","Lafayette County","28","county","28071","","","delegation policy names 'county' for building permits in this state","baseline:county-administers-unincorporated-building","ms-lafayette-lafayette-county"
"county:28073","Lamar County","28","county","28073","","","delegation policy names 'county' for building permits in this state","baseline:county-administers-unincorporated-building","ms-lamar-lamar-county"
"county:28075","Lauderdale County","28","county","28075","","","delegation policy names 'county' for building permits in this state","baseline:county-administers-unincorporated-building","ms-lauderdale-lauderdale-county"
"county:28077","Lawrence County","28","county","28077","","","delegation policy names 'county' for building permits in this state","baseline:county-administers-unincorporated-building","ms-lawrence-lawrence-county"
"county:28079","Leake County","28","county","28079","","","delegation policy names 'county' for building permits in this state","baseline:county-administers-unincorporated-building","ms-leake-leake-county"
"county:28081","Lee County","28","county","28081","","","delegation policy names 'county' for building permits in this state","baseline:county-administers-unincorporated-building","ms-lee-lee-county"
"county:28083","Leflore County","28","county","28083","","","delegation policy names 'county' for building permits in this state","baseline:county-administers-unincorporated-building","ms-leflore-leflore-county"
"county:28085","Lincoln County","28","county","28085","","","delegation policy names 'county' for building permits in this state","baseline:county-administers-unincorporated-building","ms-lincoln-lincoln-county"
"county:28087","Lowndes County","28","county","28087","","","delegation policy names 'county' for building permits in this state","baseline:county-administers-unincorporated-building","ms-lowndes-lowndes-county"
"county:28089","Madison County","28","county","28089","","","delegation policy names 'county' for building permits in this state","baseline:county-administers-unincorporated-building","ms-madison-madison-county"
"county:28091","Marion County","28","county","28091","","","delegation policy names 'county' for building permits in this state","baseline:county-administers-unincorporated-building","ms-marion-marion-county"
"county:28093","Marshall County","28","county","28093","","","delegation policy names 'county' for building permits in this state","baseline:county-administers-unincorporated-building","ms-marshall-marshall-county"
"county:28095","Monroe County","28","county","28095","","","delegation policy names 'county' for building permits in this state","baseline:county-administers-unincorporated-building","ms-monroe-monroe-county"
"county:28097","Montgomery County","28","county","28097","","","delegation policy names 'county' for building permits in this state","baseline:county-administers-unincorporated-building","ms-montgomery-montgomery-county"
"county:28099","Neshoba County","28","county","28099","","","delegation policy names 'county' for building permits in this state","baseline:county-administers-unincorporated-building","ms-neshoba-neshoba-county"
"county:28101","Newton County","28","county","28101","","","delegation policy names 'county' for building permits in this state","baseline:county-administers-unincorporated-building","ms-newton-newton-county"
"county:28103","Noxubee County","28","county","28103","","","delegation policy names 'county' for building permits in this state","baseline:county-administers-unincorporated-building","ms-noxubee-noxubee-county"
"county:28105","Oktibbeha County","28","county","28105","","","delegation policy names 'county' for building permits in this state","baseline:county-administers-unincorporated-building","ms-oktibbeha-oktibbeha-county"
"county:28107","Panola County","28","county","28107","","","delegation policy names 'county' for building permits in this state","baseline:county-administers-unincorporated-building","ms-panola-panola-county"
"county:28109","Pearl River County","28","county","28109","","","delegation policy names 'county' for building permits in this state","baseline:county-administers-unincorporated-building","ms-pearl-river-pearl-river-county"
"county:28111","Perry County","28","county","28111","","","delegation policy names 'county' for building permits in this state","baseline:county-administers-unincorporated-building","ms-perry-perry-county"
"county:28113","Pike County","28","county","28113","","","delegation policy names 'county' for building permits in this state","baseline:county-administers-unincorporated-building","ms-pike-pike-county"
"county:28115","Pontotoc County","28","county","28115","","","delegation policy names 'county' for building permits in this state","baseline:county-administers-unincorporated-building","ms-pontotoc-pontotoc-county"
"county:28117","Prentiss County","28","county","28117","","","delegation policy names 'county' for building permits in this state","baseline:county-administers-unincorporated-building","ms-prentiss-prentiss-county"
"county:28119","Quitman County","28","county","28119","","","delegation policy names 'county' for building permits in this state","baseline:county-administers-unincorporated-building","ms-quitman-quitman-county"
"county:28121","Rankin County","28","county","28121","","","delegation policy names 'county' for building permits in this state","baseline:county-administers-unincorporated-building","ms-rankin-rankin-county"
"county:28123","Scott County","28","county","28123","","","delegation policy names 'county' for building permits in this state","baseline:county-administers-unincorporated-building","ms-scott-scott-county"
"county:28125","Sharkey County","28","county","28125","","","delegation policy names 'county' for building permits in this state","baseline:county-administers-unincorporated-building","ms-sharkey-sharkey-county"
"county:28127","Simpson County","28","county","28127","","","delegation policy names 'county' for building permits in this state","baseline:county-administers-unincorporated-building","ms-simpson-simpson-county"
"county:28129","Smith County","28","county","28129","","","delegation policy names 'county' for building permits in this state","baseline:county-administers-unincorporated-building","ms-smith-smith-county"
"county:28131","Stone County","28","county","28131","","","delegation policy names 'county' for building permits in this state","baseline:county-administers-unincorporated-building","ms-stone-stone-county"
"county:28133","Sunflower County","28","county","28133","","","delegation policy names 'county' for building permits in this state","baseline:county-administers-unincorporated-building","ms-sunflower-sunflower-county"
"county:28135","Tallahatchie County","28","county","28135","","","delegation policy names 'county' for building permits in this state","baseline:county-administers-unincorporated-building","ms-tallahatchie-tallahatchie-county"
"county:28137","Tate County","28","county","28137","","","delegation policy names 'county' for building permits in this state","baseline:county-administers-unincorporated-building","ms-tate-tate-county"
"county:28139","Tippah County","28","county","28139","","","delegation policy names 'county' for building permits in this state","baseline:county-administers-unincorporated-building","ms-tippah-tippah-county"
"county:28141","Tishomingo County","28","county","28141","","","delegation policy names 'county' for building permits in this state","baseline:county-administers-unincorporated-building","ms-tishomingo-tishomingo-county"
"county:28143","Tunica County","28","county","28143","","","delegation policy names 'county' for building permits in this state","baseline:county-administers-unincorporated-building","ms-tunica-tunica-county"
"county:28145","Union County","28","county","28145","","","delegation policy names 'county' for building permits in this state","baseline:county-administers-unincorporated-building","ms-union-union-county"
"county:28147","Walthall County","28","county","28147","","","delegation policy names 'county' for building permits in this state","baseline:county-administers-unincorporated-building","ms-walthall-walthall-county"
"county:28149","Warren County","28","county","28149","","","delegation policy names 'county' for building permits in this state","baseline:county-administers-unincorporated-building","ms-warren-warren-county"
"county:28151","Washington County","28","county","28151","","","delegation policy names 'county' for building permits in this state","baseline:county-administers-unincorporated-building","ms-washington-washington-county"
"county:28153","Wayne County","28","county","28153","","","delegation policy names 'county' for building permits in this state","baseline:county-administers-unincorporated-building","ms-wayne-wayne-county"
"county:28155","Webster County","28","county","28155","","","delegation policy names 'county' for building permits in this state","baseline:county-administers-unincorporated-building","ms-webster-webster-county"
"county:28157","Wilkinson County","28","county","28157","","","delegation policy names 'county' for building permits in this state","baseline:county-administers-unincorporated-building","ms-wilkinson-wilkinson-county"
"county:28159","Winston County","28","county","28159","","","delegation policy names 'county' for building permits in this state","baseline:county-administers-unincorporated-building","ms-winston-winston-county"
"county:28161","Yalobusha County","28","county","28161","","","delegation policy names 'county' for building permits in this state","baseline:county-administers-unincorporated-building","ms-yalobusha-yalobusha-county"
"county:28163","Yazoo County","28","county","28163","","","delegation policy names 'county' for building permits in this state","baseline:county-administers-unincorporated-building","ms-yazoo-yazoo-county"
"county:29001","Adair County","29","county","29001","","","delegation policy names 'county' for building permits in this state","baseline:county-administers-unincorporated-building","mo-adair-adair-county"
"county:29003","Andrew County","29","county","29003","","","delegation policy names 'county' for building permits in this state","baseline:county-administers-unincorporated-building","mo-andrew-andrew-county"
"county:29005","Atchison County","29","county","29005","","","delegation policy names 'county' for building permits in this state","baseline:county-administers-unincorporated-building","mo-atchison-atchison-county"
"county:29007","Audrain County","29","county","29007","","","delegation policy names 'county' for building permits in this state","baseline:county-administers-unincorporated-building","mo-audrain-audrain-county"
"county:29009","Barry County","29","county","29009","","","delegation policy names 'county' for building permits in this state","baseline:county-administers-unincorporated-building","mo-barry-barry-county"
"county:29011","Barton County","29","county","29011","","","delegation policy names 'county' for building permits in this state","baseline:county-administers-unincorporated-building","mo-barton-barton-county"
"county:29013","Bates County","29","county","29013","","","delegation policy names 'county' for building permits in this state","baseline:county-administers-unincorporated-building","mo-bates-bates-county"
"county:29015","Benton County","29","county","29015","","","delegation policy names 'county' for building permits in this state","baseline:county-administers-unincorporated-building","mo-benton-benton-county"
"county:29017","Bollinger County","29","county","29017","","","delegation policy names 'county' for building permits in this state","baseline:county-administers-unincorporated-building","mo-bollinger-bollinger-county"
"county:29019","Boone County","29","county","29019","","","delegation policy names 'county' for building permits in this state","baseline:county-administers-unincorporated-building","mo-boone-boone-county"
"county:29021","Buchanan County","29","county","29021","","","delegation policy names 'county' for building permits in this state","baseline:county-administers-unincorporated-building","mo-buchanan-buchanan-county"
"county:29023","Butler County","29","county","29023","","","delegation policy names 'county' for building permits in this state","baseline:county-administers-unincorporated-building","mo-butler-butler-county"
"county:29025","Caldwell County","29","county","29025","","","delegation policy names 'county' for building permits in this state","baseline:county-administers-unincorporated-building","mo-caldwell-caldwell-county"
"county:29027","Callaway County","29","county","29027","","","delegation policy names 'county' for building permits in this state","baseline:county-administers-unincorporated-building","mo-callaway-callaway-county"
"county:29029","Camden County","29","county","29029","","","delegation policy names 'county' for building permits in this state","baseline:county-administers-unincorporated-building","mo-camden-camden-county"
"county:29031","Cape Girardeau County","29","county","29031","","","delegation policy names 'county' for building permits in this state","baseline:county-administers-unincorporated-building","mo-cape-girardeau-cape-girardeau-county"
"county:29033","Carroll County","29","county","29033","","","delegation policy names 'county' for building permits in this state","baseline:county-administers-unincorporated-building","mo-carroll-carroll-county"
"county:29035","Carter County","29","county","29035","","","delegation policy names 'county' for building permits in this state","baseline:county-administers-unincorporated-building","mo-carter-carter-county"
"county:29037","Cass County","29","county","29037","","","delegation policy names 'county' for building permits in this state","baseline:county-administers-unincorporated-building","mo-cass-cass-county"
"county:29039","Cedar County","29","county","29039","","","delegation policy names 'county' for building permits in this state","baseline:county-administers-unincorporated-building","mo-cedar-cedar-county"
"county:29041","Chariton County","29","county","29041","","","delegation policy names 'county' for building permits in this state","baseline:county-administers-unincorporated-building","mo-chariton-chariton-county"
"county:29043","Christian County","29","county","29043","","","delegation policy names 'county' for building permits in this state","baseline:county-administers-unincorporated-building","mo-christian-christian-county"
"county:29045","Clark County","29","county","29045","","","delegation policy names 'county' for building permits in this state","baseline:county-administers-unincorporated-building","mo-clark-clark-county"
"county:29047","Clay County","29","county","29047","","","delegation policy names 'county' for building permits in this state","baseline:county-administers-unincorporated-building","mo-clay-clay-county"
"county:29049","Clinton County","29","county","29049","","","delegation policy names 'county' for building permits in this state","baseline:county-administers-unincorporated-building","mo-clinton-clinton-county"
"county:29051","Cole County","29","county","29051","","","delegation policy names 'county' for building permits in this state","baseline:county-administers-unincorporated-building","mo-cole-cole-county"
"county:29053","Cooper County","29","county","29053","","","delegation policy names 'county' for building permits in this state","baseline:county-administers-unincorporated-building","mo-cooper-cooper-county"
"county:29055","Crawford County","29","county","29055","","","delegation policy names 'county' for building permits in this state","baseline:county-administers-unincorporated-building","mo-crawford-crawford-county"
"county:29057","Dade County","29","county","29057","","","delegation policy names 'county' for building permits in this state","baseline:county-administers-unincorporated-building","mo-dade-dade-county"
"county:29059","Dallas County","29","county","29059","","","delegation policy names 'county' for building permits in this state","baseline:county-administers-unincorporated-building","mo-dallas-dallas-county"
"county:29061","Daviess County","29","county","29061","","","delegation policy names 'county' for building permits in this state","baseline:county-administers-unincorporated-building","mo-daviess-daviess-county"
"county:29063","DeKalb County","29","county","29063","","","delegation policy names 'county' for building permits in this state","baseline:county-administers-unincorporated-building","mo-dekalb-dekalb-county"
"county:29065","Dent County","29","county","29065","","","delegation policy names 'county' for building permits in this state","baseline:county-administers-unincorporated-building","mo-dent-dent-county"
"county:29067","Douglas County","29","county","29067","","","delegation policy names 'county' for building permits in this state","baseline:county-administers-unincorporated-building","mo-douglas-douglas-county"
"county:29069","Dunklin County","29","county","29069","","","delegation policy names 'county' for building permits in this state","baseline:county-administers-unincorporated-building","mo-dunklin-dunklin-county"
"county:29071","Franklin County","29","county","29071","","","delegation policy names 'county' for building permits in this state","baseline:county-administers-unincorporated-building","mo-franklin-franklin-county"
"county:29073","Gasconade County","29","county","29073","","","delegation policy names 'county' for building permits in this state","baseline:county-administers-unincorporated-building","mo-gasconade-gasconade-county"
"county:29075","Gentry County","29","county","29075","","","delegation policy names 'county' for building permits in this state","baseline:county-administers-unincorporated-building","mo-gentry-gentry-county"
"county:29077","Greene County","29","county","29077","","","delegation policy names 'county' for building permits in this state","baseline:county-administers-unincorporated-building","mo-greene-greene-county"
"county:29079","Grundy County","29","county","29079","","","delegation policy names 'county' for building permits in this state","baseline:county-administers-unincorporated-building","mo-grundy-grundy-county"
"county:29081","Harrison County","29","county","29081","","","delegation policy names 'county' for building permits in this state","baseline:county-administers-unincorporated-building","mo-harrison-harrison-county"
"county:29083","Henry County","29","county","29083","","","delegation policy names 'county' for building permits in this state","baseline:county-administers-unincorporated-building","mo-henry-henry-county"
"county:29085","Hickory County","29","county","29085","","","delegation policy names 'county' for building permits in this state","baseline:county-administers-unincorporated-building","mo-hickory-hickory-county"
"county:29087","Holt County","29","county","29087","","","delegation policy names 'county' for building permits in this state","baseline:county-administers-unincorporated-building","mo-holt-holt-county"
"county:29089","Howard County","29","county","29089","","","delegation policy names 'county' for building permits in this state","baseline:county-administers-unincorporated-building","mo-howard-howard-county"
"county:29091","Howell County","29","county","29091","","","delegation policy names 'county' for building permits in this state","baseline:county-administers-unincorporated-building","mo-howell-howell-county"
"county:29093","Iron County","29","county","29093","","","delegation policy names 'county' for building permits in this state","baseline:county-administers-unincorporated-building","mo-iron-iron-county"
"county:29095","Jackson County","29","county","29095","","","delegation policy names 'county' for building permits in this state","baseline:county-administers-unincorporated-building","mo-jackson-jackson-county"
"county:29097","Jasper County","29","county","29097","","","delegation policy names 'county' for building permits in this state","baseline:county-administers-unincorporated-building","mo-jasper-jasper-county"
"county:29099","Jefferson County","29","county","29099","","","delegation policy names 'county' for building permits in this state","baseline:county-administers-unincorporated-building","mo-jefferson-jefferson-county"
"county:29101","Johnson County","29","county","29101","","","delegation policy names 'county' for building permits in this state","baseline:county-administers-unincorporated-building","mo-johnson-johnson-county"
"county:29103","Knox County","29","county","29103","","","delegation policy names 'county' for building permits in this state","baseline:county-administers-unincorporated-building","mo-knox-knox-county"
"county:29105","Laclede County","29","county","29105","","","delegation policy names 'county' for building permits in this state","baseline:county-administers-unincorporated-building","mo-laclede-laclede-county"
"county:29107","Lafayette County","29","county","29107","","","delegation policy names 'county' for building permits in this state","baseline:county-administers-unincorporated-building","mo-lafayette-lafayette-county"
"county:29109","Lawrence County","29","county","29109","","","delegation policy names 'county' for building permits in this state","baseline:county-administers-unincorporated-building","mo-lawrence-lawrence-county"
"county:29111","Lewis County","29","county","29111","","","delegation policy names 'county' for building permits in this state","baseline:county-administers-unincorporated-building","mo-lewis-lewis-county"
"county:29113","Lincoln County","29","county","29113","","","delegation policy names 'county' for building permits in this state","baseline:county-administers-unincorporated-building","mo-lincoln-lincoln-county"
"county:29115","Linn County","29","county","29115","","","delegation policy names 'county' for building permits in this state","baseline:county-administers-unincorporated-building","mo-linn-linn-county"
"county:29117","Livingston County","29","county","29117","","","delegation policy names 'county' for building permits in this state","baseline:county-administers-unincorporated-building","mo-livingston-livingston-county"
"county:29119","McDonald County","29","county","29119","","","delegation policy names 'county' for building permits in this state","baseline:county-administers-unincorporated-building","mo-mcdonald-mcdonald-county"
"county:29121","Macon County","29","county","29121","","","delegation policy names 'county' for building permits in this state","baseline:county-administers-unincorporated-building","mo-macon-macon-county"
"county:29123","Madison County","29","county","29123","","","delegation policy names 'county' for building permits in this state","baseline:county-administers-unincorporated-building","mo-madison-madison-county"
"county:29125","Maries County","29","county","29125","","","delegation policy names 'county' for building permits in this state","baseline:county-administers-unincorporated-building","mo-maries-maries-county"
"county:29127","Marion County","29","county","29127","","","delegation policy names 'county' for building permits in this state","baseline:county-administers-unincorporated-building","mo-marion-marion-county"
"county:29129","Mercer County","29","county","29129","","","delegation policy names 'county' for building permits in this state","baseline:county-administers-unincorporated-building","mo-mercer-mercer-county"
"county:29131","Miller County","29","county","29131","","","delegation policy names 'county' for building permits in this state","baseline:county-administers-unincorporated-building","mo-miller-miller-county"
"county:29133","Mississippi County","29","county","29133","","","delegation policy names 'county' for building permits in this state","baseline:county-administers-unincorporated-building","mo-mississippi-mississippi-county"
"county:29135","Moniteau County","29","county","29135","","","delegation policy names 'county' for building permits in this state","baseline:county-administers-unincorporated-building","mo-moniteau-moniteau-county"
"county:29137","Monroe County","29","county","29137","","","delegation policy names 'county' for building permits in this state","baseline:county-administers-unincorporated-building","mo-monroe-monroe-county"
"county:29139","Montgomery County","29","county","29139","","","delegation policy names 'county' for building permits in this state","baseline:county-administers-unincorporated-building","mo-montgomery-montgomery-county"
"county:29141","Morgan County","29","county","29141","","","delegation policy names 'county' for building permits in this state","baseline:county-administers-unincorporated-building","mo-morgan-morgan-county"
"county:29143","New Madrid County","29","county","29143","","","delegation policy names 'county' for building permits in this state","baseline:county-administers-unincorporated-building","mo-new-madrid-new-madrid-county"
"county:29145","Newton County","29","county","29145","","","delegation policy names 'county' for building permits in this state","baseline:county-administers-unincorporated-building","mo-newton-newton-county"
"county:29147","Nodaway County","29","county","29147","","","delegation policy names 'county' for building permits in this state","baseline:county-administers-unincorporated-building","mo-nodaway-nodaway-county"
"county:29149","Oregon County","29","county","29149","","","delegation policy names 'county' for building permits in this state","baseline:county-administers-unincorporated-building","mo-oregon-oregon-county"
"county:29151","Osage County","29","county","29151","","","delegation policy names 'county' for building permits in this state","baseline:county-administers-unincorporated-building","mo-osage-osage-county"
"county:29153","Ozark County","29","county","29153","","","delegation policy names 'county' for building permits in this state","baseline:county-administers-unincorporated-building","mo-ozark-ozark-county"
"county:29155","Pemiscot County","29","county","29155","","","delegation policy names 'county' for building permits in this state","baseline:county-administers-unincorporated-building","mo-pemiscot-pemiscot-county"
"county:29157","Perry County","29","county","29157","","","delegation policy names 'county' for building permits in this state","baseline:county-administers-unincorporated-building","mo-perry-perry-county"
"county:29159","Pettis County","29","county","29159","","","delegation policy names 'county' for building permits in this state","baseline:county-administers-unincorporated-building","mo-pettis-pettis-county"
"county:29161","Phelps County","29","county","29161","","","delegation policy names 'county' for building permits in this state","baseline:county-administers-unincorporated-building","mo-phelps-phelps-county"
"county:29163","Pike County","29","county","29163","","","delegation policy names 'county' for building permits in this state","baseline:county-administers-unincorporated-building","mo-pike-pike-county"
"county:29165","Platte County","29","county","29165","","","delegation policy names 'county' for building permits in this state","baseline:county-administers-unincorporated-building","mo-platte-platte-county"
"county:29167","Polk County","29","county","29167","","","delegation policy names 'county' for building permits in this state","baseline:county-administers-unincorporated-building","mo-polk-polk-county"
"county:29169","Pulaski County","29","county","29169","","","delegation policy names 'county' for building permits in this state","baseline:county-administers-unincorporated-building","mo-pulaski-pulaski-county"
"county:29171","Putnam County","29","county","29171","","","delegation policy names 'county' for building permits in this state","baseline:county-administers-unincorporated-building","mo-putnam-putnam-county"
"county:29173","Ralls County","29","county","29173","","","delegation policy names 'county' for building permits in this state","baseline:county-administers-unincorporated-building","mo-ralls-ralls-county"
"county:29175","Randolph County","29","county","29175","","","delegation policy names 'county' for building permits in this state","baseline:county-administers-unincorporated-building","mo-randolph-randolph-county"
"county:29177","Ray County","29","county","29177","","","delegation policy names 'county' for building permits in this state","baseline:county-administers-unincorporated-building","mo-ray-ray-county"
"county:29179","Reynolds County","29","county","29179","","","delegation policy names 'county' for building permits in this state","baseline:county-administers-unincorporated-building","mo-reynolds-reynolds-county"
"county:29181","Ripley County","29","county","29181","","","delegation policy names 'county' for building permits in this state","baseline:county-administers-unincorporated-building","mo-ripley-ripley-county"
"county:29183","St. Charles County","29","county","29183","","","delegation policy names 'county' for building permits in this state","baseline:county-administers-unincorporated-building","mo-st-charles-st-charles-county"
"county:29185","St. Clair County","29","county","29185","","","delegation policy names 'county' for building permits in this state","baseline:county-administers-unincorporated-building","mo-st-clair-st-clair-county"
"county:29186","Ste. Genevieve County","29","county","29186","","","delegation policy names 'county' for building permits in this state","baseline:county-administers-unincorporated-building","mo-ste-genevieve-ste-genevieve-county"
"county:29187","St. Francois County","29","county","29187","","","delegation policy names 'county' for building permits in this state","baseline:county-administers-unincorporated-building","mo-st-francois-st-francois-county"
"county:29189","St. Louis County","29","county","29189","","","delegation policy names 'county' for building permits in this state","baseline:county-administers-unincorporated-building","mo-st-louis-st-louis-county"
"county:29195","Saline County","29","county","29195","","","delegation policy names 'county' for building permits in this state","baseline:county-administers-unincorporated-building","mo-saline-saline-county"
"county:29197","Schuyler County","29","county","29197","","","delegation policy names 'county' for building permits in this state","baseline:county-administers-unincorporated-building","mo-schuyler-schuyler-county"
"county:29199","Scotland County","29","county","29199","","","delegation policy names 'county' for building permits in this state","baseline:county-administers-unincorporated-building","mo-scotland-scotland-county"
"county:29201","Scott County","29","county","29201","","","delegation policy names 'county' for building permits in this state","baseline:county-administers-unincorporated-building","mo-scott-scott-county"
"county:29203","Shannon County","29","county","29203","","","delegation policy names 'county' for building permits in this state","baseline:county-administers-unincorporated-building","mo-shannon-shannon-county"
"county:29205","Shelby County","29","county","29205","","","delegation policy names 'county' for building permits in this state","baseline:county-administers-unincorporated-building","mo-shelby-shelby-county"
"county:29207","Stoddard County","29","county","29207","","","delegation policy names 'county' for building permits in this state","baseline:county-administers-unincorporated-building","mo-stoddard-stoddard-county"
"county:29209","Stone County","29","county","29209","","","delegation policy names 'county' for building permits in this state","baseline:county-administers-unincorporated-building","mo-stone-stone-county"
"county:29211","Sullivan County","29","county","29211","","","delegation policy names 'county' for building permits in this state","baseline:county-administers-unincorporated-building","mo-sullivan-sullivan-county"
"county:29213","Taney County","29","county","29213","","","delegation policy names 'county' for building permits in this state","baseline:county-administers-unincorporated-building","mo-taney-taney-county"
"county:29215","Texas County","29","county","29215","","","delegation policy names 'county' for building permits in this state","baseline:county-administers-unincorporated-building","mo-texas-texas-county"
"county:29217","Vernon County","29","county","29217","","","delegation policy names 'county' for building permits in this state","baseline:county-administers-unincorporated-building","mo-vernon-vernon-county"
"county:29219","Warren County","29","county","29219","","","delegation policy names 'county' for building permits in this state","baseline:county-administers-unincorporated-building","mo-warren-warren-county"
"county:29221","Washington County","29","county","29221","","","delegation policy names 'county' for building permits in this state","baseline:county-administers-unincorporated-building","mo-washington-washington-county"
"county:29223","Wayne County","29","county","29223","","","delegation policy names 'county' for building permits in this state","baseline:county-administers-unincorporated-building","mo-wayne-wayne-county"
"county:29225","Webster County","29","county","29225","","","delegation policy names 'county' for building permits in this state","baseline:county-administers-unincorporated-building","mo-webster-webster-county"
"county:29227","Worth County","29","county","29227","","","delegation policy names 'county' for building permits in this state","baseline:county-administers-unincorporated-building","mo-worth-worth-county"
"county:29229","Wright County","29","county","29229","","","delegation policy names 'county' for building permits in this state","baseline:county-administers-unincorporated-building","mo-wright-wright-county"
"county:30001","Beaverhead County","30","county","30001","","","delegation policy names 'county' for building permits in this state","baseline:county-administers-unincorporated-building","mt-beaverhead-beaverhead-county"
"county:30003","Big Horn County","30","county","30003","","","delegation policy names 'county' for building permits in this state","baseline:county-administers-unincorporated-building","mt-big-horn-big-horn-county"
"county:30005","Blaine County","30","county","30005","","","delegation policy names 'county' for building permits in this state","baseline:county-administers-unincorporated-building","mt-blaine-blaine-county"
"county:30007","Broadwater County","30","county","30007","","","delegation policy names 'county' for building permits in this state","baseline:county-administers-unincorporated-building","mt-broadwater-broadwater-county"
"county:30009","Carbon County","30","county","30009","","","delegation policy names 'county' for building permits in this state","baseline:county-administers-unincorporated-building","mt-carbon-carbon-county"
"county:30011","Carter County","30","county","30011","","","delegation policy names 'county' for building permits in this state","baseline:county-administers-unincorporated-building","mt-carter-carter-county"
"county:30013","Cascade County","30","county","30013","","","delegation policy names 'county' for building permits in this state","baseline:county-administers-unincorporated-building","mt-cascade-cascade-county"
"county:30015","Chouteau County","30","county","30015","","","delegation policy names 'county' for building permits in this state","baseline:county-administers-unincorporated-building","mt-chouteau-chouteau-county"
"county:30017","Custer County","30","county","30017","","","delegation policy names 'county' for building permits in this state","baseline:county-administers-unincorporated-building","mt-custer-custer-county"
"county:30019","Daniels County","30","county","30019","","","delegation policy names 'county' for building permits in this state","baseline:county-administers-unincorporated-building","mt-daniels-daniels-county"
"county:30021","Dawson County","30","county","30021","","","delegation policy names 'county' for building permits in this state","baseline:county-administers-unincorporated-building","mt-dawson-dawson-county"
"county:30023","Deer Lodge County","30","consolidated-government","30023","","","delegation policy names 'consolidated-government' for building permits in this state","baseline:incorporated-place-administers-building","mt-deer-lodge-deer-lodge-county"
"county:30025","Fallon County","30","county","30025","","","delegation policy names 'county' for building permits in this state","baseline:county-administers-unincorporated-building","mt-fallon-fallon-county"
"county:30027","Fergus County","30","county","30027","","","delegation policy names 'county' for building permits in this state","baseline:county-administers-unincorporated-building","mt-fergus-fergus-county"
"county:30029","Flathead County","30","county","30029","","","delegation policy names 'county' for building permits in this state","baseline:county-administers-unincorporated-building","mt-flathead-flathead-county"
"county:30031","Gallatin County","30","county","30031","","","delegation policy names 'county' for building permits in this state","baseline:county-administers-unincorporated-building","mt-gallatin-gallatin-county"
"county:30033","Garfield County","30","county","30033","","","delegation policy names 'county' for building permits in this state","baseline:county-administers-unincorporated-building","mt-garfield-garfield-county"
"county:30035","Glacier County","30","county","30035","","","delegation policy names 'county' for building permits in this state","baseline:county-administers-unincorporated-building","mt-glacier-glacier-county"
"county:30037","Golden Valley County","30","county","30037","","","delegation policy names 'county' for building permits in this state","baseline:county-administers-unincorporated-building","mt-golden-valley-golden-valley-county"
"county:30039","Granite County","30","county","30039","","","delegation policy names 'county' for building permits in this state","baseline:county-administers-unincorporated-building","mt-granite-granite-county"
"county:30041","Hill County","30","county","30041","","","delegation policy names 'county' for building permits in this state","baseline:county-administers-unincorporated-building","mt-hill-hill-county"
"county:30043","Jefferson County","30","county","30043","","","delegation policy names 'county' for building permits in this state","baseline:county-administers-unincorporated-building","mt-jefferson-jefferson-county"
"county:30045","Judith Basin County","30","county","30045","","","delegation policy names 'county' for building permits in this state","baseline:county-administers-unincorporated-building","mt-judith-basin-judith-basin-county"
"county:30047","Lake County","30","county","30047","","","delegation policy names 'county' for building permits in this state","baseline:county-administers-unincorporated-building","mt-lake-lake-county"
"county:30049","Lewis and Clark County","30","county","30049","","","delegation policy names 'county' for building permits in this state","baseline:county-administers-unincorporated-building","mt-lewis-and-clark-lewis-and-clark-county"
"county:30051","Liberty County","30","county","30051","","","delegation policy names 'county' for building permits in this state","baseline:county-administers-unincorporated-building","mt-liberty-liberty-county"
"county:30053","Lincoln County","30","county","30053","","","delegation policy names 'county' for building permits in this state","baseline:county-administers-unincorporated-building","mt-lincoln-lincoln-county"
"county:30055","McCone County","30","county","30055","","","delegation policy names 'county' for building permits in this state","baseline:county-administers-unincorporated-building","mt-mccone-mccone-county"
"county:30057","Madison County","30","county","30057","","","delegation policy names 'county' for building permits in this state","baseline:county-administers-unincorporated-building","mt-madison-madison-county"
"county:30059","Meagher County","30","county","30059","","","delegation policy names 'county' for building permits in this state","baseline:county-administers-unincorporated-building","mt-meagher-meagher-county"
"county:30061","Mineral County","30","county","30061","","","delegation policy names 'county' for building permits in this state","baseline:county-administers-unincorporated-building","mt-mineral-mineral-county"
"county:30063","Missoula County","30","county","30063","","","delegation policy names 'county' for building permits in this state","baseline:county-administers-unincorporated-building","mt-missoula-missoula-county"
"county:30065","Musselshell County","30","county","30065","","","delegation policy names 'county' for building permits in this state","baseline:county-administers-unincorporated-building","mt-musselshell-musselshell-county"
"county:30067","Park County","30","county","30067","","","delegation policy names 'county' for building permits in this state","baseline:county-administers-unincorporated-building","mt-park-park-county"
"county:30069","Petroleum County","30","county","30069","","","delegation policy names 'county' for building permits in this state","baseline:county-administers-unincorporated-building","mt-petroleum-petroleum-county"
"county:30071","Phillips County","30","county","30071","","","delegation policy names 'county' for building permits in this state","baseline:county-administers-unincorporated-building","mt-phillips-phillips-county"
"county:30073","Pondera County","30","county","30073","","","delegation policy names 'county' for building permits in this state","baseline:county-administers-unincorporated-building","mt-pondera-pondera-county"
"county:30075","Powder River County","30","county","30075","","","delegation policy names 'county' for building permits in this state","baseline:county-administers-unincorporated-building","mt-powder-river-powder-river-county"
"county:30077","Powell County","30","county","30077","","","delegation policy names 'county' for building permits in this state","baseline:county-administers-unincorporated-building","mt-powell-powell-county"
"county:30079","Prairie County","30","county","30079","","","delegation policy names 'county' for building permits in this state","baseline:county-administers-unincorporated-building","mt-prairie-prairie-county"
"county:30081","Ravalli County","30","county","30081","","","delegation policy names 'county' for building permits in this state","baseline:county-administers-unincorporated-building","mt-ravalli-ravalli-county"
"county:30083","Richland County","30","county","30083","","","delegation policy names 'county' for building permits in this state","baseline:county-administers-unincorporated-building","mt-richland-richland-county"
"county:30085","Roosevelt County","30","county","30085","","","delegation policy names 'county' for building permits in this state","baseline:county-administers-unincorporated-building","mt-roosevelt-roosevelt-county"
"county:30087","Rosebud County","30","county","30087","","","delegation policy names 'county' for building permits in this state","baseline:county-administers-unincorporated-building","mt-rosebud-rosebud-county"
"county:30089","Sanders County","30","county","30089","","","delegation policy names 'county' for building permits in this state","baseline:county-administers-unincorporated-building","mt-sanders-sanders-county"
"county:30091","Sheridan County","30","county","30091","","","delegation policy names 'county' for building permits in this state","baseline:county-administers-unincorporated-building","mt-sheridan-sheridan-county"
"county:30093","Silver Bow County","30","consolidated-government","30093","","","delegation policy names 'consolidated-government' for building permits in this state","baseline:incorporated-place-administers-building","mt-silver-bow-silver-bow-county"
"county:30095","Stillwater County","30","county","30095","","","delegation policy names 'county' for building permits in this state","baseline:county-administers-unincorporated-building","mt-stillwater-stillwater-county"
"county:30097","Sweet Grass County","30","county","30097","","","delegation policy names 'county' for building permits in this state","baseline:county-administers-unincorporated-building","mt-sweet-grass-sweet-grass-county"
"county:30099","Teton County","30","county","30099","","","delegation policy names 'county' for building permits in this state","baseline:county-administers-unincorporated-building","mt-teton-teton-county"
"county:30101","Toole County","30","county","30101","","","delegation policy names 'county' for building permits in this state","baseline:county-administers-unincorporated-building","mt-toole-toole-county"
"county:30103","Treasure County","30","county","30103","","","delegation policy names 'county' for building permits in this state","baseline:county-administers-unincorporated-building","mt-treasure-treasure-county"
"county:30105","Valley County","30","county","30105","","","delegation policy names 'county' for building permits in this state","baseline:county-administers-unincorporated-building","mt-valley-valley-county"
"county:30107","Wheatland County","30","county","30107","","","delegation policy names 'county' for building permits in this state","baseline:county-administers-unincorporated-building","mt-wheatland-wheatland-county"
"county:30109","Wibaux County","30","county","30109","","","delegation policy names 'county' for building permits in this state","baseline:county-administers-unincorporated-building","mt-wibaux-wibaux-county"
"county:30111","Yellowstone County","30","county","30111","","","delegation policy names 'county' for building permits in this state","baseline:county-administers-unincorporated-building","mt-yellowstone-yellowstone-county"
"county:31001","Adams County","31","county","31001","","","delegation policy names 'county' for building permits in this state","baseline:county-administers-unincorporated-building","ne-adams-adams-county"
"county:31003","Antelope County","31","county","31003","","","delegation policy names 'county' for building permits in this state","baseline:county-administers-unincorporated-building","ne-antelope-antelope-county"
"county:31005","Arthur County","31","county","31005","","","delegation policy names 'county' for building permits in this state","baseline:county-administers-unincorporated-building","ne-arthur-arthur-county"
"county:31007","Banner County","31","county","31007","","","delegation policy names 'county' for building permits in this state","baseline:county-administers-unincorporated-building","ne-banner-banner-county"
"county:31009","Blaine County","31","county","31009","","","delegation policy names 'county' for building permits in this state","baseline:county-administers-unincorporated-building","ne-blaine-blaine-county"
"county:31011","Boone County","31","county","31011","","","delegation policy names 'county' for building permits in this state","baseline:county-administers-unincorporated-building","ne-boone-boone-county"
"county:31013","Box Butte County","31","county","31013","","","delegation policy names 'county' for building permits in this state","baseline:county-administers-unincorporated-building","ne-box-butte-box-butte-county"
"county:31015","Boyd County","31","county","31015","","","delegation policy names 'county' for building permits in this state","baseline:county-administers-unincorporated-building","ne-boyd-boyd-county"
"county:31017","Brown County","31","county","31017","","","delegation policy names 'county' for building permits in this state","baseline:county-administers-unincorporated-building","ne-brown-brown-county"
"county:31019","Buffalo County","31","county","31019","","","delegation policy names 'county' for building permits in this state","baseline:county-administers-unincorporated-building","ne-buffalo-buffalo-county"
"county:31021","Burt County","31","county","31021","","","delegation policy names 'county' for building permits in this state","baseline:county-administers-unincorporated-building","ne-burt-burt-county"
"county:31023","Butler County","31","county","31023","","","delegation policy names 'county' for building permits in this state","baseline:county-administers-unincorporated-building","ne-butler-butler-county"
"county:31025","Cass County","31","county","31025","","","delegation policy names 'county' for building permits in this state","baseline:county-administers-unincorporated-building","ne-cass-cass-county"
"county:31027","Cedar County","31","county","31027","","","delegation policy names 'county' for building permits in this state","baseline:county-administers-unincorporated-building","ne-cedar-cedar-county"
"county:31029","Chase County","31","county","31029","","","delegation policy names 'county' for building permits in this state","baseline:county-administers-unincorporated-building","ne-chase-chase-county"
"county:31031","Cherry County","31","county","31031","","","delegation policy names 'county' for building permits in this state","baseline:county-administers-unincorporated-building","ne-cherry-cherry-county"
"county:31033","Cheyenne County","31","county","31033","","","delegation policy names 'county' for building permits in this state","baseline:county-administers-unincorporated-building","ne-cheyenne-cheyenne-county"
"county:31035","Clay County","31","county","31035","","","delegation policy names 'county' for building permits in this state","baseline:county-administers-unincorporated-building","ne-clay-clay-county"
"county:31037","Colfax County","31","county","31037","","","delegation policy names 'county' for building permits in this state","baseline:county-administers-unincorporated-building","ne-colfax-colfax-county"
"county:31039","Cuming County","31","county","31039","","","delegation policy names 'county' for building permits in this state","baseline:county-administers-unincorporated-building","ne-cuming-cuming-county"
"county:31041","Custer County","31","county","31041","","","delegation policy names 'county' for building permits in this state","baseline:county-administers-unincorporated-building","ne-custer-custer-county"
"county:31043","Dakota County","31","county","31043","","","delegation policy names 'county' for building permits in this state","baseline:county-administers-unincorporated-building","ne-dakota-dakota-county"
"county:31045","Dawes County","31","county","31045","","","delegation policy names 'county' for building permits in this state","baseline:county-administers-unincorporated-building","ne-dawes-dawes-county"
"county:31047","Dawson County","31","county","31047","","","delegation policy names 'county' for building permits in this state","baseline:county-administers-unincorporated-building","ne-dawson-dawson-county"
"county:31049","Deuel County","31","county","31049","","","delegation policy names 'county' for building permits in this state","baseline:county-administers-unincorporated-building","ne-deuel-deuel-county"
"county:31051","Dixon County","31","county","31051","","","delegation policy names 'county' for building permits in this state","baseline:county-administers-unincorporated-building","ne-dixon-dixon-county"
"county:31053","Dodge County","31","county","31053","","","delegation policy names 'county' for building permits in this state","baseline:county-administers-unincorporated-building","ne-dodge-dodge-county"
"county:31055","Douglas County","31","county","31055","","","delegation policy names 'county' for building permits in this state","baseline:county-administers-unincorporated-building","ne-douglas-douglas-county"
"county:31057","Dundy County","31","county","31057","","","delegation policy names 'county' for building permits in this state","baseline:county-administers-unincorporated-building","ne-dundy-dundy-county"
"county:31059","Fillmore County","31","county","31059","","","delegation policy names 'county' for building permits in this state","baseline:county-administers-unincorporated-building","ne-fillmore-fillmore-county"
"county:31061","Franklin County","31","county","31061","","","delegation policy names 'county' for building permits in this state","baseline:county-administers-unincorporated-building","ne-franklin-franklin-county"
"county:31063","Frontier County","31","county","31063","","","delegation policy names 'county' for building permits in this state","baseline:county-administers-unincorporated-building","ne-frontier-frontier-county"
"county:31065","Furnas County","31","county","31065","","","delegation policy names 'county' for building permits in this state","baseline:county-administers-unincorporated-building","ne-furnas-furnas-county"
"county:31067","Gage County","31","county","31067","","","delegation policy names 'county' for building permits in this state","baseline:county-administers-unincorporated-building","ne-gage-gage-county"
"county:31069","Garden County","31","county","31069","","","delegation policy names 'county' for building permits in this state","baseline:county-administers-unincorporated-building","ne-garden-garden-county"
"county:31071","Garfield County","31","county","31071","","","delegation policy names 'county' for building permits in this state","baseline:county-administers-unincorporated-building","ne-garfield-garfield-county"
"county:31073","Gosper County","31","county","31073","","","delegation policy names 'county' for building permits in this state","baseline:county-administers-unincorporated-building","ne-gosper-gosper-county"
"county:31075","Grant County","31","county","31075","","","delegation policy names 'county' for building permits in this state","baseline:county-administers-unincorporated-building","ne-grant-grant-county"
"county:31077","Greeley County","31","county","31077","","","delegation policy names 'county' for building permits in this state","baseline:county-administers-unincorporated-building","ne-greeley-greeley-county"
"county:31079","Hall County","31","county","31079","","","delegation policy names 'county' for building permits in this state","baseline:county-administers-unincorporated-building","ne-hall-hall-county"
"county:31081","Hamilton County","31","county","31081","","","delegation policy names 'county' for building permits in this state","baseline:county-administers-unincorporated-building","ne-hamilton-hamilton-county"
"county:31083","Harlan County","31","county","31083","","","delegation policy names 'county' for building permits in this state","baseline:county-administers-unincorporated-building","ne-harlan-harlan-county"
"county:31085","Hayes County","31","county","31085","","","delegation policy names 'county' for building permits in this state","baseline:county-administers-unincorporated-building","ne-hayes-hayes-county"
"county:31087","Hitchcock County","31","county","31087","","","delegation policy names 'county' for building permits in this state","baseline:county-administers-unincorporated-building","ne-hitchcock-hitchcock-county"
"county:31089","Holt County","31","county","31089","","","delegation policy names 'county' for building permits in this state","baseline:county-administers-unincorporated-building","ne-holt-holt-county"
"county:31091","Hooker County","31","county","31091","","","delegation policy names 'county' for building permits in this state","baseline:county-administers-unincorporated-building","ne-hooker-hooker-county"
"county:31093","Howard County","31","county","31093","","","delegation policy names 'county' for building permits in this state","baseline:county-administers-unincorporated-building","ne-howard-howard-county"
"county:31095","Jefferson County","31","county","31095","","","delegation policy names 'county' for building permits in this state","baseline:county-administers-unincorporated-building","ne-jefferson-jefferson-county"
"county:31097","Johnson County","31","county","31097","","","delegation policy names 'county' for building permits in this state","baseline:county-administers-unincorporated-building","ne-johnson-johnson-county"
"county:31099","Kearney County","31","county","31099","","","delegation policy names 'county' for building permits in this state","baseline:county-administers-unincorporated-building","ne-kearney-kearney-county"
"county:31101","Keith County","31","county","31101","","","delegation policy names 'county' for building permits in this state","baseline:county-administers-unincorporated-building","ne-keith-keith-county"
"county:31103","Keya Paha County","31","county","31103","","","delegation policy names 'county' for building permits in this state","baseline:county-administers-unincorporated-building","ne-keya-paha-keya-paha-county"
"county:31105","Kimball County","31","county","31105","","","delegation policy names 'county' for building permits in this state","baseline:county-administers-unincorporated-building","ne-kimball-kimball-county"
"county:31107","Knox County","31","county","31107","","","delegation policy names 'county' for building permits in this state","baseline:county-administers-unincorporated-building","ne-knox-knox-county"
"county:31109","Lancaster County","31","county","31109","","","delegation policy names 'county' for building permits in this state","baseline:county-administers-unincorporated-building","ne-lancaster-lancaster-county"
"county:31111","Lincoln County","31","county","31111","","","delegation policy names 'county' for building permits in this state","baseline:county-administers-unincorporated-building","ne-lincoln-lincoln-county"
"county:31113","Logan County","31","county","31113","","","delegation policy names 'county' for building permits in this state","baseline:county-administers-unincorporated-building","ne-logan-logan-county"
"county:31115","Loup County","31","county","31115","","","delegation policy names 'county' for building permits in this state","baseline:county-administers-unincorporated-building","ne-loup-loup-county"
"county:31117","McPherson County","31","county","31117","","","delegation policy names 'county' for building permits in this state","baseline:county-administers-unincorporated-building","ne-mcpherson-mcpherson-county"
"county:31119","Madison County","31","county","31119","","","delegation policy names 'county' for building permits in this state","baseline:county-administers-unincorporated-building","ne-madison-madison-county"
"county:31121","Merrick County","31","county","31121","","","delegation policy names 'county' for building permits in this state","baseline:county-administers-unincorporated-building","ne-merrick-merrick-county"
"county:31123","Morrill County","31","county","31123","","","delegation policy names 'county' for building permits in this state","baseline:county-administers-unincorporated-building","ne-morrill-morrill-county"
"county:31125","Nance County","31","county","31125","","","delegation policy names 'county' for building permits in this state","baseline:county-administers-unincorporated-building","ne-nance-nance-county"
"county:31127","Nemaha County","31","county","31127","","","delegation policy names 'county' for building permits in this state","baseline:county-administers-unincorporated-building","ne-nemaha-nemaha-county"
"county:31129","Nuckolls County","31","county","31129","","","delegation policy names 'county' for building permits in this state","baseline:county-administers-unincorporated-building","ne-nuckolls-nuckolls-county"
"county:31131","Otoe County","31","county","31131","","","delegation policy names 'county' for building permits in this state","baseline:county-administers-unincorporated-building","ne-otoe-otoe-county"
"county:31133","Pawnee County","31","county","31133","","","delegation policy names 'county' for building permits in this state","baseline:county-administers-unincorporated-building","ne-pawnee-pawnee-county"
"county:31135","Perkins County","31","county","31135","","","delegation policy names 'county' for building permits in this state","baseline:county-administers-unincorporated-building","ne-perkins-perkins-county"
"county:31137","Phelps County","31","county","31137","","","delegation policy names 'county' for building permits in this state","baseline:county-administers-unincorporated-building","ne-phelps-phelps-county"
"county:31139","Pierce County","31","county","31139","","","delegation policy names 'county' for building permits in this state","baseline:county-administers-unincorporated-building","ne-pierce-pierce-county"
"county:31141","Platte County","31","county","31141","","","delegation policy names 'county' for building permits in this state","baseline:county-administers-unincorporated-building","ne-platte-platte-county"
"county:31143","Polk County","31","county","31143","","","delegation policy names 'county' for building permits in this state","baseline:county-administers-unincorporated-building","ne-polk-polk-county"
"county:31145","Red Willow County","31","county","31145","","","delegation policy names 'county' for building permits in this state","baseline:county-administers-unincorporated-building","ne-red-willow-red-willow-county"
"county:31147","Richardson County","31","county","31147","","","delegation policy names 'county' for building permits in this state","baseline:county-administers-unincorporated-building","ne-richardson-richardson-county"
"county:31149","Rock County","31","county","31149","","","delegation policy names 'county' for building permits in this state","baseline:county-administers-unincorporated-building","ne-rock-rock-county"
"county:31151","Saline County","31","county","31151","","","delegation policy names 'county' for building permits in this state","baseline:county-administers-unincorporated-building","ne-saline-saline-county"
"county:31153","Sarpy County","31","county","31153","","","delegation policy names 'county' for building permits in this state","baseline:county-administers-unincorporated-building","ne-sarpy-sarpy-county"
"county:31155","Saunders County","31","county","31155","","","delegation policy names 'county' for building permits in this state","baseline:county-administers-unincorporated-building","ne-saunders-saunders-county"
"county:31157","Scotts Bluff County","31","county","31157","","","delegation policy names 'county' for building permits in this state","baseline:county-administers-unincorporated-building","ne-scotts-bluff-scotts-bluff-county"
"county:31159","Seward County","31","county","31159","","","delegation policy names 'county' for building permits in this state","baseline:county-administers-unincorporated-building","ne-seward-seward-county"
"county:31161","Sheridan County","31","county","31161","","","delegation policy names 'county' for building permits in this state","baseline:county-administers-unincorporated-building","ne-sheridan-sheridan-county"
"county:31163","Sherman County","31","county","31163","","","delegation policy names 'county' for building permits in this state","baseline:county-administers-unincorporated-building","ne-sherman-sherman-county"
"county:31165","Sioux County","31","county","31165","","","delegation policy names 'county' for building permits in this state","baseline:county-administers-unincorporated-building","ne-sioux-sioux-county"
"county:31167","Stanton County","31","county","31167","","","delegation policy names 'county' for building permits in this state","baseline:county-administers-unincorporated-building","ne-stanton-stanton-county"
"county:31169","Thayer County","31","county","31169","","","delegation policy names 'county' for building permits in this state","baseline:county-administers-unincorporated-building","ne-thayer-thayer-county"
"county:31171","Thomas County","31","county","31171","","","delegation policy names 'county' for building permits in this state","baseline:county-administers-unincorporated-building","ne-thomas-thomas-county"
"county:31173","Thurston County","31","county","31173","","","delegation policy names 'county' for building permits in this state","baseline:county-administers-unincorporated-building","ne-thurston-thurston-county"
"county:31175","Valley County","31","county","31175","","","delegation policy names 'county' for building permits in this state","baseline:county-administers-unincorporated-building","ne-valley-valley-county"
"county:31177","Washington County","31","county","31177","","","delegation policy names 'county' for building permits in this state","baseline:county-administers-unincorporated-building","ne-washington-washington-county"
"county:31179","Wayne County","31","county","31179","","","delegation policy names 'county' for building permits in this state","baseline:county-administers-unincorporated-building","ne-wayne-wayne-county"
"county:31181","Webster County","31","county","31181","","","delegation policy names 'county' for building permits in this state","baseline:county-administers-unincorporated-building","ne-webster-webster-county"
"county:31183","Wheeler County","31","county","31183","","","delegation policy names 'county' for building permits in this state","baseline:county-administers-unincorporated-building","ne-wheeler-wheeler-county"
"county:31185","York County","31","county","31185","","","delegation policy names 'county' for building permits in this state","baseline:county-administers-unincorporated-building","ne-york-york-county"
"county:32001","Churchill County","32","county","32001","","","delegation policy names 'county' for building permits in this state","baseline:county-administers-unincorporated-building","nv-churchill-churchill-county"
"county:32003","Clark County","32","county","32003","","","delegation policy names 'county' for building permits in this state","baseline:county-administers-unincorporated-building","nv-clark-clark-county"
"county:32005","Douglas County","32","county","32005","","","delegation policy names 'county' for building permits in this state","baseline:county-administers-unincorporated-building","nv-douglas-douglas-county"
"county:32007","Elko County","32","county","32007","","","delegation policy names 'county' for building permits in this state","baseline:county-administers-unincorporated-building","nv-elko-elko-county"
"county:32009","Esmeralda County","32","county","32009","","","delegation policy names 'county' for building permits in this state","baseline:county-administers-unincorporated-building","nv-esmeralda-esmeralda-county"
"county:32011","Eureka County","32","county","32011","","","delegation policy names 'county' for building permits in this state","baseline:county-administers-unincorporated-building","nv-eureka-eureka-county"
"county:32013","Humboldt County","32","county","32013","","","delegation policy names 'county' for building permits in this state","baseline:county-administers-unincorporated-building","nv-humboldt-humboldt-county"
"county:32015","Lander County","32","county","32015","","","delegation policy names 'county' for building permits in this state","baseline:county-administers-unincorporated-building","nv-lander-lander-county"
"county:32017","Lincoln County","32","county","32017","","","delegation policy names 'county' for building permits in this state","baseline:county-administers-unincorporated-building","nv-lincoln-lincoln-county"
"county:32019","Lyon County","32","county","32019","","","delegation policy names 'county' for building permits in this state","baseline:county-administers-unincorporated-building","nv-lyon-lyon-county"
"county:32021","Mineral County","32","county","32021","","","delegation policy names 'county' for building permits in this state","baseline:county-administers-unincorporated-building","nv-mineral-mineral-county"
"county:32023","Nye County","32","county","32023","","","delegation policy names 'county' for building permits in this state","baseline:county-administers-unincorporated-building","nv-nye-nye-county"
"county:32027","Pershing County","32","county","32027","","","delegation policy names 'county' for building permits in this state","baseline:county-administers-unincorporated-building","nv-pershing-pershing-county"
"county:32029","Storey County","32","county","32029","","","delegation policy names 'county' for building permits in this state","baseline:county-administers-unincorporated-building","nv-storey-storey-county"
"county:32031","Washoe County","32","county","32031","","","delegation policy names 'county' for building permits in this state","baseline:county-administers-unincorporated-building","nv-washoe-washoe-county"
"county:32033","White Pine County","32","county","32033","","","delegation policy names 'county' for building permits in this state","baseline:county-administers-unincorporated-building","nv-white-pine-white-pine-county"
"county:33001","Belknap County","33","county","33001","","","delegation policy names 'county' for building permits in this state","baseline:county-administers-unincorporated-building","nh-belknap-belknap-county"
"county:33003","Carroll County","33","county","33003","","","delegation policy names 'county' for building permits in this state","baseline:county-administers-unincorporated-building","nh-carroll-carroll-county"
"county:33005","Cheshire County","33","county","33005","","","delegation policy names 'county' for building permits in this state","baseline:county-administers-unincorporated-building","nh-cheshire-cheshire-county"
"county:33007","Coos County","33","county","33007","","","delegation policy names 'county' for building permits in this state","baseline:county-administers-unincorporated-building","nh-coos-coos-county"
"county:33009","Grafton County","33","county","33009","","","delegation policy names 'county' for building permits in this state","baseline:county-administers-unincorporated-building","nh-grafton-grafton-county"
"county:33011","Hillsborough County","33","county","33011","","","delegation policy names 'county' for building permits in this state","baseline:county-administers-unincorporated-building","nh-hillsborough-hillsborough-county"
"county:33013","Merrimack County","33","county","33013","","","delegation policy names 'county' for building permits in this state","baseline:county-administers-unincorporated-building","nh-merrimack-merrimack-county"
"county:33015","Rockingham County","33","county","33015","","","delegation policy names 'county' for building permits in this state","baseline:county-administers-unincorporated-building","nh-rockingham-rockingham-county"
"county:33017","Strafford County","33","county","33017","","","delegation policy names 'county' for building permits in this state","baseline:county-administers-unincorporated-building","nh-strafford-strafford-county"
"county:33019","Sullivan County","33","county","33019","","","delegation policy names 'county' for building permits in this state","baseline:county-administers-unincorporated-building","nh-sullivan-sullivan-county"
"county:34001","Atlantic County","34","county","34001","","","delegation policy names 'county' for building permits in this state","baseline:county-administers-unincorporated-building","nj-atlantic-atlantic-county"
"county:34003","Bergen County","34","county","34003","","","delegation policy names 'county' for building permits in this state","baseline:county-administers-unincorporated-building","nj-bergen-county"
"county:34005","Burlington County","34","county","34005","","","delegation policy names 'county' for building permits in this state","baseline:county-administers-unincorporated-building","nj-burlington-burlington-county"
"county:34007","Camden County","34","county","34007","","","delegation policy names 'county' for building permits in this state","baseline:county-administers-unincorporated-building","nj-camden-county"
"county:34009","Cape May County","34","county","34009","","","delegation policy names 'county' for building permits in this state","baseline:county-administers-unincorporated-building","nj-cape-may-cape-may-county"
"county:34011","Cumberland County","34","county","34011","","","delegation policy names 'county' for building permits in this state","baseline:county-administers-unincorporated-building","nj-cumberland-cumberland-county"
"county:34013","Essex County","34","county","34013","","","delegation policy names 'county' for building permits in this state","baseline:county-administers-unincorporated-building","nj-essex-essex-county"
"county:34015","Gloucester County","34","county","34015","","","delegation policy names 'county' for building permits in this state","baseline:county-administers-unincorporated-building","nj-gloucester-gloucester-county"
"county:34017","Hudson County","34","county","34017","","","delegation policy names 'county' for building permits in this state","baseline:county-administers-unincorporated-building","nj-hudson-hudson-county"
"county:34019","Hunterdon County","34","county","34019","","","delegation policy names 'county' for building permits in this state","baseline:county-administers-unincorporated-building","nj-hunterdon-hunterdon-county"
"county:34021","Mercer County","34","county","34021","","","delegation policy names 'county' for building permits in this state","baseline:county-administers-unincorporated-building","nj-mercer-mercer-county"
"county:34023","Middlesex County","34","county","34023","","","delegation policy names 'county' for building permits in this state","baseline:county-administers-unincorporated-building","nj-middlesex-county"
"county:34025","Monmouth County","34","county","34025","","","delegation policy names 'county' for building permits in this state","baseline:county-administers-unincorporated-building","nj-monmouth-county"
"county:34027","Morris County","34","county","34027","","","delegation policy names 'county' for building permits in this state","baseline:county-administers-unincorporated-building","nj-morris-morris-county"
"county:34029","Ocean County","34","county","34029","","","delegation policy names 'county' for building permits in this state","baseline:county-administers-unincorporated-building","nj-ocean-county"
"county:34031","Passaic County","34","county","34031","","","delegation policy names 'county' for building permits in this state","baseline:county-administers-unincorporated-building","nj-passaic-passaic-county"
"county:34033","Salem County","34","county","34033","","","delegation policy names 'county' for building permits in this state","baseline:county-administers-unincorporated-building","nj-salem-salem-county"
"county:34035","Somerset County","34","county","34035","","","delegation policy names 'county' for building permits in this state","baseline:county-administers-unincorporated-building","nj-somerset-somerset-county"
"county:34037","Sussex County","34","county","34037","","","delegation policy names 'county' for building permits in this state","baseline:county-administers-unincorporated-building","nj-sussex-sussex-county"
"county:34039","Union County","34","county","34039","","","delegation policy names 'county' for building permits in this state","baseline:county-administers-unincorporated-building","nj-union-union-county"
"county:34041","Warren County","34","county","34041","","","delegation policy names 'county' for building permits in this state","baseline:county-administers-unincorporated-building","nj-warren-warren-county"
"county:35001","Bernalillo County","35","county","35001","","","delegation policy names 'county' for building permits in this state","baseline:county-administers-unincorporated-building","nm-bernalillo-bernalillo-county"
"county:35003","Catron County","35","county","35003","","","delegation policy names 'county' for building permits in this state","baseline:county-administers-unincorporated-building","nm-catron-catron-county"
"county:35005","Chaves County","35","county","35005","","","delegation policy names 'county' for building permits in this state","baseline:county-administers-unincorporated-building","nm-chaves-chaves-county"
"county:35006","Cibola County","35","county","35006","","","delegation policy names 'county' for building permits in this state","baseline:county-administers-unincorporated-building","nm-cibola-cibola-county"
"county:35007","Colfax County","35","county","35007","","","delegation policy names 'county' for building permits in this state","baseline:county-administers-unincorporated-building","nm-colfax-colfax-county"
"county:35009","Curry County","35","county","35009","","","delegation policy names 'county' for building permits in this state","baseline:county-administers-unincorporated-building","nm-curry-curry-county"
"county:35011","De Baca County","35","county","35011","","","delegation policy names 'county' for building permits in this state","baseline:county-administers-unincorporated-building","nm-de-baca-de-baca-county"
"county:35015","Eddy County","35","county","35015","","","delegation policy names 'county' for building permits in this state","baseline:county-administers-unincorporated-building","nm-eddy-eddy-county"
"county:35017","Grant County","35","county","35017","","","delegation policy names 'county' for building permits in this state","baseline:county-administers-unincorporated-building","nm-grant-grant-county"
"county:35019","Guadalupe County","35","county","35019","","","delegation policy names 'county' for building permits in this state","baseline:county-administers-unincorporated-building","nm-guadalupe-guadalupe-county"
"county:35021","Harding County","35","county","35021","","","delegation policy names 'county' for building permits in this state","baseline:county-administers-unincorporated-building","nm-harding-harding-county"
"county:35023","Hidalgo County","35","county","35023","","","delegation policy names 'county' for building permits in this state","baseline:county-administers-unincorporated-building","nm-hidalgo-hidalgo-county"
"county:35025","Lea County","35","county","35025","","","delegation policy names 'county' for building permits in this state","baseline:county-administers-unincorporated-building","nm-lea-lea-county"
"county:35027","Lincoln County","35","county","35027","","","delegation policy names 'county' for building permits in this state","baseline:county-administers-unincorporated-building","nm-lincoln-lincoln-county"
"county:35028","Los Alamos County","35","county","35028","","","delegation policy names 'county' for building permits in this state","baseline:county-administers-unincorporated-building","nm-los-alamos-los-alamos-county"
"county:35029","Luna County","35","county","35029","","","delegation policy names 'county' for building permits in this state","baseline:county-administers-unincorporated-building","nm-luna-luna-county"
"county:35031","McKinley County","35","county","35031","","","delegation policy names 'county' for building permits in this state","baseline:county-administers-unincorporated-building","nm-mckinley-mckinley-county"
"county:35033","Mora County","35","county","35033","","","delegation policy names 'county' for building permits in this state","baseline:county-administers-unincorporated-building","nm-mora-mora-county"
"county:35035","Otero County","35","county","35035","","","delegation policy names 'county' for building permits in this state","baseline:county-administers-unincorporated-building","nm-otero-otero-county"
"county:35037","Quay County","35","county","35037","","","delegation policy names 'county' for building permits in this state","baseline:county-administers-unincorporated-building","nm-quay-quay-county"
"county:35039","Rio Arriba County","35","county","35039","","","delegation policy names 'county' for building permits in this state","baseline:county-administers-unincorporated-building","nm-rio-arriba-rio-arriba-county"
"county:35041","Roosevelt County","35","county","35041","","","delegation policy names 'county' for building permits in this state","baseline:county-administers-unincorporated-building","nm-roosevelt-roosevelt-county"
"county:35043","Sandoval County","35","county","35043","","","delegation policy names 'county' for building permits in this state","baseline:county-administers-unincorporated-building","nm-sandoval-sandoval-county"
"county:35045","San Juan County","35","county","35045","","","delegation policy names 'county' for building permits in this state","baseline:county-administers-unincorporated-building","nm-san-juan-san-juan-county"
"county:35047","San Miguel County","35","county","35047","","","delegation policy names 'county' for building permits in this state","baseline:county-administers-unincorporated-building","nm-san-miguel-san-miguel-county"
"county:35049","Santa Fe County","35","county","35049","","","delegation policy names 'county' for building permits in this state","baseline:county-administers-unincorporated-building","nm-santa-fe-santa-fe-county"
"county:35051","Sierra County","35","county","35051","","","delegation policy names 'county' for building permits in this state","baseline:county-administers-unincorporated-building","nm-sierra-sierra-county"
"county:35053","Socorro County","35","county","35053","","","delegation policy names 'county' for building permits in this state","baseline:county-administers-unincorporated-building","nm-socorro-socorro-county"
"county:35055","Taos County","35","county","35055","","","delegation policy names 'county' for building permits in this state","baseline:county-administers-unincorporated-building","nm-taos-taos-county"
"county:35057","Torrance County","35","county","35057","","","delegation policy names 'county' for building permits in this state","baseline:county-administers-unincorporated-building","nm-torrance-torrance-county"
"county:35059","Union County","35","county","35059","","","delegation policy names 'county' for building permits in this state","baseline:county-administers-unincorporated-building","nm-union-union-county"
"county:35061","Valencia County","35","county","35061","","","delegation policy names 'county' for building permits in this state","baseline:county-administers-unincorporated-building","nm-valencia-valencia-county"
"county:36001","Albany County","36","county","36001","","","delegation policy names 'county' for building permits in this state","baseline:county-administers-unincorporated-building","ny-albany-albany-county"
"county:36003","Allegany County","36","county","36003","","","delegation policy names 'county' for building permits in this state","baseline:county-administers-unincorporated-building","ny-allegany-allegany-county"
"county:36005","Bronx County","36","consolidated-government","36005","","","delegation policy names 'consolidated-government' for building permits in this state","baseline:incorporated-place-administers-building","ny-bronx-bronx-county"
"county:36007","Broome County","36","county","36007","","","delegation policy names 'county' for building permits in this state","baseline:county-administers-unincorporated-building","ny-broome-broome-county"
"county:36009","Cattaraugus County","36","county","36009","","","delegation policy names 'county' for building permits in this state","baseline:county-administers-unincorporated-building","ny-cattaraugus-cattaraugus-county"
"county:36011","Cayuga County","36","county","36011","","","delegation policy names 'county' for building permits in this state","baseline:county-administers-unincorporated-building","ny-cayuga-cayuga-county"
"county:36013","Chautauqua County","36","county","36013","","","delegation policy names 'county' for building permits in this state","baseline:county-administers-unincorporated-building","ny-chautauqua-chautauqua-county"
"county:36015","Chemung County","36","county","36015","","","delegation policy names 'county' for building permits in this state","baseline:county-administers-unincorporated-building","ny-chemung-chemung-county"
"county:36017","Chenango County","36","county","36017","","","delegation policy names 'county' for building permits in this state","baseline:county-administers-unincorporated-building","ny-chenango-chenango-county"
"county:36019","Clinton County","36","county","36019","","","delegation policy names 'county' for building permits in this state","baseline:county-administers-unincorporated-building","ny-clinton-clinton-county"
"county:36021","Columbia County","36","county","36021","","","delegation policy names 'county' for building permits in this state","baseline:county-administers-unincorporated-building","ny-columbia-columbia-county"
"county:36023","Cortland County","36","county","36023","","","delegation policy names 'county' for building permits in this state","baseline:county-administers-unincorporated-building","ny-cortland-cortland-county"
"county:36025","Delaware County","36","county","36025","","","delegation policy names 'county' for building permits in this state","baseline:county-administers-unincorporated-building","ny-delaware-delaware-county"
"county:36027","Dutchess County","36","county","36027","","","delegation policy names 'county' for building permits in this state","baseline:county-administers-unincorporated-building","ny-dutchess-dutchess-county"
"county:36029","Erie County","36","county","36029","","","delegation policy names 'county' for building permits in this state","baseline:county-administers-unincorporated-building","ny-erie-erie-county"
"county:36031","Essex County","36","county","36031","","","delegation policy names 'county' for building permits in this state","baseline:county-administers-unincorporated-building","ny-essex-essex-county"
"county:36033","Franklin County","36","county","36033","","","delegation policy names 'county' for building permits in this state","baseline:county-administers-unincorporated-building","ny-franklin-franklin-county"
"county:36035","Fulton County","36","county","36035","","","delegation policy names 'county' for building permits in this state","baseline:county-administers-unincorporated-building","ny-fulton-fulton-county"
"county:36037","Genesee County","36","county","36037","","","delegation policy names 'county' for building permits in this state","baseline:county-administers-unincorporated-building","ny-genesee-genesee-county"
"county:36039","Greene County","36","county","36039","","","delegation policy names 'county' for building permits in this state","baseline:county-administers-unincorporated-building","ny-greene-greene-county"
"county:36041","Hamilton County","36","county","36041","","","delegation policy names 'county' for building permits in this state","baseline:county-administers-unincorporated-building","ny-hamilton-hamilton-county"
"county:36043","Herkimer County","36","county","36043","","","delegation policy names 'county' for building permits in this state","baseline:county-administers-unincorporated-building","ny-herkimer-herkimer-county"
"county:36045","Jefferson County","36","county","36045","","","delegation policy names 'county' for building permits in this state","baseline:county-administers-unincorporated-building","ny-jefferson-jefferson-county"
"county:36047","Kings County","36","consolidated-government","36047","","","delegation policy names 'consolidated-government' for building permits in this state","baseline:incorporated-place-administers-building","ny-kings-kings-county"
"county:36049","Lewis County","36","county","36049","","","delegation policy names 'county' for building permits in this state","baseline:county-administers-unincorporated-building","ny-lewis-lewis-county"
"county:36051","Livingston County","36","county","36051","","","delegation policy names 'county' for building permits in this state","baseline:county-administers-unincorporated-building","ny-livingston-livingston-county"
"county:36053","Madison County","36","county","36053","","","delegation policy names 'county' for building permits in this state","baseline:county-administers-unincorporated-building","ny-madison-madison-county"
"county:36055","Monroe County","36","county","36055","","","delegation policy names 'county' for building permits in this state","baseline:county-administers-unincorporated-building","ny-monroe-monroe-county"
"county:36057","Montgomery County","36","county","36057","","","delegation policy names 'county' for building permits in this state","baseline:county-administers-unincorporated-building","ny-montgomery-montgomery-county"
"county:36059","Nassau County","36","county","36059","","","delegation policy names 'county' for building permits in this state","baseline:county-administers-unincorporated-building","ny-nassau-county"
"county:36061","New York County","36","consolidated-government","36061","","","delegation policy names 'consolidated-government' for building permits in this state","baseline:incorporated-place-administers-building","ny-new-york-new-york-county"
"county:36063","Niagara County","36","county","36063","","","delegation policy names 'county' for building permits in this state","baseline:county-administers-unincorporated-building","ny-niagara-niagara-county"
"county:36065","Oneida County","36","county","36065","","","delegation policy names 'county' for building permits in this state","baseline:county-administers-unincorporated-building","ny-oneida-oneida-county"
"county:36067","Onondaga County","36","county","36067","","","delegation policy names 'county' for building permits in this state","baseline:county-administers-unincorporated-building","ny-onondaga-onondaga-county"
"county:36069","Ontario County","36","county","36069","","","delegation policy names 'county' for building permits in this state","baseline:county-administers-unincorporated-building","ny-ontario-ontario-county"
"county:36071","Orange County","36","county","36071","","","delegation policy names 'county' for building permits in this state","baseline:county-administers-unincorporated-building","ny-orange-orange-county"
"county:36073","Orleans County","36","county","36073","","","delegation policy names 'county' for building permits in this state","baseline:county-administers-unincorporated-building","ny-orleans-orleans-county"
"county:36075","Oswego County","36","county","36075","","","delegation policy names 'county' for building permits in this state","baseline:county-administers-unincorporated-building","ny-oswego-oswego-county"
"county:36077","Otsego County","36","county","36077","","","delegation policy names 'county' for building permits in this state","baseline:county-administers-unincorporated-building","ny-otsego-otsego-county"
"county:36079","Putnam County","36","county","36079","","","delegation policy names 'county' for building permits in this state","baseline:county-administers-unincorporated-building","ny-putnam-putnam-county"
"county:36081","Queens County","36","consolidated-government","36081","","","delegation policy names 'consolidated-government' for building permits in this state","baseline:incorporated-place-administers-building","ny-queens-queens-county"
"county:36083","Rensselaer County","36","county","36083","","","delegation policy names 'county' for building permits in this state","baseline:county-administers-unincorporated-building","ny-rensselaer-rensselaer-county"
"county:36085","Richmond County","36","consolidated-government","36085","","","delegation policy names 'consolidated-government' for building permits in this state","baseline:incorporated-place-administers-building","ny-richmond-richmond-county"
"county:36087","Rockland County","36","county","36087","","","delegation policy names 'county' for building permits in this state","baseline:county-administers-unincorporated-building","ny-rockland-rockland-county"
"county:36089","St. Lawrence County","36","county","36089","","","delegation policy names 'county' for building permits in this state","baseline:county-administers-unincorporated-building","ny-st-lawrence-st-lawrence-county"
"county:36091","Saratoga County","36","county","36091","","","delegation policy names 'county' for building permits in this state","baseline:county-administers-unincorporated-building","ny-saratoga-saratoga-county"
"county:36093","Schenectady County","36","county","36093","","","delegation policy names 'county' for building permits in this state","baseline:county-administers-unincorporated-building","ny-schenectady-schenectady-county"
"county:36095","Schoharie County","36","county","36095","","","delegation policy names 'county' for building permits in this state","baseline:county-administers-unincorporated-building","ny-schoharie-schoharie-county"
"county:36097","Schuyler County","36","county","36097","","","delegation policy names 'county' for building permits in this state","baseline:county-administers-unincorporated-building","ny-schuyler-schuyler-county"
"county:36099","Seneca County","36","county","36099","","","delegation policy names 'county' for building permits in this state","baseline:county-administers-unincorporated-building","ny-seneca-seneca-county"
"county:36101","Steuben County","36","county","36101","","","delegation policy names 'county' for building permits in this state","baseline:county-administers-unincorporated-building","ny-steuben-steuben-county"
"county:36103","Suffolk County","36","county","36103","","","delegation policy names 'county' for building permits in this state","baseline:county-administers-unincorporated-building","ny-suffolk-county"
"county:36105","Sullivan County","36","county","36105","","","delegation policy names 'county' for building permits in this state","baseline:county-administers-unincorporated-building","ny-sullivan-sullivan-county"
"county:36107","Tioga County","36","county","36107","","","delegation policy names 'county' for building permits in this state","baseline:county-administers-unincorporated-building","ny-tioga-tioga-county"
"county:36109","Tompkins County","36","county","36109","","","delegation policy names 'county' for building permits in this state","baseline:county-administers-unincorporated-building","ny-tompkins-tompkins-county"
"county:36111","Ulster County","36","county","36111","","","delegation policy names 'county' for building permits in this state","baseline:county-administers-unincorporated-building","ny-ulster-ulster-county"
"county:36113","Warren County","36","county","36113","","","delegation policy names 'county' for building permits in this state","baseline:county-administers-unincorporated-building","ny-warren-warren-county"
"county:36115","Washington County","36","county","36115","","","delegation policy names 'county' for building permits in this state","baseline:county-administers-unincorporated-building","ny-washington-washington-county"
"county:36117","Wayne County","36","county","36117","","","delegation policy names 'county' for building permits in this state","baseline:county-administers-unincorporated-building","ny-wayne-wayne-county"
"county:36119","Westchester County","36","county","36119","","","delegation policy names 'county' for building permits in this state","baseline:county-administers-unincorporated-building","ny-westchester-county"
"county:36121","Wyoming County","36","county","36121","","","delegation policy names 'county' for building permits in this state","baseline:county-administers-unincorporated-building","ny-wyoming-wyoming-county"
"county:36123","Yates County","36","county","36123","","","delegation policy names 'county' for building permits in this state","baseline:county-administers-unincorporated-building","ny-yates-yates-county"
"county:37001","Alamance County","37","county","37001","","","delegation policy names 'county' for building permits in this state","baseline:county-administers-unincorporated-building","nc-alamance-alamance-county"
"county:37003","Alexander County","37","county","37003","","","delegation policy names 'county' for building permits in this state","baseline:county-administers-unincorporated-building","nc-alexander-alexander-county"
"county:37005","Alleghany County","37","county","37005","","","delegation policy names 'county' for building permits in this state","baseline:county-administers-unincorporated-building","nc-alleghany-alleghany-county"
"county:37007","Anson County","37","county","37007","","","delegation policy names 'county' for building permits in this state","baseline:county-administers-unincorporated-building","nc-anson-anson-county"
"county:37009","Ashe County","37","county","37009","","","delegation policy names 'county' for building permits in this state","baseline:county-administers-unincorporated-building","nc-ashe-ashe-county"
"county:37011","Avery County","37","county","37011","","","delegation policy names 'county' for building permits in this state","baseline:county-administers-unincorporated-building","nc-avery-avery-county"
"county:37013","Beaufort County","37","county","37013","","","delegation policy names 'county' for building permits in this state","baseline:county-administers-unincorporated-building","nc-beaufort-beaufort-county"
"county:37015","Bertie County","37","county","37015","","","delegation policy names 'county' for building permits in this state","baseline:county-administers-unincorporated-building","nc-bertie-bertie-county"
"county:37017","Bladen County","37","county","37017","","","delegation policy names 'county' for building permits in this state","baseline:county-administers-unincorporated-building","nc-bladen-bladen-county"
"county:37019","Brunswick County","37","county","37019","","","delegation policy names 'county' for building permits in this state","baseline:county-administers-unincorporated-building","nc-brunswick-brunswick-county"
"county:37021","Buncombe County","37","county","37021","","","delegation policy names 'county' for building permits in this state","baseline:county-administers-unincorporated-building","nc-buncombe-buncombe-county"
"county:37023","Burke County","37","county","37023","","","delegation policy names 'county' for building permits in this state","baseline:county-administers-unincorporated-building","nc-burke-burke-county"
"county:37025","Cabarrus County","37","county","37025","","","delegation policy names 'county' for building permits in this state","baseline:county-administers-unincorporated-building","nc-cabarrus-cabarrus-county"
"county:37027","Caldwell County","37","county","37027","","","delegation policy names 'county' for building permits in this state","baseline:county-administers-unincorporated-building","nc-caldwell-caldwell-county"
"county:37029","Camden County","37","county","37029","","","delegation policy names 'county' for building permits in this state","baseline:county-administers-unincorporated-building","nc-camden-camden-county"
"county:37031","Carteret County","37","county","37031","","","delegation policy names 'county' for building permits in this state","baseline:county-administers-unincorporated-building","nc-carteret-carteret-county"
"county:37033","Caswell County","37","county","37033","","","delegation policy names 'county' for building permits in this state","baseline:county-administers-unincorporated-building","nc-caswell-caswell-county"
"county:37035","Catawba County","37","county","37035","","","delegation policy names 'county' for building permits in this state","baseline:county-administers-unincorporated-building","nc-catawba-catawba-county"
"county:37037","Chatham County","37","county","37037","","","delegation policy names 'county' for building permits in this state","baseline:county-administers-unincorporated-building","nc-chatham-chatham-county"
"county:37039","Cherokee County","37","county","37039","","","delegation policy names 'county' for building permits in this state","baseline:county-administers-unincorporated-building","nc-cherokee-cherokee-county"
"county:37041","Chowan County","37","county","37041","","","delegation policy names 'county' for building permits in this state","baseline:county-administers-unincorporated-building","nc-chowan-chowan-county"
"county:37043","Clay County","37","county","37043","","","delegation policy names 'county' for building permits in this state","baseline:county-administers-unincorporated-building","nc-clay-clay-county"
"county:37045","Cleveland County","37","county","37045","","","delegation policy names 'county' for building permits in this state","baseline:county-administers-unincorporated-building","nc-cleveland-cleveland-county"
"county:37047","Columbus County","37","county","37047","","","delegation policy names 'county' for building permits in this state","baseline:county-administers-unincorporated-building","nc-columbus-columbus-county"
"county:37049","Craven County","37","county","37049","","","delegation policy names 'county' for building permits in this state","baseline:county-administers-unincorporated-building","nc-craven-craven-county"
"county:37051","Cumberland County","37","county","37051","","","delegation policy names 'county' for building permits in this state","baseline:county-administers-unincorporated-building","nc-cumberland-cumberland-county"
"county:37053","Currituck County","37","county","37053","","","delegation policy names 'county' for building permits in this state","baseline:county-administers-unincorporated-building","nc-currituck-currituck-county"
"county:37055","Dare County","37","county","37055","","","delegation policy names 'county' for building permits in this state","baseline:county-administers-unincorporated-building","nc-dare-dare-county"
"county:37057","Davidson County","37","county","37057","","","delegation policy names 'county' for building permits in this state","baseline:county-administers-unincorporated-building","nc-davidson-davidson-county"
"county:37059","Davie County","37","county","37059","","","delegation policy names 'county' for building permits in this state","baseline:county-administers-unincorporated-building","nc-davie-davie-county"
"county:37061","Duplin County","37","county","37061","","","delegation policy names 'county' for building permits in this state","baseline:county-administers-unincorporated-building","nc-duplin-duplin-county"
"county:37063","Durham County","37","county","37063","","","delegation policy names 'county' for building permits in this state","baseline:county-administers-unincorporated-building","nc-durham-durham-county"
"county:37065","Edgecombe County","37","county","37065","","","delegation policy names 'county' for building permits in this state","baseline:county-administers-unincorporated-building","nc-edgecombe-edgecombe-county"
"county:37067","Forsyth County","37","county","37067","","","delegation policy names 'county' for building permits in this state","baseline:county-administers-unincorporated-building","nc-forsyth-forsyth-county"
"county:37069","Franklin County","37","county","37069","","","delegation policy names 'county' for building permits in this state","baseline:county-administers-unincorporated-building","nc-franklin-franklin-county"
"county:37071","Gaston County","37","county","37071","","","delegation policy names 'county' for building permits in this state","baseline:county-administers-unincorporated-building","nc-gaston-gaston-county"
"county:37073","Gates County","37","county","37073","","","delegation policy names 'county' for building permits in this state","baseline:county-administers-unincorporated-building","nc-gates-gates-county"
"county:37075","Graham County","37","county","37075","","","delegation policy names 'county' for building permits in this state","baseline:county-administers-unincorporated-building","nc-graham-graham-county"
"county:37077","Granville County","37","county","37077","","","delegation policy names 'county' for building permits in this state","baseline:county-administers-unincorporated-building","nc-granville-granville-county"
"county:37079","Greene County","37","county","37079","","","delegation policy names 'county' for building permits in this state","baseline:county-administers-unincorporated-building","nc-greene-greene-county"
"county:37081","Guilford County","37","county","37081","","","delegation policy names 'county' for building permits in this state","baseline:county-administers-unincorporated-building","nc-guilford-guilford-county"
"county:37083","Halifax County","37","county","37083","","","delegation policy names 'county' for building permits in this state","baseline:county-administers-unincorporated-building","nc-halifax-halifax-county"
"county:37085","Harnett County","37","county","37085","","","delegation policy names 'county' for building permits in this state","baseline:county-administers-unincorporated-building","nc-harnett-harnett-county"
"county:37087","Haywood County","37","county","37087","","","delegation policy names 'county' for building permits in this state","baseline:county-administers-unincorporated-building","nc-haywood-haywood-county"
"county:37089","Henderson County","37","county","37089","","","delegation policy names 'county' for building permits in this state","baseline:county-administers-unincorporated-building","nc-henderson-henderson-county"
"county:37091","Hertford County","37","county","37091","","","delegation policy names 'county' for building permits in this state","baseline:county-administers-unincorporated-building","nc-hertford-hertford-county"
"county:37093","Hoke County","37","county","37093","","","delegation policy names 'county' for building permits in this state","baseline:county-administers-unincorporated-building","nc-hoke-hoke-county"
"county:37095","Hyde County","37","county","37095","","","delegation policy names 'county' for building permits in this state","baseline:county-administers-unincorporated-building","nc-hyde-hyde-county"
"county:37097","Iredell County","37","county","37097","","","delegation policy names 'county' for building permits in this state","baseline:county-administers-unincorporated-building","nc-iredell-iredell-county"
"county:37099","Jackson County","37","county","37099","","","delegation policy names 'county' for building permits in this state","baseline:county-administers-unincorporated-building","nc-jackson-jackson-county"
"county:37101","Johnston County","37","county","37101","","","delegation policy names 'county' for building permits in this state","baseline:county-administers-unincorporated-building","nc-johnston-johnston-county"
"county:37103","Jones County","37","county","37103","","","delegation policy names 'county' for building permits in this state","baseline:county-administers-unincorporated-building","nc-jones-jones-county"
"county:37105","Lee County","37","county","37105","","","delegation policy names 'county' for building permits in this state","baseline:county-administers-unincorporated-building","nc-lee-lee-county"
"county:37107","Lenoir County","37","county","37107","","","delegation policy names 'county' for building permits in this state","baseline:county-administers-unincorporated-building","nc-lenoir-lenoir-county"
"county:37109","Lincoln County","37","county","37109","","","delegation policy names 'county' for building permits in this state","baseline:county-administers-unincorporated-building","nc-lincoln-lincoln-county"
"county:37111","McDowell County","37","county","37111","","","delegation policy names 'county' for building permits in this state","baseline:county-administers-unincorporated-building","nc-mcdowell-mcdowell-county"
"county:37113","Macon County","37","county","37113","","","delegation policy names 'county' for building permits in this state","baseline:county-administers-unincorporated-building","nc-macon-macon-county"
"county:37115","Madison County","37","county","37115","","","delegation policy names 'county' for building permits in this state","baseline:county-administers-unincorporated-building","nc-madison-madison-county"
"county:37117","Martin County","37","county","37117","","","delegation policy names 'county' for building permits in this state","baseline:county-administers-unincorporated-building","nc-martin-martin-county"
"county:37121","Mitchell County","37","county","37121","","","delegation policy names 'county' for building permits in this state","baseline:county-administers-unincorporated-building","nc-mitchell-mitchell-county"
"county:37123","Montgomery County","37","county","37123","","","delegation policy names 'county' for building permits in this state","baseline:county-administers-unincorporated-building","nc-montgomery-montgomery-county"
"county:37125","Moore County","37","county","37125","","","delegation policy names 'county' for building permits in this state","baseline:county-administers-unincorporated-building","nc-moore-moore-county"
"county:37127","Nash County","37","county","37127","","","delegation policy names 'county' for building permits in this state","baseline:county-administers-unincorporated-building","nc-nash-nash-county"
"county:37129","New Hanover County","37","county","37129","","","delegation policy names 'county' for building permits in this state","baseline:county-administers-unincorporated-building","nc-new-hanover-new-hanover-county"
"county:37131","Northampton County","37","county","37131","","","delegation policy names 'county' for building permits in this state","baseline:county-administers-unincorporated-building","nc-northampton-northampton-county"
"county:37133","Onslow County","37","county","37133","","","delegation policy names 'county' for building permits in this state","baseline:county-administers-unincorporated-building","nc-onslow-onslow-county"
"county:37135","Orange County","37","county","37135","","","delegation policy names 'county' for building permits in this state","baseline:county-administers-unincorporated-building","nc-orange-orange-county"
"county:37137","Pamlico County","37","county","37137","","","delegation policy names 'county' for building permits in this state","baseline:county-administers-unincorporated-building","nc-pamlico-pamlico-county"
"county:37139","Pasquotank County","37","county","37139","","","delegation policy names 'county' for building permits in this state","baseline:county-administers-unincorporated-building","nc-pasquotank-pasquotank-county"
"county:37141","Pender County","37","county","37141","","","delegation policy names 'county' for building permits in this state","baseline:county-administers-unincorporated-building","nc-pender-pender-county"
"county:37143","Perquimans County","37","county","37143","","","delegation policy names 'county' for building permits in this state","baseline:county-administers-unincorporated-building","nc-perquimans-perquimans-county"
"county:37145","Person County","37","county","37145","","","delegation policy names 'county' for building permits in this state","baseline:county-administers-unincorporated-building","nc-person-person-county"
"county:37147","Pitt County","37","county","37147","","","delegation policy names 'county' for building permits in this state","baseline:county-administers-unincorporated-building","nc-pitt-pitt-county"
"county:37149","Polk County","37","county","37149","","","delegation policy names 'county' for building permits in this state","baseline:county-administers-unincorporated-building","nc-polk-polk-county"
"county:37151","Randolph County","37","county","37151","","","delegation policy names 'county' for building permits in this state","baseline:county-administers-unincorporated-building","nc-randolph-randolph-county"
"county:37153","Richmond County","37","county","37153","","","delegation policy names 'county' for building permits in this state","baseline:county-administers-unincorporated-building","nc-richmond-richmond-county"
"county:37155","Robeson County","37","county","37155","","","delegation policy names 'county' for building permits in this state","baseline:county-administers-unincorporated-building","nc-robeson-robeson-county"
"county:37157","Rockingham County","37","county","37157","","","delegation policy names 'county' for building permits in this state","baseline:county-administers-unincorporated-building","nc-rockingham-rockingham-county"
"county:37159","Rowan County","37","county","37159","","","delegation policy names 'county' for building permits in this state","baseline:county-administers-unincorporated-building","nc-rowan-rowan-county"
"county:37161","Rutherford County","37","county","37161","","","delegation policy names 'county' for building permits in this state","baseline:county-administers-unincorporated-building","nc-rutherford-rutherford-county"
"county:37163","Sampson County","37","county","37163","","","delegation policy names 'county' for building permits in this state","baseline:county-administers-unincorporated-building","nc-sampson-sampson-county"
"county:37165","Scotland County","37","county","37165","","","delegation policy names 'county' for building permits in this state","baseline:county-administers-unincorporated-building","nc-scotland-scotland-county"
"county:37167","Stanly County","37","county","37167","","","delegation policy names 'county' for building permits in this state","baseline:county-administers-unincorporated-building","nc-stanly-stanly-county"
"county:37169","Stokes County","37","county","37169","","","delegation policy names 'county' for building permits in this state","baseline:county-administers-unincorporated-building","nc-stokes-stokes-county"
"county:37171","Surry County","37","county","37171","","","delegation policy names 'county' for building permits in this state","baseline:county-administers-unincorporated-building","nc-surry-surry-county"
"county:37173","Swain County","37","county","37173","","","delegation policy names 'county' for building permits in this state","baseline:county-administers-unincorporated-building","nc-swain-swain-county"
"county:37175","Transylvania County","37","county","37175","","","delegation policy names 'county' for building permits in this state","baseline:county-administers-unincorporated-building","nc-transylvania-transylvania-county"
"county:37177","Tyrrell County","37","county","37177","","","delegation policy names 'county' for building permits in this state","baseline:county-administers-unincorporated-building","nc-tyrrell-tyrrell-county"
"county:37179","Union County","37","county","37179","","","delegation policy names 'county' for building permits in this state","baseline:county-administers-unincorporated-building","nc-union-union-county"
"county:37181","Vance County","37","county","37181","","","delegation policy names 'county' for building permits in this state","baseline:county-administers-unincorporated-building","nc-vance-vance-county"
"county:37183","Wake County","37","county","37183","","","delegation policy names 'county' for building permits in this state","baseline:county-administers-unincorporated-building","nc-wake-wake-county"
"county:37185","Warren County","37","county","37185","","","delegation policy names 'county' for building permits in this state","baseline:county-administers-unincorporated-building","nc-warren-warren-county"
"county:37187","Washington County","37","county","37187","","","delegation policy names 'county' for building permits in this state","baseline:county-administers-unincorporated-building","nc-washington-washington-county"
"county:37189","Watauga County","37","county","37189","","","delegation policy names 'county' for building permits in this state","baseline:county-administers-unincorporated-building","nc-watauga-watauga-county"
"county:37191","Wayne County","37","county","37191","","","delegation policy names 'county' for building permits in this state","baseline:county-administers-unincorporated-building","nc-wayne-wayne-county"
"county:37193","Wilkes County","37","county","37193","","","delegation policy names 'county' for building permits in this state","baseline:county-administers-unincorporated-building","nc-wilkes-wilkes-county"
"county:37195","Wilson County","37","county","37195","","","delegation policy names 'county' for building permits in this state","baseline:county-administers-unincorporated-building","nc-wilson-wilson-county"
"county:37197","Yadkin County","37","county","37197","","","delegation policy names 'county' for building permits in this state","baseline:county-administers-unincorporated-building","nc-yadkin-yadkin-county"
"county:37199","Yancey County","37","county","37199","","","delegation policy names 'county' for building permits in this state","baseline:county-administers-unincorporated-building","nc-yancey-yancey-county"
"county:38001","Adams County","38","county","38001","","","delegation policy names 'county' for building permits in this state","baseline:county-administers-unincorporated-building","nd-adams-adams-county"
"county:38003","Barnes County","38","county","38003","","","delegation policy names 'county' for building permits in this state","baseline:county-administers-unincorporated-building","nd-barnes-barnes-county"
"county:38005","Benson County","38","county","38005","","","delegation policy names 'county' for building permits in this state","baseline:county-administers-unincorporated-building","nd-benson-benson-county"
"county:38007","Billings County","38","county","38007","","","delegation policy names 'county' for building permits in this state","baseline:county-administers-unincorporated-building","nd-billings-billings-county"
"county:38009","Bottineau County","38","county","38009","","","delegation policy names 'county' for building permits in this state","baseline:county-administers-unincorporated-building","nd-bottineau-bottineau-county"
"county:38011","Bowman County","38","county","38011","","","delegation policy names 'county' for building permits in this state","baseline:county-administers-unincorporated-building","nd-bowman-bowman-county"
"county:38013","Burke County","38","county","38013","","","delegation policy names 'county' for building permits in this state","baseline:county-administers-unincorporated-building","nd-burke-burke-county"
"county:38015","Burleigh County","38","county","38015","","","delegation policy names 'county' for building permits in this state","baseline:county-administers-unincorporated-building","nd-burleigh-burleigh-county"
"county:38017","Cass County","38","county","38017","","","delegation policy names 'county' for building permits in this state","baseline:county-administers-unincorporated-building","nd-cass-cass-county"
"county:38019","Cavalier County","38","county","38019","","","delegation policy names 'county' for building permits in this state","baseline:county-administers-unincorporated-building","nd-cavalier-cavalier-county"
"county:38021","Dickey County","38","county","38021","","","delegation policy names 'county' for building permits in this state","baseline:county-administers-unincorporated-building","nd-dickey-dickey-county"
"county:38023","Divide County","38","county","38023","","","delegation policy names 'county' for building permits in this state","baseline:county-administers-unincorporated-building","nd-divide-divide-county"
"county:38025","Dunn County","38","county","38025","","","delegation policy names 'county' for building permits in this state","baseline:county-administers-unincorporated-building","nd-dunn-dunn-county"
"county:38027","Eddy County","38","county","38027","","","delegation policy names 'county' for building permits in this state","baseline:county-administers-unincorporated-building","nd-eddy-eddy-county"
"county:38029","Emmons County","38","county","38029","","","delegation policy names 'county' for building permits in this state","baseline:county-administers-unincorporated-building","nd-emmons-emmons-county"
"county:38031","Foster County","38","county","38031","","","delegation policy names 'county' for building permits in this state","baseline:county-administers-unincorporated-building","nd-foster-foster-county"
"county:38033","Golden Valley County","38","county","38033","","","delegation policy names 'county' for building permits in this state","baseline:county-administers-unincorporated-building","nd-golden-valley-golden-valley-county"
"county:38035","Grand Forks County","38","county","38035","","","delegation policy names 'county' for building permits in this state","baseline:county-administers-unincorporated-building","nd-grand-forks-grand-forks-county"
"county:38037","Grant County","38","county","38037","","","delegation policy names 'county' for building permits in this state","baseline:county-administers-unincorporated-building","nd-grant-grant-county"
"county:38039","Griggs County","38","county","38039","","","delegation policy names 'county' for building permits in this state","baseline:county-administers-unincorporated-building","nd-griggs-griggs-county"
"county:38041","Hettinger County","38","county","38041","","","delegation policy names 'county' for building permits in this state","baseline:county-administers-unincorporated-building","nd-hettinger-hettinger-county"
"county:38043","Kidder County","38","county","38043","","","delegation policy names 'county' for building permits in this state","baseline:county-administers-unincorporated-building","nd-kidder-kidder-county"
"county:38045","LaMoure County","38","county","38045","","","delegation policy names 'county' for building permits in this state","baseline:county-administers-unincorporated-building","nd-lamoure-lamoure-county"
"county:38047","Logan County","38","county","38047","","","delegation policy names 'county' for building permits in this state","baseline:county-administers-unincorporated-building","nd-logan-logan-county"
"county:38049","McHenry County","38","county","38049","","","delegation policy names 'county' for building permits in this state","baseline:county-administers-unincorporated-building","nd-mchenry-mchenry-county"
"county:38051","McIntosh County","38","county","38051","","","delegation policy names 'county' for building permits in this state","baseline:county-administers-unincorporated-building","nd-mcintosh-mcintosh-county"
"county:38053","McKenzie County","38","county","38053","","","delegation policy names 'county' for building permits in this state","baseline:county-administers-unincorporated-building","nd-mckenzie-mckenzie-county"
"county:38055","McLean County","38","county","38055","","","delegation policy names 'county' for building permits in this state","baseline:county-administers-unincorporated-building","nd-mclean-mclean-county"
"county:38057","Mercer County","38","county","38057","","","delegation policy names 'county' for building permits in this state","baseline:county-administers-unincorporated-building","nd-mercer-mercer-county"
"county:38059","Morton County","38","county","38059","","","delegation policy names 'county' for building permits in this state","baseline:county-administers-unincorporated-building","nd-morton-morton-county"
"county:38061","Mountrail County","38","county","38061","","","delegation policy names 'county' for building permits in this state","baseline:county-administers-unincorporated-building","nd-mountrail-mountrail-county"
"county:38063","Nelson County","38","county","38063","","","delegation policy names 'county' for building permits in this state","baseline:county-administers-unincorporated-building","nd-nelson-nelson-county"
"county:38065","Oliver County","38","county","38065","","","delegation policy names 'county' for building permits in this state","baseline:county-administers-unincorporated-building","nd-oliver-oliver-county"
"county:38067","Pembina County","38","county","38067","","","delegation policy names 'county' for building permits in this state","baseline:county-administers-unincorporated-building","nd-pembina-pembina-county"
"county:38069","Pierce County","38","county","38069","","","delegation policy names 'county' for building permits in this state","baseline:county-administers-unincorporated-building","nd-pierce-pierce-county"
"county:38071","Ramsey County","38","county","38071","","","delegation policy names 'county' for building permits in this state","baseline:county-administers-unincorporated-building","nd-ramsey-ramsey-county"
"county:38073","Ransom County","38","county","38073","","","delegation policy names 'county' for building permits in this state","baseline:county-administers-unincorporated-building","nd-ransom-ransom-county"
"county:38075","Renville County","38","county","38075","","","delegation policy names 'county' for building permits in this state","baseline:county-administers-unincorporated-building","nd-renville-renville-county"
"county:38077","Richland County","38","county","38077","","","delegation policy names 'county' for building permits in this state","baseline:county-administers-unincorporated-building","nd-richland-richland-county"
"county:38079","Rolette County","38","county","38079","","","delegation policy names 'county' for building permits in this state","baseline:county-administers-unincorporated-building","nd-rolette-rolette-county"
"county:38081","Sargent County","38","county","38081","","","delegation policy names 'county' for building permits in this state","baseline:county-administers-unincorporated-building","nd-sargent-sargent-county"
"county:38083","Sheridan County","38","county","38083","","","delegation policy names 'county' for building permits in this state","baseline:county-administers-unincorporated-building","nd-sheridan-sheridan-county"
"county:38085","Sioux County","38","county","38085","","","delegation policy names 'county' for building permits in this state","baseline:county-administers-unincorporated-building","nd-sioux-sioux-county"
"county:38087","Slope County","38","county","38087","","","delegation policy names 'county' for building permits in this state","baseline:county-administers-unincorporated-building","nd-slope-slope-county"
"county:38089","Stark County","38","county","38089","","","delegation policy names 'county' for building permits in this state","baseline:county-administers-unincorporated-building","nd-stark-stark-county"
"county:38091","Steele County","38","county","38091","","","delegation policy names 'county' for building permits in this state","baseline:county-administers-unincorporated-building","nd-steele-steele-county"
"county:38093","Stutsman County","38","county","38093","","","delegation policy names 'county' for building permits in this state","baseline:county-administers-unincorporated-building","nd-stutsman-stutsman-county"
"county:38095","Towner County","38","county","38095","","","delegation policy names 'county' for building permits in this state","baseline:county-administers-unincorporated-building","nd-towner-towner-county"
"county:38097","Traill County","38","county","38097","","","delegation policy names 'county' for building permits in this state","baseline:county-administers-unincorporated-building","nd-traill-traill-county"
"county:38099","Walsh County","38","county","38099","","","delegation policy names 'county' for building permits in this state","baseline:county-administers-unincorporated-building","nd-walsh-walsh-county"
"county:38101","Ward County","38","county","38101","","","delegation policy names 'county' for building permits in this state","baseline:county-administers-unincorporated-building","nd-ward-ward-county"
"county:38103","Wells County","38","county","38103","","","delegation policy names 'county' for building permits in this state","baseline:county-administers-unincorporated-building","nd-wells-wells-county"
"county:38105","Williams County","38","county","38105","","","delegation policy names 'county' for building permits in this state","baseline:county-administers-unincorporated-building","nd-williams-williams-county"
"county:39001","Adams County","39","county","39001","","","delegation policy names 'county' for building permits in this state","baseline:county-administers-unincorporated-building","oh-adams-adams-county"
"county:39003","Allen County","39","county","39003","","","delegation policy names 'county' for building permits in this state","baseline:county-administers-unincorporated-building","oh-allen-allen-county"
"county:39005","Ashland County","39","county","39005","","","delegation policy names 'county' for building permits in this state","baseline:county-administers-unincorporated-building","oh-ashland-ashland-county"
"county:39007","Ashtabula County","39","county","39007","","","delegation policy names 'county' for building permits in this state","baseline:county-administers-unincorporated-building","oh-ashtabula-ashtabula-county"
"county:39009","Athens County","39","county","39009","","","delegation policy names 'county' for building permits in this state","baseline:county-administers-unincorporated-building","oh-athens-athens-county"
"county:39011","Auglaize County","39","county","39011","","","delegation policy names 'county' for building permits in this state","baseline:county-administers-unincorporated-building","oh-auglaize-auglaize-county"
"county:39013","Belmont County","39","county","39013","","","delegation policy names 'county' for building permits in this state","baseline:county-administers-unincorporated-building","oh-belmont-belmont-county"
"county:39015","Brown County","39","county","39015","","","delegation policy names 'county' for building permits in this state","baseline:county-administers-unincorporated-building","oh-brown-brown-county"
"county:39017","Butler County","39","county","39017","","","delegation policy names 'county' for building permits in this state","baseline:county-administers-unincorporated-building","oh-butler-butler-county"
"county:39019","Carroll County","39","county","39019","","","delegation policy names 'county' for building permits in this state","baseline:county-administers-unincorporated-building","oh-carroll-carroll-county"
"county:39021","Champaign County","39","county","39021","","","delegation policy names 'county' for building permits in this state","baseline:county-administers-unincorporated-building","oh-champaign-champaign-county"
"county:39023","Clark County","39","county","39023","","","delegation policy names 'county' for building permits in this state","baseline:county-administers-unincorporated-building","oh-clark-clark-county"
"county:39025","Clermont County","39","county","39025","","","delegation policy names 'county' for building permits in this state","baseline:county-administers-unincorporated-building","oh-clermont-clermont-county"
"county:39027","Clinton County","39","county","39027","","","delegation policy names 'county' for building permits in this state","baseline:county-administers-unincorporated-building","oh-clinton-clinton-county"
"county:39029","Columbiana County","39","county","39029","","","delegation policy names 'county' for building permits in this state","baseline:county-administers-unincorporated-building","oh-columbiana-columbiana-county"
"county:39031","Coshocton County","39","county","39031","","","delegation policy names 'county' for building permits in this state","baseline:county-administers-unincorporated-building","oh-coshocton-coshocton-county"
"county:39033","Crawford County","39","county","39033","","","delegation policy names 'county' for building permits in this state","baseline:county-administers-unincorporated-building","oh-crawford-crawford-county"
"county:39035","Cuyahoga County","39","county","39035","","","delegation policy names 'county' for building permits in this state","baseline:county-administers-unincorporated-building","oh-cuyahoga-cuyahoga-county"
"county:39037","Darke County","39","county","39037","","","delegation policy names 'county' for building permits in this state","baseline:county-administers-unincorporated-building","oh-darke-darke-county"
"county:39039","Defiance County","39","county","39039","","","delegation policy names 'county' for building permits in this state","baseline:county-administers-unincorporated-building","oh-defiance-defiance-county"
"county:39041","Delaware County","39","county","39041","","","delegation policy names 'county' for building permits in this state","baseline:county-administers-unincorporated-building","oh-delaware-delaware-county"
"county:39043","Erie County","39","county","39043","","","delegation policy names 'county' for building permits in this state","baseline:county-administers-unincorporated-building","oh-erie-erie-county"
"county:39045","Fairfield County","39","county","39045","","","delegation policy names 'county' for building permits in this state","baseline:county-administers-unincorporated-building","oh-fairfield-fairfield-county"
"county:39047","Fayette County","39","county","39047","","","delegation policy names 'county' for building permits in this state","baseline:county-administers-unincorporated-building","oh-fayette-fayette-county"
"county:39049","Franklin County","39","county","39049","","","delegation policy names 'county' for building permits in this state","baseline:county-administers-unincorporated-building","oh-franklin-franklin-county"
"county:39051","Fulton County","39","county","39051","","","delegation policy names 'county' for building permits in this state","baseline:county-administers-unincorporated-building","oh-fulton-fulton-county"
"county:39053","Gallia County","39","county","39053","","","delegation policy names 'county' for building permits in this state","baseline:county-administers-unincorporated-building","oh-gallia-gallia-county"
"county:39055","Geauga County","39","county","39055","","","delegation policy names 'county' for building permits in this state","baseline:county-administers-unincorporated-building","oh-geauga-geauga-county"
"county:39057","Greene County","39","county","39057","","","delegation policy names 'county' for building permits in this state","baseline:county-administers-unincorporated-building","oh-greene-greene-county"
"county:39059","Guernsey County","39","county","39059","","","delegation policy names 'county' for building permits in this state","baseline:county-administers-unincorporated-building","oh-guernsey-guernsey-county"
"county:39061","Hamilton County","39","county","39061","","","delegation policy names 'county' for building permits in this state","baseline:county-administers-unincorporated-building","oh-hamilton-hamilton-county"
"county:39063","Hancock County","39","county","39063","","","delegation policy names 'county' for building permits in this state","baseline:county-administers-unincorporated-building","oh-hancock-hancock-county"
"county:39065","Hardin County","39","county","39065","","","delegation policy names 'county' for building permits in this state","baseline:county-administers-unincorporated-building","oh-hardin-hardin-county"
"county:39067","Harrison County","39","county","39067","","","delegation policy names 'county' for building permits in this state","baseline:county-administers-unincorporated-building","oh-harrison-harrison-county"
"county:39069","Henry County","39","county","39069","","","delegation policy names 'county' for building permits in this state","baseline:county-administers-unincorporated-building","oh-henry-henry-county"
"county:39071","Highland County","39","county","39071","","","delegation policy names 'county' for building permits in this state","baseline:county-administers-unincorporated-building","oh-highland-highland-county"
"county:39073","Hocking County","39","county","39073","","","delegation policy names 'county' for building permits in this state","baseline:county-administers-unincorporated-building","oh-hocking-hocking-county"
"county:39075","Holmes County","39","county","39075","","","delegation policy names 'county' for building permits in this state","baseline:county-administers-unincorporated-building","oh-holmes-holmes-county"
"county:39077","Huron County","39","county","39077","","","delegation policy names 'county' for building permits in this state","baseline:county-administers-unincorporated-building","oh-huron-huron-county"
"county:39079","Jackson County","39","county","39079","","","delegation policy names 'county' for building permits in this state","baseline:county-administers-unincorporated-building","oh-jackson-jackson-county"
"county:39081","Jefferson County","39","county","39081","","","delegation policy names 'county' for building permits in this state","baseline:county-administers-unincorporated-building","oh-jefferson-jefferson-county"
"county:39083","Knox County","39","county","39083","","","delegation policy names 'county' for building permits in this state","baseline:county-administers-unincorporated-building","oh-knox-knox-county"
"county:39085","Lake County","39","county","39085","","","delegation policy names 'county' for building permits in this state","baseline:county-administers-unincorporated-building","oh-lake-lake-county"
"county:39087","Lawrence County","39","county","39087","","","delegation policy names 'county' for building permits in this state","baseline:county-administers-unincorporated-building","oh-lawrence-lawrence-county"
"county:39089","Licking County","39","county","39089","","","delegation policy names 'county' for building permits in this state","baseline:county-administers-unincorporated-building","oh-licking-licking-county"
"county:39091","Logan County","39","county","39091","","","delegation policy names 'county' for building permits in this state","baseline:county-administers-unincorporated-building","oh-logan-logan-county"
"county:39093","Lorain County","39","county","39093","","","delegation policy names 'county' for building permits in this state","baseline:county-administers-unincorporated-building","oh-lorain-lorain-county"
"county:39095","Lucas County","39","county","39095","","","delegation policy names 'county' for building permits in this state","baseline:county-administers-unincorporated-building","oh-lucas-lucas-county"
"county:39097","Madison County","39","county","39097","","","delegation policy names 'county' for building permits in this state","baseline:county-administers-unincorporated-building","oh-madison-madison-county"
"county:39099","Mahoning County","39","county","39099","","","delegation policy names 'county' for building permits in this state","baseline:county-administers-unincorporated-building","oh-mahoning-mahoning-county"
"county:39101","Marion County","39","county","39101","","","delegation policy names 'county' for building permits in this state","baseline:county-administers-unincorporated-building","oh-marion-marion-county"
"county:39103","Medina County","39","county","39103","","","delegation policy names 'county' for building permits in this state","baseline:county-administers-unincorporated-building","oh-medina-medina-county"
"county:39105","Meigs County","39","county","39105","","","delegation policy names 'county' for building permits in this state","baseline:county-administers-unincorporated-building","oh-meigs-meigs-county"
"county:39107","Mercer County","39","county","39107","","","delegation policy names 'county' for building permits in this state","baseline:county-administers-unincorporated-building","oh-mercer-mercer-county"
"county:39109","Miami County","39","county","39109","","","delegation policy names 'county' for building permits in this state","baseline:county-administers-unincorporated-building","oh-miami-miami-county"
"county:39111","Monroe County","39","county","39111","","","delegation policy names 'county' for building permits in this state","baseline:county-administers-unincorporated-building","oh-monroe-monroe-county"
"county:39113","Montgomery County","39","county","39113","","","delegation policy names 'county' for building permits in this state","baseline:county-administers-unincorporated-building","oh-montgomery-montgomery-county"
"county:39115","Morgan County","39","county","39115","","","delegation policy names 'county' for building permits in this state","baseline:county-administers-unincorporated-building","oh-morgan-morgan-county"
"county:39117","Morrow County","39","county","39117","","","delegation policy names 'county' for building permits in this state","baseline:county-administers-unincorporated-building","oh-morrow-morrow-county"
"county:39119","Muskingum County","39","county","39119","","","delegation policy names 'county' for building permits in this state","baseline:county-administers-unincorporated-building","oh-muskingum-muskingum-county"
"county:39121","Noble County","39","county","39121","","","delegation policy names 'county' for building permits in this state","baseline:county-administers-unincorporated-building","oh-noble-noble-county"
"county:39123","Ottawa County","39","county","39123","","","delegation policy names 'county' for building permits in this state","baseline:county-administers-unincorporated-building","oh-ottawa-ottawa-county"
"county:39125","Paulding County","39","county","39125","","","delegation policy names 'county' for building permits in this state","baseline:county-administers-unincorporated-building","oh-paulding-paulding-county"
"county:39127","Perry County","39","county","39127","","","delegation policy names 'county' for building permits in this state","baseline:county-administers-unincorporated-building","oh-perry-perry-county"
"county:39129","Pickaway County","39","county","39129","","","delegation policy names 'county' for building permits in this state","baseline:county-administers-unincorporated-building","oh-pickaway-pickaway-county"
"county:39131","Pike County","39","county","39131","","","delegation policy names 'county' for building permits in this state","baseline:county-administers-unincorporated-building","oh-pike-pike-county"
"county:39133","Portage County","39","county","39133","","","delegation policy names 'county' for building permits in this state","baseline:county-administers-unincorporated-building","oh-portage-portage-county"
"county:39135","Preble County","39","county","39135","","","delegation policy names 'county' for building permits in this state","baseline:county-administers-unincorporated-building","oh-preble-preble-county"
"county:39137","Putnam County","39","county","39137","","","delegation policy names 'county' for building permits in this state","baseline:county-administers-unincorporated-building","oh-putnam-putnam-county"
"county:39139","Richland County","39","county","39139","","","delegation policy names 'county' for building permits in this state","baseline:county-administers-unincorporated-building","oh-richland-richland-county"
"county:39141","Ross County","39","county","39141","","","delegation policy names 'county' for building permits in this state","baseline:county-administers-unincorporated-building","oh-ross-ross-county"
"county:39143","Sandusky County","39","county","39143","","","delegation policy names 'county' for building permits in this state","baseline:county-administers-unincorporated-building","oh-sandusky-sandusky-county"
"county:39145","Scioto County","39","county","39145","","","delegation policy names 'county' for building permits in this state","baseline:county-administers-unincorporated-building","oh-scioto-scioto-county"
"county:39147","Seneca County","39","county","39147","","","delegation policy names 'county' for building permits in this state","baseline:county-administers-unincorporated-building","oh-seneca-seneca-county"
"county:39149","Shelby County","39","county","39149","","","delegation policy names 'county' for building permits in this state","baseline:county-administers-unincorporated-building","oh-shelby-shelby-county"
"county:39151","Stark County","39","county","39151","","","delegation policy names 'county' for building permits in this state","baseline:county-administers-unincorporated-building","oh-stark-stark-county"
"county:39153","Summit County","39","county","39153","","","delegation policy names 'county' for building permits in this state","baseline:county-administers-unincorporated-building","oh-summit-summit-county"
"county:39155","Trumbull County","39","county","39155","","","delegation policy names 'county' for building permits in this state","baseline:county-administers-unincorporated-building","oh-trumbull-trumbull-county"
"county:39157","Tuscarawas County","39","county","39157","","","delegation policy names 'county' for building permits in this state","baseline:county-administers-unincorporated-building","oh-tuscarawas-tuscarawas-county"
"county:39159","Union County","39","county","39159","","","delegation policy names 'county' for building permits in this state","baseline:county-administers-unincorporated-building","oh-union-union-county"
"county:39161","Van Wert County","39","county","39161","","","delegation policy names 'county' for building permits in this state","baseline:county-administers-unincorporated-building","oh-van-wert-van-wert-county"
"county:39163","Vinton County","39","county","39163","","","delegation policy names 'county' for building permits in this state","baseline:county-administers-unincorporated-building","oh-vinton-vinton-county"
"county:39165","Warren County","39","county","39165","","","delegation policy names 'county' for building permits in this state","baseline:county-administers-unincorporated-building","oh-warren-warren-county"
"county:39167","Washington County","39","county","39167","","","delegation policy names 'county' for building permits in this state","baseline:county-administers-unincorporated-building","oh-washington-washington-county"
"county:39169","Wayne County","39","county","39169","","","delegation policy names 'county' for building permits in this state","baseline:county-administers-unincorporated-building","oh-wayne-wayne-county"
"county:39171","Williams County","39","county","39171","","","delegation policy names 'county' for building permits in this state","baseline:county-administers-unincorporated-building","oh-williams-williams-county"
"county:39173","Wood County","39","county","39173","","","delegation policy names 'county' for building permits in this state","baseline:county-administers-unincorporated-building","oh-wood-wood-county"
"county:39175","Wyandot County","39","county","39175","","","delegation policy names 'county' for building permits in this state","baseline:county-administers-unincorporated-building","oh-wyandot-wyandot-county"
"county:40001","Adair County","40","county","40001","","","delegation policy names 'county' for building permits in this state","baseline:county-administers-unincorporated-building","ok-adair-adair-county"
"county:40003","Alfalfa County","40","county","40003","","","delegation policy names 'county' for building permits in this state","baseline:county-administers-unincorporated-building","ok-alfalfa-alfalfa-county"
"county:40005","Atoka County","40","county","40005","","","delegation policy names 'county' for building permits in this state","baseline:county-administers-unincorporated-building","ok-atoka-atoka-county"
"county:40007","Beaver County","40","county","40007","","","delegation policy names 'county' for building permits in this state","baseline:county-administers-unincorporated-building","ok-beaver-beaver-county"
"county:40009","Beckham County","40","county","40009","","","delegation policy names 'county' for building permits in this state","baseline:county-administers-unincorporated-building","ok-beckham-beckham-county"
"county:40011","Blaine County","40","county","40011","","","delegation policy names 'county' for building permits in this state","baseline:county-administers-unincorporated-building","ok-blaine-blaine-county"
"county:40013","Bryan County","40","county","40013","","","delegation policy names 'county' for building permits in this state","baseline:county-administers-unincorporated-building","ok-bryan-bryan-county"
"county:40015","Caddo County","40","county","40015","","","delegation policy names 'county' for building permits in this state","baseline:county-administers-unincorporated-building","ok-caddo-caddo-county"
"county:40017","Canadian County","40","county","40017","","","delegation policy names 'county' for building permits in this state","baseline:county-administers-unincorporated-building","ok-canadian-canadian-county"
"county:40019","Carter County","40","county","40019","","","delegation policy names 'county' for building permits in this state","baseline:county-administers-unincorporated-building","ok-carter-carter-county"
"county:40021","Cherokee County","40","county","40021","","","delegation policy names 'county' for building permits in this state","baseline:county-administers-unincorporated-building","ok-cherokee-cherokee-county"
"county:40023","Choctaw County","40","county","40023","","","delegation policy names 'county' for building permits in this state","baseline:county-administers-unincorporated-building","ok-choctaw-choctaw-county"
"county:40025","Cimarron County","40","county","40025","","","delegation policy names 'county' for building permits in this state","baseline:county-administers-unincorporated-building","ok-cimarron-cimarron-county"
"county:40027","Cleveland County","40","county","40027","","","delegation policy names 'county' for building permits in this state","baseline:county-administers-unincorporated-building","ok-cleveland-cleveland-county"
"county:40029","Coal County","40","county","40029","","","delegation policy names 'county' for building permits in this state","baseline:county-administers-unincorporated-building","ok-coal-coal-county"
"county:40031","Comanche County","40","county","40031","","","delegation policy names 'county' for building permits in this state","baseline:county-administers-unincorporated-building","ok-comanche-comanche-county"
"county:40033","Cotton County","40","county","40033","","","delegation policy names 'county' for building permits in this state","baseline:county-administers-unincorporated-building","ok-cotton-cotton-county"
"county:40035","Craig County","40","county","40035","","","delegation policy names 'county' for building permits in this state","baseline:county-administers-unincorporated-building","ok-craig-craig-county"
"county:40037","Creek County","40","county","40037","","","delegation policy names 'county' for building permits in this state","baseline:county-administers-unincorporated-building","ok-creek-creek-county"
"county:40039","Custer County","40","county","40039","","","delegation policy names 'county' for building permits in this state","baseline:county-administers-unincorporated-building","ok-custer-custer-county"
"county:40041","Delaware County","40","county","40041","","","delegation policy names 'county' for building permits in this state","baseline:county-administers-unincorporated-building","ok-delaware-delaware-county"
"county:40043","Dewey County","40","county","40043","","","delegation policy names 'county' for building permits in this state","baseline:county-administers-unincorporated-building","ok-dewey-dewey-county"
"county:40045","Ellis County","40","county","40045","","","delegation policy names 'county' for building permits in this state","baseline:county-administers-unincorporated-building","ok-ellis-ellis-county"
"county:40047","Garfield County","40","county","40047","","","delegation policy names 'county' for building permits in this state","baseline:county-administers-unincorporated-building","ok-garfield-garfield-county"
"county:40049","Garvin County","40","county","40049","","","delegation policy names 'county' for building permits in this state","baseline:county-administers-unincorporated-building","ok-garvin-garvin-county"
"county:40051","Grady County","40","county","40051","","","delegation policy names 'county' for building permits in this state","baseline:county-administers-unincorporated-building","ok-grady-grady-county"
"county:40053","Grant County","40","county","40053","","","delegation policy names 'county' for building permits in this state","baseline:county-administers-unincorporated-building","ok-grant-grant-county"
"county:40055","Greer County","40","county","40055","","","delegation policy names 'county' for building permits in this state","baseline:county-administers-unincorporated-building","ok-greer-greer-county"
"county:40057","Harmon County","40","county","40057","","","delegation policy names 'county' for building permits in this state","baseline:county-administers-unincorporated-building","ok-harmon-harmon-county"
"county:40059","Harper County","40","county","40059","","","delegation policy names 'county' for building permits in this state","baseline:county-administers-unincorporated-building","ok-harper-harper-county"
"county:40061","Haskell County","40","county","40061","","","delegation policy names 'county' for building permits in this state","baseline:county-administers-unincorporated-building","ok-haskell-haskell-county"
"county:40063","Hughes County","40","county","40063","","","delegation policy names 'county' for building permits in this state","baseline:county-administers-unincorporated-building","ok-hughes-hughes-county"
"county:40065","Jackson County","40","county","40065","","","delegation policy names 'county' for building permits in this state","baseline:county-administers-unincorporated-building","ok-jackson-jackson-county"
"county:40067","Jefferson County","40","county","40067","","","delegation policy names 'county' for building permits in this state","baseline:county-administers-unincorporated-building","ok-jefferson-jefferson-county"
"county:40069","Johnston County","40","county","40069","","","delegation policy names 'county' for building permits in this state","baseline:county-administers-unincorporated-building","ok-johnston-johnston-county"
"county:40071","Kay County","40","county","40071","","","delegation policy names 'county' for building permits in this state","baseline:county-administers-unincorporated-building","ok-kay-kay-county"
"county:40073","Kingfisher County","40","county","40073","","","delegation policy names 'county' for building permits in this state","baseline:county-administers-unincorporated-building","ok-kingfisher-kingfisher-county"
"county:40075","Kiowa County","40","county","40075","","","delegation policy names 'county' for building permits in this state","baseline:county-administers-unincorporated-building","ok-kiowa-kiowa-county"
"county:40077","Latimer County","40","county","40077","","","delegation policy names 'county' for building permits in this state","baseline:county-administers-unincorporated-building","ok-latimer-latimer-county"
"county:40079","Le Flore County","40","county","40079","","","delegation policy names 'county' for building permits in this state","baseline:county-administers-unincorporated-building","ok-le-flore-le-flore-county"
"county:40081","Lincoln County","40","county","40081","","","delegation policy names 'county' for building permits in this state","baseline:county-administers-unincorporated-building","ok-lincoln-lincoln-county"
"county:40083","Logan County","40","county","40083","","","delegation policy names 'county' for building permits in this state","baseline:county-administers-unincorporated-building","ok-logan-logan-county"
"county:40085","Love County","40","county","40085","","","delegation policy names 'county' for building permits in this state","baseline:county-administers-unincorporated-building","ok-love-love-county"
"county:40087","McClain County","40","county","40087","","","delegation policy names 'county' for building permits in this state","baseline:county-administers-unincorporated-building","ok-mcclain-mcclain-county"
"county:40089","McCurtain County","40","county","40089","","","delegation policy names 'county' for building permits in this state","baseline:county-administers-unincorporated-building","ok-mccurtain-mccurtain-county"
"county:40091","McIntosh County","40","county","40091","","","delegation policy names 'county' for building permits in this state","baseline:county-administers-unincorporated-building","ok-mcintosh-mcintosh-county"
"county:40093","Major County","40","county","40093","","","delegation policy names 'county' for building permits in this state","baseline:county-administers-unincorporated-building","ok-major-major-county"
"county:40095","Marshall County","40","county","40095","","","delegation policy names 'county' for building permits in this state","baseline:county-administers-unincorporated-building","ok-marshall-marshall-county"
"county:40097","Mayes County","40","county","40097","","","delegation policy names 'county' for building permits in this state","baseline:county-administers-unincorporated-building","ok-mayes-mayes-county"
"county:40099","Murray County","40","county","40099","","","delegation policy names 'county' for building permits in this state","baseline:county-administers-unincorporated-building","ok-murray-murray-county"
"county:40101","Muskogee County","40","county","40101","","","delegation policy names 'county' for building permits in this state","baseline:county-administers-unincorporated-building","ok-muskogee-muskogee-county"
"county:40103","Noble County","40","county","40103","","","delegation policy names 'county' for building permits in this state","baseline:county-administers-unincorporated-building","ok-noble-noble-county"
"county:40105","Nowata County","40","county","40105","","","delegation policy names 'county' for building permits in this state","baseline:county-administers-unincorporated-building","ok-nowata-nowata-county"
"county:40107","Okfuskee County","40","county","40107","","","delegation policy names 'county' for building permits in this state","baseline:county-administers-unincorporated-building","ok-okfuskee-okfuskee-county"
"county:40109","Oklahoma County","40","county","40109","","","delegation policy names 'county' for building permits in this state","baseline:county-administers-unincorporated-building","ok-oklahoma-oklahoma-county"
"county:40111","Okmulgee County","40","county","40111","","","delegation policy names 'county' for building permits in this state","baseline:county-administers-unincorporated-building","ok-okmulgee-okmulgee-county"
"county:40113","Osage County","40","county","40113","","","delegation policy names 'county' for building permits in this state","baseline:county-administers-unincorporated-building","ok-osage-osage-county"
"county:40115","Ottawa County","40","county","40115","","","delegation policy names 'county' for building permits in this state","baseline:county-administers-unincorporated-building","ok-ottawa-ottawa-county"
"county:40117","Pawnee County","40","county","40117","","","delegation policy names 'county' for building permits in this state","baseline:county-administers-unincorporated-building","ok-pawnee-pawnee-county"
"county:40119","Payne County","40","county","40119","","","delegation policy names 'county' for building permits in this state","baseline:county-administers-unincorporated-building","ok-payne-payne-county"
"county:40121","Pittsburg County","40","county","40121","","","delegation policy names 'county' for building permits in this state","baseline:county-administers-unincorporated-building","ok-pittsburg-pittsburg-county"
"county:40123","Pontotoc County","40","county","40123","","","delegation policy names 'county' for building permits in this state","baseline:county-administers-unincorporated-building","ok-pontotoc-pontotoc-county"
"county:40125","Pottawatomie County","40","county","40125","","","delegation policy names 'county' for building permits in this state","baseline:county-administers-unincorporated-building","ok-pottawatomie-pottawatomie-county"
"county:40127","Pushmataha County","40","county","40127","","","delegation policy names 'county' for building permits in this state","baseline:county-administers-unincorporated-building","ok-pushmataha-pushmataha-county"
"county:40129","Roger Mills County","40","county","40129","","","delegation policy names 'county' for building permits in this state","baseline:county-administers-unincorporated-building","ok-roger-mills-roger-mills-county"
"county:40131","Rogers County","40","county","40131","","","delegation policy names 'county' for building permits in this state","baseline:county-administers-unincorporated-building","ok-rogers-rogers-county"
"county:40133","Seminole County","40","county","40133","","","delegation policy names 'county' for building permits in this state","baseline:county-administers-unincorporated-building","ok-seminole-seminole-county"
"county:40135","Sequoyah County","40","county","40135","","","delegation policy names 'county' for building permits in this state","baseline:county-administers-unincorporated-building","ok-sequoyah-sequoyah-county"
"county:40137","Stephens County","40","county","40137","","","delegation policy names 'county' for building permits in this state","baseline:county-administers-unincorporated-building","ok-stephens-stephens-county"
"county:40139","Texas County","40","county","40139","","","delegation policy names 'county' for building permits in this state","baseline:county-administers-unincorporated-building","ok-texas-texas-county"
"county:40141","Tillman County","40","county","40141","","","delegation policy names 'county' for building permits in this state","baseline:county-administers-unincorporated-building","ok-tillman-tillman-county"
"county:40143","Tulsa County","40","county","40143","","","delegation policy names 'county' for building permits in this state","baseline:county-administers-unincorporated-building","ok-tulsa-tulsa-county"
"county:40145","Wagoner County","40","county","40145","","","delegation policy names 'county' for building permits in this state","baseline:county-administers-unincorporated-building","ok-wagoner-wagoner-county"
"county:40147","Washington County","40","county","40147","","","delegation policy names 'county' for building permits in this state","baseline:county-administers-unincorporated-building","ok-washington-washington-county"
"county:40149","Washita County","40","county","40149","","","delegation policy names 'county' for building permits in this state","baseline:county-administers-unincorporated-building","ok-washita-washita-county"
"county:40151","Woods County","40","county","40151","","","delegation policy names 'county' for building permits in this state","baseline:county-administers-unincorporated-building","ok-woods-woods-county"
"county:40153","Woodward County","40","county","40153","","","delegation policy names 'county' for building permits in this state","baseline:county-administers-unincorporated-building","ok-woodward-woodward-county"
"county:41001","Baker County","41","county","41001","","","delegation policy names 'county' for building permits in this state","baseline:county-administers-unincorporated-building","or-baker-baker-county"
"county:41003","Benton County","41","county","41003","","","delegation policy names 'county' for building permits in this state","baseline:county-administers-unincorporated-building","or-benton-benton-county"
"county:41005","Clackamas County","41","county","41005","","","delegation policy names 'county' for building permits in this state","baseline:county-administers-unincorporated-building","or-clackamas-clackamas-county"
"county:41007","Clatsop County","41","county","41007","","","delegation policy names 'county' for building permits in this state","baseline:county-administers-unincorporated-building","or-clatsop-clatsop-county"
"county:41009","Columbia County","41","county","41009","","","delegation policy names 'county' for building permits in this state","baseline:county-administers-unincorporated-building","or-columbia-columbia-county"
"county:41011","Coos County","41","county","41011","","","delegation policy names 'county' for building permits in this state","baseline:county-administers-unincorporated-building","or-coos-coos-county"
"county:41013","Crook County","41","county","41013","","","delegation policy names 'county' for building permits in this state","baseline:county-administers-unincorporated-building","or-crook-crook-county"
"county:41015","Curry County","41","county","41015","","","delegation policy names 'county' for building permits in this state","baseline:county-administers-unincorporated-building","or-curry-curry-county"
"county:41017","Deschutes County","41","county","41017","","","delegation policy names 'county' for building permits in this state","baseline:county-administers-unincorporated-building","or-deschutes-deschutes-county"
"county:41019","Douglas County","41","county","41019","","","delegation policy names 'county' for building permits in this state","baseline:county-administers-unincorporated-building","or-douglas-douglas-county"
"county:41021","Gilliam County","41","county","41021","","","delegation policy names 'county' for building permits in this state","baseline:county-administers-unincorporated-building","or-gilliam-gilliam-county"
"county:41023","Grant County","41","county","41023","","","delegation policy names 'county' for building permits in this state","baseline:county-administers-unincorporated-building","or-grant-grant-county"
"county:41025","Harney County","41","county","41025","","","delegation policy names 'county' for building permits in this state","baseline:county-administers-unincorporated-building","or-harney-harney-county"
"county:41027","Hood River County","41","county","41027","","","delegation policy names 'county' for building permits in this state","baseline:county-administers-unincorporated-building","or-hood-river-hood-river-county"
"county:41029","Jackson County","41","county","41029","","","delegation policy names 'county' for building permits in this state","baseline:county-administers-unincorporated-building","or-jackson-jackson-county"
"county:41031","Jefferson County","41","county","41031","","","delegation policy names 'county' for building permits in this state","baseline:county-administers-unincorporated-building","or-jefferson-jefferson-county"
"county:41033","Josephine County","41","county","41033","","","delegation policy names 'county' for building permits in this state","baseline:county-administers-unincorporated-building","or-josephine-josephine-county"
"county:41035","Klamath County","41","county","41035","","","delegation policy names 'county' for building permits in this state","baseline:county-administers-unincorporated-building","or-klamath-klamath-county"
"county:41037","Lake County","41","county","41037","","","delegation policy names 'county' for building permits in this state","baseline:county-administers-unincorporated-building","or-lake-lake-county"
"county:41039","Lane County","41","county","41039","","","delegation policy names 'county' for building permits in this state","baseline:county-administers-unincorporated-building","or-lane-lane-county"
"county:41041","Lincoln County","41","county","41041","","","delegation policy names 'county' for building permits in this state","baseline:county-administers-unincorporated-building","or-lincoln-lincoln-county"
"county:41043","Linn County","41","county","41043","","","delegation policy names 'county' for building permits in this state","baseline:county-administers-unincorporated-building","or-linn-linn-county"
"county:41045","Malheur County","41","county","41045","","","delegation policy names 'county' for building permits in this state","baseline:county-administers-unincorporated-building","or-malheur-malheur-county"
"county:41047","Marion County","41","county","41047","","","delegation policy names 'county' for building permits in this state","baseline:county-administers-unincorporated-building","or-marion-marion-county"
"county:41049","Morrow County","41","county","41049","","","delegation policy names 'county' for building permits in this state","baseline:county-administers-unincorporated-building","or-morrow-morrow-county"
"county:41051","Multnomah County","41","county","41051","","","delegation policy names 'county' for building permits in this state","baseline:county-administers-unincorporated-building","or-multnomah-multnomah-county"
"county:41053","Polk County","41","county","41053","","","delegation policy names 'county' for building permits in this state","baseline:county-administers-unincorporated-building","or-polk-polk-county"
"county:41055","Sherman County","41","county","41055","","","delegation policy names 'county' for building permits in this state","baseline:county-administers-unincorporated-building","or-sherman-sherman-county"
"county:41057","Tillamook County","41","county","41057","","","delegation policy names 'county' for building permits in this state","baseline:county-administers-unincorporated-building","or-tillamook-tillamook-county"
"county:41059","Umatilla County","41","county","41059","","","delegation policy names 'county' for building permits in this state","baseline:county-administers-unincorporated-building","or-umatilla-umatilla-county"
"county:41061","Union County","41","county","41061","","","delegation policy names 'county' for building permits in this state","baseline:county-administers-unincorporated-building","or-union-union-county"
"county:41063","Wallowa County","41","county","41063","","","delegation policy names 'county' for building permits in this state","baseline:county-administers-unincorporated-building","or-wallowa-wallowa-county"
"county:41065","Wasco County","41","county","41065","","","delegation policy names 'county' for building permits in this state","baseline:county-administers-unincorporated-building","or-wasco-wasco-county"
"county:41067","Washington County","41","county","41067","","","delegation policy names 'county' for building permits in this state","baseline:county-administers-unincorporated-building","or-washington-washington-county"
"county:41069","Wheeler County","41","county","41069","","","delegation policy names 'county' for building permits in this state","baseline:county-administers-unincorporated-building","or-wheeler-wheeler-county"
"county:41071","Yamhill County","41","county","41071","","","delegation policy names 'county' for building permits in this state","baseline:county-administers-unincorporated-building","or-yamhill-yamhill-county"
"county:42001","Adams County","42","county","42001","","","delegation policy names 'county' for building permits in this state","baseline:county-administers-unincorporated-building","pa-adams-adams-county"
"county:42003","Allegheny County","42","county","42003","","","delegation policy names 'county' for building permits in this state","baseline:county-administers-unincorporated-building","pa-allegheny-allegheny-county"
"county:42005","Armstrong County","42","county","42005","","","delegation policy names 'county' for building permits in this state","baseline:county-administers-unincorporated-building","pa-armstrong-armstrong-county"
"county:42007","Beaver County","42","county","42007","","","delegation policy names 'county' for building permits in this state","baseline:county-administers-unincorporated-building","pa-beaver-beaver-county"
"county:42009","Bedford County","42","county","42009","","","delegation policy names 'county' for building permits in this state","baseline:county-administers-unincorporated-building","pa-bedford-bedford-county"
"county:42011","Berks County","42","county","42011","","","delegation policy names 'county' for building permits in this state","baseline:county-administers-unincorporated-building","pa-berks-berks-county"
"county:42013","Blair County","42","county","42013","","","delegation policy names 'county' for building permits in this state","baseline:county-administers-unincorporated-building","pa-blair-blair-county"
"county:42015","Bradford County","42","county","42015","","","delegation policy names 'county' for building permits in this state","baseline:county-administers-unincorporated-building","pa-bradford-bradford-county"
"county:42017","Bucks County","42","county","42017","","","delegation policy names 'county' for building permits in this state","baseline:county-administers-unincorporated-building","pa-bucks-bucks-county"
"county:42019","Butler County","42","county","42019","","","delegation policy names 'county' for building permits in this state","baseline:county-administers-unincorporated-building","pa-butler-butler-county"
"county:42021","Cambria County","42","county","42021","","","delegation policy names 'county' for building permits in this state","baseline:county-administers-unincorporated-building","pa-cambria-cambria-county"
"county:42023","Cameron County","42","county","42023","","","delegation policy names 'county' for building permits in this state","baseline:county-administers-unincorporated-building","pa-cameron-cameron-county"
"county:42025","Carbon County","42","county","42025","","","delegation policy names 'county' for building permits in this state","baseline:county-administers-unincorporated-building","pa-carbon-carbon-county"
"county:42027","Centre County","42","county","42027","","","delegation policy names 'county' for building permits in this state","baseline:county-administers-unincorporated-building","pa-centre-centre-county"
"county:42029","Chester County","42","county","42029","","","delegation policy names 'county' for building permits in this state","baseline:county-administers-unincorporated-building","pa-chester-chester-county"
"county:42031","Clarion County","42","county","42031","","","delegation policy names 'county' for building permits in this state","baseline:county-administers-unincorporated-building","pa-clarion-clarion-county"
"county:42033","Clearfield County","42","county","42033","","","delegation policy names 'county' for building permits in this state","baseline:county-administers-unincorporated-building","pa-clearfield-clearfield-county"
"county:42035","Clinton County","42","county","42035","","","delegation policy names 'county' for building permits in this state","baseline:county-administers-unincorporated-building","pa-clinton-clinton-county"
"county:42037","Columbia County","42","county","42037","","","delegation policy names 'county' for building permits in this state","baseline:county-administers-unincorporated-building","pa-columbia-columbia-county"
"county:42039","Crawford County","42","county","42039","","","delegation policy names 'county' for building permits in this state","baseline:county-administers-unincorporated-building","pa-crawford-crawford-county"
"county:42041","Cumberland County","42","county","42041","","","delegation policy names 'county' for building permits in this state","baseline:county-administers-unincorporated-building","pa-cumberland-cumberland-county"
"county:42043","Dauphin County","42","county","42043","","","delegation policy names 'county' for building permits in this state","baseline:county-administers-unincorporated-building","pa-dauphin-dauphin-county"
"county:42045","Delaware County","42","county","42045","","","delegation policy names 'county' for building permits in this state","baseline:county-administers-unincorporated-building","pa-delaware-delaware-county"
"county:42047","Elk County","42","county","42047","","","delegation policy names 'county' for building permits in this state","baseline:county-administers-unincorporated-building","pa-elk-elk-county"
"county:42049","Erie County","42","county","42049","","","delegation policy names 'county' for building permits in this state","baseline:county-administers-unincorporated-building","pa-erie-erie-county"
"county:42051","Fayette County","42","county","42051","","","delegation policy names 'county' for building permits in this state","baseline:county-administers-unincorporated-building","pa-fayette-fayette-county"
"county:42053","Forest County","42","county","42053","","","delegation policy names 'county' for building permits in this state","baseline:county-administers-unincorporated-building","pa-forest-forest-county"
"county:42055","Franklin County","42","county","42055","","","delegation policy names 'county' for building permits in this state","baseline:county-administers-unincorporated-building","pa-franklin-franklin-county"
"county:42057","Fulton County","42","county","42057","","","delegation policy names 'county' for building permits in this state","baseline:county-administers-unincorporated-building","pa-fulton-fulton-county"
"county:42059","Greene County","42","county","42059","","","delegation policy names 'county' for building permits in this state","baseline:county-administers-unincorporated-building","pa-greene-greene-county"
"county:42061","Huntingdon County","42","county","42061","","","delegation policy names 'county' for building permits in this state","baseline:county-administers-unincorporated-building","pa-huntingdon-huntingdon-county"
"county:42063","Indiana County","42","county","42063","","","delegation policy names 'county' for building permits in this state","baseline:county-administers-unincorporated-building","pa-indiana-indiana-county"
"county:42065","Jefferson County","42","county","42065","","","delegation policy names 'county' for building permits in this state","baseline:county-administers-unincorporated-building","pa-jefferson-jefferson-county"
"county:42067","Juniata County","42","county","42067","","","delegation policy names 'county' for building permits in this state","baseline:county-administers-unincorporated-building","pa-juniata-juniata-county"
"county:42069","Lackawanna County","42","county","42069","","","delegation policy names 'county' for building permits in this state","baseline:county-administers-unincorporated-building","pa-lackawanna-lackawanna-county"
"county:42071","Lancaster County","42","county","42071","","","delegation policy names 'county' for building permits in this state","baseline:county-administers-unincorporated-building","pa-lancaster-lancaster-county"
"county:42073","Lawrence County","42","county","42073","","","delegation policy names 'county' for building permits in this state","baseline:county-administers-unincorporated-building","pa-lawrence-lawrence-county"
"county:42075","Lebanon County","42","county","42075","","","delegation policy names 'county' for building permits in this state","baseline:county-administers-unincorporated-building","pa-lebanon-lebanon-county"
"county:42077","Lehigh County","42","county","42077","","","delegation policy names 'county' for building permits in this state","baseline:county-administers-unincorporated-building","pa-lehigh-lehigh-county"
"county:42079","Luzerne County","42","county","42079","","","delegation policy names 'county' for building permits in this state","baseline:county-administers-unincorporated-building","pa-luzerne-luzerne-county"
"county:42081","Lycoming County","42","county","42081","","","delegation policy names 'county' for building permits in this state","baseline:county-administers-unincorporated-building","pa-lycoming-lycoming-county"
"county:42083","McKean County","42","county","42083","","","delegation policy names 'county' for building permits in this state","baseline:county-administers-unincorporated-building","pa-mckean-mckean-county"
"county:42085","Mercer County","42","county","42085","","","delegation policy names 'county' for building permits in this state","baseline:county-administers-unincorporated-building","pa-mercer-mercer-county"
"county:42087","Mifflin County","42","county","42087","","","delegation policy names 'county' for building permits in this state","baseline:county-administers-unincorporated-building","pa-mifflin-mifflin-county"
"county:42089","Monroe County","42","county","42089","","","delegation policy names 'county' for building permits in this state","baseline:county-administers-unincorporated-building","pa-monroe-monroe-county"
"county:42091","Montgomery County","42","county","42091","","","delegation policy names 'county' for building permits in this state","baseline:county-administers-unincorporated-building","pa-montgomery-montgomery-county"
"county:42093","Montour County","42","county","42093","","","delegation policy names 'county' for building permits in this state","baseline:county-administers-unincorporated-building","pa-montour-montour-county"
"county:42095","Northampton County","42","county","42095","","","delegation policy names 'county' for building permits in this state","baseline:county-administers-unincorporated-building","pa-northampton-northampton-county"
"county:42097","Northumberland County","42","county","42097","","","delegation policy names 'county' for building permits in this state","baseline:county-administers-unincorporated-building","pa-northumberland-northumberland-county"
"county:42099","Perry County","42","county","42099","","","delegation policy names 'county' for building permits in this state","baseline:county-administers-unincorporated-building","pa-perry-perry-county"
"county:42101","Philadelphia County","42","consolidated-government","42101","","","delegation policy names 'consolidated-government' for building permits in this state","baseline:incorporated-place-administers-building","pa-philadelphia-philadelphia-county"
"county:42103","Pike County","42","county","42103","","","delegation policy names 'county' for building permits in this state","baseline:county-administers-unincorporated-building","pa-pike-pike-county"
"county:42105","Potter County","42","county","42105","","","delegation policy names 'county' for building permits in this state","baseline:county-administers-unincorporated-building","pa-potter-potter-county"
"county:42107","Schuylkill County","42","county","42107","","","delegation policy names 'county' for building permits in this state","baseline:county-administers-unincorporated-building","pa-schuylkill-schuylkill-county"
"county:42109","Snyder County","42","county","42109","","","delegation policy names 'county' for building permits in this state","baseline:county-administers-unincorporated-building","pa-snyder-snyder-county"
"county:42111","Somerset County","42","county","42111","","","delegation policy names 'county' for building permits in this state","baseline:county-administers-unincorporated-building","pa-somerset-somerset-county"
"county:42113","Sullivan County","42","county","42113","","","delegation policy names 'county' for building permits in this state","baseline:county-administers-unincorporated-building","pa-sullivan-sullivan-county"
"county:42115","Susquehanna County","42","county","42115","","","delegation policy names 'county' for building permits in this state","baseline:county-administers-unincorporated-building","pa-susquehanna-susquehanna-county"
"county:42117","Tioga County","42","county","42117","","","delegation policy names 'county' for building permits in this state","baseline:county-administers-unincorporated-building","pa-tioga-tioga-county"
"county:42119","Union County","42","county","42119","","","delegation policy names 'county' for building permits in this state","baseline:county-administers-unincorporated-building","pa-union-union-county"
"county:42121","Venango County","42","county","42121","","","delegation policy names 'county' for building permits in this state","baseline:county-administers-unincorporated-building","pa-venango-venango-county"
"county:42123","Warren County","42","county","42123","","","delegation policy names 'county' for building permits in this state","baseline:county-administers-unincorporated-building","pa-warren-warren-county"
"county:42125","Washington County","42","county","42125","","","delegation policy names 'county' for building permits in this state","baseline:county-administers-unincorporated-building","pa-washington-washington-county"
"county:42127","Wayne County","42","county","42127","","","delegation policy names 'county' for building permits in this state","baseline:county-administers-unincorporated-building","pa-wayne-wayne-county"
"county:42129","Westmoreland County","42","county","42129","","","delegation policy names 'county' for building permits in this state","baseline:county-administers-unincorporated-building","pa-westmoreland-westmoreland-county"
"county:42131","Wyoming County","42","county","42131","","","delegation policy names 'county' for building permits in this state","baseline:county-administers-unincorporated-building","pa-wyoming-wyoming-county"
"county:42133","York County","42","county","42133","","","delegation policy names 'county' for building permits in this state","baseline:county-administers-unincorporated-building","pa-york-york-county"
"county:45001","Abbeville County","45","county","45001","","","delegation policy names 'county' for building permits in this state","baseline:county-administers-unincorporated-building","sc-abbeville-abbeville-county"
"county:45003","Aiken County","45","county","45003","","","delegation policy names 'county' for building permits in this state","baseline:county-administers-unincorporated-building","sc-aiken-aiken-county"
"county:45005","Allendale County","45","county","45005","","","delegation policy names 'county' for building permits in this state","baseline:county-administers-unincorporated-building","sc-allendale-allendale-county"
"county:45007","Anderson County","45","county","45007","","","delegation policy names 'county' for building permits in this state","baseline:county-administers-unincorporated-building","sc-anderson-anderson-county"
"county:45009","Bamberg County","45","county","45009","","","delegation policy names 'county' for building permits in this state","baseline:county-administers-unincorporated-building","sc-bamberg-bamberg-county"
"county:45011","Barnwell County","45","county","45011","","","delegation policy names 'county' for building permits in this state","baseline:county-administers-unincorporated-building","sc-barnwell-barnwell-county"
"county:45013","Beaufort County","45","county","45013","","","delegation policy names 'county' for building permits in this state","baseline:county-administers-unincorporated-building","sc-beaufort-beaufort-county"
"county:45015","Berkeley County","45","county","45015","","","delegation policy names 'county' for building permits in this state","baseline:county-administers-unincorporated-building","sc-berkeley-berkeley-county"
"county:45017","Calhoun County","45","county","45017","","","delegation policy names 'county' for building permits in this state","baseline:county-administers-unincorporated-building","sc-calhoun-calhoun-county"
"county:45019","Charleston County","45","county","45019","","","delegation policy names 'county' for building permits in this state","baseline:county-administers-unincorporated-building","sc-charleston-charleston-county"
"county:45021","Cherokee County","45","county","45021","","","delegation policy names 'county' for building permits in this state","baseline:county-administers-unincorporated-building","sc-cherokee-cherokee-county"
"county:45023","Chester County","45","county","45023","","","delegation policy names 'county' for building permits in this state","baseline:county-administers-unincorporated-building","sc-chester-chester-county"
"county:45025","Chesterfield County","45","county","45025","","","delegation policy names 'county' for building permits in this state","baseline:county-administers-unincorporated-building","sc-chesterfield-chesterfield-county"
"county:45027","Clarendon County","45","county","45027","","","delegation policy names 'county' for building permits in this state","baseline:county-administers-unincorporated-building","sc-clarendon-clarendon-county"
"county:45029","Colleton County","45","county","45029","","","delegation policy names 'county' for building permits in this state","baseline:county-administers-unincorporated-building","sc-colleton-colleton-county"
"county:45031","Darlington County","45","county","45031","","","delegation policy names 'county' for building permits in this state","baseline:county-administers-unincorporated-building","sc-darlington-darlington-county"
"county:45033","Dillon County","45","county","45033","","","delegation policy names 'county' for building permits in this state","baseline:county-administers-unincorporated-building","sc-dillon-dillon-county"
"county:45035","Dorchester County","45","county","45035","","","delegation policy names 'county' for building permits in this state","baseline:county-administers-unincorporated-building","sc-dorchester-dorchester-county"
"county:45037","Edgefield County","45","county","45037","","","delegation policy names 'county' for building permits in this state","baseline:county-administers-unincorporated-building","sc-edgefield-edgefield-county"
"county:45039","Fairfield County","45","county","45039","","","delegation policy names 'county' for building permits in this state","baseline:county-administers-unincorporated-building","sc-fairfield-fairfield-county"
"county:45041","Florence County","45","county","45041","","","delegation policy names 'county' for building permits in this state","baseline:county-administers-unincorporated-building","sc-florence-florence-county"
"county:45043","Georgetown County","45","county","45043","","","delegation policy names 'county' for building permits in this state","baseline:county-administers-unincorporated-building","sc-georgetown-georgetown-county"
"county:45045","Greenville County","45","county","45045","","","delegation policy names 'county' for building permits in this state","baseline:county-administers-unincorporated-building","sc-greenville-greenville-county"
"county:45047","Greenwood County","45","county","45047","","","delegation policy names 'county' for building permits in this state","baseline:county-administers-unincorporated-building","sc-greenwood-greenwood-county"
"county:45049","Hampton County","45","county","45049","","","delegation policy names 'county' for building permits in this state","baseline:county-administers-unincorporated-building","sc-hampton-hampton-county"
"county:45051","Horry County","45","county","45051","","","delegation policy names 'county' for building permits in this state","baseline:county-administers-unincorporated-building","sc-horry-horry-county"
"county:45053","Jasper County","45","county","45053","","","delegation policy names 'county' for building permits in this state","baseline:county-administers-unincorporated-building","sc-jasper-jasper-county"
"county:45055","Kershaw County","45","county","45055","","","delegation policy names 'county' for building permits in this state","baseline:county-administers-unincorporated-building","sc-kershaw-kershaw-county"
"county:45057","Lancaster County","45","county","45057","","","delegation policy names 'county' for building permits in this state","baseline:county-administers-unincorporated-building","sc-lancaster-lancaster-county"
"county:45059","Laurens County","45","county","45059","","","delegation policy names 'county' for building permits in this state","baseline:county-administers-unincorporated-building","sc-laurens-laurens-county"
"county:45061","Lee County","45","county","45061","","","delegation policy names 'county' for building permits in this state","baseline:county-administers-unincorporated-building","sc-lee-lee-county"
"county:45063","Lexington County","45","county","45063","","","delegation policy names 'county' for building permits in this state","baseline:county-administers-unincorporated-building","sc-lexington-lexington-county"
"county:45065","McCormick County","45","county","45065","","","delegation policy names 'county' for building permits in this state","baseline:county-administers-unincorporated-building","sc-mccormick-mccormick-county"
"county:45067","Marion County","45","county","45067","","","delegation policy names 'county' for building permits in this state","baseline:county-administers-unincorporated-building","sc-marion-marion-county"
"county:45069","Marlboro County","45","county","45069","","","delegation policy names 'county' for building permits in this state","baseline:county-administers-unincorporated-building","sc-marlboro-marlboro-county"
"county:45071","Newberry County","45","county","45071","","","delegation policy names 'county' for building permits in this state","baseline:county-administers-unincorporated-building","sc-newberry-newberry-county"
"county:45073","Oconee County","45","county","45073","","","delegation policy names 'county' for building permits in this state","baseline:county-administers-unincorporated-building","sc-oconee-oconee-county"
"county:45075","Orangeburg County","45","county","45075","","","delegation policy names 'county' for building permits in this state","baseline:county-administers-unincorporated-building","sc-orangeburg-orangeburg-county"
"county:45077","Pickens County","45","county","45077","","","delegation policy names 'county' for building permits in this state","baseline:county-administers-unincorporated-building","sc-pickens-pickens-county"
"county:45079","Richland County","45","county","45079","","","delegation policy names 'county' for building permits in this state","baseline:county-administers-unincorporated-building","sc-richland-richland-county"
"county:45081","Saluda County","45","county","45081","","","delegation policy names 'county' for building permits in this state","baseline:county-administers-unincorporated-building","sc-saluda-saluda-county"
"county:45083","Spartanburg County","45","county","45083","","","delegation policy names 'county' for building permits in this state","baseline:county-administers-unincorporated-building","sc-spartanburg-spartanburg-county"
"county:45085","Sumter County","45","county","45085","","","delegation policy names 'county' for building permits in this state","baseline:county-administers-unincorporated-building","sc-sumter-sumter-county"
"county:45087","Union County","45","county","45087","","","delegation policy names 'county' for building permits in this state","baseline:county-administers-unincorporated-building","sc-union-union-county"
"county:45089","Williamsburg County","45","county","45089","","","delegation policy names 'county' for building permits in this state","baseline:county-administers-unincorporated-building","sc-williamsburg-williamsburg-county"
"county:45091","York County","45","county","45091","","","delegation policy names 'county' for building permits in this state","baseline:county-administers-unincorporated-building","sc-york-york-county"
"county:46003","Aurora County","46","county","46003","","","delegation policy names 'county' for building permits in this state","baseline:county-administers-unincorporated-building","sd-aurora-aurora-county"
"county:46005","Beadle County","46","county","46005","","","delegation policy names 'county' for building permits in this state","baseline:county-administers-unincorporated-building","sd-beadle-beadle-county"
"county:46007","Bennett County","46","county","46007","","","delegation policy names 'county' for building permits in this state","baseline:county-administers-unincorporated-building","sd-bennett-bennett-county"
"county:46009","Bon Homme County","46","county","46009","","","delegation policy names 'county' for building permits in this state","baseline:county-administers-unincorporated-building","sd-bon-homme-bon-homme-county"
"county:46011","Brookings County","46","county","46011","","","delegation policy names 'county' for building permits in this state","baseline:county-administers-unincorporated-building","sd-brookings-brookings-county"
"county:46013","Brown County","46","county","46013","","","delegation policy names 'county' for building permits in this state","baseline:county-administers-unincorporated-building","sd-brown-brown-county"
"county:46015","Brule County","46","county","46015","","","delegation policy names 'county' for building permits in this state","baseline:county-administers-unincorporated-building","sd-brule-brule-county"
"county:46017","Buffalo County","46","county","46017","","","delegation policy names 'county' for building permits in this state","baseline:county-administers-unincorporated-building","sd-buffalo-buffalo-county"
"county:46019","Butte County","46","county","46019","","","delegation policy names 'county' for building permits in this state","baseline:county-administers-unincorporated-building","sd-butte-butte-county"
"county:46021","Campbell County","46","county","46021","","","delegation policy names 'county' for building permits in this state","baseline:county-administers-unincorporated-building","sd-campbell-campbell-county"
"county:46023","Charles Mix County","46","county","46023","","","delegation policy names 'county' for building permits in this state","baseline:county-administers-unincorporated-building","sd-charles-mix-charles-mix-county"
"county:46025","Clark County","46","county","46025","","","delegation policy names 'county' for building permits in this state","baseline:county-administers-unincorporated-building","sd-clark-clark-county"
"county:46027","Clay County","46","county","46027","","","delegation policy names 'county' for building permits in this state","baseline:county-administers-unincorporated-building","sd-clay-clay-county"
"county:46029","Codington County","46","county","46029","","","delegation policy names 'county' for building permits in this state","baseline:county-administers-unincorporated-building","sd-codington-codington-county"
"county:46031","Corson County","46","county","46031","","","delegation policy names 'county' for building permits in this state","baseline:county-administers-unincorporated-building","sd-corson-corson-county"
"county:46033","Custer County","46","county","46033","","","delegation policy names 'county' for building permits in this state","baseline:county-administers-unincorporated-building","sd-custer-custer-county"
"county:46035","Davison County","46","county","46035","","","delegation policy names 'county' for building permits in this state","baseline:county-administers-unincorporated-building","sd-davison-davison-county"
"county:46037","Day County","46","county","46037","","","delegation policy names 'county' for building permits in this state","baseline:county-administers-unincorporated-building","sd-day-day-county"
"county:46039","Deuel County","46","county","46039","","","delegation policy names 'county' for building permits in this state","baseline:county-administers-unincorporated-building","sd-deuel-deuel-county"
"county:46041","Dewey County","46","county","46041","","","delegation policy names 'county' for building permits in this state","baseline:county-administers-unincorporated-building","sd-dewey-dewey-county"
"county:46043","Douglas County","46","county","46043","","","delegation policy names 'county' for building permits in this state","baseline:county-administers-unincorporated-building","sd-douglas-douglas-county"
"county:46045","Edmunds County","46","county","46045","","","delegation policy names 'county' for building permits in this state","baseline:county-administers-unincorporated-building","sd-edmunds-edmunds-county"
"county:46047","Fall River County","46","county","46047","","","delegation policy names 'county' for building permits in this state","baseline:county-administers-unincorporated-building","sd-fall-river-fall-river-county"
"county:46049","Faulk County","46","county","46049","","","delegation policy names 'county' for building permits in this state","baseline:county-administers-unincorporated-building","sd-faulk-faulk-county"
"county:46051","Grant County","46","county","46051","","","delegation policy names 'county' for building permits in this state","baseline:county-administers-unincorporated-building","sd-grant-grant-county"
"county:46053","Gregory County","46","county","46053","","","delegation policy names 'county' for building permits in this state","baseline:county-administers-unincorporated-building","sd-gregory-gregory-county"
"county:46055","Haakon County","46","county","46055","","","delegation policy names 'county' for building permits in this state","baseline:county-administers-unincorporated-building","sd-haakon-haakon-county"
"county:46057","Hamlin County","46","county","46057","","","delegation policy names 'county' for building permits in this state","baseline:county-administers-unincorporated-building","sd-hamlin-hamlin-county"
"county:46059","Hand County","46","county","46059","","","delegation policy names 'county' for building permits in this state","baseline:county-administers-unincorporated-building","sd-hand-hand-county"
"county:46061","Hanson County","46","county","46061","","","delegation policy names 'county' for building permits in this state","baseline:county-administers-unincorporated-building","sd-hanson-hanson-county"
"county:46063","Harding County","46","county","46063","","","delegation policy names 'county' for building permits in this state","baseline:county-administers-unincorporated-building","sd-harding-harding-county"
"county:46065","Hughes County","46","county","46065","","","delegation policy names 'county' for building permits in this state","baseline:county-administers-unincorporated-building","sd-hughes-hughes-county"
"county:46067","Hutchinson County","46","county","46067","","","delegation policy names 'county' for building permits in this state","baseline:county-administers-unincorporated-building","sd-hutchinson-hutchinson-county"
"county:46069","Hyde County","46","county","46069","","","delegation policy names 'county' for building permits in this state","baseline:county-administers-unincorporated-building","sd-hyde-hyde-county"
"county:46071","Jackson County","46","county","46071","","","delegation policy names 'county' for building permits in this state","baseline:county-administers-unincorporated-building","sd-jackson-jackson-county"
"county:46073","Jerauld County","46","county","46073","","","delegation policy names 'county' for building permits in this state","baseline:county-administers-unincorporated-building","sd-jerauld-jerauld-county"
"county:46075","Jones County","46","county","46075","","","delegation policy names 'county' for building permits in this state","baseline:county-administers-unincorporated-building","sd-jones-jones-county"
"county:46077","Kingsbury County","46","county","46077","","","delegation policy names 'county' for building permits in this state","baseline:county-administers-unincorporated-building","sd-kingsbury-kingsbury-county"
"county:46079","Lake County","46","county","46079","","","delegation policy names 'county' for building permits in this state","baseline:county-administers-unincorporated-building","sd-lake-lake-county"
"county:46081","Lawrence County","46","county","46081","","","delegation policy names 'county' for building permits in this state","baseline:county-administers-unincorporated-building","sd-lawrence-lawrence-county"
"county:46083","Lincoln County","46","county","46083","","","delegation policy names 'county' for building permits in this state","baseline:county-administers-unincorporated-building","sd-lincoln-lincoln-county"
"county:46085","Lyman County","46","county","46085","","","delegation policy names 'county' for building permits in this state","baseline:county-administers-unincorporated-building","sd-lyman-lyman-county"
"county:46087","McCook County","46","county","46087","","","delegation policy names 'county' for building permits in this state","baseline:county-administers-unincorporated-building","sd-mccook-mccook-county"
"county:46089","McPherson County","46","county","46089","","","delegation policy names 'county' for building permits in this state","baseline:county-administers-unincorporated-building","sd-mcpherson-mcpherson-county"
"county:46091","Marshall County","46","county","46091","","","delegation policy names 'county' for building permits in this state","baseline:county-administers-unincorporated-building","sd-marshall-marshall-county"
"county:46093","Meade County","46","county","46093","","","delegation policy names 'county' for building permits in this state","baseline:county-administers-unincorporated-building","sd-meade-meade-county"
"county:46095","Mellette County","46","county","46095","","","delegation policy names 'county' for building permits in this state","baseline:county-administers-unincorporated-building","sd-mellette-mellette-county"
"county:46097","Miner County","46","county","46097","","","delegation policy names 'county' for building permits in this state","baseline:county-administers-unincorporated-building","sd-miner-miner-county"
"county:46099","Minnehaha County","46","county","46099","","","delegation policy names 'county' for building permits in this state","baseline:county-administers-unincorporated-building","sd-minnehaha-minnehaha-county"
"county:46101","Moody County","46","county","46101","","","delegation policy names 'county' for building permits in this state","baseline:county-administers-unincorporated-building","sd-moody-moody-county"
"county:46103","Pennington County","46","county","46103","","","delegation policy names 'county' for building permits in this state","baseline:county-administers-unincorporated-building","sd-pennington-pennington-county"
"county:46105","Perkins County","46","county","46105","","","delegation policy names 'county' for building permits in this state","baseline:county-administers-unincorporated-building","sd-perkins-perkins-county"
"county:46107","Potter County","46","county","46107","","","delegation policy names 'county' for building permits in this state","baseline:county-administers-unincorporated-building","sd-potter-potter-county"
"county:46109","Roberts County","46","county","46109","","","delegation policy names 'county' for building permits in this state","baseline:county-administers-unincorporated-building","sd-roberts-roberts-county"
"county:46111","Sanborn County","46","county","46111","","","delegation policy names 'county' for building permits in this state","baseline:county-administers-unincorporated-building","sd-sanborn-sanborn-county"
"county:46115","Spink County","46","county","46115","","","delegation policy names 'county' for building permits in this state","baseline:county-administers-unincorporated-building","sd-spink-spink-county"
"county:46117","Stanley County","46","county","46117","","","delegation policy names 'county' for building permits in this state","baseline:county-administers-unincorporated-building","sd-stanley-stanley-county"
"county:46119","Sully County","46","county","46119","","","delegation policy names 'county' for building permits in this state","baseline:county-administers-unincorporated-building","sd-sully-sully-county"
"county:46121","Todd County","46","county","46121","","","delegation policy names 'county' for building permits in this state","baseline:county-administers-unincorporated-building","sd-todd-todd-county"
"county:46123","Tripp County","46","county","46123","","","delegation policy names 'county' for building permits in this state","baseline:county-administers-unincorporated-building","sd-tripp-tripp-county"
"county:46125","Turner County","46","county","46125","","","delegation policy names 'county' for building permits in this state","baseline:county-administers-unincorporated-building","sd-turner-turner-county"
"county:46127","Union County","46","county","46127","","","delegation policy names 'county' for building permits in this state","baseline:county-administers-unincorporated-building","sd-union-union-county"
"county:46129","Walworth County","46","county","46129","","","delegation policy names 'county' for building permits in this state","baseline:county-administers-unincorporated-building","sd-walworth-walworth-county"
"county:46135","Yankton County","46","county","46135","","","delegation policy names 'county' for building permits in this state","baseline:county-administers-unincorporated-building","sd-yankton-yankton-county"
"county:46137","Ziebach County","46","county","46137","","","delegation policy names 'county' for building permits in this state","baseline:county-administers-unincorporated-building","sd-ziebach-ziebach-county"
"county:47001","Anderson County","47","county","47001","","","delegation policy names 'county' for building permits in this state","baseline:county-administers-unincorporated-building","tn-anderson-anderson-county"
"county:47003","Bedford County","47","county","47003","","","delegation policy names 'county' for building permits in this state","baseline:county-administers-unincorporated-building","tn-bedford-bedford-county"
"county:47005","Benton County","47","county","47005","","","delegation policy names 'county' for building permits in this state","baseline:county-administers-unincorporated-building","tn-benton-benton-county"
"county:47007","Bledsoe County","47","county","47007","","","delegation policy names 'county' for building permits in this state","baseline:county-administers-unincorporated-building","tn-bledsoe-bledsoe-county"
"county:47009","Blount County","47","county","47009","","","delegation policy names 'county' for building permits in this state","baseline:county-administers-unincorporated-building","tn-blount-blount-county"
"county:47011","Bradley County","47","county","47011","","","delegation policy names 'county' for building permits in this state","baseline:county-administers-unincorporated-building","tn-bradley-bradley-county"
"county:47013","Campbell County","47","county","47013","","","delegation policy names 'county' for building permits in this state","baseline:county-administers-unincorporated-building","tn-campbell-campbell-county"
"county:47015","Cannon County","47","county","47015","","","delegation policy names 'county' for building permits in this state","baseline:county-administers-unincorporated-building","tn-cannon-cannon-county"
"county:47017","Carroll County","47","county","47017","","","delegation policy names 'county' for building permits in this state","baseline:county-administers-unincorporated-building","tn-carroll-carroll-county"
"county:47019","Carter County","47","county","47019","","","delegation policy names 'county' for building permits in this state","baseline:county-administers-unincorporated-building","tn-carter-carter-county"
"county:47021","Cheatham County","47","county","47021","","","delegation policy names 'county' for building permits in this state","baseline:county-administers-unincorporated-building","tn-cheatham-cheatham-county"
"county:47023","Chester County","47","county","47023","","","delegation policy names 'county' for building permits in this state","baseline:county-administers-unincorporated-building","tn-chester-chester-county"
"county:47025","Claiborne County","47","county","47025","","","delegation policy names 'county' for building permits in this state","baseline:county-administers-unincorporated-building","tn-claiborne-claiborne-county"
"county:47027","Clay County","47","county","47027","","","delegation policy names 'county' for building permits in this state","baseline:county-administers-unincorporated-building","tn-clay-clay-county"
"county:47029","Cocke County","47","county","47029","","","delegation policy names 'county' for building permits in this state","baseline:county-administers-unincorporated-building","tn-cocke-cocke-county"
"county:47031","Coffee County","47","county","47031","","","delegation policy names 'county' for building permits in this state","baseline:county-administers-unincorporated-building","tn-coffee-coffee-county"
"county:47033","Crockett County","47","county","47033","","","delegation policy names 'county' for building permits in this state","baseline:county-administers-unincorporated-building","tn-crockett-crockett-county"
"county:47035","Cumberland County","47","county","47035","","","delegation policy names 'county' for building permits in this state","baseline:county-administers-unincorporated-building","tn-cumberland-cumberland-county"
"county:47037","Davidson County","47","consolidated-government","47037","","","delegation policy names 'consolidated-government' for building permits in this state","baseline:incorporated-place-administers-building","tn-davidson-davidson-county"
"county:47039","Decatur County","47","county","47039","","","delegation policy names 'county' for building permits in this state","baseline:county-administers-unincorporated-building","tn-decatur-decatur-county"
"county:47041","DeKalb County","47","county","47041","","","delegation policy names 'county' for building permits in this state","baseline:county-administers-unincorporated-building","tn-dekalb-dekalb-county"
"county:47043","Dickson County","47","county","47043","","","delegation policy names 'county' for building permits in this state","baseline:county-administers-unincorporated-building","tn-dickson-dickson-county"
"county:47045","Dyer County","47","county","47045","","","delegation policy names 'county' for building permits in this state","baseline:county-administers-unincorporated-building","tn-dyer-dyer-county"
"county:47047","Fayette County","47","county","47047","","","delegation policy names 'county' for building permits in this state","baseline:county-administers-unincorporated-building","tn-fayette-fayette-county"
"county:47049","Fentress County","47","county","47049","","","delegation policy names 'county' for building permits in this state","baseline:county-administers-unincorporated-building","tn-fentress-fentress-county"
"county:47051","Franklin County","47","county","47051","","","delegation policy names 'county' for building permits in this state","baseline:county-administers-unincorporated-building","tn-franklin-franklin-county"
"county:47053","Gibson County","47","county","47053","","","delegation policy names 'county' for building permits in this state","baseline:county-administers-unincorporated-building","tn-gibson-gibson-county"
"county:47055","Giles County","47","county","47055","","","delegation policy names 'county' for building permits in this state","baseline:county-administers-unincorporated-building","tn-giles-giles-county"
"county:47057","Grainger County","47","county","47057","","","delegation policy names 'county' for building permits in this state","baseline:county-administers-unincorporated-building","tn-grainger-grainger-county"
"county:47059","Greene County","47","county","47059","","","delegation policy names 'county' for building permits in this state","baseline:county-administers-unincorporated-building","tn-greene-greene-county"
"county:47061","Grundy County","47","county","47061","","","delegation policy names 'county' for building permits in this state","baseline:county-administers-unincorporated-building","tn-grundy-grundy-county"
"county:47063","Hamblen County","47","county","47063","","","delegation policy names 'county' for building permits in this state","baseline:county-administers-unincorporated-building","tn-hamblen-hamblen-county"
"county:47065","Hamilton County","47","county","47065","","","delegation policy names 'county' for building permits in this state","baseline:county-administers-unincorporated-building","tn-hamilton-hamilton-county"
"county:47067","Hancock County","47","county","47067","","","delegation policy names 'county' for building permits in this state","baseline:county-administers-unincorporated-building","tn-hancock-hancock-county"
"county:47069","Hardeman County","47","county","47069","","","delegation policy names 'county' for building permits in this state","baseline:county-administers-unincorporated-building","tn-hardeman-hardeman-county"
"county:47071","Hardin County","47","county","47071","","","delegation policy names 'county' for building permits in this state","baseline:county-administers-unincorporated-building","tn-hardin-hardin-county"
"county:47073","Hawkins County","47","county","47073","","","delegation policy names 'county' for building permits in this state","baseline:county-administers-unincorporated-building","tn-hawkins-hawkins-county"
"county:47075","Haywood County","47","county","47075","","","delegation policy names 'county' for building permits in this state","baseline:county-administers-unincorporated-building","tn-haywood-haywood-county"
"county:47077","Henderson County","47","county","47077","","","delegation policy names 'county' for building permits in this state","baseline:county-administers-unincorporated-building","tn-henderson-henderson-county"
"county:47079","Henry County","47","county","47079","","","delegation policy names 'county' for building permits in this state","baseline:county-administers-unincorporated-building","tn-henry-henry-county"
"county:47081","Hickman County","47","county","47081","","","delegation policy names 'county' for building permits in this state","baseline:county-administers-unincorporated-building","tn-hickman-hickman-county"
"county:47083","Houston County","47","county","47083","","","delegation policy names 'county' for building permits in this state","baseline:county-administers-unincorporated-building","tn-houston-houston-county"
"county:47085","Humphreys County","47","county","47085","","","delegation policy names 'county' for building permits in this state","baseline:county-administers-unincorporated-building","tn-humphreys-humphreys-county"
"county:47087","Jackson County","47","county","47087","","","delegation policy names 'county' for building permits in this state","baseline:county-administers-unincorporated-building","tn-jackson-jackson-county"
"county:47089","Jefferson County","47","county","47089","","","delegation policy names 'county' for building permits in this state","baseline:county-administers-unincorporated-building","tn-jefferson-jefferson-county"
"county:47091","Johnson County","47","county","47091","","","delegation policy names 'county' for building permits in this state","baseline:county-administers-unincorporated-building","tn-johnson-johnson-county"
"county:47093","Knox County","47","county","47093","","","delegation policy names 'county' for building permits in this state","baseline:county-administers-unincorporated-building","tn-knox-knox-county"
"county:47095","Lake County","47","county","47095","","","delegation policy names 'county' for building permits in this state","baseline:county-administers-unincorporated-building","tn-lake-lake-county"
"county:47097","Lauderdale County","47","county","47097","","","delegation policy names 'county' for building permits in this state","baseline:county-administers-unincorporated-building","tn-lauderdale-lauderdale-county"
"county:47099","Lawrence County","47","county","47099","","","delegation policy names 'county' for building permits in this state","baseline:county-administers-unincorporated-building","tn-lawrence-lawrence-county"
"county:47101","Lewis County","47","county","47101","","","delegation policy names 'county' for building permits in this state","baseline:county-administers-unincorporated-building","tn-lewis-lewis-county"
"county:47103","Lincoln County","47","county","47103","","","delegation policy names 'county' for building permits in this state","baseline:county-administers-unincorporated-building","tn-lincoln-lincoln-county"
"county:47105","Loudon County","47","county","47105","","","delegation policy names 'county' for building permits in this state","baseline:county-administers-unincorporated-building","tn-loudon-loudon-county"
"county:47107","McMinn County","47","county","47107","","","delegation policy names 'county' for building permits in this state","baseline:county-administers-unincorporated-building","tn-mcminn-mcminn-county"
"county:47109","McNairy County","47","county","47109","","","delegation policy names 'county' for building permits in this state","baseline:county-administers-unincorporated-building","tn-mcnairy-mcnairy-county"
"county:47111","Macon County","47","county","47111","","","delegation policy names 'county' for building permits in this state","baseline:county-administers-unincorporated-building","tn-macon-macon-county"
"county:47113","Madison County","47","county","47113","","","delegation policy names 'county' for building permits in this state","baseline:county-administers-unincorporated-building","tn-madison-madison-county"
"county:47115","Marion County","47","county","47115","","","delegation policy names 'county' for building permits in this state","baseline:county-administers-unincorporated-building","tn-marion-marion-county"
"county:47117","Marshall County","47","county","47117","","","delegation policy names 'county' for building permits in this state","baseline:county-administers-unincorporated-building","tn-marshall-marshall-county"
"county:47119","Maury County","47","county","47119","","","delegation policy names 'county' for building permits in this state","baseline:county-administers-unincorporated-building","tn-maury-maury-county"
"county:47121","Meigs County","47","county","47121","","","delegation policy names 'county' for building permits in this state","baseline:county-administers-unincorporated-building","tn-meigs-meigs-county"
"county:47123","Monroe County","47","county","47123","","","delegation policy names 'county' for building permits in this state","baseline:county-administers-unincorporated-building","tn-monroe-monroe-county"
"county:47125","Montgomery County","47","county","47125","","","delegation policy names 'county' for building permits in this state","baseline:county-administers-unincorporated-building","tn-montgomery-montgomery-county"
"county:47127","Moore County","47","consolidated-government","47127","","","delegation policy names 'consolidated-government' for building permits in this state","baseline:incorporated-place-administers-building","tn-moore-moore-county"
"county:47129","Morgan County","47","county","47129","","","delegation policy names 'county' for building permits in this state","baseline:county-administers-unincorporated-building","tn-morgan-morgan-county"
"county:47131","Obion County","47","county","47131","","","delegation policy names 'county' for building permits in this state","baseline:county-administers-unincorporated-building","tn-obion-obion-county"
"county:47133","Overton County","47","county","47133","","","delegation policy names 'county' for building permits in this state","baseline:county-administers-unincorporated-building","tn-overton-overton-county"
"county:47135","Perry County","47","county","47135","","","delegation policy names 'county' for building permits in this state","baseline:county-administers-unincorporated-building","tn-perry-perry-county"
"county:47137","Pickett County","47","county","47137","","","delegation policy names 'county' for building permits in this state","baseline:county-administers-unincorporated-building","tn-pickett-pickett-county"
"county:47139","Polk County","47","county","47139","","","delegation policy names 'county' for building permits in this state","baseline:county-administers-unincorporated-building","tn-polk-polk-county"
"county:47141","Putnam County","47","county","47141","","","delegation policy names 'county' for building permits in this state","baseline:county-administers-unincorporated-building","tn-putnam-putnam-county"
"county:47143","Rhea County","47","county","47143","","","delegation policy names 'county' for building permits in this state","baseline:county-administers-unincorporated-building","tn-rhea-rhea-county"
"county:47145","Roane County","47","county","47145","","","delegation policy names 'county' for building permits in this state","baseline:county-administers-unincorporated-building","tn-roane-roane-county"
"county:47147","Robertson County","47","county","47147","","","delegation policy names 'county' for building permits in this state","baseline:county-administers-unincorporated-building","tn-robertson-robertson-county"
"county:47149","Rutherford County","47","county","47149","","","delegation policy names 'county' for building permits in this state","baseline:county-administers-unincorporated-building","tn-rutherford-rutherford-county"
"county:47151","Scott County","47","county","47151","","","delegation policy names 'county' for building permits in this state","baseline:county-administers-unincorporated-building","tn-scott-scott-county"
"county:47153","Sequatchie County","47","county","47153","","","delegation policy names 'county' for building permits in this state","baseline:county-administers-unincorporated-building","tn-sequatchie-sequatchie-county"
"county:47155","Sevier County","47","county","47155","","","delegation policy names 'county' for building permits in this state","baseline:county-administers-unincorporated-building","tn-sevier-sevier-county"
"county:47157","Shelby County","47","county","47157","","","delegation policy names 'county' for building permits in this state","baseline:county-administers-unincorporated-building","tn-shelby-shelby-county"
"county:47159","Smith County","47","county","47159","","","delegation policy names 'county' for building permits in this state","baseline:county-administers-unincorporated-building","tn-smith-smith-county"
"county:47161","Stewart County","47","county","47161","","","delegation policy names 'county' for building permits in this state","baseline:county-administers-unincorporated-building","tn-stewart-stewart-county"
"county:47163","Sullivan County","47","county","47163","","","delegation policy names 'county' for building permits in this state","baseline:county-administers-unincorporated-building","tn-sullivan-sullivan-county"
"county:47165","Sumner County","47","county","47165","","","delegation policy names 'county' for building permits in this state","baseline:county-administers-unincorporated-building","tn-sumner-sumner-county"
"county:47167","Tipton County","47","county","47167","","","delegation policy names 'county' for building permits in this state","baseline:county-administers-unincorporated-building","tn-tipton-tipton-county"
"county:47169","Trousdale County","47","consolidated-government","47169","","","delegation policy names 'consolidated-government' for building permits in this state","baseline:incorporated-place-administers-building","tn-trousdale-trousdale-county"
"county:47171","Unicoi County","47","county","47171","","","delegation policy names 'county' for building permits in this state","baseline:county-administers-unincorporated-building","tn-unicoi-unicoi-county"
"county:47173","Union County","47","county","47173","","","delegation policy names 'county' for building permits in this state","baseline:county-administers-unincorporated-building","tn-union-union-county"
"county:47175","Van Buren County","47","county","47175","","","delegation policy names 'county' for building permits in this state","baseline:county-administers-unincorporated-building","tn-van-buren-van-buren-county"
"county:47177","Warren County","47","county","47177","","","delegation policy names 'county' for building permits in this state","baseline:county-administers-unincorporated-building","tn-warren-warren-county"
"county:47179","Washington County","47","county","47179","","","delegation policy names 'county' for building permits in this state","baseline:county-administers-unincorporated-building","tn-washington-washington-county"
"county:47181","Wayne County","47","county","47181","","","delegation policy names 'county' for building permits in this state","baseline:county-administers-unincorporated-building","tn-wayne-wayne-county"
"county:47183","Weakley County","47","county","47183","","","delegation policy names 'county' for building permits in this state","baseline:county-administers-unincorporated-building","tn-weakley-weakley-county"
"county:47185","White County","47","county","47185","","","delegation policy names 'county' for building permits in this state","baseline:county-administers-unincorporated-building","tn-white-white-county"
"county:47187","Williamson County","47","county","47187","","","delegation policy names 'county' for building permits in this state","baseline:county-administers-unincorporated-building","tn-williamson-williamson-county"
"county:47189","Wilson County","47","county","47189","","","delegation policy names 'county' for building permits in this state","baseline:county-administers-unincorporated-building","tn-wilson-wilson-county"
"county:48001","Anderson County","48","county","48001","","","delegation policy names 'county' for building permits in this state","baseline:county-administers-unincorporated-building","tx-anderson-anderson-county"
"county:48003","Andrews County","48","county","48003","","","delegation policy names 'county' for building permits in this state","baseline:county-administers-unincorporated-building","tx-andrews-andrews-county"
"county:48005","Angelina County","48","county","48005","","","delegation policy names 'county' for building permits in this state","baseline:county-administers-unincorporated-building","tx-angelina-angelina-county"
"county:48007","Aransas County","48","county","48007","","","delegation policy names 'county' for building permits in this state","baseline:county-administers-unincorporated-building","tx-aransas-aransas-county"
"county:48009","Archer County","48","county","48009","","","delegation policy names 'county' for building permits in this state","baseline:county-administers-unincorporated-building","tx-archer-archer-county"
"county:48011","Armstrong County","48","county","48011","","","delegation policy names 'county' for building permits in this state","baseline:county-administers-unincorporated-building","tx-armstrong-armstrong-county"
"county:48013","Atascosa County","48","county","48013","","","delegation policy names 'county' for building permits in this state","baseline:county-administers-unincorporated-building","tx-atascosa-atascosa-county"
"county:48015","Austin County","48","county","48015","","","delegation policy names 'county' for building permits in this state","baseline:county-administers-unincorporated-building","tx-austin-austin-county"
"county:48017","Bailey County","48","county","48017","","","delegation policy names 'county' for building permits in this state","baseline:county-administers-unincorporated-building","tx-bailey-bailey-county"
"county:48019","Bandera County","48","county","48019","","","delegation policy names 'county' for building permits in this state","baseline:county-administers-unincorporated-building","tx-bandera-bandera-county"
"county:48021","Bastrop County","48","county","48021","","","delegation policy names 'county' for building permits in this state","baseline:county-administers-unincorporated-building","tx-bastrop-bastrop-county"
"county:48023","Baylor County","48","county","48023","","","delegation policy names 'county' for building permits in this state","baseline:county-administers-unincorporated-building","tx-baylor-baylor-county"
"county:48025","Bee County","48","county","48025","","","delegation policy names 'county' for building permits in this state","baseline:county-administers-unincorporated-building","tx-bee-bee-county"
"county:48027","Bell County","48","county","48027","","","delegation policy names 'county' for building permits in this state","baseline:county-administers-unincorporated-building","tx-bell-bell-county"
"county:48029","Bexar County","48","county","48029","","","delegation policy names 'county' for building permits in this state","baseline:county-administers-unincorporated-building","tx-bexar-bexar-county"
"county:48031","Blanco County","48","county","48031","","","delegation policy names 'county' for building permits in this state","baseline:county-administers-unincorporated-building","tx-blanco-blanco-county"
"county:48033","Borden County","48","county","48033","","","delegation policy names 'county' for building permits in this state","baseline:county-administers-unincorporated-building","tx-borden-borden-county"
"county:48035","Bosque County","48","county","48035","","","delegation policy names 'county' for building permits in this state","baseline:county-administers-unincorporated-building","tx-bosque-bosque-county"
"county:48037","Bowie County","48","county","48037","","","delegation policy names 'county' for building permits in this state","baseline:county-administers-unincorporated-building","tx-bowie-bowie-county"
"county:48039","Brazoria County","48","county","48039","","","delegation policy names 'county' for building permits in this state","baseline:county-administers-unincorporated-building","tx-brazoria-brazoria-county"
"county:48041","Brazos County","48","county","48041","","","delegation policy names 'county' for building permits in this state","baseline:county-administers-unincorporated-building","tx-brazos-brazos-county"
"county:48043","Brewster County","48","county","48043","","","delegation policy names 'county' for building permits in this state","baseline:county-administers-unincorporated-building","tx-brewster-brewster-county"
"county:48045","Briscoe County","48","county","48045","","","delegation policy names 'county' for building permits in this state","baseline:county-administers-unincorporated-building","tx-briscoe-briscoe-county"
"county:48047","Brooks County","48","county","48047","","","delegation policy names 'county' for building permits in this state","baseline:county-administers-unincorporated-building","tx-brooks-brooks-county"
"county:48049","Brown County","48","county","48049","","","delegation policy names 'county' for building permits in this state","baseline:county-administers-unincorporated-building","tx-brown-brown-county"
"county:48051","Burleson County","48","county","48051","","","delegation policy names 'county' for building permits in this state","baseline:county-administers-unincorporated-building","tx-burleson-burleson-county"
"county:48053","Burnet County","48","county","48053","","","delegation policy names 'county' for building permits in this state","baseline:county-administers-unincorporated-building","tx-burnet-burnet-county"
"county:48055","Caldwell County","48","county","48055","","","delegation policy names 'county' for building permits in this state","baseline:county-administers-unincorporated-building","tx-caldwell-caldwell-county"
"county:48057","Calhoun County","48","county","48057","","","delegation policy names 'county' for building permits in this state","baseline:county-administers-unincorporated-building","tx-calhoun-calhoun-county"
"county:48059","Callahan County","48","county","48059","","","delegation policy names 'county' for building permits in this state","baseline:county-administers-unincorporated-building","tx-callahan-callahan-county"
"county:48061","Cameron County","48","county","48061","","","delegation policy names 'county' for building permits in this state","baseline:county-administers-unincorporated-building","tx-cameron-cameron-county"
"county:48063","Camp County","48","county","48063","","","delegation policy names 'county' for building permits in this state","baseline:county-administers-unincorporated-building","tx-camp-camp-county"
"county:48065","Carson County","48","county","48065","","","delegation policy names 'county' for building permits in this state","baseline:county-administers-unincorporated-building","tx-carson-carson-county"
"county:48067","Cass County","48","county","48067","","","delegation policy names 'county' for building permits in this state","baseline:county-administers-unincorporated-building","tx-cass-cass-county"
"county:48069","Castro County","48","county","48069","","","delegation policy names 'county' for building permits in this state","baseline:county-administers-unincorporated-building","tx-castro-castro-county"
"county:48071","Chambers County","48","county","48071","","","delegation policy names 'county' for building permits in this state","baseline:county-administers-unincorporated-building","tx-chambers-chambers-county"
"county:48073","Cherokee County","48","county","48073","","","delegation policy names 'county' for building permits in this state","baseline:county-administers-unincorporated-building","tx-cherokee-cherokee-county"
"county:48075","Childress County","48","county","48075","","","delegation policy names 'county' for building permits in this state","baseline:county-administers-unincorporated-building","tx-childress-childress-county"
"county:48077","Clay County","48","county","48077","","","delegation policy names 'county' for building permits in this state","baseline:county-administers-unincorporated-building","tx-clay-clay-county"
"county:48079","Cochran County","48","county","48079","","","delegation policy names 'county' for building permits in this state","baseline:county-administers-unincorporated-building","tx-cochran-cochran-county"
"county:48081","Coke County","48","county","48081","","","delegation policy names 'county' for building permits in this state","baseline:county-administers-unincorporated-building","tx-coke-coke-county"
"county:48083","Coleman County","48","county","48083","","","delegation policy names 'county' for building permits in this state","baseline:county-administers-unincorporated-building","tx-coleman-coleman-county"
"county:48085","Collin County","48","county","48085","","","delegation policy names 'county' for building permits in this state","baseline:county-administers-unincorporated-building","tx-collin-collin-county"
"county:48087","Collingsworth County","48","county","48087","","","delegation policy names 'county' for building permits in this state","baseline:county-administers-unincorporated-building","tx-collingsworth-collingsworth-county"
"county:48089","Colorado County","48","county","48089","","","delegation policy names 'county' for building permits in this state","baseline:county-administers-unincorporated-building","tx-colorado-colorado-county"
"county:48091","Comal County","48","county","48091","","","delegation policy names 'county' for building permits in this state","baseline:county-administers-unincorporated-building","tx-comal-comal-county"
"county:48093","Comanche County","48","county","48093","","","delegation policy names 'county' for building permits in this state","baseline:county-administers-unincorporated-building","tx-comanche-comanche-county"
"county:48095","Concho County","48","county","48095","","","delegation policy names 'county' for building permits in this state","baseline:county-administers-unincorporated-building","tx-concho-concho-county"
"county:48097","Cooke County","48","county","48097","","","delegation policy names 'county' for building permits in this state","baseline:county-administers-unincorporated-building","tx-cooke-cooke-county"
"county:48099","Coryell County","48","county","48099","","","delegation policy names 'county' for building permits in this state","baseline:county-administers-unincorporated-building","tx-coryell-coryell-county"
"county:48101","Cottle County","48","county","48101","","","delegation policy names 'county' for building permits in this state","baseline:county-administers-unincorporated-building","tx-cottle-cottle-county"
"county:48103","Crane County","48","county","48103","","","delegation policy names 'county' for building permits in this state","baseline:county-administers-unincorporated-building","tx-crane-crane-county"
"county:48105","Crockett County","48","county","48105","","","delegation policy names 'county' for building permits in this state","baseline:county-administers-unincorporated-building","tx-crockett-crockett-county"
"county:48107","Crosby County","48","county","48107","","","delegation policy names 'county' for building permits in this state","baseline:county-administers-unincorporated-building","tx-crosby-crosby-county"
"county:48109","Culberson County","48","county","48109","","","delegation policy names 'county' for building permits in this state","baseline:county-administers-unincorporated-building","tx-culberson-culberson-county"
"county:48111","Dallam County","48","county","48111","","","delegation policy names 'county' for building permits in this state","baseline:county-administers-unincorporated-building","tx-dallam-dallam-county"
"county:48113","Dallas County","48","county","48113","","","delegation policy names 'county' for building permits in this state","baseline:county-administers-unincorporated-building","tx-dallas-dallas-county"
"county:48115","Dawson County","48","county","48115","","","delegation policy names 'county' for building permits in this state","baseline:county-administers-unincorporated-building","tx-dawson-dawson-county"
"county:48117","Deaf Smith County","48","county","48117","","","delegation policy names 'county' for building permits in this state","baseline:county-administers-unincorporated-building","tx-deaf-smith-deaf-smith-county"
"county:48119","Delta County","48","county","48119","","","delegation policy names 'county' for building permits in this state","baseline:county-administers-unincorporated-building","tx-delta-delta-county"
"county:48121","Denton County","48","county","48121","","","delegation policy names 'county' for building permits in this state","baseline:county-administers-unincorporated-building","tx-denton-county"
"county:48123","DeWitt County","48","county","48123","","","delegation policy names 'county' for building permits in this state","baseline:county-administers-unincorporated-building","tx-dewitt-dewitt-county"
"county:48125","Dickens County","48","county","48125","","","delegation policy names 'county' for building permits in this state","baseline:county-administers-unincorporated-building","tx-dickens-dickens-county"
"county:48127","Dimmit County","48","county","48127","","","delegation policy names 'county' for building permits in this state","baseline:county-administers-unincorporated-building","tx-dimmit-dimmit-county"
"county:48129","Donley County","48","county","48129","","","delegation policy names 'county' for building permits in this state","baseline:county-administers-unincorporated-building","tx-donley-donley-county"
"county:48131","Duval County","48","county","48131","","","delegation policy names 'county' for building permits in this state","baseline:county-administers-unincorporated-building","tx-duval-duval-county"
"county:48133","Eastland County","48","county","48133","","","delegation policy names 'county' for building permits in this state","baseline:county-administers-unincorporated-building","tx-eastland-eastland-county"
"county:48135","Ector County","48","county","48135","","","delegation policy names 'county' for building permits in this state","baseline:county-administers-unincorporated-building","tx-ector-ector-county"
"county:48137","Edwards County","48","county","48137","","","delegation policy names 'county' for building permits in this state","baseline:county-administers-unincorporated-building","tx-edwards-edwards-county"
"county:48139","Ellis County","48","county","48139","","","delegation policy names 'county' for building permits in this state","baseline:county-administers-unincorporated-building","tx-ellis-ellis-county"
"county:48141","El Paso County","48","county","48141","","","delegation policy names 'county' for building permits in this state","baseline:county-administers-unincorporated-building","tx-el-paso-el-paso-county"
"county:48143","Erath County","48","county","48143","","","delegation policy names 'county' for building permits in this state","baseline:county-administers-unincorporated-building","tx-erath-erath-county"
"county:48145","Falls County","48","county","48145","","","delegation policy names 'county' for building permits in this state","baseline:county-administers-unincorporated-building","tx-falls-falls-county"
"county:48147","Fannin County","48","county","48147","","","delegation policy names 'county' for building permits in this state","baseline:county-administers-unincorporated-building","tx-fannin-fannin-county"
"county:48149","Fayette County","48","county","48149","","","delegation policy names 'county' for building permits in this state","baseline:county-administers-unincorporated-building","tx-fayette-fayette-county"
"county:48151","Fisher County","48","county","48151","","","delegation policy names 'county' for building permits in this state","baseline:county-administers-unincorporated-building","tx-fisher-fisher-county"
"county:48153","Floyd County","48","county","48153","","","delegation policy names 'county' for building permits in this state","baseline:county-administers-unincorporated-building","tx-floyd-floyd-county"
"county:48155","Foard County","48","county","48155","","","delegation policy names 'county' for building permits in this state","baseline:county-administers-unincorporated-building","tx-foard-foard-county"
"county:48157","Fort Bend County","48","county","48157","","","delegation policy names 'county' for building permits in this state","baseline:county-administers-unincorporated-building","tx-fort-bend-fort-bend-county"
"county:48159","Franklin County","48","county","48159","","","delegation policy names 'county' for building permits in this state","baseline:county-administers-unincorporated-building","tx-franklin-franklin-county"
"county:48161","Freestone County","48","county","48161","","","delegation policy names 'county' for building permits in this state","baseline:county-administers-unincorporated-building","tx-freestone-freestone-county"
"county:48163","Frio County","48","county","48163","","","delegation policy names 'county' for building permits in this state","baseline:county-administers-unincorporated-building","tx-frio-frio-county"
"county:48165","Gaines County","48","county","48165","","","delegation policy names 'county' for building permits in this state","baseline:county-administers-unincorporated-building","tx-gaines-gaines-county"
"county:48167","Galveston County","48","county","48167","","","delegation policy names 'county' for building permits in this state","baseline:county-administers-unincorporated-building","tx-galveston-galveston-county"
"county:48169","Garza County","48","county","48169","","","delegation policy names 'county' for building permits in this state","baseline:county-administers-unincorporated-building","tx-garza-garza-county"
"county:48171","Gillespie County","48","county","48171","","","delegation policy names 'county' for building permits in this state","baseline:county-administers-unincorporated-building","tx-gillespie-gillespie-county"
"county:48173","Glasscock County","48","county","48173","","","delegation policy names 'county' for building permits in this state","baseline:county-administers-unincorporated-building","tx-glasscock-glasscock-county"
"county:48175","Goliad County","48","county","48175","","","delegation policy names 'county' for building permits in this state","baseline:county-administers-unincorporated-building","tx-goliad-goliad-county"
"county:48177","Gonzales County","48","county","48177","","","delegation policy names 'county' for building permits in this state","baseline:county-administers-unincorporated-building","tx-gonzales-gonzales-county"
"county:48179","Gray County","48","county","48179","","","delegation policy names 'county' for building permits in this state","baseline:county-administers-unincorporated-building","tx-gray-gray-county"
"county:48181","Grayson County","48","county","48181","","","delegation policy names 'county' for building permits in this state","baseline:county-administers-unincorporated-building","tx-grayson-grayson-county"
"county:48183","Gregg County","48","county","48183","","","delegation policy names 'county' for building permits in this state","baseline:county-administers-unincorporated-building","tx-gregg-gregg-county"
"county:48185","Grimes County","48","county","48185","","","delegation policy names 'county' for building permits in this state","baseline:county-administers-unincorporated-building","tx-grimes-grimes-county"
"county:48187","Guadalupe County","48","county","48187","","","delegation policy names 'county' for building permits in this state","baseline:county-administers-unincorporated-building","tx-guadalupe-guadalupe-county"
"county:48189","Hale County","48","county","48189","","","delegation policy names 'county' for building permits in this state","baseline:county-administers-unincorporated-building","tx-hale-hale-county"
"county:48191","Hall County","48","county","48191","","","delegation policy names 'county' for building permits in this state","baseline:county-administers-unincorporated-building","tx-hall-hall-county"
"county:48193","Hamilton County","48","county","48193","","","delegation policy names 'county' for building permits in this state","baseline:county-administers-unincorporated-building","tx-hamilton-hamilton-county"
"county:48195","Hansford County","48","county","48195","","","delegation policy names 'county' for building permits in this state","baseline:county-administers-unincorporated-building","tx-hansford-hansford-county"
"county:48197","Hardeman County","48","county","48197","","","delegation policy names 'county' for building permits in this state","baseline:county-administers-unincorporated-building","tx-hardeman-hardeman-county"
"county:48199","Hardin County","48","county","48199","","","delegation policy names 'county' for building permits in this state","baseline:county-administers-unincorporated-building","tx-hardin-hardin-county"
"county:48201","Harris County","48","county","48201","","","delegation policy names 'county' for building permits in this state","baseline:county-administers-unincorporated-building","tx-harris-harris-county"
"county:48203","Harrison County","48","county","48203","","","delegation policy names 'county' for building permits in this state","baseline:county-administers-unincorporated-building","tx-harrison-harrison-county"
"county:48205","Hartley County","48","county","48205","","","delegation policy names 'county' for building permits in this state","baseline:county-administers-unincorporated-building","tx-hartley-hartley-county"
"county:48207","Haskell County","48","county","48207","","","delegation policy names 'county' for building permits in this state","baseline:county-administers-unincorporated-building","tx-haskell-haskell-county"
"county:48209","Hays County","48","county","48209","","","delegation policy names 'county' for building permits in this state","baseline:county-administers-unincorporated-building","tx-hays-hays-county"
"county:48211","Hemphill County","48","county","48211","","","delegation policy names 'county' for building permits in this state","baseline:county-administers-unincorporated-building","tx-hemphill-hemphill-county"
"county:48213","Henderson County","48","county","48213","","","delegation policy names 'county' for building permits in this state","baseline:county-administers-unincorporated-building","tx-henderson-henderson-county"
"county:48215","Hidalgo County","48","county","48215","","","delegation policy names 'county' for building permits in this state","baseline:county-administers-unincorporated-building","tx-hidalgo-hidalgo-county"
"county:48217","Hill County","48","county","48217","","","delegation policy names 'county' for building permits in this state","baseline:county-administers-unincorporated-building","tx-hill-hill-county"
"county:48219","Hockley County","48","county","48219","","","delegation policy names 'county' for building permits in this state","baseline:county-administers-unincorporated-building","tx-hockley-hockley-county"
"county:48221","Hood County","48","county","48221","","","delegation policy names 'county' for building permits in this state","baseline:county-administers-unincorporated-building","tx-hood-hood-county"
"county:48223","Hopkins County","48","county","48223","","","delegation policy names 'county' for building permits in this state","baseline:county-administers-unincorporated-building","tx-hopkins-hopkins-county"
"county:48225","Houston County","48","county","48225","","","delegation policy names 'county' for building permits in this state","baseline:county-administers-unincorporated-building","tx-houston-houston-county"
"county:48227","Howard County","48","county","48227","","","delegation policy names 'county' for building permits in this state","baseline:county-administers-unincorporated-building","tx-howard-howard-county"
"county:48229","Hudspeth County","48","county","48229","","","delegation policy names 'county' for building permits in this state","baseline:county-administers-unincorporated-building","tx-hudspeth-hudspeth-county"
"county:48231","Hunt County","48","county","48231","","","delegation policy names 'county' for building permits in this state","baseline:county-administers-unincorporated-building","tx-hunt-hunt-county"
"county:48233","Hutchinson County","48","county","48233","","","delegation policy names 'county' for building permits in this state","baseline:county-administers-unincorporated-building","tx-hutchinson-hutchinson-county"
"county:48235","Irion County","48","county","48235","","","delegation policy names 'county' for building permits in this state","baseline:county-administers-unincorporated-building","tx-irion-irion-county"
"county:48237","Jack County","48","county","48237","","","delegation policy names 'county' for building permits in this state","baseline:county-administers-unincorporated-building","tx-jack-jack-county"
"county:48239","Jackson County","48","county","48239","","","delegation policy names 'county' for building permits in this state","baseline:county-administers-unincorporated-building","tx-jackson-jackson-county"
"county:48241","Jasper County","48","county","48241","","","delegation policy names 'county' for building permits in this state","baseline:county-administers-unincorporated-building","tx-jasper-jasper-county"
"county:48243","Jeff Davis County","48","county","48243","","","delegation policy names 'county' for building permits in this state","baseline:county-administers-unincorporated-building","tx-jeff-davis-jeff-davis-county"
"county:48245","Jefferson County","48","county","48245","","","delegation policy names 'county' for building permits in this state","baseline:county-administers-unincorporated-building","tx-jefferson-jefferson-county"
"county:48247","Jim Hogg County","48","county","48247","","","delegation policy names 'county' for building permits in this state","baseline:county-administers-unincorporated-building","tx-jim-hogg-jim-hogg-county"
"county:48249","Jim Wells County","48","county","48249","","","delegation policy names 'county' for building permits in this state","baseline:county-administers-unincorporated-building","tx-jim-wells-jim-wells-county"
"county:48251","Johnson County","48","county","48251","","","delegation policy names 'county' for building permits in this state","baseline:county-administers-unincorporated-building","tx-johnson-johnson-county"
"county:48253","Jones County","48","county","48253","","","delegation policy names 'county' for building permits in this state","baseline:county-administers-unincorporated-building","tx-jones-jones-county"
"county:48255","Karnes County","48","county","48255","","","delegation policy names 'county' for building permits in this state","baseline:county-administers-unincorporated-building","tx-karnes-karnes-county"
"county:48257","Kaufman County","48","county","48257","","","delegation policy names 'county' for building permits in this state","baseline:county-administers-unincorporated-building","tx-kaufman-kaufman-county"
"county:48259","Kendall County","48","county","48259","","","delegation policy names 'county' for building permits in this state","baseline:county-administers-unincorporated-building","tx-kendall-kendall-county"
"county:48261","Kenedy County","48","county","48261","","","delegation policy names 'county' for building permits in this state","baseline:county-administers-unincorporated-building","tx-kenedy-kenedy-county"
"county:48263","Kent County","48","county","48263","","","delegation policy names 'county' for building permits in this state","baseline:county-administers-unincorporated-building","tx-kent-kent-county"
"county:48265","Kerr County","48","county","48265","","","delegation policy names 'county' for building permits in this state","baseline:county-administers-unincorporated-building","tx-kerr-kerr-county"
"county:48267","Kimble County","48","county","48267","","","delegation policy names 'county' for building permits in this state","baseline:county-administers-unincorporated-building","tx-kimble-kimble-county"
"county:48269","King County","48","county","48269","","","delegation policy names 'county' for building permits in this state","baseline:county-administers-unincorporated-building","tx-king-king-county"
"county:48271","Kinney County","48","county","48271","","","delegation policy names 'county' for building permits in this state","baseline:county-administers-unincorporated-building","tx-kinney-kinney-county"
"county:48273","Kleberg County","48","county","48273","","","delegation policy names 'county' for building permits in this state","baseline:county-administers-unincorporated-building","tx-kleberg-kleberg-county"
"county:48275","Knox County","48","county","48275","","","delegation policy names 'county' for building permits in this state","baseline:county-administers-unincorporated-building","tx-knox-knox-county"
"county:48277","Lamar County","48","county","48277","","","delegation policy names 'county' for building permits in this state","baseline:county-administers-unincorporated-building","tx-lamar-lamar-county"
"county:48279","Lamb County","48","county","48279","","","delegation policy names 'county' for building permits in this state","baseline:county-administers-unincorporated-building","tx-lamb-lamb-county"
"county:48281","Lampasas County","48","county","48281","","","delegation policy names 'county' for building permits in this state","baseline:county-administers-unincorporated-building","tx-lampasas-lampasas-county"
"county:48283","La Salle County","48","county","48283","","","delegation policy names 'county' for building permits in this state","baseline:county-administers-unincorporated-building","tx-la-salle-la-salle-county"
"county:48285","Lavaca County","48","county","48285","","","delegation policy names 'county' for building permits in this state","baseline:county-administers-unincorporated-building","tx-lavaca-lavaca-county"
"county:48287","Lee County","48","county","48287","","","delegation policy names 'county' for building permits in this state","baseline:county-administers-unincorporated-building","tx-lee-lee-county"
"county:48289","Leon County","48","county","48289","","","delegation policy names 'county' for building permits in this state","baseline:county-administers-unincorporated-building","tx-leon-leon-county"
"county:48291","Liberty County","48","county","48291","","","delegation policy names 'county' for building permits in this state","baseline:county-administers-unincorporated-building","tx-liberty-liberty-county"
"county:48293","Limestone County","48","county","48293","","","delegation policy names 'county' for building permits in this state","baseline:county-administers-unincorporated-building","tx-limestone-limestone-county"
"county:48295","Lipscomb County","48","county","48295","","","delegation policy names 'county' for building permits in this state","baseline:county-administers-unincorporated-building","tx-lipscomb-lipscomb-county"
"county:48297","Live Oak County","48","county","48297","","","delegation policy names 'county' for building permits in this state","baseline:county-administers-unincorporated-building","tx-live-oak-live-oak-county"
"county:48299","Llano County","48","county","48299","","","delegation policy names 'county' for building permits in this state","baseline:county-administers-unincorporated-building","tx-llano-llano-county"
"county:48301","Loving County","48","county","48301","","","delegation policy names 'county' for building permits in this state","baseline:county-administers-unincorporated-building","tx-loving-loving-county"
"county:48303","Lubbock County","48","county","48303","","","delegation policy names 'county' for building permits in this state","baseline:county-administers-unincorporated-building","tx-lubbock-lubbock-county"
"county:48305","Lynn County","48","county","48305","","","delegation policy names 'county' for building permits in this state","baseline:county-administers-unincorporated-building","tx-lynn-lynn-county"
"county:48307","McCulloch County","48","county","48307","","","delegation policy names 'county' for building permits in this state","baseline:county-administers-unincorporated-building","tx-mcculloch-mcculloch-county"
"county:48309","McLennan County","48","county","48309","","","delegation policy names 'county' for building permits in this state","baseline:county-administers-unincorporated-building","tx-mclennan-mclennan-county"
"county:48311","McMullen County","48","county","48311","","","delegation policy names 'county' for building permits in this state","baseline:county-administers-unincorporated-building","tx-mcmullen-mcmullen-county"
"county:48313","Madison County","48","county","48313","","","delegation policy names 'county' for building permits in this state","baseline:county-administers-unincorporated-building","tx-madison-madison-county"
"county:48315","Marion County","48","county","48315","","","delegation policy names 'county' for building permits in this state","baseline:county-administers-unincorporated-building","tx-marion-marion-county"
"county:48317","Martin County","48","county","48317","","","delegation policy names 'county' for building permits in this state","baseline:county-administers-unincorporated-building","tx-martin-martin-county"
"county:48319","Mason County","48","county","48319","","","delegation policy names 'county' for building permits in this state","baseline:county-administers-unincorporated-building","tx-mason-mason-county"
"county:48321","Matagorda County","48","county","48321","","","delegation policy names 'county' for building permits in this state","baseline:county-administers-unincorporated-building","tx-matagorda-matagorda-county"
"county:48323","Maverick County","48","county","48323","","","delegation policy names 'county' for building permits in this state","baseline:county-administers-unincorporated-building","tx-maverick-maverick-county"
"county:48325","Medina County","48","county","48325","","","delegation policy names 'county' for building permits in this state","baseline:county-administers-unincorporated-building","tx-medina-medina-county"
"county:48327","Menard County","48","county","48327","","","delegation policy names 'county' for building permits in this state","baseline:county-administers-unincorporated-building","tx-menard-menard-county"
"county:48329","Midland County","48","county","48329","","","delegation policy names 'county' for building permits in this state","baseline:county-administers-unincorporated-building","tx-midland-midland-county"
"county:48331","Milam County","48","county","48331","","","delegation policy names 'county' for building permits in this state","baseline:county-administers-unincorporated-building","tx-milam-milam-county"
"county:48333","Mills County","48","county","48333","","","delegation policy names 'county' for building permits in this state","baseline:county-administers-unincorporated-building","tx-mills-mills-county"
"county:48335","Mitchell County","48","county","48335","","","delegation policy names 'county' for building permits in this state","baseline:county-administers-unincorporated-building","tx-mitchell-mitchell-county"
"county:48337","Montague County","48","county","48337","","","delegation policy names 'county' for building permits in this state","baseline:county-administers-unincorporated-building","tx-montague-montague-county"
"county:48339","Montgomery County","48","county","48339","","","delegation policy names 'county' for building permits in this state","baseline:county-administers-unincorporated-building","tx-montgomery-montgomery-county"
"county:48341","Moore County","48","county","48341","","","delegation policy names 'county' for building permits in this state","baseline:county-administers-unincorporated-building","tx-moore-moore-county"
"county:48343","Morris County","48","county","48343","","","delegation policy names 'county' for building permits in this state","baseline:county-administers-unincorporated-building","tx-morris-morris-county"
"county:48345","Motley County","48","county","48345","","","delegation policy names 'county' for building permits in this state","baseline:county-administers-unincorporated-building","tx-motley-motley-county"
"county:48347","Nacogdoches County","48","county","48347","","","delegation policy names 'county' for building permits in this state","baseline:county-administers-unincorporated-building","tx-nacogdoches-nacogdoches-county"
"county:48349","Navarro County","48","county","48349","","","delegation policy names 'county' for building permits in this state","baseline:county-administers-unincorporated-building","tx-navarro-navarro-county"
"county:48351","Newton County","48","county","48351","","","delegation policy names 'county' for building permits in this state","baseline:county-administers-unincorporated-building","tx-newton-newton-county"
"county:48353","Nolan County","48","county","48353","","","delegation policy names 'county' for building permits in this state","baseline:county-administers-unincorporated-building","tx-nolan-nolan-county"
"county:48355","Nueces County","48","county","48355","","","delegation policy names 'county' for building permits in this state","baseline:county-administers-unincorporated-building","tx-nueces-nueces-county"
"county:48357","Ochiltree County","48","county","48357","","","delegation policy names 'county' for building permits in this state","baseline:county-administers-unincorporated-building","tx-ochiltree-ochiltree-county"
"county:48359","Oldham County","48","county","48359","","","delegation policy names 'county' for building permits in this state","baseline:county-administers-unincorporated-building","tx-oldham-oldham-county"
"county:48361","Orange County","48","county","48361","","","delegation policy names 'county' for building permits in this state","baseline:county-administers-unincorporated-building","tx-orange-orange-county"
"county:48363","Palo Pinto County","48","county","48363","","","delegation policy names 'county' for building permits in this state","baseline:county-administers-unincorporated-building","tx-palo-pinto-palo-pinto-county"
"county:48365","Panola County","48","county","48365","","","delegation policy names 'county' for building permits in this state","baseline:county-administers-unincorporated-building","tx-panola-panola-county"
"county:48367","Parker County","48","county","48367","","","delegation policy names 'county' for building permits in this state","baseline:county-administers-unincorporated-building","tx-parker-parker-county"
"county:48369","Parmer County","48","county","48369","","","delegation policy names 'county' for building permits in this state","baseline:county-administers-unincorporated-building","tx-parmer-parmer-county"
"county:48371","Pecos County","48","county","48371","","","delegation policy names 'county' for building permits in this state","baseline:county-administers-unincorporated-building","tx-pecos-pecos-county"
"county:48373","Polk County","48","county","48373","","","delegation policy names 'county' for building permits in this state","baseline:county-administers-unincorporated-building","tx-polk-polk-county"
"county:48375","Potter County","48","county","48375","","","delegation policy names 'county' for building permits in this state","baseline:county-administers-unincorporated-building","tx-potter-potter-county"
"county:48377","Presidio County","48","county","48377","","","delegation policy names 'county' for building permits in this state","baseline:county-administers-unincorporated-building","tx-presidio-presidio-county"
"county:48379","Rains County","48","county","48379","","","delegation policy names 'county' for building permits in this state","baseline:county-administers-unincorporated-building","tx-rains-rains-county"
"county:48381","Randall County","48","county","48381","","","delegation policy names 'county' for building permits in this state","baseline:county-administers-unincorporated-building","tx-randall-randall-county"
"county:48383","Reagan County","48","county","48383","","","delegation policy names 'county' for building permits in this state","baseline:county-administers-unincorporated-building","tx-reagan-reagan-county"
"county:48385","Real County","48","county","48385","","","delegation policy names 'county' for building permits in this state","baseline:county-administers-unincorporated-building","tx-real-real-county"
"county:48387","Red River County","48","county","48387","","","delegation policy names 'county' for building permits in this state","baseline:county-administers-unincorporated-building","tx-red-river-red-river-county"
"county:48389","Reeves County","48","county","48389","","","delegation policy names 'county' for building permits in this state","baseline:county-administers-unincorporated-building","tx-reeves-reeves-county"
"county:48391","Refugio County","48","county","48391","","","delegation policy names 'county' for building permits in this state","baseline:county-administers-unincorporated-building","tx-refugio-refugio-county"
"county:48393","Roberts County","48","county","48393","","","delegation policy names 'county' for building permits in this state","baseline:county-administers-unincorporated-building","tx-roberts-roberts-county"
"county:48395","Robertson County","48","county","48395","","","delegation policy names 'county' for building permits in this state","baseline:county-administers-unincorporated-building","tx-robertson-robertson-county"
"county:48397","Rockwall County","48","county","48397","","","delegation policy names 'county' for building permits in this state","baseline:county-administers-unincorporated-building","tx-rockwall-rockwall-county"
"county:48399","Runnels County","48","county","48399","","","delegation policy names 'county' for building permits in this state","baseline:county-administers-unincorporated-building","tx-runnels-runnels-county"
"county:48401","Rusk County","48","county","48401","","","delegation policy names 'county' for building permits in this state","baseline:county-administers-unincorporated-building","tx-rusk-rusk-county"
"county:48403","Sabine County","48","county","48403","","","delegation policy names 'county' for building permits in this state","baseline:county-administers-unincorporated-building","tx-sabine-sabine-county"
"county:48405","San Augustine County","48","county","48405","","","delegation policy names 'county' for building permits in this state","baseline:county-administers-unincorporated-building","tx-san-augustine-san-augustine-county"
"county:48407","San Jacinto County","48","county","48407","","","delegation policy names 'county' for building permits in this state","baseline:county-administers-unincorporated-building","tx-san-jacinto-san-jacinto-county"
"county:48409","San Patricio County","48","county","48409","","","delegation policy names 'county' for building permits in this state","baseline:county-administers-unincorporated-building","tx-san-patricio-san-patricio-county"
"county:48411","San Saba County","48","county","48411","","","delegation policy names 'county' for building permits in this state","baseline:county-administers-unincorporated-building","tx-san-saba-san-saba-county"
"county:48413","Schleicher County","48","county","48413","","","delegation policy names 'county' for building permits in this state","baseline:county-administers-unincorporated-building","tx-schleicher-schleicher-county"
"county:48415","Scurry County","48","county","48415","","","delegation policy names 'county' for building permits in this state","baseline:county-administers-unincorporated-building","tx-scurry-scurry-county"
"county:48417","Shackelford County","48","county","48417","","","delegation policy names 'county' for building permits in this state","baseline:county-administers-unincorporated-building","tx-shackelford-shackelford-county"
"county:48419","Shelby County","48","county","48419","","","delegation policy names 'county' for building permits in this state","baseline:county-administers-unincorporated-building","tx-shelby-shelby-county"
"county:48421","Sherman County","48","county","48421","","","delegation policy names 'county' for building permits in this state","baseline:county-administers-unincorporated-building","tx-sherman-sherman-county"
"county:48423","Smith County","48","county","48423","","","delegation policy names 'county' for building permits in this state","baseline:county-administers-unincorporated-building","tx-smith-smith-county"
"county:48425","Somervell County","48","county","48425","","","delegation policy names 'county' for building permits in this state","baseline:county-administers-unincorporated-building","tx-somervell-somervell-county"
"county:48427","Starr County","48","county","48427","","","delegation policy names 'county' for building permits in this state","baseline:county-administers-unincorporated-building","tx-starr-starr-county"
"county:48429","Stephens County","48","county","48429","","","delegation policy names 'county' for building permits in this state","baseline:county-administers-unincorporated-building","tx-stephens-stephens-county"
"county:48431","Sterling County","48","county","48431","","","delegation policy names 'county' for building permits in this state","baseline:county-administers-unincorporated-building","tx-sterling-sterling-county"
"county:48433","Stonewall County","48","county","48433","","","delegation policy names 'county' for building permits in this state","baseline:county-administers-unincorporated-building","tx-stonewall-stonewall-county"
"county:48435","Sutton County","48","county","48435","","","delegation policy names 'county' for building permits in this state","baseline:county-administers-unincorporated-building","tx-sutton-sutton-county"
"county:48437","Swisher County","48","county","48437","","","delegation policy names 'county' for building permits in this state","baseline:county-administers-unincorporated-building","tx-swisher-swisher-county"
"county:48439","Tarrant County","48","county","48439","","","delegation policy names 'county' for building permits in this state","baseline:county-administers-unincorporated-building","tx-tarrant-tarrant-county"
"county:48441","Taylor County","48","county","48441","","","delegation policy names 'county' for building permits in this state","baseline:county-administers-unincorporated-building","tx-taylor-taylor-county"
"county:48443","Terrell County","48","county","48443","","","delegation policy names 'county' for building permits in this state","baseline:county-administers-unincorporated-building","tx-terrell-terrell-county"
"county:48445","Terry County","48","county","48445","","","delegation policy names 'county' for building permits in this state","baseline:county-administers-unincorporated-building","tx-terry-terry-county"
"county:48447","Throckmorton County","48","county","48447","","","delegation policy names 'county' for building permits in this state","baseline:county-administers-unincorporated-building","tx-throckmorton-throckmorton-county"
"county:48449","Titus County","48","county","48449","","","delegation policy names 'county' for building permits in this state","baseline:county-administers-unincorporated-building","tx-titus-titus-county"
"county:48451","Tom Green County","48","county","48451","","","delegation policy names 'county' for building permits in this state","baseline:county-administers-unincorporated-building","tx-tom-green-tom-green-county"
"county:48453","Travis County","48","county","48453","","","delegation policy names 'county' for building permits in this state","baseline:county-administers-unincorporated-building","tx-travis-travis-county"
"county:48455","Trinity County","48","county","48455","","","delegation policy names 'county' for building permits in this state","baseline:county-administers-unincorporated-building","tx-trinity-trinity-county"
"county:48457","Tyler County","48","county","48457","","","delegation policy names 'county' for building permits in this state","baseline:county-administers-unincorporated-building","tx-tyler-tyler-county"
"county:48459","Upshur County","48","county","48459","","","delegation policy names 'county' for building permits in this state","baseline:county-administers-unincorporated-building","tx-upshur-upshur-county"
"county:48461","Upton County","48","county","48461","","","delegation policy names 'county' for building permits in this state","baseline:county-administers-unincorporated-building","tx-upton-upton-county"
"county:48463","Uvalde County","48","county","48463","","","delegation policy names 'county' for building permits in this state","baseline:county-administers-unincorporated-building","tx-uvalde-uvalde-county"
"county:48465","Val Verde County","48","county","48465","","","delegation policy names 'county' for building permits in this state","baseline:county-administers-unincorporated-building","tx-val-verde-val-verde-county"
"county:48467","Van Zandt County","48","county","48467","","","delegation policy names 'county' for building permits in this state","baseline:county-administers-unincorporated-building","tx-van-zandt-van-zandt-county"
"county:48469","Victoria County","48","county","48469","","","delegation policy names 'county' for building permits in this state","baseline:county-administers-unincorporated-building","tx-victoria-victoria-county"
"county:48471","Walker County","48","county","48471","","","delegation policy names 'county' for building permits in this state","baseline:county-administers-unincorporated-building","tx-walker-walker-county"
"county:48473","Waller County","48","county","48473","","","delegation policy names 'county' for building permits in this state","baseline:county-administers-unincorporated-building","tx-waller-waller-county"
"county:48475","Ward County","48","county","48475","","","delegation policy names 'county' for building permits in this state","baseline:county-administers-unincorporated-building","tx-ward-ward-county"
"county:48477","Washington County","48","county","48477","","","delegation policy names 'county' for building permits in this state","baseline:county-administers-unincorporated-building","tx-washington-washington-county"
"county:48479","Webb County","48","county","48479","","","delegation policy names 'county' for building permits in this state","baseline:county-administers-unincorporated-building","tx-webb-webb-county"
"county:48481","Wharton County","48","county","48481","","","delegation policy names 'county' for building permits in this state","baseline:county-administers-unincorporated-building","tx-wharton-wharton-county"
"county:48483","Wheeler County","48","county","48483","","","delegation policy names 'county' for building permits in this state","baseline:county-administers-unincorporated-building","tx-wheeler-wheeler-county"
"county:48485","Wichita County","48","county","48485","","","delegation policy names 'county' for building permits in this state","baseline:county-administers-unincorporated-building","tx-wichita-wichita-county"
"county:48487","Wilbarger County","48","county","48487","","","delegation policy names 'county' for building permits in this state","baseline:county-administers-unincorporated-building","tx-wilbarger-wilbarger-county"
"county:48489","Willacy County","48","county","48489","","","delegation policy names 'county' for building permits in this state","baseline:county-administers-unincorporated-building","tx-willacy-willacy-county"
"county:48491","Williamson County","48","county","48491","","","delegation policy names 'county' for building permits in this state","baseline:county-administers-unincorporated-building","tx-williamson-williamson-county"
"county:48493","Wilson County","48","county","48493","","","delegation policy names 'county' for building permits in this state","baseline:county-administers-unincorporated-building","tx-wilson-wilson-county"
"county:48495","Winkler County","48","county","48495","","","delegation policy names 'county' for building permits in this state","baseline:county-administers-unincorporated-building","tx-winkler-winkler-county"
"county:48497","Wise County","48","county","48497","","","delegation policy names 'county' for building permits in this state","baseline:county-administers-unincorporated-building","tx-wise-wise-county"
"county:48499","Wood County","48","county","48499","","","delegation policy names 'county' for building permits in this state","baseline:county-administers-unincorporated-building","tx-wood-wood-county"
"county:48501","Yoakum County","48","county","48501","","","delegation policy names 'county' for building permits in this state","baseline:county-administers-unincorporated-building","tx-yoakum-yoakum-county"
"county:48503","Young County","48","county","48503","","","delegation policy names 'county' for building permits in this state","baseline:county-administers-unincorporated-building","tx-young-young-county"
"county:48505","Zapata County","48","county","48505","","","delegation policy names 'county' for building permits in this state","baseline:county-administers-unincorporated-building","tx-zapata-zapata-county"
"county:48507","Zavala County","48","county","48507","","","delegation policy names 'county' for building permits in this state","baseline:county-administers-unincorporated-building","tx-zavala-zavala-county"
"county:49001","Beaver County","49","county","49001","","","delegation policy names 'county' for building permits in this state","baseline:county-administers-unincorporated-building","ut-beaver-beaver-county"
"county:49003","Box Elder County","49","county","49003","","","delegation policy names 'county' for building permits in this state","baseline:county-administers-unincorporated-building","ut-box-elder-box-elder-county"
"county:49005","Cache County","49","county","49005","","","delegation policy names 'county' for building permits in this state","baseline:county-administers-unincorporated-building","ut-cache-cache-county"
"county:49007","Carbon County","49","county","49007","","","delegation policy names 'county' for building permits in this state","baseline:county-administers-unincorporated-building","ut-carbon-carbon-county"
"county:49009","Daggett County","49","county","49009","","","delegation policy names 'county' for building permits in this state","baseline:county-administers-unincorporated-building","ut-daggett-daggett-county"
"county:49011","Davis County","49","county","49011","","","delegation policy names 'county' for building permits in this state","baseline:county-administers-unincorporated-building","ut-davis-davis-county"
"county:49013","Duchesne County","49","county","49013","","","delegation policy names 'county' for building permits in this state","baseline:county-administers-unincorporated-building","ut-duchesne-duchesne-county"
"county:49015","Emery County","49","county","49015","","","delegation policy names 'county' for building permits in this state","baseline:county-administers-unincorporated-building","ut-emery-emery-county"
"county:49017","Garfield County","49","county","49017","","","delegation policy names 'county' for building permits in this state","baseline:county-administers-unincorporated-building","ut-garfield-garfield-county"
"county:49019","Grand County","49","county","49019","","","delegation policy names 'county' for building permits in this state","baseline:county-administers-unincorporated-building","ut-grand-grand-county"
"county:49021","Iron County","49","county","49021","","","delegation policy names 'county' for building permits in this state","baseline:county-administers-unincorporated-building","ut-iron-iron-county"
"county:49023","Juab County","49","county","49023","","","delegation policy names 'county' for building permits in this state","baseline:county-administers-unincorporated-building","ut-juab-juab-county"
"county:49025","Kane County","49","county","49025","","","delegation policy names 'county' for building permits in this state","baseline:county-administers-unincorporated-building","ut-kane-kane-county"
"county:49027","Millard County","49","county","49027","","","delegation policy names 'county' for building permits in this state","baseline:county-administers-unincorporated-building","ut-millard-millard-county"
"county:49029","Morgan County","49","county","49029","","","delegation policy names 'county' for building permits in this state","baseline:county-administers-unincorporated-building","ut-morgan-morgan-county"
"county:49031","Piute County","49","county","49031","","","delegation policy names 'county' for building permits in this state","baseline:county-administers-unincorporated-building","ut-piute-piute-county"
"county:49033","Rich County","49","county","49033","","","delegation policy names 'county' for building permits in this state","baseline:county-administers-unincorporated-building","ut-rich-rich-county"
"county:49035","Salt Lake County","49","county","49035","","","delegation policy names 'county' for building permits in this state","baseline:county-administers-unincorporated-building","ut-salt-lake-salt-lake-county"
"county:49037","San Juan County","49","county","49037","","","delegation policy names 'county' for building permits in this state","baseline:county-administers-unincorporated-building","ut-san-juan-san-juan-county"
"county:49039","Sanpete County","49","county","49039","","","delegation policy names 'county' for building permits in this state","baseline:county-administers-unincorporated-building","ut-sanpete-sanpete-county"
"county:49041","Sevier County","49","county","49041","","","delegation policy names 'county' for building permits in this state","baseline:county-administers-unincorporated-building","ut-sevier-sevier-county"
"county:49043","Summit County","49","county","49043","","","delegation policy names 'county' for building permits in this state","baseline:county-administers-unincorporated-building","ut-summit-summit-county"
"county:49045","Tooele County","49","county","49045","","","delegation policy names 'county' for building permits in this state","baseline:county-administers-unincorporated-building","ut-tooele-tooele-county"
"county:49047","Uintah County","49","county","49047","","","delegation policy names 'county' for building permits in this state","baseline:county-administers-unincorporated-building","ut-uintah-uintah-county"
"county:49049","Utah County","49","county","49049","","","delegation policy names 'county' for building permits in this state","baseline:county-administers-unincorporated-building","ut-utah-utah-county"
"county:49051","Wasatch County","49","county","49051","","","delegation policy names 'county' for building permits in this state","baseline:county-administers-unincorporated-building","ut-wasatch-wasatch-county"
"county:49053","Washington County","49","county","49053","","","delegation policy names 'county' for building permits in this state","baseline:county-administers-unincorporated-building","ut-washington-washington-county"
"county:49055","Wayne County","49","county","49055","","","delegation policy names 'county' for building permits in this state","baseline:county-administers-unincorporated-building","ut-wayne-wayne-county"
"county:49057","Weber County","49","county","49057","","","delegation policy names 'county' for building permits in this state","baseline:county-administers-unincorporated-building","ut-weber-weber-county"
"county:50001","Addison County","50","county","50001","","","delegation policy names 'county' for building permits in this state","baseline:county-administers-unincorporated-building","vt-addison-addison-county"
"county:50003","Bennington County","50","county","50003","","","delegation policy names 'county' for building permits in this state","baseline:county-administers-unincorporated-building","vt-bennington-bennington-county"
"county:50005","Caledonia County","50","county","50005","","","delegation policy names 'county' for building permits in this state","baseline:county-administers-unincorporated-building","vt-caledonia-caledonia-county"
"county:50007","Chittenden County","50","county","50007","","","delegation policy names 'county' for building permits in this state","baseline:county-administers-unincorporated-building","vt-chittenden-chittenden-county"
"county:50009","Essex County","50","county","50009","","","delegation policy names 'county' for building permits in this state","baseline:county-administers-unincorporated-building","vt-essex-essex-county"
"county:50011","Franklin County","50","county","50011","","","delegation policy names 'county' for building permits in this state","baseline:county-administers-unincorporated-building","vt-franklin-franklin-county"
"county:50013","Grand Isle County","50","county","50013","","","delegation policy names 'county' for building permits in this state","baseline:county-administers-unincorporated-building","vt-grand-isle-grand-isle-county"
"county:50015","Lamoille County","50","county","50015","","","delegation policy names 'county' for building permits in this state","baseline:county-administers-unincorporated-building","vt-lamoille-lamoille-county"
"county:50017","Orange County","50","county","50017","","","delegation policy names 'county' for building permits in this state","baseline:county-administers-unincorporated-building","vt-orange-orange-county"
"county:50019","Orleans County","50","county","50019","","","delegation policy names 'county' for building permits in this state","baseline:county-administers-unincorporated-building","vt-orleans-orleans-county"
"county:50021","Rutland County","50","county","50021","","","delegation policy names 'county' for building permits in this state","baseline:county-administers-unincorporated-building","vt-rutland-rutland-county"
"county:50023","Washington County","50","county","50023","","","delegation policy names 'county' for building permits in this state","baseline:county-administers-unincorporated-building","vt-washington-washington-county"
"county:50025","Windham County","50","county","50025","","","delegation policy names 'county' for building permits in this state","baseline:county-administers-unincorporated-building","vt-windham-windham-county"
"county:50027","Windsor County","50","county","50027","","","delegation policy names 'county' for building permits in this state","baseline:county-administers-unincorporated-building","vt-windsor-windsor-county"
"county:51001","Accomack County","51","county","51001","","","delegation policy names 'county' for building permits in this state","baseline:county-administers-unincorporated-building","va-accomack-accomack-county"
"county:51003","Albemarle County","51","county","51003","","","delegation policy names 'county' for building permits in this state","baseline:county-administers-unincorporated-building","va-albemarle-albemarle-county"
"county:51005","Alleghany County","51","county","51005","","","delegation policy names 'county' for building permits in this state","baseline:county-administers-unincorporated-building","va-alleghany-alleghany-county"
"county:51007","Amelia County","51","county","51007","","","delegation policy names 'county' for building permits in this state","baseline:county-administers-unincorporated-building","va-amelia-amelia-county"
"county:51009","Amherst County","51","county","51009","","","delegation policy names 'county' for building permits in this state","baseline:county-administers-unincorporated-building","va-amherst-amherst-county"
"county:51011","Appomattox County","51","county","51011","","","delegation policy names 'county' for building permits in this state","baseline:county-administers-unincorporated-building","va-appomattox-appomattox-county"
"county:51015","Augusta County","51","county","51015","","","delegation policy names 'county' for building permits in this state","baseline:county-administers-unincorporated-building","va-augusta-augusta-county"
"county:51017","Bath County","51","county","51017","","","delegation policy names 'county' for building permits in this state","baseline:county-administers-unincorporated-building","va-bath-bath-county"
"county:51019","Bedford County","51","county","51019","","","delegation policy names 'county' for building permits in this state","baseline:county-administers-unincorporated-building","va-bedford-bedford-county"
"county:51021","Bland County","51","county","51021","","","delegation policy names 'county' for building permits in this state","baseline:county-administers-unincorporated-building","va-bland-bland-county"
"county:51023","Botetourt County","51","county","51023","","","delegation policy names 'county' for building permits in this state","baseline:county-administers-unincorporated-building","va-botetourt-botetourt-county"
"county:51025","Brunswick County","51","county","51025","","","delegation policy names 'county' for building permits in this state","baseline:county-administers-unincorporated-building","va-brunswick-brunswick-county"
"county:51027","Buchanan County","51","county","51027","","","delegation policy names 'county' for building permits in this state","baseline:county-administers-unincorporated-building","va-buchanan-buchanan-county"
"county:51029","Buckingham County","51","county","51029","","","delegation policy names 'county' for building permits in this state","baseline:county-administers-unincorporated-building","va-buckingham-buckingham-county"
"county:51031","Campbell County","51","county","51031","","","delegation policy names 'county' for building permits in this state","baseline:county-administers-unincorporated-building","va-campbell-campbell-county"
"county:51033","Caroline County","51","county","51033","","","delegation policy names 'county' for building permits in this state","baseline:county-administers-unincorporated-building","va-caroline-caroline-county"
"county:51035","Carroll County","51","county","51035","","","delegation policy names 'county' for building permits in this state","baseline:county-administers-unincorporated-building","va-carroll-carroll-county"
"county:51037","Charlotte County","51","county","51037","","","delegation policy names 'county' for building permits in this state","baseline:county-administers-unincorporated-building","va-charlotte-charlotte-county"
"county:51041","Chesterfield County","51","county","51041","","","delegation policy names 'county' for building permits in this state","baseline:county-administers-unincorporated-building","va-chesterfield-county"
"county:51043","Clarke County","51","county","51043","","","delegation policy names 'county' for building permits in this state","baseline:county-administers-unincorporated-building","va-clarke-clarke-county"
"county:51045","Craig County","51","county","51045","","","delegation policy names 'county' for building permits in this state","baseline:county-administers-unincorporated-building","va-craig-craig-county"
"county:51047","Culpeper County","51","county","51047","","","delegation policy names 'county' for building permits in this state","baseline:county-administers-unincorporated-building","va-culpeper-culpeper-county"
"county:51049","Cumberland County","51","county","51049","","","delegation policy names 'county' for building permits in this state","baseline:county-administers-unincorporated-building","va-cumberland-cumberland-county"
"county:51051","Dickenson County","51","county","51051","","","delegation policy names 'county' for building permits in this state","baseline:county-administers-unincorporated-building","va-dickenson-dickenson-county"
"county:51053","Dinwiddie County","51","county","51053","","","delegation policy names 'county' for building permits in this state","baseline:county-administers-unincorporated-building","va-dinwiddie-dinwiddie-county"
"county:51057","Essex County","51","county","51057","","","delegation policy names 'county' for building permits in this state","baseline:county-administers-unincorporated-building","va-essex-essex-county"
"county:51059","Fairfax County","51","county","51059","","","delegation policy names 'county' for building permits in this state","baseline:county-administers-unincorporated-building","va-fairfax-county"
"county:51061","Fauquier County","51","county","51061","","","delegation policy names 'county' for building permits in this state","baseline:county-administers-unincorporated-building","va-fauquier-fauquier-county"
"county:51063","Floyd County","51","county","51063","","","delegation policy names 'county' for building permits in this state","baseline:county-administers-unincorporated-building","va-floyd-floyd-county"
"county:51065","Fluvanna County","51","county","51065","","","delegation policy names 'county' for building permits in this state","baseline:county-administers-unincorporated-building","va-fluvanna-fluvanna-county"
"county:51067","Franklin County","51","county","51067","","","delegation policy names 'county' for building permits in this state","baseline:county-administers-unincorporated-building","va-franklin-franklin-county"
"county:51069","Frederick County","51","county","51069","","","delegation policy names 'county' for building permits in this state","baseline:county-administers-unincorporated-building","va-frederick-frederick-county"
"county:51071","Giles County","51","county","51071","","","delegation policy names 'county' for building permits in this state","baseline:county-administers-unincorporated-building","va-giles-giles-county"
"county:51073","Gloucester County","51","county","51073","","","delegation policy names 'county' for building permits in this state","baseline:county-administers-unincorporated-building","va-gloucester-gloucester-county"
"county:51075","Goochland County","51","county","51075","","","delegation policy names 'county' for building permits in this state","baseline:county-administers-unincorporated-building","va-goochland-goochland-county"
"county:51077","Grayson County","51","county","51077","","","delegation policy names 'county' for building permits in this state","baseline:county-administers-unincorporated-building","va-grayson-grayson-county"
"county:51079","Greene County","51","county","51079","","","delegation policy names 'county' for building permits in this state","baseline:county-administers-unincorporated-building","va-greene-greene-county"
"county:51081","Greensville County","51","county","51081","","","delegation policy names 'county' for building permits in this state","baseline:county-administers-unincorporated-building","va-greensville-greensville-county"
"county:51083","Halifax County","51","county","51083","","","delegation policy names 'county' for building permits in this state","baseline:county-administers-unincorporated-building","va-halifax-halifax-county"
"county:51085","Hanover County","51","county","51085","","","delegation policy names 'county' for building permits in this state","baseline:county-administers-unincorporated-building","va-hanover-hanover-county"
"county:51087","Henrico County","51","county","51087","","","delegation policy names 'county' for building permits in this state","baseline:county-administers-unincorporated-building","va-henrico-henrico-county"
"county:51089","Henry County","51","county","51089","","","delegation policy names 'county' for building permits in this state","baseline:county-administers-unincorporated-building","va-henry-henry-county"
"county:51091","Highland County","51","county","51091","","","delegation policy names 'county' for building permits in this state","baseline:county-administers-unincorporated-building","va-highland-highland-county"
"county:51093","Isle of Wight County","51","county","51093","","","delegation policy names 'county' for building permits in this state","baseline:county-administers-unincorporated-building","va-isle-of-wight-isle-of-wight-county"
"county:51097","King and Queen County","51","county","51097","","","delegation policy names 'county' for building permits in this state","baseline:county-administers-unincorporated-building","va-king-and-queen-king-and-queen-county"
"county:51099","King George County","51","county","51099","","","delegation policy names 'county' for building permits in this state","baseline:county-administers-unincorporated-building","va-king-george-king-george-county"
"county:51101","King William County","51","county","51101","","","delegation policy names 'county' for building permits in this state","baseline:county-administers-unincorporated-building","va-king-william-king-william-county"
"county:51103","Lancaster County","51","county","51103","","","delegation policy names 'county' for building permits in this state","baseline:county-administers-unincorporated-building","va-lancaster-lancaster-county"
"county:51105","Lee County","51","county","51105","","","delegation policy names 'county' for building permits in this state","baseline:county-administers-unincorporated-building","va-lee-lee-county"
"county:51107","Loudoun County","51","county","51107","","","delegation policy names 'county' for building permits in this state","baseline:county-administers-unincorporated-building","va-loudoun-loudoun-county"
"county:51109","Louisa County","51","county","51109","","","delegation policy names 'county' for building permits in this state","baseline:county-administers-unincorporated-building","va-louisa-louisa-county"
"county:51111","Lunenburg County","51","county","51111","","","delegation policy names 'county' for building permits in this state","baseline:county-administers-unincorporated-building","va-lunenburg-lunenburg-county"
"county:51113","Madison County","51","county","51113","","","delegation policy names 'county' for building permits in this state","baseline:county-administers-unincorporated-building","va-madison-madison-county"
"county:51115","Mathews County","51","county","51115","","","delegation policy names 'county' for building permits in this state","baseline:county-administers-unincorporated-building","va-mathews-mathews-county"
"county:51117","Mecklenburg County","51","county","51117","","","delegation policy names 'county' for building permits in this state","baseline:county-administers-unincorporated-building","va-mecklenburg-mecklenburg-county"
"county:51119","Middlesex County","51","county","51119","","","delegation policy names 'county' for building permits in this state","baseline:county-administers-unincorporated-building","va-middlesex-middlesex-county"
"county:51121","Montgomery County","51","county","51121","","","delegation policy names 'county' for building permits in this state","baseline:county-administers-unincorporated-building","va-montgomery-montgomery-county"
"county:51125","Nelson County","51","county","51125","","","delegation policy names 'county' for building permits in this state","baseline:county-administers-unincorporated-building","va-nelson-nelson-county"
"county:51127","New Kent County","51","county","51127","","","delegation policy names 'county' for building permits in this state","baseline:county-administers-unincorporated-building","va-new-kent-new-kent-county"
"county:51131","Northampton County","51","county","51131","","","delegation policy names 'county' for building permits in this state","baseline:county-administers-unincorporated-building","va-northampton-northampton-county"
"county:51133","Northumberland County","51","county","51133","","","delegation policy names 'county' for building permits in this state","baseline:county-administers-unincorporated-building","va-northumberland-northumberland-county"
"county:51135","Nottoway County","51","county","51135","","","delegation policy names 'county' for building permits in this state","baseline:county-administers-unincorporated-building","va-nottoway-nottoway-county"
"county:51137","Orange County","51","county","51137","","","delegation policy names 'county' for building permits in this state","baseline:county-administers-unincorporated-building","va-orange-orange-county"
"county:51139","Page County","51","county","51139","","","delegation policy names 'county' for building permits in this state","baseline:county-administers-unincorporated-building","va-page-page-county"
"county:51141","Patrick County","51","county","51141","","","delegation policy names 'county' for building permits in this state","baseline:county-administers-unincorporated-building","va-patrick-patrick-county"
"county:51143","Pittsylvania County","51","county","51143","","","delegation policy names 'county' for building permits in this state","baseline:county-administers-unincorporated-building","va-pittsylvania-pittsylvania-county"
"county:51145","Powhatan County","51","county","51145","","","delegation policy names 'county' for building permits in this state","baseline:county-administers-unincorporated-building","va-powhatan-powhatan-county"
"county:51147","Prince Edward County","51","county","51147","","","delegation policy names 'county' for building permits in this state","baseline:county-administers-unincorporated-building","va-prince-edward-prince-edward-county"
"county:51149","Prince George County","51","county","51149","","","delegation policy names 'county' for building permits in this state","baseline:county-administers-unincorporated-building","va-prince-george-prince-george-county"
"county:51153","Prince William County","51","county","51153","","","delegation policy names 'county' for building permits in this state","baseline:county-administers-unincorporated-building","va-prince-william-prince-william-county"
"county:51155","Pulaski County","51","county","51155","","","delegation policy names 'county' for building permits in this state","baseline:county-administers-unincorporated-building","va-pulaski-pulaski-county"
"county:51157","Rappahannock County","51","county","51157","","","delegation policy names 'county' for building permits in this state","baseline:county-administers-unincorporated-building","va-rappahannock-rappahannock-county"
"county:51159","Richmond County","51","county","51159","","","delegation policy names 'county' for building permits in this state","baseline:county-administers-unincorporated-building","va-richmond-richmond-county"
"county:51161","Roanoke County","51","county","51161","","","delegation policy names 'county' for building permits in this state","baseline:county-administers-unincorporated-building","va-roanoke-roanoke-county"
"county:51163","Rockbridge County","51","county","51163","","","delegation policy names 'county' for building permits in this state","baseline:county-administers-unincorporated-building","va-rockbridge-rockbridge-county"
"county:51165","Rockingham County","51","county","51165","","","delegation policy names 'county' for building permits in this state","baseline:county-administers-unincorporated-building","va-rockingham-rockingham-county"
"county:51167","Russell County","51","county","51167","","","delegation policy names 'county' for building permits in this state","baseline:county-administers-unincorporated-building","va-russell-russell-county"
"county:51169","Scott County","51","county","51169","","","delegation policy names 'county' for building permits in this state","baseline:county-administers-unincorporated-building","va-scott-scott-county"
"county:51171","Shenandoah County","51","county","51171","","","delegation policy names 'county' for building permits in this state","baseline:county-administers-unincorporated-building","va-shenandoah-shenandoah-county"
"county:51173","Smyth County","51","county","51173","","","delegation policy names 'county' for building permits in this state","baseline:county-administers-unincorporated-building","va-smyth-smyth-county"
"county:51175","Southampton County","51","county","51175","","","delegation policy names 'county' for building permits in this state","baseline:county-administers-unincorporated-building","va-southampton-southampton-county"
"county:51177","Spotsylvania County","51","county","51177","","","delegation policy names 'county' for building permits in this state","baseline:county-administers-unincorporated-building","va-spotsylvania-spotsylvania-county"
"county:51179","Stafford County","51","county","51179","","","delegation policy names 'county' for building permits in this state","baseline:county-administers-unincorporated-building","va-stafford-stafford-county"
"county:51181","Surry County","51","county","51181","","","delegation policy names 'county' for building permits in this state","baseline:county-administers-unincorporated-building","va-surry-surry-county"
"county:51183","Sussex County","51","county","51183","","","delegation policy names 'county' for building permits in this state","baseline:county-administers-unincorporated-building","va-sussex-sussex-county"
"county:51185","Tazewell County","51","county","51185","","","delegation policy names 'county' for building permits in this state","baseline:county-administers-unincorporated-building","va-tazewell-tazewell-county"
"county:51187","Warren County","51","county","51187","","","delegation policy names 'county' for building permits in this state","baseline:county-administers-unincorporated-building","va-warren-warren-county"
"county:51191","Washington County","51","county","51191","","","delegation policy names 'county' for building permits in this state","baseline:county-administers-unincorporated-building","va-washington-washington-county"
"county:51193","Westmoreland County","51","county","51193","","","delegation policy names 'county' for building permits in this state","baseline:county-administers-unincorporated-building","va-westmoreland-westmoreland-county"
"county:51195","Wise County","51","county","51195","","","delegation policy names 'county' for building permits in this state","baseline:county-administers-unincorporated-building","va-wise-wise-county"
"county:51197","Wythe County","51","county","51197","","","delegation policy names 'county' for building permits in this state","baseline:county-administers-unincorporated-building","va-wythe-wythe-county"
"county:51199","York County","51","county","51199","","","delegation policy names 'county' for building permits in this state","baseline:county-administers-unincorporated-building","va-york-york-county"
"county:53001","Adams County","53","county","53001","","","delegation policy names 'county' for building permits in this state","baseline:county-administers-unincorporated-building","wa-adams-adams-county"
"county:53003","Asotin County","53","county","53003","","","delegation policy names 'county' for building permits in this state","baseline:county-administers-unincorporated-building","wa-asotin-asotin-county"
"county:53005","Benton County","53","county","53005","","","delegation policy names 'county' for building permits in this state","baseline:county-administers-unincorporated-building","wa-benton-benton-county"
"county:53007","Chelan County","53","county","53007","","","delegation policy names 'county' for building permits in this state","baseline:county-administers-unincorporated-building","wa-chelan-chelan-county"
"county:53009","Clallam County","53","county","53009","","","delegation policy names 'county' for building permits in this state","baseline:county-administers-unincorporated-building","wa-clallam-clallam-county"
"county:53011","Clark County","53","county","53011","","","delegation policy names 'county' for building permits in this state","baseline:county-administers-unincorporated-building","wa-clark-clark-county"
"county:53013","Columbia County","53","county","53013","","","delegation policy names 'county' for building permits in this state","baseline:county-administers-unincorporated-building","wa-columbia-columbia-county"
"county:53015","Cowlitz County","53","county","53015","","","delegation policy names 'county' for building permits in this state","baseline:county-administers-unincorporated-building","wa-cowlitz-cowlitz-county"
"county:53017","Douglas County","53","county","53017","","","delegation policy names 'county' for building permits in this state","baseline:county-administers-unincorporated-building","wa-douglas-douglas-county"
"county:53019","Ferry County","53","county","53019","","","delegation policy names 'county' for building permits in this state","baseline:county-administers-unincorporated-building","wa-ferry-ferry-county"
"county:53021","Franklin County","53","county","53021","","","delegation policy names 'county' for building permits in this state","baseline:county-administers-unincorporated-building","wa-franklin-franklin-county"
"county:53023","Garfield County","53","county","53023","","","delegation policy names 'county' for building permits in this state","baseline:county-administers-unincorporated-building","wa-garfield-garfield-county"
"county:53025","Grant County","53","county","53025","","","delegation policy names 'county' for building permits in this state","baseline:county-administers-unincorporated-building","wa-grant-grant-county"
"county:53027","Grays Harbor County","53","county","53027","","","delegation policy names 'county' for building permits in this state","baseline:county-administers-unincorporated-building","wa-grays-harbor-grays-harbor-county"
"county:53029","Island County","53","county","53029","","","delegation policy names 'county' for building permits in this state","baseline:county-administers-unincorporated-building","wa-island-island-county"
"county:53031","Jefferson County","53","county","53031","","","delegation policy names 'county' for building permits in this state","baseline:county-administers-unincorporated-building","wa-jefferson-jefferson-county"
"county:53033","King County","53","county","53033","","","delegation policy names 'county' for building permits in this state","baseline:county-administers-unincorporated-building","wa-king-county"
"county:53035","Kitsap County","53","county","53035","","","delegation policy names 'county' for building permits in this state","baseline:county-administers-unincorporated-building","wa-kitsap-kitsap-county"
"county:53037","Kittitas County","53","county","53037","","","delegation policy names 'county' for building permits in this state","baseline:county-administers-unincorporated-building","wa-kittitas-kittitas-county"
"county:53039","Klickitat County","53","county","53039","","","delegation policy names 'county' for building permits in this state","baseline:county-administers-unincorporated-building","wa-klickitat-klickitat-county"
"county:53041","Lewis County","53","county","53041","","","delegation policy names 'county' for building permits in this state","baseline:county-administers-unincorporated-building","wa-lewis-lewis-county"
"county:53043","Lincoln County","53","county","53043","","","delegation policy names 'county' for building permits in this state","baseline:county-administers-unincorporated-building","wa-lincoln-lincoln-county"
"county:53045","Mason County","53","county","53045","","","delegation policy names 'county' for building permits in this state","baseline:county-administers-unincorporated-building","wa-mason-mason-county"
"county:53047","Okanogan County","53","county","53047","","","delegation policy names 'county' for building permits in this state","baseline:county-administers-unincorporated-building","wa-okanogan-okanogan-county"
"county:53049","Pacific County","53","county","53049","","","delegation policy names 'county' for building permits in this state","baseline:county-administers-unincorporated-building","wa-pacific-pacific-county"
"county:53051","Pend Oreille County","53","county","53051","","","delegation policy names 'county' for building permits in this state","baseline:county-administers-unincorporated-building","wa-pend-oreille-pend-oreille-county"
"county:53053","Pierce County","53","county","53053","","","delegation policy names 'county' for building permits in this state","baseline:county-administers-unincorporated-building","wa-pierce-pierce-county"
"county:53055","San Juan County","53","county","53055","","","delegation policy names 'county' for building permits in this state","baseline:county-administers-unincorporated-building","wa-san-juan-san-juan-county"
"county:53057","Skagit County","53","county","53057","","","delegation policy names 'county' for building permits in this state","baseline:county-administers-unincorporated-building","wa-skagit-skagit-county"
"county:53059","Skamania County","53","county","53059","","","delegation policy names 'county' for building permits in this state","baseline:county-administers-unincorporated-building","wa-skamania-skamania-county"
"county:53061","Snohomish County","53","county","53061","","","delegation policy names 'county' for building permits in this state","baseline:county-administers-unincorporated-building","wa-snohomish-snohomish-county"
"county:53063","Spokane County","53","county","53063","","","delegation policy names 'county' for building permits in this state","baseline:county-administers-unincorporated-building","wa-spokane-spokane-county"
"county:53065","Stevens County","53","county","53065","","","delegation policy names 'county' for building permits in this state","baseline:county-administers-unincorporated-building","wa-stevens-stevens-county"
"county:53067","Thurston County","53","county","53067","","","delegation policy names 'county' for building permits in this state","baseline:county-administers-unincorporated-building","wa-thurston-thurston-county"
"county:53069","Wahkiakum County","53","county","53069","","","delegation policy names 'county' for building permits in this state","baseline:county-administers-unincorporated-building","wa-wahkiakum-wahkiakum-county"
"county:53071","Walla Walla County","53","county","53071","","","delegation policy names 'county' for building permits in this state","baseline:county-administers-unincorporated-building","wa-walla-walla-walla-walla-county"
"county:53073","Whatcom County","53","county","53073","","","delegation policy names 'county' for building permits in this state","baseline:county-administers-unincorporated-building","wa-whatcom-whatcom-county"
"county:53075","Whitman County","53","county","53075","","","delegation policy names 'county' for building permits in this state","baseline:county-administers-unincorporated-building","wa-whitman-whitman-county"
"county:53077","Yakima County","53","county","53077","","","delegation policy names 'county' for building permits in this state","baseline:county-administers-unincorporated-building","wa-yakima-yakima-county"
"county:54001","Barbour County","54","county","54001","","","delegation policy names 'county' for building permits in this state","baseline:county-administers-unincorporated-building","wv-barbour-barbour-county"
"county:54003","Berkeley County","54","county","54003","","","delegation policy names 'county' for building permits in this state","baseline:county-administers-unincorporated-building","wv-berkeley-berkeley-county"
"county:54005","Boone County","54","county","54005","","","delegation policy names 'county' for building permits in this state","baseline:county-administers-unincorporated-building","wv-boone-boone-county"
"county:54007","Braxton County","54","county","54007","","","delegation policy names 'county' for building permits in this state","baseline:county-administers-unincorporated-building","wv-braxton-braxton-county"
"county:54009","Brooke County","54","county","54009","","","delegation policy names 'county' for building permits in this state","baseline:county-administers-unincorporated-building","wv-brooke-brooke-county"
"county:54011","Cabell County","54","county","54011","","","delegation policy names 'county' for building permits in this state","baseline:county-administers-unincorporated-building","wv-cabell-cabell-county"
"county:54013","Calhoun County","54","county","54013","","","delegation policy names 'county' for building permits in this state","baseline:county-administers-unincorporated-building","wv-calhoun-calhoun-county"
"county:54015","Clay County","54","county","54015","","","delegation policy names 'county' for building permits in this state","baseline:county-administers-unincorporated-building","wv-clay-clay-county"
"county:54017","Doddridge County","54","county","54017","","","delegation policy names 'county' for building permits in this state","baseline:county-administers-unincorporated-building","wv-doddridge-doddridge-county"
"county:54019","Fayette County","54","county","54019","","","delegation policy names 'county' for building permits in this state","baseline:county-administers-unincorporated-building","wv-fayette-fayette-county"
"county:54021","Gilmer County","54","county","54021","","","delegation policy names 'county' for building permits in this state","baseline:county-administers-unincorporated-building","wv-gilmer-gilmer-county"
"county:54023","Grant County","54","county","54023","","","delegation policy names 'county' for building permits in this state","baseline:county-administers-unincorporated-building","wv-grant-grant-county"
"county:54025","Greenbrier County","54","county","54025","","","delegation policy names 'county' for building permits in this state","baseline:county-administers-unincorporated-building","wv-greenbrier-greenbrier-county"
"county:54027","Hampshire County","54","county","54027","","","delegation policy names 'county' for building permits in this state","baseline:county-administers-unincorporated-building","wv-hampshire-hampshire-county"
"county:54029","Hancock County","54","county","54029","","","delegation policy names 'county' for building permits in this state","baseline:county-administers-unincorporated-building","wv-hancock-hancock-county"
"county:54031","Hardy County","54","county","54031","","","delegation policy names 'county' for building permits in this state","baseline:county-administers-unincorporated-building","wv-hardy-hardy-county"
"county:54033","Harrison County","54","county","54033","","","delegation policy names 'county' for building permits in this state","baseline:county-administers-unincorporated-building","wv-harrison-harrison-county"
"county:54035","Jackson County","54","county","54035","","","delegation policy names 'county' for building permits in this state","baseline:county-administers-unincorporated-building","wv-jackson-jackson-county"
"county:54037","Jefferson County","54","county","54037","","","delegation policy names 'county' for building permits in this state","baseline:county-administers-unincorporated-building","wv-jefferson-jefferson-county"
"county:54039","Kanawha County","54","county","54039","","","delegation policy names 'county' for building permits in this state","baseline:county-administers-unincorporated-building","wv-kanawha-kanawha-county"
"county:54041","Lewis County","54","county","54041","","","delegation policy names 'county' for building permits in this state","baseline:county-administers-unincorporated-building","wv-lewis-lewis-county"
"county:54043","Lincoln County","54","county","54043","","","delegation policy names 'county' for building permits in this state","baseline:county-administers-unincorporated-building","wv-lincoln-lincoln-county"
"county:54045","Logan County","54","county","54045","","","delegation policy names 'county' for building permits in this state","baseline:county-administers-unincorporated-building","wv-logan-logan-county"
"county:54047","McDowell County","54","county","54047","","","delegation policy names 'county' for building permits in this state","baseline:county-administers-unincorporated-building","wv-mcdowell-mcdowell-county"
"county:54049","Marion County","54","county","54049","","","delegation policy names 'county' for building permits in this state","baseline:county-administers-unincorporated-building","wv-marion-marion-county"
"county:54051","Marshall County","54","county","54051","","","delegation policy names 'county' for building permits in this state","baseline:county-administers-unincorporated-building","wv-marshall-marshall-county"
"county:54053","Mason County","54","county","54053","","","delegation policy names 'county' for building permits in this state","baseline:county-administers-unincorporated-building","wv-mason-mason-county"
"county:54055","Mercer County","54","county","54055","","","delegation policy names 'county' for building permits in this state","baseline:county-administers-unincorporated-building","wv-mercer-mercer-county"
"county:54057","Mineral County","54","county","54057","","","delegation policy names 'county' for building permits in this state","baseline:county-administers-unincorporated-building","wv-mineral-mineral-county"
"county:54059","Mingo County","54","county","54059","","","delegation policy names 'county' for building permits in this state","baseline:county-administers-unincorporated-building","wv-mingo-mingo-county"
"county:54061","Monongalia County","54","county","54061","","","delegation policy names 'county' for building permits in this state","baseline:county-administers-unincorporated-building","wv-monongalia-monongalia-county"
"county:54063","Monroe County","54","county","54063","","","delegation policy names 'county' for building permits in this state","baseline:county-administers-unincorporated-building","wv-monroe-monroe-county"
"county:54065","Morgan County","54","county","54065","","","delegation policy names 'county' for building permits in this state","baseline:county-administers-unincorporated-building","wv-morgan-morgan-county"
"county:54067","Nicholas County","54","county","54067","","","delegation policy names 'county' for building permits in this state","baseline:county-administers-unincorporated-building","wv-nicholas-nicholas-county"
"county:54069","Ohio County","54","county","54069","","","delegation policy names 'county' for building permits in this state","baseline:county-administers-unincorporated-building","wv-ohio-ohio-county"
"county:54071","Pendleton County","54","county","54071","","","delegation policy names 'county' for building permits in this state","baseline:county-administers-unincorporated-building","wv-pendleton-pendleton-county"
"county:54073","Pleasants County","54","county","54073","","","delegation policy names 'county' for building permits in this state","baseline:county-administers-unincorporated-building","wv-pleasants-pleasants-county"
"county:54075","Pocahontas County","54","county","54075","","","delegation policy names 'county' for building permits in this state","baseline:county-administers-unincorporated-building","wv-pocahontas-pocahontas-county"
"county:54077","Preston County","54","county","54077","","","delegation policy names 'county' for building permits in this state","baseline:county-administers-unincorporated-building","wv-preston-preston-county"
"county:54079","Putnam County","54","county","54079","","","delegation policy names 'county' for building permits in this state","baseline:county-administers-unincorporated-building","wv-putnam-putnam-county"
"county:54081","Raleigh County","54","county","54081","","","delegation policy names 'county' for building permits in this state","baseline:county-administers-unincorporated-building","wv-raleigh-raleigh-county"
"county:54083","Randolph County","54","county","54083","","","delegation policy names 'county' for building permits in this state","baseline:county-administers-unincorporated-building","wv-randolph-randolph-county"
"county:54085","Ritchie County","54","county","54085","","","delegation policy names 'county' for building permits in this state","baseline:county-administers-unincorporated-building","wv-ritchie-ritchie-county"
"county:54087","Roane County","54","county","54087","","","delegation policy names 'county' for building permits in this state","baseline:county-administers-unincorporated-building","wv-roane-roane-county"
"county:54089","Summers County","54","county","54089","","","delegation policy names 'county' for building permits in this state","baseline:county-administers-unincorporated-building","wv-summers-summers-county"
"county:54091","Taylor County","54","county","54091","","","delegation policy names 'county' for building permits in this state","baseline:county-administers-unincorporated-building","wv-taylor-taylor-county"
"county:54093","Tucker County","54","county","54093","","","delegation policy names 'county' for building permits in this state","baseline:county-administers-unincorporated-building","wv-tucker-tucker-county"
"county:54095","Tyler County","54","county","54095","","","delegation policy names 'county' for building permits in this state","baseline:county-administers-unincorporated-building","wv-tyler-tyler-county"
"county:54097","Upshur County","54","county","54097","","","delegation policy names 'county' for building permits in this state","baseline:county-administers-unincorporated-building","wv-upshur-upshur-county"
"county:54099","Wayne County","54","county","54099","","","delegation policy names 'county' for building permits in this state","baseline:county-administers-unincorporated-building","wv-wayne-wayne-county"
"county:54101","Webster County","54","county","54101","","","delegation policy names 'county' for building permits in this state","baseline:county-administers-unincorporated-building","wv-webster-webster-county"
"county:54103","Wetzel County","54","county","54103","","","delegation policy names 'county' for building permits in this state","baseline:county-administers-unincorporated-building","wv-wetzel-wetzel-county"
"county:54105","Wirt County","54","county","54105","","","delegation policy names 'county' for building permits in this state","baseline:county-administers-unincorporated-building","wv-wirt-wirt-county"
"county:54107","Wood County","54","county","54107","","","delegation policy names 'county' for building permits in this state","baseline:county-administers-unincorporated-building","wv-wood-wood-county"
"county:54109","Wyoming County","54","county","54109","","","delegation policy names 'county' for building permits in this state","baseline:county-administers-unincorporated-building","wv-wyoming-wyoming-county"
"county:55001","Adams County","55","county","55001","","","delegation policy names 'county' for building permits in this state","baseline:county-administers-unincorporated-building","wi-adams-adams-county"
"county:55003","Ashland County","55","county","55003","","","delegation policy names 'county' for building permits in this state","baseline:county-administers-unincorporated-building","wi-ashland-ashland-county"
"county:55005","Barron County","55","county","55005","","","delegation policy names 'county' for building permits in this state","baseline:county-administers-unincorporated-building","wi-barron-barron-county"
"county:55007","Bayfield County","55","county","55007","","","delegation policy names 'county' for building permits in this state","baseline:county-administers-unincorporated-building","wi-bayfield-bayfield-county"
"county:55009","Brown County","55","county","55009","","","delegation policy names 'county' for building permits in this state","baseline:county-administers-unincorporated-building","wi-brown-brown-county"
"county:55011","Buffalo County","55","county","55011","","","delegation policy names 'county' for building permits in this state","baseline:county-administers-unincorporated-building","wi-buffalo-buffalo-county"
"county:55013","Burnett County","55","county","55013","","","delegation policy names 'county' for building permits in this state","baseline:county-administers-unincorporated-building","wi-burnett-burnett-county"
"county:55015","Calumet County","55","county","55015","","","delegation policy names 'county' for building permits in this state","baseline:county-administers-unincorporated-building","wi-calumet-calumet-county"
"county:55017","Chippewa County","55","county","55017","","","delegation policy names 'county' for building permits in this state","baseline:county-administers-unincorporated-building","wi-chippewa-chippewa-county"
"county:55019","Clark County","55","county","55019","","","delegation policy names 'county' for building permits in this state","baseline:county-administers-unincorporated-building","wi-clark-clark-county"
"county:55021","Columbia County","55","county","55021","","","delegation policy names 'county' for building permits in this state","baseline:county-administers-unincorporated-building","wi-columbia-columbia-county"
"county:55023","Crawford County","55","county","55023","","","delegation policy names 'county' for building permits in this state","baseline:county-administers-unincorporated-building","wi-crawford-crawford-county"
"county:55025","Dane County","55","county","55025","","","delegation policy names 'county' for building permits in this state","baseline:county-administers-unincorporated-building","wi-dane-dane-county"
"county:55027","Dodge County","55","county","55027","","","delegation policy names 'county' for building permits in this state","baseline:county-administers-unincorporated-building","wi-dodge-dodge-county"
"county:55029","Door County","55","county","55029","","","delegation policy names 'county' for building permits in this state","baseline:county-administers-unincorporated-building","wi-door-door-county"
"county:55031","Douglas County","55","county","55031","","","delegation policy names 'county' for building permits in this state","baseline:county-administers-unincorporated-building","wi-douglas-douglas-county"
"county:55033","Dunn County","55","county","55033","","","delegation policy names 'county' for building permits in this state","baseline:county-administers-unincorporated-building","wi-dunn-dunn-county"
"county:55035","Eau Claire County","55","county","55035","","","delegation policy names 'county' for building permits in this state","baseline:county-administers-unincorporated-building","wi-eau-claire-eau-claire-county"
"county:55037","Florence County","55","county","55037","","","delegation policy names 'county' for building permits in this state","baseline:county-administers-unincorporated-building","wi-florence-florence-county"
"county:55039","Fond du Lac County","55","county","55039","","","delegation policy names 'county' for building permits in this state","baseline:county-administers-unincorporated-building","wi-fond-du-lac-fond-du-lac-county"
"county:55041","Forest County","55","county","55041","","","delegation policy names 'county' for building permits in this state","baseline:county-administers-unincorporated-building","wi-forest-forest-county"
"county:55043","Grant County","55","county","55043","","","delegation policy names 'county' for building permits in this state","baseline:county-administers-unincorporated-building","wi-grant-grant-county"
"county:55045","Green County","55","county","55045","","","delegation policy names 'county' for building permits in this state","baseline:county-administers-unincorporated-building","wi-green-green-county"
"county:55047","Green Lake County","55","county","55047","","","delegation policy names 'county' for building permits in this state","baseline:county-administers-unincorporated-building","wi-green-lake-green-lake-county"
"county:55049","Iowa County","55","county","55049","","","delegation policy names 'county' for building permits in this state","baseline:county-administers-unincorporated-building","wi-iowa-iowa-county"
"county:55051","Iron County","55","county","55051","","","delegation policy names 'county' for building permits in this state","baseline:county-administers-unincorporated-building","wi-iron-iron-county"
"county:55053","Jackson County","55","county","55053","","","delegation policy names 'county' for building permits in this state","baseline:county-administers-unincorporated-building","wi-jackson-jackson-county"
"county:55055","Jefferson County","55","county","55055","","","delegation policy names 'county' for building permits in this state","baseline:county-administers-unincorporated-building","wi-jefferson-jefferson-county"
"county:55057","Juneau County","55","county","55057","","","delegation policy names 'county' for building permits in this state","baseline:county-administers-unincorporated-building","wi-juneau-juneau-county"
"county:55059","Kenosha County","55","county","55059","","","delegation policy names 'county' for building permits in this state","baseline:county-administers-unincorporated-building","wi-kenosha-kenosha-county"
"county:55061","Kewaunee County","55","county","55061","","","delegation policy names 'county' for building permits in this state","baseline:county-administers-unincorporated-building","wi-kewaunee-kewaunee-county"
"county:55063","La Crosse County","55","county","55063","","","delegation policy names 'county' for building permits in this state","baseline:county-administers-unincorporated-building","wi-la-crosse-la-crosse-county"
"county:55065","Lafayette County","55","county","55065","","","delegation policy names 'county' for building permits in this state","baseline:county-administers-unincorporated-building","wi-lafayette-lafayette-county"
"county:55067","Langlade County","55","county","55067","","","delegation policy names 'county' for building permits in this state","baseline:county-administers-unincorporated-building","wi-langlade-langlade-county"
"county:55069","Lincoln County","55","county","55069","","","delegation policy names 'county' for building permits in this state","baseline:county-administers-unincorporated-building","wi-lincoln-lincoln-county"
"county:55071","Manitowoc County","55","county","55071","","","delegation policy names 'county' for building permits in this state","baseline:county-administers-unincorporated-building","wi-manitowoc-manitowoc-county"
"county:55073","Marathon County","55","county","55073","","","delegation policy names 'county' for building permits in this state","baseline:county-administers-unincorporated-building","wi-marathon-marathon-county"
"county:55075","Marinette County","55","county","55075","","","delegation policy names 'county' for building permits in this state","baseline:county-administers-unincorporated-building","wi-marinette-marinette-county"
"county:55077","Marquette County","55","county","55077","","","delegation policy names 'county' for building permits in this state","baseline:county-administers-unincorporated-building","wi-marquette-marquette-county"
"county:55078","Menominee County","55","county","55078","","","delegation policy names 'county' for building permits in this state","baseline:county-administers-unincorporated-building","wi-menominee-menominee-county"
"county:55079","Milwaukee County","55","county","55079","","","delegation policy names 'county' for building permits in this state","baseline:county-administers-unincorporated-building","wi-milwaukee-milwaukee-county"
"county:55081","Monroe County","55","county","55081","","","delegation policy names 'county' for building permits in this state","baseline:county-administers-unincorporated-building","wi-monroe-monroe-county"
"county:55083","Oconto County","55","county","55083","","","delegation policy names 'county' for building permits in this state","baseline:county-administers-unincorporated-building","wi-oconto-oconto-county"
"county:55085","Oneida County","55","county","55085","","","delegation policy names 'county' for building permits in this state","baseline:county-administers-unincorporated-building","wi-oneida-oneida-county"
"county:55087","Outagamie County","55","county","55087","","","delegation policy names 'county' for building permits in this state","baseline:county-administers-unincorporated-building","wi-outagamie-outagamie-county"
"county:55089","Ozaukee County","55","county","55089","","","delegation policy names 'county' for building permits in this state","baseline:county-administers-unincorporated-building","wi-ozaukee-ozaukee-county"
"county:55091","Pepin County","55","county","55091","","","delegation policy names 'county' for building permits in this state","baseline:county-administers-unincorporated-building","wi-pepin-pepin-county"
"county:55093","Pierce County","55","county","55093","","","delegation policy names 'county' for building permits in this state","baseline:county-administers-unincorporated-building","wi-pierce-pierce-county"
"county:55095","Polk County","55","county","55095","","","delegation policy names 'county' for building permits in this state","baseline:county-administers-unincorporated-building","wi-polk-polk-county"
"county:55097","Portage County","55","county","55097","","","delegation policy names 'county' for building permits in this state","baseline:county-administers-unincorporated-building","wi-portage-portage-county"
"county:55099","Price County","55","county","55099","","","delegation policy names 'county' for building permits in this state","baseline:county-administers-unincorporated-building","wi-price-price-county"
"county:55101","Racine County","55","county","55101","","","delegation policy names 'county' for building permits in this state","baseline:county-administers-unincorporated-building","wi-racine-racine-county"
"county:55103","Richland County","55","county","55103","","","delegation policy names 'county' for building permits in this state","baseline:county-administers-unincorporated-building","wi-richland-richland-county"
"county:55105","Rock County","55","county","55105","","","delegation policy names 'county' for building permits in this state","baseline:county-administers-unincorporated-building","wi-rock-rock-county"
"county:55107","Rusk County","55","county","55107","","","delegation policy names 'county' for building permits in this state","baseline:county-administers-unincorporated-building","wi-rusk-rusk-county"
"county:55109","St. Croix County","55","county","55109","","","delegation policy names 'county' for building permits in this state","baseline:county-administers-unincorporated-building","wi-st-croix-st-croix-county"
"county:55111","Sauk County","55","county","55111","","","delegation policy names 'county' for building permits in this state","baseline:county-administers-unincorporated-building","wi-sauk-sauk-county"
"county:55113","Sawyer County","55","county","55113","","","delegation policy names 'county' for building permits in this state","baseline:county-administers-unincorporated-building","wi-sawyer-sawyer-county"
"county:55115","Shawano County","55","county","55115","","","delegation policy names 'county' for building permits in this state","baseline:county-administers-unincorporated-building","wi-shawano-shawano-county"
"county:55117","Sheboygan County","55","county","55117","","","delegation policy names 'county' for building permits in this state","baseline:county-administers-unincorporated-building","wi-sheboygan-sheboygan-county"
"county:55119","Taylor County","55","county","55119","","","delegation policy names 'county' for building permits in this state","baseline:county-administers-unincorporated-building","wi-taylor-taylor-county"
"county:55121","Trempealeau County","55","county","55121","","","delegation policy names 'county' for building permits in this state","baseline:county-administers-unincorporated-building","wi-trempealeau-trempealeau-county"
"county:55123","Vernon County","55","county","55123","","","delegation policy names 'county' for building permits in this state","baseline:county-administers-unincorporated-building","wi-vernon-vernon-county"
"county:55125","Vilas County","55","county","55125","","","delegation policy names 'county' for building permits in this state","baseline:county-administers-unincorporated-building","wi-vilas-vilas-county"
"county:55127","Walworth County","55","county","55127","","","delegation policy names 'county' for building permits in this state","baseline:county-administers-unincorporated-building","wi-walworth-walworth-county"
"county:55129","Washburn County","55","county","55129","","","delegation policy names 'county' for building permits in this state","baseline:county-administers-unincorporated-building","wi-washburn-washburn-county"
"county:55131","Washington County","55","county","55131","","","delegation policy names 'county' for building permits in this state","baseline:county-administers-unincorporated-building","wi-washington-washington-county"
"county:55133","Waukesha County","55","county","55133","","","delegation policy names 'county' for building permits in this state","baseline:county-administers-unincorporated-building","wi-waukesha-waukesha-county"
"county:55135","Waupaca County","55","county","55135","","","delegation policy names 'county' for building permits in this state","baseline:county-administers-unincorporated-building","wi-waupaca-waupaca-county"
"county:55137","Waushara County","55","county","55137","","","delegation policy names 'county' for building permits in this state","baseline:county-administers-unincorporated-building","wi-waushara-waushara-county"
"county:55139","Winnebago County","55","county","55139","","","delegation policy names 'county' for building permits in this state","baseline:county-administers-unincorporated-building","wi-winnebago-winnebago-county"
"county:55141","Wood County","55","county","55141","","","delegation policy names 'county' for building permits in this state","baseline:county-administers-unincorporated-building","wi-wood-wood-county"
"county:56001","Albany County","56","county","56001","","","delegation policy names 'county' for building permits in this state","baseline:county-administers-unincorporated-building","wy-albany-albany-county"
"county:56003","Big Horn County","56","county","56003","","","delegation policy names 'county' for building permits in this state","baseline:county-administers-unincorporated-building","wy-big-horn-big-horn-county"
"county:56005","Campbell County","56","county","56005","","","delegation policy names 'county' for building permits in this state","baseline:county-administers-unincorporated-building","wy-campbell-campbell-county"
"county:56007","Carbon County","56","county","56007","","","delegation policy names 'county' for building permits in this state","baseline:county-administers-unincorporated-building","wy-carbon-carbon-county"
"county:56009","Converse County","56","county","56009","","","delegation policy names 'county' for building permits in this state","baseline:county-administers-unincorporated-building","wy-converse-converse-county"
"county:56011","Crook County","56","county","56011","","","delegation policy names 'county' for building permits in this state","baseline:county-administers-unincorporated-building","wy-crook-crook-county"
"county:56013","Fremont County","56","county","56013","","","delegation policy names 'county' for building permits in this state","baseline:county-administers-unincorporated-building","wy-fremont-fremont-county"
"county:56015","Goshen County","56","county","56015","","","delegation policy names 'county' for building permits in this state","baseline:county-administers-unincorporated-building","wy-goshen-goshen-county"
"county:56017","Hot Springs County","56","county","56017","","","delegation policy names 'county' for building permits in this state","baseline:county-administers-unincorporated-building","wy-hot-springs-hot-springs-county"
"county:56019","Johnson County","56","county","56019","","","delegation policy names 'county' for building permits in this state","baseline:county-administers-unincorporated-building","wy-johnson-johnson-county"
"county:56021","Laramie County","56","county","56021","","","delegation policy names 'county' for building permits in this state","baseline:county-administers-unincorporated-building","wy-laramie-laramie-county"
"county:56023","Lincoln County","56","county","56023","","","delegation policy names 'county' for building permits in this state","baseline:county-administers-unincorporated-building","wy-lincoln-lincoln-county"
"county:56025","Natrona County","56","county","56025","","","delegation policy names 'county' for building permits in this state","baseline:county-administers-unincorporated-building","wy-natrona-natrona-county"
"county:56027","Niobrara County","56","county","56027","","","delegation policy names 'county' for building permits in this state","baseline:county-administers-unincorporated-building","wy-niobrara-niobrara-county"
"county:56029","Park County","56","county","56029","","","delegation policy names 'county' for building permits in this state","baseline:county-administers-unincorporated-building","wy-park-park-county"
"county:56031","Platte County","56","county","56031","","","delegation policy names 'county' for building permits in this state","baseline:county-administers-unincorporated-building","wy-platte-platte-county"
"county:56033","Sheridan County","56","county","56033","","","delegation policy names 'county' for building permits in this state","baseline:county-administers-unincorporated-building","wy-sheridan-sheridan-county"
"county:56035","Sublette County","56","county","56035","","","delegation policy names 'county' for building permits in this state","baseline:county-administers-unincorporated-building","wy-sublette-sublette-county"
"county:56037","Sweetwater County","56","county","56037","","","delegation policy names 'county' for building permits in this state","baseline:county-administers-unincorporated-building","wy-sweetwater-sweetwater-county"
"county:56039","Teton County","56","county","56039","","","delegation policy names 'county' for building permits in this state","baseline:county-administers-unincorporated-building","wy-teton-teton-county"
"county:56041","Uinta County","56","county","56041","","","delegation policy names 'county' for building permits in this state","baseline:county-administers-unincorporated-building","wy-uinta-uinta-county"
"county:56043","Washakie County","56","county","56043","","","delegation policy names 'county' for building permits in this state","baseline:county-administers-unincorporated-building","wy-washakie-washakie-county"
"county:56045","Weston County","56","county","56045","","","delegation policy names 'county' for building permits in this state","baseline:county-administers-unincorporated-building","wy-weston-weston-county"
"county:60010","Eastern District","60","county-equivalent","60010","","","delegation policy names 'county-equivalent' for building permits in this state","baseline:county-administers-unincorporated-building","as-eastern-eastern-county"
"county:60020","Manu'a District","60","county-equivalent","60020","","","delegation policy names 'county-equivalent' for building permits in this state","baseline:county-administers-unincorporated-building","as-manua-manua-county"
"county:60050","Western District","60","county-equivalent","60050","","","delegation policy names 'county-equivalent' for building permits in this state","baseline:county-administers-unincorporated-building","as-western-western-county"
"county:69085","Northern Islands Municipality","69","borough","69085","","","delegation policy names 'borough' for building permits in this state","baseline:county-administers-unincorporated-building","mp-northern-islands-northern-islands-county"
"county:69100","Rota Municipality","69","borough","69100","","","delegation policy names 'borough' for building permits in this state","baseline:county-administers-unincorporated-building","mp-rota-rota-county"
"county:69110","Saipan Municipality","69","borough","69110","","","delegation policy names 'borough' for building permits in this state","baseline:county-administers-unincorporated-building","mp-saipan-saipan-county"
"county:69120","Tinian Municipality","69","borough","69120","","","delegation policy names 'borough' for building permits in this state","baseline:county-administers-unincorporated-building","mp-tinian-tinian-county"
"county:72001","Adjuntas Municipio","72","municipio","72001","","","delegation policy names 'municipio' for building permits in this state","baseline:county-administers-unincorporated-building","pr-adjuntas-adjuntas-county"
"county:72003","Aguada Municipio","72","municipio","72003","","","delegation policy names 'municipio' for building permits in this state","baseline:county-administers-unincorporated-building","pr-aguada-aguada-county"
"county:72005","Aguadilla Municipio","72","municipio","72005","","","delegation policy names 'municipio' for building permits in this state","baseline:county-administers-unincorporated-building","pr-aguadilla-aguadilla-county"
"county:72007","Aguas Buenas Municipio","72","municipio","72007","","","delegation policy names 'municipio' for building permits in this state","baseline:county-administers-unincorporated-building","pr-aguas-buenas-aguas-buenas-county"
"county:72009","Aibonito Municipio","72","municipio","72009","","","delegation policy names 'municipio' for building permits in this state","baseline:county-administers-unincorporated-building","pr-aibonito-aibonito-county"
"county:72011","Añasco Municipio","72","municipio","72011","","","delegation policy names 'municipio' for building permits in this state","baseline:county-administers-unincorporated-building","pr-anasco-anasco-county"
"county:72013","Arecibo Municipio","72","municipio","72013","","","delegation policy names 'municipio' for building permits in this state","baseline:county-administers-unincorporated-building","pr-arecibo-arecibo-county"
"county:72015","Arroyo Municipio","72","municipio","72015","","","delegation policy names 'municipio' for building permits in this state","baseline:county-administers-unincorporated-building","pr-arroyo-arroyo-county"
"county:72017","Barceloneta Municipio","72","municipio","72017","","","delegation policy names 'municipio' for building permits in this state","baseline:county-administers-unincorporated-building","pr-barceloneta-barceloneta-county"
"county:72019","Barranquitas Municipio","72","municipio","72019","","","delegation policy names 'municipio' for building permits in this state","baseline:county-administers-unincorporated-building","pr-barranquitas-barranquitas-county"
"county:72021","Bayamón Municipio","72","municipio","72021","","","delegation policy names 'municipio' for building permits in this state","baseline:county-administers-unincorporated-building","pr-bayamon-bayamon-county"
"county:72023","Cabo Rojo Municipio","72","municipio","72023","","","delegation policy names 'municipio' for building permits in this state","baseline:county-administers-unincorporated-building","pr-cabo-rojo-cabo-rojo-county"
"county:72025","Caguas Municipio","72","municipio","72025","","","delegation policy names 'municipio' for building permits in this state","baseline:county-administers-unincorporated-building","pr-caguas-caguas-county"
"county:72027","Camuy Municipio","72","municipio","72027","","","delegation policy names 'municipio' for building permits in this state","baseline:county-administers-unincorporated-building","pr-camuy-camuy-county"
"county:72029","Canóvanas Municipio","72","municipio","72029","","","delegation policy names 'municipio' for building permits in this state","baseline:county-administers-unincorporated-building","pr-canovanas-canovanas-county"
"county:72031","Carolina Municipio","72","municipio","72031","","","delegation policy names 'municipio' for building permits in this state","baseline:county-administers-unincorporated-building","pr-carolina-carolina-county"
"county:72033","Cataño Municipio","72","municipio","72033","","","delegation policy names 'municipio' for building permits in this state","baseline:county-administers-unincorporated-building","pr-catano-catano-county"
"county:72037","Ceiba Municipio","72","municipio","72037","","","delegation policy names 'municipio' for building permits in this state","baseline:county-administers-unincorporated-building","pr-ceiba-ceiba-county"
"county:72039","Ciales Municipio","72","municipio","72039","","","delegation policy names 'municipio' for building permits in this state","baseline:county-administers-unincorporated-building","pr-ciales-ciales-county"
"county:72041","Cidra Municipio","72","municipio","72041","","","delegation policy names 'municipio' for building permits in this state","baseline:county-administers-unincorporated-building","pr-cidra-cidra-county"
"county:72043","Coamo Municipio","72","municipio","72043","","","delegation policy names 'municipio' for building permits in this state","baseline:county-administers-unincorporated-building","pr-coamo-coamo-county"
"county:72045","Comerío Municipio","72","municipio","72045","","","delegation policy names 'municipio' for building permits in this state","baseline:county-administers-unincorporated-building","pr-comerio-comerio-county"
"county:72047","Corozal Municipio","72","municipio","72047","","","delegation policy names 'municipio' for building permits in this state","baseline:county-administers-unincorporated-building","pr-corozal-corozal-county"
"county:72049","Culebra Municipio","72","municipio","72049","","","delegation policy names 'municipio' for building permits in this state","baseline:county-administers-unincorporated-building","pr-culebra-culebra-county"
"county:72051","Dorado Municipio","72","municipio","72051","","","delegation policy names 'municipio' for building permits in this state","baseline:county-administers-unincorporated-building","pr-dorado-dorado-county"
"county:72053","Fajardo Municipio","72","municipio","72053","","","delegation policy names 'municipio' for building permits in this state","baseline:county-administers-unincorporated-building","pr-fajardo-fajardo-county"
"county:72054","Florida Municipio","72","municipio","72054","","","delegation policy names 'municipio' for building permits in this state","baseline:county-administers-unincorporated-building","pr-florida-florida-county"
"county:72057","Guayama Municipio","72","municipio","72057","","","delegation policy names 'municipio' for building permits in this state","baseline:county-administers-unincorporated-building","pr-guayama-guayama-county"
"county:72061","Guaynabo Municipio","72","municipio","72061","","","delegation policy names 'municipio' for building permits in this state","baseline:county-administers-unincorporated-building","pr-guaynabo-guaynabo-county"
"county:72063","Gurabo Municipio","72","municipio","72063","","","delegation policy names 'municipio' for building permits in this state","baseline:county-administers-unincorporated-building","pr-gurabo-gurabo-county"
"county:72065","Hatillo Municipio","72","municipio","72065","","","delegation policy names 'municipio' for building permits in this state","baseline:county-administers-unincorporated-building","pr-hatillo-hatillo-county"
"county:72067","Hormigueros Municipio","72","municipio","72067","","","delegation policy names 'municipio' for building permits in this state","baseline:county-administers-unincorporated-building","pr-hormigueros-hormigueros-county"
"county:72069","Humacao Municipio","72","municipio","72069","","","delegation policy names 'municipio' for building permits in this state","baseline:county-administers-unincorporated-building","pr-humacao-humacao-county"
"county:72071","Isabela Municipio","72","municipio","72071","","","delegation policy names 'municipio' for building permits in this state","baseline:county-administers-unincorporated-building","pr-isabela-isabela-county"
"county:72073","Jayuya Municipio","72","municipio","72073","","","delegation policy names 'municipio' for building permits in this state","baseline:county-administers-unincorporated-building","pr-jayuya-jayuya-county"
"county:72075","Juana Díaz Municipio","72","municipio","72075","","","delegation policy names 'municipio' for building permits in this state","baseline:county-administers-unincorporated-building","pr-juana-diaz-juana-diaz-county"
"county:72077","Juncos Municipio","72","municipio","72077","","","delegation policy names 'municipio' for building permits in this state","baseline:county-administers-unincorporated-building","pr-juncos-juncos-county"
"county:72079","Lajas Municipio","72","municipio","72079","","","delegation policy names 'municipio' for building permits in this state","baseline:county-administers-unincorporated-building","pr-lajas-lajas-county"
"county:72081","Lares Municipio","72","municipio","72081","","","delegation policy names 'municipio' for building permits in this state","baseline:county-administers-unincorporated-building","pr-lares-lares-county"
"county:72083","Las Marías Municipio","72","municipio","72083","","","delegation policy names 'municipio' for building permits in this state","baseline:county-administers-unincorporated-building","pr-las-marias-las-marias-county"
"county:72085","Las Piedras Municipio","72","municipio","72085","","","delegation policy names 'municipio' for building permits in this state","baseline:county-administers-unincorporated-building","pr-las-piedras-las-piedras-county"
"county:72087","Loíza Municipio","72","municipio","72087","","","delegation policy names 'municipio' for building permits in this state","baseline:county-administers-unincorporated-building","pr-loiza-loiza-county"
"county:72089","Luquillo Municipio","72","municipio","72089","","","delegation policy names 'municipio' for building permits in this state","baseline:county-administers-unincorporated-building","pr-luquillo-luquillo-county"
"county:72091","Manatí Municipio","72","municipio","72091","","","delegation policy names 'municipio' for building permits in this state","baseline:county-administers-unincorporated-building","pr-manati-manati-county"
"county:72093","Maricao Municipio","72","municipio","72093","","","delegation policy names 'municipio' for building permits in this state","baseline:county-administers-unincorporated-building","pr-maricao-maricao-county"
"county:72095","Maunabo Municipio","72","municipio","72095","","","delegation policy names 'municipio' for building permits in this state","baseline:county-administers-unincorporated-building","pr-maunabo-maunabo-county"
"county:72097","Mayagüez Municipio","72","municipio","72097","","","delegation policy names 'municipio' for building permits in this state","baseline:county-administers-unincorporated-building","pr-mayaguez-mayaguez-county"
"county:72099","Moca Municipio","72","municipio","72099","","","delegation policy names 'municipio' for building permits in this state","baseline:county-administers-unincorporated-building","pr-moca-moca-county"
"county:72101","Morovis Municipio","72","municipio","72101","","","delegation policy names 'municipio' for building permits in this state","baseline:county-administers-unincorporated-building","pr-morovis-morovis-county"
"county:72103","Naguabo Municipio","72","municipio","72103","","","delegation policy names 'municipio' for building permits in this state","baseline:county-administers-unincorporated-building","pr-naguabo-naguabo-county"
"county:72105","Naranjito Municipio","72","municipio","72105","","","delegation policy names 'municipio' for building permits in this state","baseline:county-administers-unincorporated-building","pr-naranjito-naranjito-county"
"county:72107","Orocovis Municipio","72","municipio","72107","","","delegation policy names 'municipio' for building permits in this state","baseline:county-administers-unincorporated-building","pr-orocovis-orocovis-county"
"county:72109","Patillas Municipio","72","municipio","72109","","","delegation policy names 'municipio' for building permits in this state","baseline:county-administers-unincorporated-building","pr-patillas-patillas-county"
"county:72111","Peñuelas Municipio","72","municipio","72111","","","delegation policy names 'municipio' for building permits in this state","baseline:county-administers-unincorporated-building","pr-penuelas-penuelas-county"
"county:72113","Ponce Municipio","72","municipio","72113","","","delegation policy names 'municipio' for building permits in this state","baseline:county-administers-unincorporated-building","pr-ponce-ponce-county"
"county:72115","Quebradillas Municipio","72","municipio","72115","","","delegation policy names 'municipio' for building permits in this state","baseline:county-administers-unincorporated-building","pr-quebradillas-quebradillas-county"
"county:72117","Rincón Municipio","72","municipio","72117","","","delegation policy names 'municipio' for building permits in this state","baseline:county-administers-unincorporated-building","pr-rincon-rincon-county"
"county:72119","Río Grande Municipio","72","municipio","72119","","","delegation policy names 'municipio' for building permits in this state","baseline:county-administers-unincorporated-building","pr-rio-grande-rio-grande-county"
"county:72121","Sabana Grande Municipio","72","municipio","72121","","","delegation policy names 'municipio' for building permits in this state","baseline:county-administers-unincorporated-building","pr-sabana-grande-sabana-grande-county"
"county:72123","Salinas Municipio","72","municipio","72123","","","delegation policy names 'municipio' for building permits in this state","baseline:county-administers-unincorporated-building","pr-salinas-salinas-county"
"county:72125","San Germán Municipio","72","municipio","72125","","","delegation policy names 'municipio' for building permits in this state","baseline:county-administers-unincorporated-building","pr-san-german-san-german-county"
"county:72127","San Juan Municipio","72","municipio","72127","","","delegation policy names 'municipio' for building permits in this state","baseline:county-administers-unincorporated-building","pr-san-juan-san-juan-county"
"county:72129","San Lorenzo Municipio","72","municipio","72129","","","delegation policy names 'municipio' for building permits in this state","baseline:county-administers-unincorporated-building","pr-san-lorenzo-san-lorenzo-county"
"county:72131","San Sebastián Municipio","72","municipio","72131","","","delegation policy names 'municipio' for building permits in this state","baseline:county-administers-unincorporated-building","pr-san-sebastian-san-sebastian-county"
"county:72133","Santa Isabel Municipio","72","municipio","72133","","","delegation policy names 'municipio' for building permits in this state","baseline:county-administers-unincorporated-building","pr-santa-isabel-santa-isabel-county"
"county:72135","Toa Alta Municipio","72","municipio","72135","","","delegation policy names 'municipio' for building permits in this state","baseline:county-administers-unincorporated-building","pr-toa-alta-toa-alta-county"
"county:72137","Toa Baja Municipio","72","municipio","72137","","","delegation policy names 'municipio' for building permits in this state","baseline:county-administers-unincorporated-building","pr-toa-baja-toa-baja-county"
"county:72139","Trujillo Alto Municipio","72","municipio","72139","","","delegation policy names 'municipio' for building permits in this state","baseline:county-administers-unincorporated-building","pr-trujillo-alto-trujillo-alto-county"
"county:72141","Utuado Municipio","72","municipio","72141","","","delegation policy names 'municipio' for building permits in this state","baseline:county-administers-unincorporated-building","pr-utuado-utuado-county"
"county:72143","Vega Alta Municipio","72","municipio","72143","","","delegation policy names 'municipio' for building permits in this state","baseline:county-administers-unincorporated-building","pr-vega-alta-vega-alta-county"
"county:72145","Vega Baja Municipio","72","municipio","72145","","","delegation policy names 'municipio' for building permits in this state","baseline:county-administers-unincorporated-building","pr-vega-baja-vega-baja-county"
"county:72147","Vieques Municipio","72","municipio","72147","","","delegation policy names 'municipio' for building permits in this state","baseline:county-administers-unincorporated-building","pr-vieques-vieques-county"
"county:72149","Villalba Municipio","72","municipio","72149","","","delegation policy names 'municipio' for building permits in this state","baseline:county-administers-unincorporated-building","pr-villalba-villalba-county"
"county:72151","Yabucoa Municipio","72","municipio","72151","","","delegation policy names 'municipio' for building permits in this state","baseline:county-administers-unincorporated-building","pr-yabucoa-yabucoa-county"
"county:72153","Yauco Municipio","72","municipio","72153","","","delegation policy names 'municipio' for building permits in this state","baseline:county-administers-unincorporated-building","pr-yauco-yauco-county"
"place:0100820","Alabaster city","01","incorporated-place","","0100820","","delegation policy names 'incorporated-place' for building permits in this state","baseline:incorporated-place-administers-building","al-shelby-alabaster"
"place:0103076","Auburn city","01","incorporated-place","","0103076","","delegation policy names 'incorporated-place' for building permits in this state","baseline:incorporated-place-administers-building","al-lee-auburn"
"place:0107000","Birmingham city","01","incorporated-place","","0107000","","delegation policy names 'incorporated-place' for building permits in this state","baseline:incorporated-place-administers-building","al-jefferson-birmingham"
"place:0120104","Decatur city","01","incorporated-place","","0120104","","delegation policy names 'incorporated-place' for building permits in this state","baseline:incorporated-place-administers-building","al-morgan-decatur"
"place:0121184","Dothan city","01","incorporated-place","","0121184","","delegation policy names 'incorporated-place' for building permits in this state","baseline:incorporated-place-administers-building","al-houston-dothan"
"place:0126896","Florence city","01","incorporated-place","","0126896","","delegation policy names 'incorporated-place' for building permits in this state","baseline:incorporated-place-administers-building","al-lauderdale-florence"
"place:0128696","Gadsden city","01","incorporated-place","","0128696","","delegation policy names 'incorporated-place' for building permits in this state","baseline:incorporated-place-administers-building","al-etowah-gadsden"
"place:0137000","Huntsville city","01","incorporated-place","","0137000","","delegation policy names 'incorporated-place' for building permits in this state","baseline:incorporated-place-administers-building","al-madison-huntsville"
"place:0145784","Madison city","01","incorporated-place","","0145784","","delegation policy names 'incorporated-place' for building permits in this state","baseline:incorporated-place-administers-building","al-madison-madison"
"place:0150000","Mobile city","01","incorporated-place","","0150000","","delegation policy names 'incorporated-place' for building permits in this state","baseline:incorporated-place-administers-building","al-mobile-mobile"
"place:0151000","Montgomery city","01","incorporated-place","","0151000","","delegation policy names 'incorporated-place' for building permits in this state","baseline:incorporated-place-administers-building","al-montgomery-montgomery"
"place:0157048","Opelika city","01","incorporated-place","","0157048","","delegation policy names 'incorporated-place' for building permits in this state","baseline:incorporated-place-administers-building","al-lee-opelika"
"place:0159472","Phenix City city","01","incorporated-place","","0159472","","delegation policy names 'incorporated-place' for building permits in this state","baseline:incorporated-place-administers-building","al-russell-phenix-city"
"place:0162328","Prattville city","01","incorporated-place","","0162328","","delegation policy names 'incorporated-place' for building permits in this state","baseline:incorporated-place-administers-building","al-autauga-prattville"
"place:0177256","Tuscaloosa city","01","incorporated-place","","0177256","","delegation policy names 'incorporated-place' for building permits in this state","baseline:incorporated-place-administers-building","al-tuscaloosa-tuscaloosa"
"place:0178552","Vestavia Hills city","01","incorporated-place","","0178552","","delegation policy names 'incorporated-place' for building permits in this state","baseline:incorporated-place-administers-building","al-jefferson-vestavia-hills"
"place:0203000","Anchorage municipality","02","incorporated-place","","0203000","","delegation policy names 'incorporated-place' for building permits in this state","baseline:incorporated-place-administers-building","ak-anchorage-anchorage"
"place:0224230","Fairbanks city","02","incorporated-place","","0224230","","delegation policy names 'incorporated-place' for building permits in this state","baseline:incorporated-place-administers-building","ak-fairbanks-north-star-fairbanks"
"place:0238970","Ketchikan city","02","incorporated-place","","0238970","","delegation policy names 'incorporated-place' for building permits in this state","baseline:incorporated-place-administers-building","ak-ketchikan-gateway-ketchikan"
"place:0283080","Wasilla city","02","incorporated-place","","0283080","","delegation policy names 'incorporated-place' for building permits in this state","baseline:incorporated-place-administers-building","ak-matanuska-susitna-wasilla"
"place:0402830","Apache Junction city","04","incorporated-place","","0402830","","delegation policy names 'incorporated-place' for building permits in this state","baseline:incorporated-place-administers-building","az-pinal-apache-junction"
"place:0408220","Bullhead City city","04","incorporated-place","","0408220","","delegation policy names 'incorporated-place' for building permits in this state","baseline:incorporated-place-administers-building","az-mohave-bullhead-city"
"place:0410530","Casa Grande city","04","incorporated-place","","0410530","","delegation policy names 'incorporated-place' for building permits in this state","baseline:incorporated-place-administers-building","az-pinal-casa-grande"
"place:0412000","Chandler city","04","incorporated-place","","0412000","","delegation policy names 'incorporated-place' for building permits in this state","baseline:incorporated-place-administers-building","az-maricopa-chandler"
"place:0423620","Flagstaff city","04","incorporated-place","","0423620","","delegation policy names 'incorporated-place' for building permits in this state","baseline:incorporated-place-administers-building","az-coconino-flagstaff"
"place:0427820","Glendale city","04","incorporated-place","","0427820","","delegation policy names 'incorporated-place' for building permits in this state","baseline:incorporated-place-administers-building","az-maricopa-glendale"
"place:0428380","Goodyear city","04","incorporated-place","","0428380","","delegation policy names 'incorporated-place' for building permits in this state","baseline:incorporated-place-administers-building","az-maricopa-goodyear"
"place:0437620","Kingman city","04","incorporated-place","","0437620","","delegation policy names 'incorporated-place' for building permits in this state","baseline:incorporated-place-administers-building","az-mohave-kingman"
"place:0439370","Lake Havasu City city","04","incorporated-place","","0439370","","delegation policy names 'incorporated-place' for building permits in this state","baseline:incorporated-place-administers-building","az-mohave-lake-havasu-city"
"place:0444410","Maricopa city","04","incorporated-place","","0444410","","delegation policy names 'incorporated-place' for building permits in this state","baseline:incorporated-place-administers-building","az-pinal-maricopa"
"place:0446000","Mesa city","04","incorporated-place","","0446000","","delegation policy names 'incorporated-place' for building permits in this state","baseline:incorporated-place-administers-building","az-maricopa-mesa"
"place:0449640","Nogales city","04","incorporated-place","","0449640","","delegation policy names 'incorporated-place' for building permits in this state","baseline:incorporated-place-administers-building","az-santa-cruz-nogales"
"place:0454050","Peoria city","04","incorporated-place","","0454050","","delegation policy names 'incorporated-place' for building permits in this state","baseline:incorporated-place-administers-building","az-maricopa-peoria"
"place:0455000","Phoenix city","04","incorporated-place","","0455000","","delegation policy names 'incorporated-place' for building permits in this state","baseline:incorporated-place-administers-building","az-maricopa-phoenix"
"place:0457380","Prescott city","04","incorporated-place","","0457380","","delegation policy names 'incorporated-place' for building permits in this state","baseline:incorporated-place-administers-building","az-yavapai-prescott"
"place:0465000","Scottsdale city","04","incorporated-place","","0465000","","delegation policy names 'incorporated-place' for building permits in this state","baseline:incorporated-place-administers-building","az-maricopa-scottsdale"
"place:0465350","Sedona city","04","incorporated-place","","0465350","","delegation policy names 'incorporated-place' for building permits in this state","baseline:incorporated-place-administers-building","az-coconino-sedona"
"place:0466470","Show Low city","04","incorporated-place","","0466470","","delegation policy names 'incorporated-place' for building permits in this state","baseline:incorporated-place-administers-building","az-navajo-show-low"
"place:0466820","Sierra Vista city","04","incorporated-place","","0466820","","delegation policy names 'incorporated-place' for building permits in this state","baseline:incorporated-place-administers-building","az-cochise-sierra-vista"
"place:0471510","Surprise city","04","incorporated-place","","0471510","","delegation policy names 'incorporated-place' for building permits in this state","baseline:incorporated-place-administers-building","az-maricopa-surprise"
"place:0473000","Tempe city","04","incorporated-place","","0473000","","delegation policy names 'incorporated-place' for building permits in this state","baseline:incorporated-place-administers-building","az-maricopa-tempe"
"place:0477000","Tucson city","04","incorporated-place","","0477000","","delegation policy names 'incorporated-place' for building permits in this state","baseline:incorporated-place-administers-building","az-pima-tucson"
"place:0485540","Yuma city","04","incorporated-place","","0485540","","delegation policy names 'incorporated-place' for building permits in this state","baseline:incorporated-place-administers-building","az-yuma-yuma"
"place:0505320","Bentonville city","05","incorporated-place","","0505320","","delegation policy names 'incorporated-place' for building permits in this state","baseline:incorporated-place-administers-building","ar-benton-bentonville"
"place:0515190","Conway city","05","incorporated-place","","0515190","","delegation policy names 'incorporated-place' for building permits in this state","baseline:incorporated-place-administers-building","ar-faulkner-conway"
"place:0523290","Fayetteville city","05","incorporated-place","","0523290","","delegation policy names 'incorporated-place' for building permits in this state","baseline:incorporated-place-administers-building","ar-washington-fayetteville"
"place:0524550","Fort Smith city","05","incorporated-place","","0524550","","delegation policy names 'incorporated-place' for building permits in this state","baseline:incorporated-place-administers-building","ar-sebastian-fort-smith"
"place:0533400","Hot Springs city","05","incorporated-place","","0533400","","delegation policy names 'incorporated-place' for building permits in this state","baseline:incorporated-place-administers-building","ar-garland-hot-springs"
"place:0535710","Jonesboro city","05","incorporated-place","","0535710","","delegation policy names 'incorporated-place' for building permits in this state","baseline:incorporated-place-administers-building","ar-craighead-jonesboro"
"place:0541000","Little Rock city","05","incorporated-place","","0541000","","delegation policy names 'incorporated-place' for building permits in this state","baseline:incorporated-place-administers-building","ar-pulaski-little-rock"
"place:0550450","North Little Rock city","05","incorporated-place","","0550450","","delegation policy names 'incorporated-place' for building permits in this state","baseline:incorporated-place-administers-building","ar-pulaski-north-little-rock"
"place:0555310","Pine Bluff city","05","incorporated-place","","0555310","","delegation policy names 'incorporated-place' for building permits in this state","baseline:incorporated-place-administers-building","ar-jefferson-pine-bluff"
"place:0560410","Rogers city","05","incorporated-place","","0560410","","delegation policy names 'incorporated-place' for building permits in this state","baseline:incorporated-place-administers-building","ar-benton-rogers"
"place:0566080","Springdale city","05","incorporated-place","","0566080","","delegation policy names 'incorporated-place' for building permits in this state","baseline:incorporated-place-administers-building","ar-washington-springdale"
"place:0568810","Texarkana city","05","incorporated-place","","0568810","","delegation policy names 'incorporated-place' for building permits in this state","baseline:incorporated-place-administers-building","ar-miller-texarkana"
"place:0602000","Anaheim city","06","incorporated-place","","0602000","","delegation policy names 'incorporated-place' for building permits in this state","baseline:incorporated-place-administers-building","ca-orange-anaheim"
"place:0602252","Antioch city","06","incorporated-place","","0602252","","delegation policy names 'incorporated-place' for building permits in this state","baseline:incorporated-place-administers-building","ca-contra-costa-antioch"
"place:0603526","Bakersfield city","06","incorporated-place","","0603526","","delegation policy names 'incorporated-place' for building permits in this state","baseline:incorporated-place-administers-building","ca-kern-bakersfield"
"place:0606000","Berkeley city","06","incorporated-place","","0606000","","delegation policy names 'incorporated-place' for building permits in this state","baseline:incorporated-place-administers-building","ca-alameda-berkeley"
"place:0613392","Chula Vista city","06","incorporated-place","","0613392","","delegation policy names 'incorporated-place' for building permits in this state","baseline:incorporated-place-administers-building","ca-san-diego-chula-vista"
"place:0614218","Clovis city","06","incorporated-place","","0614218","","delegation policy names 'incorporated-place' for building permits in this state","baseline:incorporated-place-administers-building","ca-fresno-clovis"
"place:0616000","Concord city","06","incorporated-place","","0616000","","delegation policy names 'incorporated-place' for building permits in this state","baseline:incorporated-place-administers-building","ca-contra-costa-concord"
"place:0626000","Fremont city","06","incorporated-place","","0626000","","delegation policy names 'incorporated-place' for building permits in this state","baseline:incorporated-place-administers-building","ca-alameda-fremont"
"place:0627000","Fresno city","06","incorporated-place","","0627000","","delegation policy names 'incorporated-place' for building permits in this state","baseline:incorporated-place-administers-building","ca-fresno-fresno"
"place:0628000","Fullerton city","06","incorporated-place","","0628000","","delegation policy names 'incorporated-place' for building permits in this state","baseline:incorporated-place-administers-building","ca-orange-fullerton"
"place:0630000","Glendale city","06","incorporated-place","","0630000","","delegation policy names 'incorporated-place' for building permits in this state","baseline:incorporated-place-administers-building","ca-los-angeles-glendale"
"place:0633000","Hayward city","06","incorporated-place","","0633000","","delegation policy names 'incorporated-place' for building permits in this state","baseline:incorporated-place-administers-building","ca-alameda-hayward"
"place:0636000","Huntington Beach city","06","incorporated-place","","0636000","","delegation policy names 'incorporated-place' for building permits in this state","baseline:incorporated-place-administers-building","ca-orange-huntington-beach"
"place:0636770","Irvine city","06","incorporated-place","","0636770","","delegation policy names 'incorporated-place' for building permits in this state","baseline:incorporated-place-administers-building","ca-orange-irvine"
"place:0640130","Lancaster city","06","incorporated-place","","0640130","","delegation policy names 'incorporated-place' for building permits in this state","baseline:incorporated-place-administers-building","ca-los-angeles-lancaster"
"place:0643000","Long Beach city","06","incorporated-place","","0643000","","delegation policy names 'incorporated-place' for building permits in this state","baseline:incorporated-place-administers-building","ca-los-angeles-long-beach"
"place:0644000","Los Angeles city","06","incorporated-place","","0644000","","delegation policy names 'incorporated-place' for building permits in this state","baseline:incorporated-place-administers-building","ca-los-angeles-la"
"place:0646898","Merced city","06","incorporated-place","","0646898","","delegation policy names 'incorporated-place' for building permits in this state","baseline:incorporated-place-administers-building","ca-merced-merced"
"place:0648354","Modesto city","06","incorporated-place","","0648354","","delegation policy names 'incorporated-place' for building permits in this state","baseline:incorporated-place-administers-building","ca-stanislaus-modesto"
"place:0649670","Mountain View city","06","incorporated-place","","0649670","","delegation policy names 'incorporated-place' for building permits in this state","baseline:incorporated-place-administers-building","ca-santa-clara-mountain-view"
"place:0653000","Oakland city","06","incorporated-place","","0653000","","delegation policy names 'incorporated-place' for building permits in this state","baseline:incorporated-place-administers-building","ca-alameda-oakland"
"place:0653980","Orange city","06","incorporated-place","","0653980","","delegation policy names 'incorporated-place' for building permits in this state","baseline:incorporated-place-administers-building","ca-orange-orange"
"place:0654652","Oxnard city","06","incorporated-place","","0654652","","delegation policy names 'incorporated-place' for building permits in this state","baseline:incorporated-place-administers-building","ca-ventura-oxnard"
"place:0655156","Palmdale city","06","incorporated-place","","0655156","","delegation policy names 'incorporated-place' for building permits in this state","baseline:incorporated-place-administers-building","ca-los-angeles-palmdale"
"place:0655282","Palo Alto city","06","incorporated-place","","0655282","","delegation policy names 'incorporated-place' for building permits in this state","baseline:incorporated-place-administers-building","ca-santa-clara-palo-alto"
"place:0656000","Pasadena city","06","incorporated-place","","0656000","","delegation policy names 'incorporated-place' for building permits in this state","baseline:incorporated-place-administers-building","ca-los-angeles-pasadena"
"place:0660102","Redwood City city","06","incorporated-place","","0660102","","delegation policy names 'incorporated-place' for building permits in this state","baseline:incorporated-place-administers-building","ca-san-mateo-redwood-city"
"place:0660620","Richmond city","06","incorporated-place","","0660620","","delegation policy names 'incorporated-place' for building permits in this state","baseline:incorporated-place-administers-building","ca-contra-costa-richmond"
"place:0662000","Riverside city","06","incorporated-place","","0662000","","delegation policy names 'incorporated-place' for building permits in this state","baseline:incorporated-place-administers-building","ca-riverside-riverside"
"place:0664000","Sacramento city","06","incorporated-place","","0664000","","delegation policy names 'incorporated-place' for building permits in this state","baseline:incorporated-place-administers-building","ca-sacramento-sacramento"
"place:0664224","Salinas city","06","incorporated-place","","0664224","","delegation policy names 'incorporated-place' for building permits in this state","baseline:incorporated-place-administers-building","ca-monterey-salinas"
"place:0665000","San Bernardino city","06","incorporated-place","","0665000","","delegation policy names 'incorporated-place' for building permits in this state","baseline:incorporated-place-administers-building","ca-san-bernardino-san-bernardino"
"place:0666000","San Diego city","06","incorporated-place","","0666000","","delegation policy names 'incorporated-place' for building permits in this state","baseline:incorporated-place-administers-building","ca-san-diego-san-diego"
"place:0667000","San Francisco city","06","incorporated-place","","0667000","","delegation policy names 'incorporated-place' for building permits in this state","baseline:incorporated-place-administers-building","ca-san-francisco-san-francisco"
"place:0668000","San Jose city","06","incorporated-place","","0668000","","delegation policy names 'incorporated-place' for building permits in this state","baseline:incorporated-place-administers-building","ca-santa-clara-san-jose"
"place:0668252","San Mateo city","06","incorporated-place","","0668252","","delegation policy names 'incorporated-place' for building permits in this state","baseline:incorporated-place-administers-building","ca-san-mateo-san-mateo"
"place:0669000","Santa Ana city","06","incorporated-place","","0669000","","delegation policy names 'incorporated-place' for building permits in this state","baseline:incorporated-place-administers-building","ca-orange-santa-ana"
"place:0669088","Santa Clarita city","06","incorporated-place","","0669088","","delegation policy names 'incorporated-place' for building permits in this state","baseline:incorporated-place-administers-building","ca-los-angeles-santa-clarita"
"place:0672016","Simi Valley city","06","incorporated-place","","0672016","","delegation policy names 'incorporated-place' for building permits in this state","baseline:incorporated-place-administers-building","ca-ventura-simi-valley"
"place:0675000","Stockton city","06","incorporated-place","","0675000","","delegation policy names 'incorporated-place' for building permits in this state","baseline:incorporated-place-administers-building","ca-san-joaquin-stockton"
"place:0677000","Sunnyvale city","06","incorporated-place","","0677000","","delegation policy names 'incorporated-place' for building permits in this state","baseline:incorporated-place-administers-building","ca-santa-clara-sunnyvale"
"place:0678582","Thousand Oaks city","06","incorporated-place","","0678582","","delegation policy names 'incorporated-place' for building permits in this state","baseline:incorporated-place-administers-building","ca-ventura-thousand-oaks"
"place:0682954","Visalia city","06","incorporated-place","","0682954","","delegation policy names 'incorporated-place' for building permits in this state","baseline:incorporated-place-administers-building","ca-tulare-visalia"
"place:0803455","Arvada city","08","incorporated-place","","0803455","","delegation policy names 'incorporated-place' for building permits in this state","baseline:incorporated-place-administers-building","co-jefferson-arvada"
"place:0803620","Aspen city","08","incorporated-place","","0803620","","delegation policy names 'incorporated-place' for building permits in this state","baseline:incorporated-place-administers-building","co-pitkin-aspen"
"place:0804000","Aurora city","08","incorporated-place","","0804000","","delegation policy names 'incorporated-place' for building permits in this state","baseline:incorporated-place-administers-building","co-arapahoe-aurora"
"place:0807850","Boulder city","08","incorporated-place","","0807850","","delegation policy names 'incorporated-place' for building permits in this state","baseline:incorporated-place-administers-building","co-boulder-boulder"
"place:0816000","Colorado Springs city","08","incorporated-place","","0816000","","delegation policy names 'incorporated-place' for building permits in this state","baseline:incorporated-place-administers-building","co-el-paso-colorado-springs"
"place:0820000","Denver city","08","incorporated-place","","0820000","","delegation policy names 'incorporated-place' for building permits in this state","baseline:incorporated-place-administers-building","co-denver-denver"
"place:0822035","Durango city","08","incorporated-place","","0822035","","delegation policy names 'incorporated-place' for building permits in this state","baseline:incorporated-place-administers-building","co-la-plata-durango"
"place:0824785","Englewood city","08","incorporated-place","","0824785","","delegation policy names 'incorporated-place' for building permits in this state","baseline:incorporated-place-administers-building","co-arapahoe-englewood"
"place:0827425","Fort Collins city","08","incorporated-place","","0827425","","delegation policy names 'incorporated-place' for building permits in this state","baseline:incorporated-place-administers-building","co-larimer-fort-collins"
"place:0831660","Grand Junction city","08","incorporated-place","","0831660","","delegation policy names 'incorporated-place' for building permits in this state","baseline:incorporated-place-administers-building","co-mesa-grand-junction"
"place:0832155","Greeley city","08","incorporated-place","","0832155","","delegation policy names 'incorporated-place' for building permits in this state","baseline:incorporated-place-administers-building","co-weld-greeley"
"place:0843000","Lakewood city","08","incorporated-place","","0843000","","delegation policy names 'incorporated-place' for building permits in this state","baseline:incorporated-place-administers-building","co-jefferson-lakewood"
"place:0845255","Littleton city","08","incorporated-place","","0845255","","delegation policy names 'incorporated-place' for building permits in this state","baseline:incorporated-place-administers-building","co-arapahoe-littleton"
"place:0845970","Longmont city","08","incorporated-place","","0845970","","delegation policy names 'incorporated-place' for building permits in this state","baseline:incorporated-place-administers-building","co-boulder-longmont"
"place:0846465","Loveland city","08","incorporated-place","","0846465","","delegation policy names 'incorporated-place' for building permits in this state","baseline:incorporated-place-administers-building","co-larimer-loveland"
"place:0862000","Pueblo city","08","incorporated-place","","0862000","","delegation policy names 'incorporated-place' for building permits in this state","baseline:incorporated-place-administers-building","co-pueblo-pueblo"
"place:0877290","Thornton city","08","incorporated-place","","0877290","","delegation policy names 'incorporated-place' for building permits in this state","baseline:incorporated-place-administers-building","co-adams-thornton"
"place:0883835","Westminster city","08","incorporated-place","","0883835","","delegation policy names 'incorporated-place' for building permits in this state","baseline:incorporated-place-administers-building","co-adams-westminster"
"place:0908000","Bridgeport city","09","incorporated-place","","0908000","","delegation policy names 'incorporated-place' for building permits in this state","baseline:incorporated-place-administers-building","ct-fairfield-bridgeport"
"place:0908420","Bristol city","09","incorporated-place","","0908420","","delegation policy names 'incorporated-place' for building permits in this state","baseline:incorporated-place-administers-building","ct-hartford-bristol"
"place:0918430","Danbury city","09","incorporated-place","","0918430","","delegation policy names 'incorporated-place' for building permits in this state","baseline:incorporated-place-administers-building","ct-fairfield-danbury"
"place:0937000","Hartford city","09","incorporated-place","","0937000","","delegation policy names 'incorporated-place' for building permits in this state","baseline:incorporated-place-administers-building","ct-hartford-hartford"
"place:0946450","Meriden city","09","incorporated-place","","0946450","","delegation policy names 'incorporated-place' for building permits in this state","baseline:incorporated-place-administers-building","ct-new-haven-meriden"
"place:0950370","New Britain city","09","incorporated-place","","0950370","","delegation policy names 'incorporated-place' for building permits in this state","baseline:incorporated-place-administers-building","ct-hartford-new-britain"
"place:0952000","New Haven city","09","incorporated-place","","0952000","","delegation policy names 'incorporated-place' for building permits in this state","baseline:incorporated-place-administers-building","ct-new-haven-new-haven"
"place:0955990","Norwalk city","09","incorporated-place","","0955990","","delegation policy names 'incorporated-place' for building permits in this state","baseline:incorporated-place-administers-building","ct-fairfield-norwalk"
"place:0973000","Stamford city","09","incorporated-place","","0973000","","delegation policy names 'incorporated-place' for building permits in this state","baseline:incorporated-place-administers-building","ct-fairfield-stamford"
"place:0980000","Waterbury city","09","incorporated-place","","0980000","","delegation policy names 'incorporated-place' for building permits in this state","baseline:incorporated-place-administers-building","ct-new-haven-waterbury"
"place:1021200","Dover city","10","incorporated-place","","1021200","","delegation policy names 'incorporated-place' for building permits in this state","baseline:incorporated-place-administers-building","de-kent-dover"
"place:1047420","Milford city","10","incorporated-place","","1047420","","delegation policy names 'incorporated-place' for building permits in this state","baseline:incorporated-place-administers-building","de-sussex-milford"
"place:1050670","Newark city","10","incorporated-place","","1050670","","delegation policy names 'incorporated-place' for building permits in this state","baseline:incorporated-place-administers-building","de-new-castle-newark"
"place:1060290","Rehoboth Beach city","10","incorporated-place","","1060290","","delegation policy names 'incorporated-place' for building permits in this state","baseline:incorporated-place-administers-building","de-sussex-rehoboth-beach"
"place:1077580","Wilmington city","10","incorporated-place","","1077580","","delegation policy names 'incorporated-place' for building permits in this state","baseline:incorporated-place-administers-building","de-new-castle-wilmington"
"place:1210275","Cape Coral city","12","incorporated-place","","1210275","","delegation policy names 'incorporated-place' for building permits in this state","baseline:incorporated-place-administers-building","fl-lee-cape-coral"
"place:1212875","Clearwater city","12","incorporated-place","","1212875","","delegation policy names 'incorporated-place' for building permits in this state","baseline:incorporated-place-administers-building","fl-pinellas-clearwater"
"place:1216525","Daytona Beach city","12","incorporated-place","","1216525","","delegation policy names 'incorporated-place' for building permits in this state","baseline:incorporated-place-administers-building","fl-volusia-daytona-beach"
"place:1217200","Deltona city","12","incorporated-place","","1217200","","delegation policy names 'incorporated-place' for building permits in this state","baseline:incorporated-place-administers-building","fl-volusia-deltona"
"place:1224000","Fort Lauderdale city","12","incorporated-place","","1224000","","delegation policy names 'incorporated-place' for building permits in this state","baseline:incorporated-place-administers-building","fl-broward-fort-lauderdale"
"place:1225175","Gainesville city","12","incorporated-place","","1225175","","delegation policy names 'incorporated-place' for building permits in this state","baseline:incorporated-place-administers-building","fl-alachua-gainesville"
"place:1230000","Hialeah city","12","incorporated-place","","1230000","","delegation policy names 'incorporated-place' for building permits in this state","baseline:incorporated-place-administers-building","fl-miami-dade-hialeah"
"place:1232000","Hollywood city","12","incorporated-place","","1232000","","delegation policy names 'incorporated-place' for building permits in this state","baseline:incorporated-place-administers-building","fl-broward-hollywood"
"place:1235000","Jacksonville city","12","incorporated-place","","1235000","","delegation policy names 'incorporated-place' for building permits in this state","baseline:incorporated-place-administers-building","fl-duval-jacksonville"
"place:1236950","Kissimmee city","12","incorporated-place","","1236950","","delegation policy names 'incorporated-place' for building permits in this state","baseline:incorporated-place-administers-building","fl-osceola-kissimmee"
"place:1238250","Lakeland city","12","incorporated-place","","1238250","","delegation policy names 'incorporated-place' for building permits in this state","baseline:incorporated-place-administers-building","fl-polk-lakeland"
"place:1243975","Melbourne city","12","incorporated-place","","1243975","","delegation policy names 'incorporated-place' for building permits in this state","baseline:incorporated-place-administers-building","fl-brevard-melbourne"
"place:1250750","Ocala city","12","incorporated-place","","1250750","","delegation policy names 'incorporated-place' for building permits in this state","baseline:incorporated-place-administers-building","fl-marion-ocala"
"place:1253000","Orlando city","12","incorporated-place","","1253000","","delegation policy names 'incorporated-place' for building permits in this state","baseline:incorporated-place-administers-building","fl-orange-orlando"
"place:1254000","Palm Bay city","12","incorporated-place","","1254000","","delegation policy names 'incorporated-place' for building permits in this state","baseline:incorporated-place-administers-building","fl-brevard-palm-bay"
"place:1254700","Panama City city","12","incorporated-place","","1254700","","delegation policy names 'incorporated-place' for building permits in this state","baseline:incorporated-place-administers-building","fl-bay-panama-city"
"place:1255775","Pembroke Pines city","12","incorporated-place","","1255775","","delegation policy names 'incorporated-place' for building permits in this state","baseline:incorporated-place-administers-building","fl-broward-pembroke-pines"
"place:1255925","Pensacola city","12","incorporated-place","","1255925","","delegation policy names 'incorporated-place' for building permits in this state","baseline:incorporated-place-administers-building","fl-escambia-pensacola"
"place:1258715","Port St. Lucie city","12","incorporated-place","","1258715","","delegation policy names 'incorporated-place' for building permits in this state","baseline:incorporated-place-administers-building","fl-st-lucie-port-st-lucie"
"place:1262500","St. Augustine city","12","incorporated-place","","1262500","","delegation policy names 'incorporated-place' for building permits in this state","baseline:incorporated-place-administers-building","fl-st-johns-st-augustine"
"place:1263000","St. Petersburg city","12","incorporated-place","","1263000","","delegation policy names 'incorporated-place' for building permits in this state","baseline:incorporated-place-administers-building","fl-pinellas-st-pete"
"place:1270600","Tallahassee city","12","incorporated-place","","1270600","","delegation policy names 'incorporated-place' for building permits in this state","baseline:incorporated-place-administers-building","fl-leon-tallahassee"
"place:1271000","Tampa city","12","incorporated-place","","1271000","","delegation policy names 'incorporated-place' for building permits in this state","baseline:incorporated-place-administers-building","fl-hillsborough-tampa"
"place:1274150","Vero Beach city","12","incorporated-place","","1274150","","delegation policy names 'incorporated-place' for building permits in this state","baseline:incorporated-place-administers-building","fl-indian-river-vero-beach"
"place:1276600","West Palm Beach city","12","incorporated-place","","1276600","","delegation policy names 'incorporated-place' for building permits in this state","baseline:incorporated-place-administers-building","fl-palm-beach-west-palm-beach"
"place:1301052","Albany city","13","incorporated-place","","1301052","","delegation policy names 'incorporated-place' for building permits in this state","baseline:incorporated-place-administers-building","ga-dougherty-albany"
"place:1301696","Alpharetta city","13","incorporated-place","","1301696","","delegation policy names 'incorporated-place' for building permits in this state","baseline:incorporated-place-administers-building","ga-fulton-alpharetta"
"place:1304000","Atlanta city","13","incorporated-place","","1304000","","delegation policy names 'incorporated-place' for building permits in this state","baseline:incorporated-place-administers-building","ga-fulton-atlanta"
"place:1310944","Brookhaven city","13","incorporated-place","","1310944","","delegation policy names 'incorporated-place' for building permits in this state","baseline:incorporated-place-administers-building","ga-dekalb-brookhaven"
"place:1312988","Canton city","13","incorporated-place","","1312988","","delegation policy names 'incorporated-place' for building permits in this state","baseline:incorporated-place-administers-building","ga-cherokee-canton"
"place:1313688","Cartersville city","13","incorporated-place","","1313688","","delegation policy names 'incorporated-place' for building permits in this state","baseline:incorporated-place-administers-building","ga-bartow-cartersville"
"place:1319000","Columbus city","13","incorporated-place","","1319000","","delegation policy names 'incorporated-place' for building permits in this state","baseline:incorporated-place-administers-building","ga-muscogee-columbus"
"place:1319336","Conyers city","13","incorporated-place","","1319336","","delegation policy names 'incorporated-place' for building permits in this state","baseline:incorporated-place-administers-building","ga-rockdale-conyers"
"place:1320064","Covington city","13","incorporated-place","","1320064","","delegation policy names 'incorporated-place' for building permits in this state","baseline:incorporated-place-administers-building","ga-newton-covington"
"place:1320932","Cumming city","13","incorporated-place","","1320932","","delegation policy names 'incorporated-place' for building permits in this state","baseline:incorporated-place-administers-building","ga-forsyth-cumming"
"place:1321324","Dallas city","13","incorporated-place","","1321324","","delegation policy names 'incorporated-place' for building permits in this state","baseline:incorporated-place-administers-building","ga-paulding-dallas"
"place:1322052","Decatur city","13","incorporated-place","","1322052","","delegation policy names 'incorporated-place' for building permits in this state","baseline:incorporated-place-administers-building","ga-dekalb-decatur"
"place:1324600","Duluth city","13","incorporated-place","","1324600","","delegation policy names 'incorporated-place' for building permits in this state","baseline:incorporated-place-administers-building","ga-gwinnett-duluth"
"place:1324768","Dunwoody city","13","incorporated-place","","1324768","","delegation policy names 'incorporated-place' for building permits in this state","baseline:incorporated-place-administers-building","ga-dekalb-dunwoody"
"place:1328968","Fayetteville city","13","incorporated-place","","1328968","","delegation policy names 'incorporated-place' for building permits in this state","baseline:incorporated-place-administers-building","ga-fayette-fayetteville"
"place:1331908","Gainesville city","13","incorporated-place","","1331908","","delegation policy names 'incorporated-place' for building permits in this state","baseline:incorporated-place-administers-building","ga-hall-gainesville"
"place:1338964","Hinesville city","13","incorporated-place","","1338964","","delegation policy names 'incorporated-place' for building permits in this state","baseline:incorporated-place-administers-building","ga-liberty-hinesville"
"place:1342425","Johns Creek city","13","incorporated-place","","1342425","","delegation policy names 'incorporated-place' for building permits in this state","baseline:incorporated-place-administers-building","ga-fulton-johns-creek"
"place:1343192","Kennesaw city","13","incorporated-place","","1343192","","delegation policy names 'incorporated-place' for building permits in this state","baseline:incorporated-place-administers-building","ga-cobb-kennesaw"
"place:1345488","Lawrenceville city","13","incorporated-place","","1345488","","delegation policy names 'incorporated-place' for building permits in this state","baseline:incorporated-place-administers-building","ga-gwinnett-lawrenceville"
"place:1349756","Marietta city","13","incorporated-place","","1349756","","delegation policy names 'incorporated-place' for building permits in this state","baseline:incorporated-place-administers-building","ga-cobb-marietta"
"place:1351670","Milton city","13","incorporated-place","","1351670","","delegation policy names 'incorporated-place' for building permits in this state","baseline:incorporated-place-administers-building","ga-fulton-milton"
"place:1355020","Newnan city","13","incorporated-place","","1355020","","delegation policy names 'incorporated-place' for building permits in this state","baseline:incorporated-place-administers-building","ga-coweta-newnan"
"place:1359724","Peachtree City city","13","incorporated-place","","1359724","","delegation policy names 'incorporated-place' for building permits in this state","baseline:incorporated-place-administers-building","ga-fayette-peachtree-city"
"place:1359735","Peachtree Corners city","13","incorporated-place","","1359735","","delegation policy names 'incorporated-place' for building permits in this state","baseline:incorporated-place-administers-building","ga-gwinnett-peachtree-corners"
"place:1362104","Pooler city","13","incorporated-place","","1362104","","delegation policy names 'incorporated-place' for building permits in this state","baseline:incorporated-place-administers-building","ga-chatham-pooler"
"place:1366668","Rome city","13","incorporated-place","","1366668","","delegation policy names 'incorporated-place' for building permits in this state","baseline:incorporated-place-administers-building","ga-floyd-rome"
"place:1367284","Roswell city","13","incorporated-place","","1367284","","delegation policy names 'incorporated-place' for building permits in this state","baseline:incorporated-place-administers-building","ga-fulton-roswell"
"place:1368516","Sandy Springs city","13","incorporated-place","","1368516","","delegation policy names 'incorporated-place' for building permits in this state","baseline:incorporated-place-administers-building","ga-fulton-sandy-springs"
"place:1369000","Savannah city","13","incorporated-place","","1369000","","delegation policy names 'incorporated-place' for building permits in this state","baseline:incorporated-place-administers-building","ga-chatham-savannah"
"place:1371492","Smyrna city","13","incorporated-place","","1371492","","delegation policy names 'incorporated-place' for building permits in this state","baseline:incorporated-place-administers-building","ga-cobb-smyrna"
"place:1371604","Snellville city","13","incorporated-place","","1371604","","delegation policy names 'incorporated-place' for building permits in this state","baseline:incorporated-place-administers-building","ga-gwinnett-snellville"
"place:1373256","Statesboro city","13","incorporated-place","","1373256","","delegation policy names 'incorporated-place' for building permits in this state","baseline:incorporated-place-administers-building","ga-bulloch-statesboro"
"place:1373704","Stockbridge city","13","incorporated-place","","1373704","","delegation policy names 'incorporated-place' for building permits in this state","baseline:incorporated-place-administers-building","ga-henry-stockbridge"
"place:1374936","Suwanee city","13","incorporated-place","","1374936","","delegation policy names 'incorporated-place' for building permits in this state","baseline:incorporated-place-administers-building","ga-gwinnett-suwanee"
"place:1378800","Valdosta city","13","incorporated-place","","1378800","","delegation policy names 'incorporated-place' for building permits in this state","baseline:incorporated-place-administers-building","ga-lowndes-valdosta"
"place:1380508","Warner Robins city","13","incorporated-place","","1380508","","delegation policy names 'incorporated-place' for building permits in this state","baseline:incorporated-place-administers-building","ga-houston-warner-robins"
"place:1384176","Woodstock city","13","incorporated-place","","1384176","","delegation policy names 'incorporated-place' for building permits in this state","baseline:incorporated-place-administers-building","ga-cherokee-woodstock"
"place:1601990","Ammon city","16","incorporated-place","","1601990","","delegation policy names 'incorporated-place' for building permits in this state","baseline:incorporated-place-administers-building","id-bonneville-ammon"
"place:1616750","Coeur d'Alene city","16","incorporated-place","","1616750","","delegation policy names 'incorporated-place' for building permits in this state","baseline:incorporated-place-administers-building","id-kootenai-coeur-dalene"
"place:1623410","Eagle city","16","incorporated-place","","1623410","","delegation policy names 'incorporated-place' for building permits in this state","baseline:incorporated-place-administers-building","id-ada-eagle"
"place:1639700","Idaho Falls city","16","incorporated-place","","1639700","","delegation policy names 'incorporated-place' for building permits in this state","baseline:incorporated-place-administers-building","id-bonneville-idaho-falls"
"place:1644290","Kuna city","16","incorporated-place","","1644290","","delegation policy names 'incorporated-place' for building permits in this state","baseline:incorporated-place-administers-building","id-ada-kuna"
"place:1646540","Lewiston city","16","incorporated-place","","1646540","","delegation policy names 'incorporated-place' for building permits in this state","baseline:incorporated-place-administers-building","id-nez-perce-lewiston"
"place:1652120","Meridian city","16","incorporated-place","","1652120","","delegation policy names 'incorporated-place' for building permits in this state","baseline:incorporated-place-administers-building","id-ada-meridian"
"place:1656260","Nampa city","16","incorporated-place","","1656260","","delegation policy names 'incorporated-place' for building permits in this state","baseline:incorporated-place-administers-building","id-canyon-nampa"
"place:1664090","Pocatello city","16","incorporated-place","","1664090","","delegation policy names 'incorporated-place' for building permits in this state","baseline:incorporated-place-administers-building","id-bannock-pocatello"
"place:1664810","Post Falls city","16","incorporated-place","","1664810","","delegation policy names 'incorporated-place' for building permits in this state","baseline:incorporated-place-administers-building","id-kootenai-post-falls"
"place:1682810","Twin Falls city","16","incorporated-place","","1682810","","delegation policy names 'incorporated-place' for building permits in this state","baseline:incorporated-place-administers-building","id-twin-falls-twin-falls"
"place:1702154","Arlington Heights village","17","incorporated-place","","1702154","","delegation policy names 'incorporated-place' for building permits in this state","baseline:incorporated-place-administers-building","il-cook-arlington-heights"
"place:1703012","Aurora city","17","incorporated-place","","1703012","","delegation policy names 'incorporated-place' for building permits in this state","baseline:incorporated-place-administers-building","il-kane-aurora"
"place:1704845","Belleville city","17","incorporated-place","","1704845","","delegation policy names 'incorporated-place' for building permits in this state","baseline:incorporated-place-administers-building","il-st-clair-belleville"
"place:1706613","Bloomington city","17","incorporated-place","","1706613","","delegation policy names 'incorporated-place' for building permits in this state","baseline:incorporated-place-administers-building","il-mclean-bloomington"
"place:1707133","Bolingbrook village","17","incorporated-place","","1707133","","delegation policy names 'incorporated-place' for building permits in this state","baseline:incorporated-place-administers-building","il-will-bolingbrook"
"place:1711163","Carbondale city","17","incorporated-place","","1711163","","delegation policy names 'incorporated-place' for building permits in this state","baseline:incorporated-place-administers-building","il-jackson-carbondale"
"place:1712385","Champaign city","17","incorporated-place","","1712385","","delegation policy names 'incorporated-place' for building permits in this state","baseline:incorporated-place-administers-building","il-champaign-champaign"
"place:1714000","Chicago city","17","incorporated-place","","1714000","","delegation policy names 'incorporated-place' for building permits in this state","baseline:incorporated-place-administers-building","il-cook-chicago"
"place:1718823","Decatur city","17","incorporated-place","","1718823","","delegation policy names 'incorporated-place' for building permits in this state","baseline:incorporated-place-administers-building","il-macon-decatur"
"place:1722697","Edwardsville city","17","incorporated-place","","1722697","","delegation policy names 'incorporated-place' for building permits in this state","baseline:incorporated-place-administers-building","il-madison-edwardsville"
"place:1724582","Evanston city","17","incorporated-place","","1724582","","delegation policy names 'incorporated-place' for building permits in this state","baseline:incorporated-place-administers-building","il-cook-evanston"
"place:1730926","Granite City city","17","incorporated-place","","1730926","","delegation policy names 'incorporated-place' for building permits in this state","baseline:incorporated-place-administers-building","il-madison-granite-city"
"place:1751622","Naperville city","17","incorporated-place","","1751622","","delegation policy names 'incorporated-place' for building permits in this state","baseline:incorporated-place-administers-building","il-dupage-naperville"
"place:1754820","Oak Lawn village","17","incorporated-place","","1754820","","delegation policy names 'incorporated-place' for building permits in this state","baseline:incorporated-place-administers-building","il-cook-oak-lawn"
"place:1759000","Peoria city","17","incorporated-place","","1759000","","delegation policy names 'incorporated-place' for building permits in this state","baseline:incorporated-place-administers-building","il-peoria-peoria"
"place:1765000","Rockford city","17","incorporated-place","","1765000","","delegation policy names 'incorporated-place' for building permits in this state","baseline:incorporated-place-administers-building","il-winnebago-rockford"
"place:1765442","Romeoville village","17","incorporated-place","","1765442","","delegation policy names 'incorporated-place' for building permits in this state","baseline:incorporated-place-administers-building","il-will-romeoville"
"place:1768003","Schaumburg village","17","incorporated-place","","1768003","","delegation policy names 'incorporated-place' for building permits in this state","baseline:incorporated-place-administers-building","il-cook-schaumburg"
"place:1772000","Springfield city","17","incorporated-place","","1772000","","delegation policy names 'incorporated-place' for building permits in this state","baseline:incorporated-place-administers-building","il-sangamon-springfield"
"place:1801468","Anderson city","18","incorporated-place","","1801468","","delegation policy names 'incorporated-place' for building permits in this state","baseline:incorporated-place-administers-building","in-madison-anderson"
"place:1805860","Bloomington city","18","incorporated-place","","1805860","","delegation policy names 'incorporated-place' for building permits in this state","baseline:incorporated-place-administers-building","in-monroe-bloomington"
"place:1810342","Carmel city","18","incorporated-place","","1810342","","delegation policy names 'incorporated-place' for building permits in this state","baseline:incorporated-place-administers-building","in-hamilton-carmel"
"place:1814734","Columbus city","18","incorporated-place","","1814734","","delegation policy names 'incorporated-place' for building permits in this state","baseline:incorporated-place-administers-building","in-bartholomew-columbus"
"place:1820728","Elkhart city","18","incorporated-place","","1820728","","delegation policy names 'incorporated-place' for building permits in this state","baseline:incorporated-place-administers-building","in-elkhart-elkhart"
"place:1822000","Evansville city","18","incorporated-place","","1822000","","delegation policy names 'incorporated-place' for building permits in this state","baseline:incorporated-place-administers-building","in-vanderburgh-evansville"
"place:1823278","Fishers city","18","incorporated-place","","1823278","","delegation policy names 'incorporated-place' for building permits in this state","baseline:incorporated-place-administers-building","in-hamilton-fishers"
"place:1825000","Fort Wayne city","18","incorporated-place","","1825000","","delegation policy names 'incorporated-place' for building permits in this state","baseline:incorporated-place-administers-building","in-allen-fort-wayne"
"place:1829898","Greenwood city","18","incorporated-place","","1829898","","delegation policy names 'incorporated-place' for building permits in this state","baseline:incorporated-place-administers-building","in-johnson-greenwood"
"place:1840788","Lafayette city","18","incorporated-place","","1840788","","delegation policy names 'incorporated-place' for building permits in this state","baseline:incorporated-place-administers-building","in-tippecanoe-lafayette"
"place:1849932","Mishawaka city","18","incorporated-place","","1849932","","delegation policy names 'incorporated-place' for building permits in this state","baseline:incorporated-place-administers-building","in-st-joseph-mishawaka"
"place:1851876","Muncie city","18","incorporated-place","","1851876","","delegation policy names 'incorporated-place' for building permits in this state","baseline:incorporated-place-administers-building","in-delaware-muncie"
"place:1854180","Noblesville city","18","incorporated-place","","1854180","","delegation policy names 'incorporated-place' for building permits in this state","baseline:incorporated-place-administers-building","in-hamilton-noblesville"
"place:1871000","South Bend city","18","incorporated-place","","1871000","","delegation policy names 'incorporated-place' for building permits in this state","baseline:incorporated-place-administers-building","in-st-joseph-south-bend"
"place:1882700","Westfield city","18","incorporated-place","","1882700","","delegation policy names 'incorporated-place' for building permits in this state","baseline:incorporated-place-administers-building","in-hamilton-westfield"
"place:1901855","Ames city","19","incorporated-place","","1901855","","delegation policy names 'incorporated-place' for building permits in this state","baseline:incorporated-place-administers-building","ia-story-ames"
"place:1902305","Ankeny city","19","incorporated-place","","1902305","","delegation policy names 'incorporated-place' for building permits in this state","baseline:incorporated-place-administers-building","ia-polk-ankeny"
"place:1909550","Burlington city","19","incorporated-place","","1909550","","delegation policy names 'incorporated-place' for building permits in this state","baseline:incorporated-place-administers-building","ia-des-moines-burlington"
"place:1911755","Cedar Falls city","19","incorporated-place","","1911755","","delegation policy names 'incorporated-place' for building permits in this state","baseline:incorporated-place-administers-building","ia-black-hawk-cedar-falls"
"place:1912000","Cedar Rapids city","19","incorporated-place","","1912000","","delegation policy names 'incorporated-place' for building permits in this state","baseline:incorporated-place-administers-building","ia-linn-cedar-rapids"
"place:1916860","Council Bluffs city","19","incorporated-place","","1916860","","delegation policy names 'incorporated-place' for building permits in this state","baseline:incorporated-place-administers-building","ia-pottawattamie-council-bluffs"
"place:1919000","Davenport city","19","incorporated-place","","1919000","","delegation policy names 'incorporated-place' for building permits in this state","baseline:incorporated-place-administers-building","ia-scott-davenport"
"place:1921000","Des Moines city","19","incorporated-place","","1921000","","delegation policy names 'incorporated-place' for building permits in this state","baseline:incorporated-place-administers-building","ia-polk-des-moines"
"place:1922395","Dubuque city","19","incorporated-place","","1922395","","delegation policy names 'incorporated-place' for building permits in this state","baseline:incorporated-place-administers-building","ia-dubuque-dubuque"
"place:1928515","Fort Dodge city","19","incorporated-place","","1928515","","delegation policy names 'incorporated-place' for building permits in this state","baseline:incorporated-place-administers-building","ia-webster-fort-dodge"
"place:1938595","Iowa City city","19","incorporated-place","","1938595","","delegation policy names 'incorporated-place' for building permits in this state","baseline:incorporated-place-administers-building","ia-johnson-iowa-city"
"place:1949755","Marshalltown city","19","incorporated-place","","1949755","","delegation policy names 'incorporated-place' for building permits in this state","baseline:incorporated-place-administers-building","ia-marshall-marshalltown"
"place:1950160","Mason City city","19","incorporated-place","","1950160","","delegation policy names 'incorporated-place' for building permits in this state","baseline:incorporated-place-administers-building","ia-cerro-gordo-mason-city"
"place:1973335","Sioux City city","19","incorporated-place","","1973335","","delegation policy names 'incorporated-place' for building permits in this state","baseline:incorporated-place-administers-building","ia-woodbury-sioux-city"
"place:1979950","Urbandale city","19","incorporated-place","","1979950","","delegation policy names 'incorporated-place' for building permits in this state","baseline:incorporated-place-administers-building","ia-polk-urbandale"
"place:1982425","Waterloo city","19","incorporated-place","","1982425","","delegation policy names 'incorporated-place' for building permits in this state","baseline:incorporated-place-administers-building","ia-black-hawk-waterloo"
"place:1983910","West Des Moines city","19","incorporated-place","","1983910","","delegation policy names 'incorporated-place' for building permits in this state","baseline:incorporated-place-administers-building","ia-polk-west-des-moines"
"place:2018250","Dodge City city","20","incorporated-place","","2018250","","delegation policy names 'incorporated-place' for building permits in this state","baseline:incorporated-place-administers-building","ks-ford-dodge-city"
"place:2021275","Emporia city","20","incorporated-place","","2021275","","delegation policy names 'incorporated-place' for building permits in this state","baseline:incorporated-place-administers-building","ks-lyon-emporia"
"place:2025325","Garden City city","20","incorporated-place","","2025325","","delegation policy names 'incorporated-place' for building permits in this state","baseline:incorporated-place-administers-building","ks-finney-garden-city"
"place:2031100","Hays city","20","incorporated-place","","2031100","","delegation policy names 'incorporated-place' for building permits in this state","baseline:incorporated-place-administers-building","ks-ellis-hays"
"place:2036000","Kansas City city","20","incorporated-place","","2036000","","delegation policy names 'incorporated-place' for building permits in this state","baseline:incorporated-place-administers-building","ks-wyandotte-kansas-city"
"place:2038900","Lawrence city","20","incorporated-place","","2038900","","delegation policy names 'incorporated-place' for building permits in this state","baseline:incorporated-place-administers-building","ks-douglas-lawrence"
"place:2039000","Leavenworth city","20","incorporated-place","","2039000","","delegation policy names 'incorporated-place' for building permits in this state","baseline:incorporated-place-administers-building","ks-leavenworth-leavenworth"
"place:2039075","Leawood city","20","incorporated-place","","2039075","","delegation policy names 'incorporated-place' for building permits in this state","baseline:incorporated-place-administers-building","ks-johnson-leawood"
"place:2039350","Lenexa city","20","incorporated-place","","2039350","","delegation policy names 'incorporated-place' for building permits in this state","baseline:incorporated-place-administers-building","ks-johnson-lenexa"
"place:2044250","Manhattan city","20","incorporated-place","","2044250","","delegation policy names 'incorporated-place' for building permits in this state","baseline:incorporated-place-administers-building","ks-riley-manhattan"
"place:2052575","Olathe city","20","incorporated-place","","2052575","","delegation policy names 'incorporated-place' for building permits in this state","baseline:incorporated-place-administers-building","ks-johnson-olathe"
"place:2053775","Overland Park city","20","incorporated-place","","2053775","","delegation policy names 'incorporated-place' for building permits in this state","baseline:incorporated-place-administers-building","ks-johnson-overland-park"
"place:2064500","Shawnee city","20","incorporated-place","","2064500","","delegation policy names 'incorporated-place' for building permits in this state","baseline:incorporated-place-administers-building","ks-johnson-shawnee"
"place:2071000","Topeka city","20","incorporated-place","","2071000","","delegation policy names 'incorporated-place' for building permits in this state","baseline:incorporated-place-administers-building","ks-shawnee-topeka"
"place:2079000","Wichita city","20","incorporated-place","","2079000","","delegation policy names 'incorporated-place' for building permits in this state","baseline:incorporated-place-administers-building","ks-sedgwick-wichita"
"place:2102368","Ashland city","21","incorporated-place","","2102368","","delegation policy names 'incorporated-place' for building permits in this state","baseline:incorporated-place-administers-building","ky-boyd-ashland"
"place:2108902","Bowling Green city","21","incorporated-place","","2108902","","delegation policy names 'incorporated-place' for building permits in this state","baseline:incorporated-place-administers-building","ky-warren-bowling-green"
"place:2117848","Covington city","21","incorporated-place","","2117848","","delegation policy names 'incorporated-place' for building permits in this state","baseline:incorporated-place-administers-building","ky-kenton-covington"
"place:2119882","Danville city","21","incorporated-place","","2119882","","delegation policy names 'incorporated-place' for building permits in this state","baseline:incorporated-place-administers-building","ky-boyle-danville"
"place:2124274","Elizabethtown city","21","incorporated-place","","2124274","","delegation policy names 'incorporated-place' for building permits in this state","baseline:incorporated-place-administers-building","ky-hardin-elizabethtown"
"place:2127982","Florence city","21","incorporated-place","","2127982","","delegation policy names 'incorporated-place' for building permits in this state","baseline:incorporated-place-administers-building","ky-boone-florence"
"place:2128900","Frankfort city","21","incorporated-place","","2128900","","delegation policy names 'incorporated-place' for building permits in this state","baseline:incorporated-place-administers-building","ky-franklin-frankfort"
"place:2130700","Georgetown city","21","incorporated-place","","2130700","","delegation policy names 'incorporated-place' for building permits in this state","baseline:incorporated-place-administers-building","ky-scott-georgetown"
"place:2135866","Henderson city","21","incorporated-place","","2135866","","delegation policy names 'incorporated-place' for building permits in this state","baseline:incorporated-place-administers-building","ky-henderson-henderson"
"place:2137918","Hopkinsville city","21","incorporated-place","","2137918","","delegation policy names 'incorporated-place' for building permits in this state","baseline:incorporated-place-administers-building","ky-christian-hopkinsville"
"place:2153418","Morehead city","21","incorporated-place","","2153418","","delegation policy names 'incorporated-place' for building permits in this state","baseline:incorporated-place-administers-building","ky-rowan-morehead"
"place:2156136","Nicholasville city","21","incorporated-place","","2156136","","delegation policy names 'incorporated-place' for building permits in this state","baseline:incorporated-place-administers-building","ky-jessamine-nicholasville"
"place:2158620","Owensboro city","21","incorporated-place","","2158620","","delegation policy names 'incorporated-place' for building permits in this state","baseline:incorporated-place-administers-building","ky-daviess-owensboro"
"place:2158836","Paducah city","21","incorporated-place","","2158836","","delegation policy names 'incorporated-place' for building permits in this state","baseline:incorporated-place-administers-building","ky-mccracken-paducah"
"place:2160852","Pikeville city","21","incorporated-place","","2160852","","delegation policy names 'incorporated-place' for building permits in this state","baseline:incorporated-place-administers-building","ky-pike-pikeville"
"place:2165226","Richmond city","21","incorporated-place","","2165226","","delegation policy names 'incorporated-place' for building permits in this state","baseline:incorporated-place-administers-building","ky-madison-richmond"
"place:2171688","Somerset city","21","incorporated-place","","2171688","","delegation policy names 'incorporated-place' for building permits in this state","baseline:incorporated-place-administers-building","ky-pulaski-somerset"
"place:2200975","Alexandria city","22","incorporated-place","","2200975","","delegation policy names 'incorporated-place' for building permits in this state","baseline:incorporated-place-administers-building","la-rapides-alexandria"
"place:2205000","Baton Rouge city","22","incorporated-place","","2205000","","delegation policy names 'incorporated-place' for building permits in this state","baseline:incorporated-place-administers-building","la-east-baton-rouge-baton-rouge"
"place:2208920","Bossier City city","22","incorporated-place","","2208920","","delegation policy names 'incorporated-place' for building permits in this state","baseline:incorporated-place-administers-building","la-bossier-bossier-city"
"place:2239475","Kenner city","22","incorporated-place","","2239475","","delegation policy names 'incorporated-place' for building permits in this state","baseline:incorporated-place-administers-building","la-jefferson-kenner"
"place:2240735","Lafayette city","22","incorporated-place","","2240735","","delegation policy names 'incorporated-place' for building permits in this state","baseline:incorporated-place-administers-building","la-lafayette-lafayette"
"place:2241155","Lake Charles city","22","incorporated-place","","2241155","","delegation policy names 'incorporated-place' for building permits in this state","baseline:incorporated-place-administers-building","la-calcasieu-lake-charles"
"place:2251410","Monroe city","22","incorporated-place","","2251410","","delegation policy names 'incorporated-place' for building permits in this state","baseline:incorporated-place-administers-building","la-ouachita-monroe"
"place:2255000","New Orleans city","22","incorporated-place","","2255000","","delegation policy names 'incorporated-place' for building permits in this state","baseline:incorporated-place-administers-building","la-orleans-new-orleans"
"place:2270000","Shreveport city","22","incorporated-place","","2270000","","delegation policy names 'incorporated-place' for building permits in this state","baseline:incorporated-place-administers-building","la-caddo-shreveport"
"place:2270805","Slidell city","22","incorporated-place","","2270805","","delegation policy names 'incorporated-place' for building permits in this state","baseline:incorporated-place-administers-building","la-st-tammany-slidell"
"place:2302060","Auburn city","23","incorporated-place","","2302060","","delegation policy names 'incorporated-place' for building permits in this state","baseline:incorporated-place-administers-building","me-androscoggin-auburn"
"place:2302100","Augusta city","23","incorporated-place","","2302100","","delegation policy names 'incorporated-place' for building permits in this state","baseline:incorporated-place-administers-building","me-kennebec-augusta"
"place:2302795","Bangor city","23","incorporated-place","","2302795","","delegation policy names 'incorporated-place' for building permits in this state","baseline:incorporated-place-administers-building","me-penobscot-bangor"
"place:2338740","Lewiston city","23","incorporated-place","","2338740","","delegation policy names 'incorporated-place' for building permits in this state","baseline:incorporated-place-administers-building","me-androscoggin-lewiston"
"place:2360545","Portland city","23","incorporated-place","","2360545","","delegation policy names 'incorporated-place' for building permits in this state","baseline:incorporated-place-administers-building","me-cumberland-portland"
"place:2371990","South Portland city","23","incorporated-place","","2371990","","delegation policy names 'incorporated-place' for building permits in this state","baseline:incorporated-place-administers-building","me-cumberland-south-portland"
"place:2401600","Annapolis city","24","incorporated-place","","2401600","","delegation policy names 'incorporated-place' for building permits in this state","baseline:incorporated-place-administers-building","md-anne-arundel-annapolis"
"place:2404000","Baltimore city","24","independent-city","","2404000","","delegation policy names 'independent-city' for building permits in this state","baseline:incorporated-place-administers-building","md-baltimore-baltimore"
"place:2430325","Frederick city","24","incorporated-place","","2430325","","delegation policy names 'incorporated-place' for building permits in this state","baseline:incorporated-place-administers-building","md-frederick-frederick"
"place:2431175","Gaithersburg city","24","incorporated-place","","2431175","","delegation policy names 'incorporated-place' for building permits in this state","baseline:incorporated-place-administers-building","md-montgomery-gaithersburg"
"place:2467675","Rockville city","24","incorporated-place","","2467675","","delegation policy names 'incorporated-place' for building permits in this state","baseline:incorporated-place-administers-building","md-montgomery-rockville"
"place:2507000","Boston city","25","incorporated-place","","2507000","","delegation policy names 'incorporated-place' for building permits in this state","baseline:incorporated-place-administers-building","ma-suffolk-boston"
"place:2509000","Brockton city","25","incorporated-place","","2509000","","delegation policy names 'incorporated-place' for building permits in this state","baseline:incorporated-place-administers-building","ma-plymouth-brockton"
"place:2511000","Cambridge city","25","incorporated-place","","2511000","","delegation policy names 'incorporated-place' for building permits in this state","baseline:incorporated-place-administers-building","ma-middlesex-cambridge"
"place:2523000","Fall River city","25","incorporated-place","","2523000","","delegation policy names 'incorporated-place' for building permits in this state","baseline:incorporated-place-administers-building","ma-bristol-fall-river"
"place:2529405","Haverhill city","25","incorporated-place","","2529405","","delegation policy names 'incorporated-place' for building permits in this state","baseline:incorporated-place-administers-building","ma-essex-haverhill"
"place:2537000","Lowell city","25","incorporated-place","","2537000","","delegation policy names 'incorporated-place' for building permits in this state","baseline:incorporated-place-administers-building","ma-essex-lowell"
"place:2537490","Lynn city","25","incorporated-place","","2537490","","delegation policy names 'incorporated-place' for building permits in this state","baseline:incorporated-place-administers-building","ma-essex-lynn"
"place:2545000","New Bedford city","25","incorporated-place","","2545000","","delegation policy names 'incorporated-place' for building permits in this state","baseline:incorporated-place-administers-building","ma-bristol-new-bedford"
"place:2545560","Newton city","25","incorporated-place","","2545560","","delegation policy names 'incorporated-place' for building permits in this state","baseline:incorporated-place-administers-building","ma-middlesex-newton"
"place:2555745","Quincy city","25","incorporated-place","","2555745","","delegation policy names 'incorporated-place' for building permits in this state","baseline:incorporated-place-administers-building","ma-norfolk-quincy"
"place:2562535","Somerville city","25","incorporated-place","","2562535","","delegation policy names 'incorporated-place' for building permits in this state","baseline:incorporated-place-administers-building","ma-middlesex-somerville"
"place:2567000","Springfield city","25","incorporated-place","","2567000","","delegation policy names 'incorporated-place' for building permits in this state","baseline:incorporated-place-administers-building","ma-hampden-springfield"
"place:2572600","Waltham city","25","incorporated-place","","2572600","","delegation policy names 'incorporated-place' for building permits in this state","baseline:incorporated-place-administers-building","ma-middlesex-waltham"
"place:2582000","Worcester city","25","incorporated-place","","2582000","","delegation policy names 'incorporated-place' for building permits in this state","baseline:incorporated-place-administers-building","ma-worcester-worcester"
"place:2603000","Ann Arbor city","26","incorporated-place","","2603000","","delegation policy names 'incorporated-place' for building permits in this state","baseline:incorporated-place-administers-building","mi-washtenaw-ann-arbor"
"place:2605920","Battle Creek city","26","incorporated-place","","2605920","","delegation policy names 'incorporated-place' for building permits in this state","baseline:incorporated-place-administers-building","mi-calhoun-battle-creek"
"place:2606020","Bay City city","26","incorporated-place","","2606020","","delegation policy names 'incorporated-place' for building permits in this state","baseline:incorporated-place-administers-building","mi-bay-bay-city"
"place:2621000","Dearborn city","26","incorporated-place","","2621000","","delegation policy names 'incorporated-place' for building permits in this state","baseline:incorporated-place-administers-building","mi-wayne-dearborn"
"place:2622000","Detroit city","26","incorporated-place","","2622000","","delegation policy names 'incorporated-place' for building permits in this state","baseline:incorporated-place-administers-building","mi-wayne-detroit"
"place:2629000","Flint city","26","incorporated-place","","2629000","","delegation policy names 'incorporated-place' for building permits in this state","baseline:incorporated-place-administers-building","mi-genesee-flint"
"place:2634000","Grand Rapids city","26","incorporated-place","","2634000","","delegation policy names 'incorporated-place' for building permits in this state","baseline:incorporated-place-administers-building","mi-kent-grand-rapids"
"place:2641420","Jackson city","26","incorporated-place","","2641420","","delegation policy names 'incorporated-place' for building permits in this state","baseline:incorporated-place-administers-building","mi-jackson-jackson"
"place:2642160","Kalamazoo city","26","incorporated-place","","2642160","","delegation policy names 'incorporated-place' for building permits in this state","baseline:incorporated-place-administers-building","mi-kalamazoo-kalamazoo"
"place:2646000","Lansing city","26","incorporated-place","","2646000","","delegation policy names 'incorporated-place' for building permits in this state","baseline:incorporated-place-administers-building","mi-ingham-lansing"
"place:2649000","Livonia city","26","incorporated-place","","2649000","","delegation policy names 'incorporated-place' for building permits in this state","baseline:incorporated-place-administers-building","mi-wayne-livonia"
"place:2651900","Marquette city","26","incorporated-place","","2651900","","delegation policy names 'incorporated-place' for building permits in this state","baseline:incorporated-place-administers-building","mi-marquette-marquette"
"place:2656320","Muskegon city","26","incorporated-place","","2656320","","delegation policy names 'incorporated-place' for building permits in this state","baseline:incorporated-place-administers-building","mi-muskegon-muskegon"
"place:2665560","Portage city","26","incorporated-place","","2665560","","delegation policy names 'incorporated-place' for building permits in this state","baseline:incorporated-place-administers-building","mi-kalamazoo-portage"
"place:2670520","Saginaw city","26","incorporated-place","","2670520","","delegation policy names 'incorporated-place' for building permits in this state","baseline:incorporated-place-administers-building","mi-saginaw-saginaw"
"place:2676460","Sterling Heights city","26","incorporated-place","","2676460","","delegation policy names 'incorporated-place' for building permits in this state","baseline:incorporated-place-administers-building","mi-macomb-sterling-heights"
"place:2680700","Troy city","26","incorporated-place","","2680700","","delegation policy names 'incorporated-place' for building permits in this state","baseline:incorporated-place-administers-building","mi-oakland-troy"
"place:2684000","Warren city","26","incorporated-place","","2684000","","delegation policy names 'incorporated-place' for building permits in this state","baseline:incorporated-place-administers-building","mi-macomb-warren"
"place:2706616","Bloomington city","27","incorporated-place","","2706616","","delegation policy names 'incorporated-place' for building permits in this state","baseline:incorporated-place-administers-building","mn-hennepin-bloomington"
"place:2707966","Brooklyn Park city","27","incorporated-place","","2707966","","delegation policy names 'incorporated-place' for building permits in this state","baseline:incorporated-place-administers-building","mn-hennepin-brooklyn-park"
"place:2708794","Burnsville city","27","incorporated-place","","2708794","","delegation policy names 'incorporated-place' for building permits in this state","baseline:incorporated-place-administers-building","mn-dakota-burnsville"
"place:2713114","Coon Rapids city","27","incorporated-place","","2713114","","delegation policy names 'incorporated-place' for building permits in this state","baseline:incorporated-place-administers-building","mn-anoka-coon-rapids"
"place:2717000","Duluth city","27","incorporated-place","","2717000","","delegation policy names 'incorporated-place' for building permits in this state","baseline:incorporated-place-administers-building","mn-st-louis-duluth"
"place:2717288","Eagan city","27","incorporated-place","","2717288","","delegation policy names 'incorporated-place' for building permits in this state","baseline:incorporated-place-administers-building","mn-dakota-eagan"
"place:2718116","Eden Prairie city","27","incorporated-place","","2718116","","delegation policy names 'incorporated-place' for building permits in this state","baseline:incorporated-place-administers-building","mn-hennepin-eden-prairie"
"place:2739878","Mankato city","27","incorporated-place","","2739878","","delegation policy names 'incorporated-place' for building permits in this state","baseline:incorporated-place-administers-building","mn-blue-earth-mankato"
"place:2740166","Maple Grove city","27","incorporated-place","","2740166","","delegation policy names 'incorporated-place' for building permits in this state","baseline:incorporated-place-administers-building","mn-hennepin-maple-grove"
"place:2743000","Minneapolis city","27","incorporated-place","","2743000","","delegation policy names 'incorporated-place' for building permits in this state","baseline:incorporated-place-administers-building","mn-hennepin-minneapolis"
"place:2751730","Plymouth city","27","incorporated-place","","2751730","","delegation policy names 'incorporated-place' for building permits in this state","baseline:incorporated-place-administers-building","mn-hennepin-plymouth"
"place:2754880","Rochester city","27","incorporated-place","","2754880","","delegation policy names 'incorporated-place' for building permits in this state","baseline:incorporated-place-administers-building","mn-olmsted-rochester"
"place:2756896","St. Cloud city","27","incorporated-place","","2756896","","delegation policy names 'incorporated-place' for building permits in this state","baseline:incorporated-place-administers-building","mn-stearns-st-cloud"
"place:2758000","St. Paul city","27","incorporated-place","","2758000","","delegation policy names 'incorporated-place' for building permits in this state","baseline:incorporated-place-administers-building","mn-ramsey-saint-paul"
"place:2771428","Woodbury city","27","incorporated-place","","2771428","","delegation policy names 'incorporated-place' for building permits in this state","baseline:incorporated-place-administers-building","mn-washington-woodbury"
"place:2806220","Biloxi city","28","incorporated-place","","2806220","","delegation policy names 'incorporated-place' for building permits in this state","baseline:incorporated-place-administers-building","ms-harrison-biloxi"
"place:2808300","Brandon city","28","incorporated-place","","2808300","","delegation policy names 'incorporated-place' for building permits in this state","baseline:incorporated-place-administers-building","ms-rankin-brandon"
"place:2814420","Clinton city","28","incorporated-place","","2814420","","delegation policy names 'incorporated-place' for building permits in this state","baseline:incorporated-place-administers-building","ms-hinds-clinton"
"place:2815380","Columbus city","28","incorporated-place","","2815380","","delegation policy names 'incorporated-place' for building permits in this state","baseline:incorporated-place-administers-building","ms-lowndes-columbus"
"place:2825100","Flowood city","28","incorporated-place","","2825100","","delegation policy names 'incorporated-place' for building permits in this state","baseline:incorporated-place-administers-building","ms-rankin-flowood"
"place:2829700","Gulfport city","28","incorporated-place","","2829700","","delegation policy names 'incorporated-place' for building permits in this state","baseline:incorporated-place-administers-building","ms-harrison-gulfport"
"place:2831020","Hattiesburg city","28","incorporated-place","","2831020","","delegation policy names 'incorporated-place' for building permits in this state","baseline:incorporated-place-administers-building","ms-forrest-hattiesburg"
"place:2836000","Jackson city","28","incorporated-place","","2836000","","delegation policy names 'incorporated-place' for building permits in this state","baseline:incorporated-place-administers-building","ms-hinds-jackson"
"place:2844520","Madison city","28","incorporated-place","","2844520","","delegation policy names 'incorporated-place' for building permits in this state","baseline:incorporated-place-administers-building","ms-madison-madison"
"place:2846640","Meridian city","28","incorporated-place","","2846640","","delegation policy names 'incorporated-place' for building permits in this state","baseline:incorporated-place-administers-building","ms-lauderdale-meridian"
"place:2850440","Natchez city","28","incorporated-place","","2850440","","delegation policy names 'incorporated-place' for building permits in this state","baseline:incorporated-place-administers-building","ms-adams-natchez"
"place:2854040","Olive Branch city","28","incorporated-place","","2854040","","delegation policy names 'incorporated-place' for building permits in this state","baseline:incorporated-place-administers-building","ms-desoto-olive-branch"
"place:2855360","Pascagoula city","28","incorporated-place","","2855360","","delegation policy names 'incorporated-place' for building permits in this state","baseline:incorporated-place-administers-building","ms-jackson-pascagoula"
"place:2855760","Pearl city","28","incorporated-place","","2855760","","delegation policy names 'incorporated-place' for building permits in this state","baseline:incorporated-place-administers-building","ms-rankin-pearl"
"place:2862520","Ridgeland city","28","incorporated-place","","2862520","","delegation policy names 'incorporated-place' for building permits in this state","baseline:incorporated-place-administers-building","ms-madison-ridgeland"
"place:2869280","Southaven city","28","incorporated-place","","2869280","","delegation policy names 'incorporated-place' for building permits in this state","baseline:incorporated-place-administers-building","ms-desoto-southaven"
"place:2870240","Starkville city","28","incorporated-place","","2870240","","delegation policy names 'incorporated-place' for building permits in this state","baseline:incorporated-place-administers-building","ms-oktibbeha-starkville"
"place:2874840","Tupelo city","28","incorporated-place","","2874840","","delegation policy names 'incorporated-place' for building permits in this state","baseline:incorporated-place-administers-building","ms-lee-tupelo"
"place:2876720","Vicksburg city","28","incorporated-place","","2876720","","delegation policy names 'incorporated-place' for building permits in this state","baseline:incorporated-place-administers-building","ms-warren-vicksburg"
"place:2906652","Blue Springs city","29","incorporated-place","","2906652","","delegation policy names 'incorporated-place' for building permits in this state","baseline:incorporated-place-administers-building","mo-jackson-blue-springs"
"place:2911242","Cape Girardeau city","29","incorporated-place","","2911242","","delegation policy names 'incorporated-place' for building permits in this state","baseline:incorporated-place-administers-building","mo-cape-girardeau-cape-girardeau"
"place:2913600","Chesterfield city","29","incorporated-place","","2913600","","delegation policy names 'incorporated-place' for building permits in this state","baseline:incorporated-place-administers-building","mo-st-louis-chesterfield"
"place:2915670","Columbia city","29","incorporated-place","","2915670","","delegation policy names 'incorporated-place' for building permits in this state","baseline:incorporated-place-administers-building","mo-boone-columbia"
"place:2924778","Florissant city","29","incorporated-place","","2924778","","delegation policy names 'incorporated-place' for building permits in this state","baseline:incorporated-place-administers-building","mo-st-louis-florissant"
"place:2935000","Independence city","29","incorporated-place","","2935000","","delegation policy names 'incorporated-place' for building permits in this state","baseline:incorporated-place-administers-building","mo-jackson-independence"
"place:2937000","Jefferson City city","29","incorporated-place","","2937000","","delegation policy names 'incorporated-place' for building permits in this state","baseline:incorporated-place-administers-building","mo-cole-jefferson-city"
"place:2937592","Joplin city","29","incorporated-place","","2937592","","delegation policy names 'incorporated-place' for building permits in this state","baseline:incorporated-place-administers-building","mo-jasper-joplin"
"place:2938000","Kansas City city","29","incorporated-place","","2938000","","delegation policy names 'incorporated-place' for building permits in this state","baseline:incorporated-place-administers-building","mo-jackson-kansas-city"
"place:2941348","Lee's Summit city","29","incorporated-place","","2941348","","delegation policy names 'incorporated-place' for building permits in this state","baseline:incorporated-place-administers-building","mo-jackson-lees-summit"
"place:2952616","Nixa city","29","incorporated-place","","2952616","","delegation policy names 'incorporated-place' for building permits in this state","baseline:incorporated-place-administers-building","mo-christian-nixa"
"place:2954074","O'Fallon city","29","incorporated-place","","2954074","","delegation policy names 'incorporated-place' for building permits in this state","baseline:incorporated-place-administers-building","mo-st-charles-ofallon"
"place:2960788","Raytown city","29","incorporated-place","","2960788","","delegation policy names 'incorporated-place' for building permits in this state","baseline:incorporated-place-administers-building","mo-jackson-raytown"
"place:2964082","St. Charles city","29","incorporated-place","","2964082","","delegation policy names 'incorporated-place' for building permits in this state","baseline:incorporated-place-administers-building","mo-st-charles-st-charles"
"place:2964550","St. Joseph city","29","incorporated-place","","2964550","","delegation policy names 'incorporated-place' for building permits in this state","baseline:incorporated-place-administers-building","mo-buchanan-st-joseph"
"place:2965000","St. Louis city","29","independent-city","","2965000","","delegation policy names 'independent-city' for building permits in this state","baseline:incorporated-place-administers-building","mo-st-louis-st-louis"
"place:2965126","St. Peters city","29","incorporated-place","","2965126","","delegation policy names 'incorporated-place' for building permits in this state","baseline:incorporated-place-administers-building","mo-st-charles-st-peters"
"place:2970000","Springfield city","29","incorporated-place","","2970000","","delegation policy names 'incorporated-place' for building permits in this state","baseline:incorporated-place-administers-building","mo-greene-springfield"
"place:2979820","Wildwood city","29","incorporated-place","","2979820","","delegation policy names 'incorporated-place' for building permits in this state","baseline:incorporated-place-administers-building","mo-st-louis-wildwood"
"place:3006550","Billings city","30","incorporated-place","","3006550","","delegation policy names 'incorporated-place' for building permits in this state","baseline:incorporated-place-administers-building","mt-yellowstone-billings"
"place:3008950","Bozeman city","30","incorporated-place","","3008950","","delegation policy names 'incorporated-place' for building permits in this state","baseline:incorporated-place-administers-building","mt-gallatin-bozeman"
"place:3031450","Glendive city","30","incorporated-place","","3031450","","delegation policy names 'incorporated-place' for building permits in this state","baseline:incorporated-place-administers-building","mt-dawson-glendive"
"place:3032800","Great Falls city","30","incorporated-place","","3032800","","delegation policy names 'incorporated-place' for building permits in this state","baseline:incorporated-place-administers-building","mt-cascade-great-falls"
"place:3035050","Havre city","30","incorporated-place","","3035050","","delegation policy names 'incorporated-place' for building permits in this state","baseline:incorporated-place-administers-building","mt-hill-havre"
"place:3035600","Helena city","30","incorporated-place","","3035600","","delegation policy names 'incorporated-place' for building permits in this state","baseline:incorporated-place-administers-building","mt-lewis-and-clark-helena"
"place:3040075","Kalispell city","30","incorporated-place","","3040075","","delegation policy names 'incorporated-place' for building permits in this state","baseline:incorporated-place-administers-building","mt-flathead-kalispell"
"place:3043975","Livingston city","30","incorporated-place","","3043975","","delegation policy names 'incorporated-place' for building permits in this state","baseline:incorporated-place-administers-building","mt-park-livingston"
"place:3049525","Miles City city","30","incorporated-place","","3049525","","delegation policy names 'incorporated-place' for building permits in this state","baseline:incorporated-place-administers-building","mt-custer-miles-city"
"place:3050200","Missoula city","30","incorporated-place","","3050200","","delegation policy names 'incorporated-place' for building permits in this state","baseline:incorporated-place-administers-building","mt-missoula-missoula"
"place:3103390","Beatrice city","31","incorporated-place","","3103390","","delegation policy names 'incorporated-place' for building permits in this state","baseline:incorporated-place-administers-building","ne-gage-beatrice"
"place:3103950","Bellevue city","31","incorporated-place","","3103950","","delegation policy names 'incorporated-place' for building permits in this state","baseline:incorporated-place-administers-building","ne-sarpy-bellevue"
"place:3110110","Columbus city","31","incorporated-place","","3110110","","delegation policy names 'incorporated-place' for building permits in this state","baseline:incorporated-place-administers-building","ne-platte-columbus"
"place:3117670","Fremont city","31","incorporated-place","","3117670","","delegation policy names 'incorporated-place' for building permits in this state","baseline:incorporated-place-administers-building","ne-dodge-fremont"
"place:3119595","Grand Island city","31","incorporated-place","","3119595","","delegation policy names 'incorporated-place' for building permits in this state","baseline:incorporated-place-administers-building","ne-hall-grand-island"
"place:3121415","Hastings city","31","incorporated-place","","3121415","","delegation policy names 'incorporated-place' for building permits in this state","baseline:incorporated-place-administers-building","ne-adams-hastings"
"place:3125055","Kearney city","31","incorporated-place","","3125055","","delegation policy names 'incorporated-place' for building permits in this state","baseline:incorporated-place-administers-building","ne-buffalo-kearney"
"place:3126385","La Vista city","31","incorporated-place","","3126385","","delegation policy names 'incorporated-place' for building permits in this state","baseline:incorporated-place-administers-building","ne-sarpy-la-vista"
"place:3128000","Lincoln city","31","incorporated-place","","3128000","","delegation policy names 'incorporated-place' for building permits in this state","baseline:incorporated-place-administers-building","ne-lancaster-lincoln"
"place:3134615","Norfolk city","31","incorporated-place","","3134615","","delegation policy names 'incorporated-place' for building permits in this state","baseline:incorporated-place-administers-building","ne-madison-norfolk"
"place:3135000","North Platte city","31","incorporated-place","","3135000","","delegation policy names 'incorporated-place' for building permits in this state","baseline:incorporated-place-administers-building","ne-lincoln-north-platte"
"place:3137000","Omaha city","31","incorporated-place","","3137000","","delegation policy names 'incorporated-place' for building permits in this state","baseline:incorporated-place-administers-building","ne-douglas-omaha"
"place:3138295","Papillion city","31","incorporated-place","","3138295","","delegation policy names 'incorporated-place' for building permits in this state","baseline:incorporated-place-administers-building","ne-sarpy-papillion"
"place:3144245","Scottsbluff city","31","incorporated-place","","3144245","","delegation policy names 'incorporated-place' for building permits in this state","baseline:incorporated-place-administers-building","ne-scotts-bluff-scottsbluff"
"place:3206500","Boulder City city","32","incorporated-place","","3206500","","delegation policy names 'incorporated-place' for building permits in this state","baseline:incorporated-place-administers-building","nv-clark-boulder-city"
"place:3222500","Elko city","32","incorporated-place","","3222500","","delegation policy names 'incorporated-place' for building permits in this state","baseline:incorporated-place-administers-building","nv-elko-elko"
"place:3224900","Fernley city","32","incorporated-place","","3224900","","delegation policy names 'incorporated-place' for building permits in this state","baseline:incorporated-place-administers-building","nv-lyon-fernley"
"place:3231900","Henderson city","32","incorporated-place","","3231900","","delegation policy names 'incorporated-place' for building permits in this state","baseline:incorporated-place-administers-building","nv-clark-henderson"
"place:3240000","Las Vegas city","32","incorporated-place","","3240000","","delegation policy names 'incorporated-place' for building permits in this state","baseline:incorporated-place-administers-building","nv-clark-las-vegas"
"place:3246000","Mesquite city","32","incorporated-place","","3246000","","delegation policy names 'incorporated-place' for building permits in this state","baseline:incorporated-place-administers-building","nv-clark-mesquite"
"place:3251800","North Las Vegas city","32","incorporated-place","","3251800","","delegation policy names 'incorporated-place' for building permits in this state","baseline:incorporated-place-administers-building","nv-clark-north-las-vegas"
"place:3260600","Reno city","32","incorporated-place","","3260600","","delegation policy names 'incorporated-place' for building permits in this state","baseline:incorporated-place-administers-building","nv-washoe-reno"
"place:3268400","Sparks city","32","incorporated-place","","3268400","","delegation policy names 'incorporated-place' for building permits in this state","baseline:incorporated-place-administers-building","nv-washoe-sparks"
"place:3284800","Winnemucca city","32","incorporated-place","","3284800","","delegation policy names 'incorporated-place' for building permits in this state","baseline:incorporated-place-administers-building","nv-humboldt-winnemucca"
"place:3314200","Concord city","33","incorporated-place","","3314200","","delegation policy names 'incorporated-place' for building permits in this state","baseline:incorporated-place-administers-building","nh-merrimack-concord"
"place:3318820","Dover city","33","incorporated-place","","3318820","","delegation policy names 'incorporated-place' for building permits in this state","baseline:incorporated-place-administers-building","nh-strafford-dover"
"place:3345140","Manchester city","33","incorporated-place","","3345140","","delegation policy names 'incorporated-place' for building permits in this state","baseline:incorporated-place-administers-building","nh-hillsborough-manchester"
"place:3350260","Nashua city","33","incorporated-place","","3350260","","delegation policy names 'incorporated-place' for building permits in this state","baseline:incorporated-place-administers-building","nh-hillsborough-nashua"
"place:3365140","Rochester city","33","incorporated-place","","3365140","","delegation policy names 'incorporated-place' for building permits in this state","baseline:incorporated-place-administers-building","nh-strafford-rochester"
"place:3421000","Elizabeth city","34","incorporated-place","","3421000","","delegation policy names 'incorporated-place' for building permits in this state","baseline:incorporated-place-administers-building","nj-union-elizabeth"
"place:3436000","Jersey City city","34","incorporated-place","","3436000","","delegation policy names 'incorporated-place' for building permits in this state","baseline:incorporated-place-administers-building","nj-hudson-jersey-city"
"place:3451000","Newark city","34","incorporated-place","","3451000","","delegation policy names 'incorporated-place' for building permits in this state","baseline:incorporated-place-administers-building","nj-essex-newark"
"place:3457000","Paterson city","34","incorporated-place","","3457000","","delegation policy names 'incorporated-place' for building permits in this state","baseline:incorporated-place-administers-building","nj-passaic-paterson"
"place:3474000","Trenton city","34","incorporated-place","","3474000","","delegation policy names 'incorporated-place' for building permits in this state","baseline:incorporated-place-administers-building","nj-mercer-trenton"
"place:3501780","Alamogordo city","35","incorporated-place","","3501780","","delegation policy names 'incorporated-place' for building permits in this state","baseline:incorporated-place-administers-building","nm-otero-alamogordo"
"place:3502000","Albuquerque city","35","incorporated-place","","3502000","","delegation policy names 'incorporated-place' for building permits in this state","baseline:incorporated-place-administers-building","nm-bernalillo-albuquerque"
"place:3512150","Carlsbad city","35","incorporated-place","","3512150","","delegation policy names 'incorporated-place' for building permits in this state","baseline:incorporated-place-administers-building","nm-eddy-carlsbad"
"place:3516420","Clovis city","35","incorporated-place","","3516420","","delegation policy names 'incorporated-place' for building permits in this state","baseline:incorporated-place-administers-building","nm-curry-clovis"
"place:3520270","Deming city","35","incorporated-place","","3520270","","delegation policy names 'incorporated-place' for building permits in this state","baseline:incorporated-place-administers-building","nm-luna-deming"
"place:3525800","Farmington city","35","incorporated-place","","3525800","","delegation policy names 'incorporated-place' for building permits in this state","baseline:incorporated-place-administers-building","nm-san-juan-farmington"
"place:3528460","Gallup city","35","incorporated-place","","3528460","","delegation policy names 'incorporated-place' for building permits in this state","baseline:incorporated-place-administers-building","nm-mckinley-gallup"
"place:3532520","Hobbs city","35","incorporated-place","","3532520","","delegation policy names 'incorporated-place' for building permits in this state","baseline:incorporated-place-administers-building","nm-lea-hobbs"
"place:3539380","Las Cruces city","35","incorporated-place","","3539380","","delegation policy names 'incorporated-place' for building permits in this state","baseline:incorporated-place-administers-building","nm-dona-ana-las-cruces"
"place:3543370","Los Lunas village","35","incorporated-place","","3543370","","delegation policy names 'incorporated-place' for building permits in this state","baseline:incorporated-place-administers-building","nm-valencia-los-lunas"
"place:3563460","Rio Rancho city","35","incorporated-place","","3563460","","delegation policy names 'incorporated-place' for building permits in this state","baseline:incorporated-place-administers-building","nm-sandoval-rio-rancho"
"place:3564930","Roswell city","35","incorporated-place","","3564930","","delegation policy names 'incorporated-place' for building permits in this state","baseline:incorporated-place-administers-building","nm-chaves-roswell"
"place:3570500","Santa Fe city","35","incorporated-place","","3570500","","delegation policy names 'incorporated-place' for building permits in this state","baseline:incorporated-place-administers-building","nm-santa-fe-santa-fe"
"place:3601000","Albany city","36","incorporated-place","","3601000","","delegation policy names 'incorporated-place' for building permits in this state","baseline:incorporated-place-administers-building","ny-albany-albany"
"place:3611000","Buffalo city","36","incorporated-place","","3611000","","delegation policy names 'incorporated-place' for building permits in this state","baseline:incorporated-place-administers-building","ny-erie-buffalo"
"place:3651000","New York city","36","incorporated-place","","3651000","","delegation policy names 'incorporated-place' for building permits in this state","baseline:incorporated-place-administers-building","ny-new-york-new-york"
"place:3663000","Rochester city","36","incorporated-place","","3663000","","delegation policy names 'incorporated-place' for building permits in this state","baseline:incorporated-place-administers-building","ny-monroe-rochester"
"place:3673000","Syracuse city","36","incorporated-place","","3673000","","delegation policy names 'incorporated-place' for building permits in this state","baseline:incorporated-place-administers-building","ny-onondaga-syracuse"
"place:3681677","White Plains city","36","incorporated-place","","3681677","","delegation policy names 'incorporated-place' for building permits in this state","baseline:incorporated-place-administers-building","ny-westchester-white-plains"
"place:3684000","Yonkers city","36","incorporated-place","","3684000","","delegation policy names 'incorporated-place' for building permits in this state","baseline:incorporated-place-administers-building","ny-westchester-yonkers"
"place:3702140","Asheville city","37","incorporated-place","","3702140","","delegation policy names 'incorporated-place' for building permits in this state","baseline:incorporated-place-administers-building","nc-buncombe-asheville"
"place:3709060","Burlington city","37","incorporated-place","","3709060","","delegation policy names 'incorporated-place' for building permits in this state","baseline:incorporated-place-administers-building","nc-alamance-burlington"
"place:3714100","Concord city","37","incorporated-place","","3714100","","delegation policy names 'incorporated-place' for building permits in this state","baseline:incorporated-place-administers-building","nc-cabarrus-concord"
"place:3719000","Durham city","37","incorporated-place","","3719000","","delegation policy names 'incorporated-place' for building permits in this state","baseline:incorporated-place-administers-building","nc-durham-durham"
"place:3722920","Fayetteville city","37","incorporated-place","","3722920","","delegation policy names 'incorporated-place' for building permits in this state","baseline:incorporated-place-administers-building","nc-cumberland-fayetteville"
"place:3725580","Gastonia city","37","incorporated-place","","3725580","","delegation policy names 'incorporated-place' for building permits in this state","baseline:incorporated-place-administers-building","nc-gaston-gastonia"
"place:3728000","Greensboro city","37","incorporated-place","","3728000","","delegation policy names 'incorporated-place' for building permits in this state","baseline:incorporated-place-administers-building","nc-guilford-greensboro"
"place:3731060","Hickory city","37","incorporated-place","","3731060","","delegation policy names 'incorporated-place' for building permits in this state","baseline:incorporated-place-administers-building","nc-catawba-hickory"
"place:3731400","High Point city","37","incorporated-place","","3731400","","delegation policy names 'incorporated-place' for building permits in this state","baseline:incorporated-place-administers-building","nc-guilford-high-point"
"place:3734200","Jacksonville city","37","incorporated-place","","3734200","","delegation policy names 'incorporated-place' for building permits in this state","baseline:incorporated-place-administers-building","nc-onslow-jacksonville"
"place:3735200","Kannapolis city","37","incorporated-place","","3735200","","delegation policy names 'incorporated-place' for building permits in this state","baseline:incorporated-place-administers-building","nc-cabarrus-kannapolis"
"place:3743920","Monroe city","37","incorporated-place","","3743920","","delegation policy names 'incorporated-place' for building permits in this state","baseline:incorporated-place-administers-building","nc-union-monroe"
"place:3755000","Raleigh city","37","incorporated-place","","3755000","","delegation policy names 'incorporated-place' for building permits in this state","baseline:incorporated-place-administers-building","nc-wake-raleigh"
"place:3757500","Rocky Mount city","37","incorporated-place","","3757500","","delegation policy names 'incorporated-place' for building permits in this state","baseline:incorporated-place-administers-building","nc-nash-rocky-mount"
"place:3774440","Wilmington city","37","incorporated-place","","3774440","","delegation policy names 'incorporated-place' for building permits in this state","baseline:incorporated-place-administers-building","nc-new-hanover-wilmington"
"place:3774540","Wilson city","37","incorporated-place","","3774540","","delegation policy names 'incorporated-place' for building permits in this state","baseline:incorporated-place-administers-building","nc-wilson-wilson"
"place:3775000","Winston-Salem city","37","incorporated-place","","3775000","","delegation policy names 'incorporated-place' for building permits in this state","baseline:incorporated-place-administers-building","nc-forsyth-winston-salem"
"place:3807200","Bismarck city","38","incorporated-place","","3807200","","delegation policy names 'incorporated-place' for building permits in this state","baseline:incorporated-place-administers-building","nd-burleigh-bismarck"
"place:3819620","Dickinson city","38","incorporated-place","","3819620","","delegation policy names 'incorporated-place' for building permits in this state","baseline:incorporated-place-administers-building","nd-stark-dickinson"
"place:3825700","Fargo city","38","incorporated-place","","3825700","","delegation policy names 'incorporated-place' for building permits in this state","baseline:incorporated-place-administers-building","nd-cass-fargo"
"place:3832060","Grand Forks city","38","incorporated-place","","3832060","","delegation policy names 'incorporated-place' for building permits in this state","baseline:incorporated-place-administers-building","nd-grand-forks-grand-forks"
"place:3840580","Jamestown city","38","incorporated-place","","3840580","","delegation policy names 'incorporated-place' for building permits in this state","baseline:incorporated-place-administers-building","nd-stutsman-jamestown"
"place:3849900","Mandan city","38","incorporated-place","","3849900","","delegation policy names 'incorporated-place' for building permits in this state","baseline:incorporated-place-administers-building","nd-morton-mandan"
"place:3853380","Minot city","38","incorporated-place","","3853380","","delegation policy names 'incorporated-place' for building permits in this state","baseline:incorporated-place-administers-building","nd-ward-minot"
"place:3882660","Wahpeton city","38","incorporated-place","","3882660","","delegation policy names 'incorporated-place' for building permits in this state","baseline:incorporated-place-administers-building","nd-richland-wahpeton"
"place:3884780","West Fargo city","38","incorporated-place","","3884780","","delegation policy names 'incorporated-place' for building permits in this state","baseline:incorporated-place-administers-building","nd-cass-west-fargo"
"place:3886220","Williston city","38","incorporated-place","","3886220","","delegation policy names 'incorporated-place' for building permits in this state","baseline:incorporated-place-administers-building","nd-williams-williston"
"place:3901000","Akron city","39","incorporated-place","","3901000","","delegation policy names 'incorporated-place' for building permits in this state","baseline:incorporated-place-administers-building","oh-summit-akron"
"place:3912000","Canton city","39","incorporated-place","","3912000","","delegation policy names 'incorporated-place' for building permits in this state","baseline:incorporated-place-administers-building","oh-stark-canton"
"place:3915000","Cincinnati city","39","incorporated-place","","3915000","","delegation policy names 'incorporated-place' for building permits in this state","baseline:incorporated-place-administers-building","oh-hamilton-cincinnati"
"place:3916000","Cleveland city","39","incorporated-place","","3916000","","delegation policy names 'incorporated-place' for building permits in this state","baseline:incorporated-place-administers-building","oh-cuyahoga-cleveland"
"place:3918000","Columbus city","39","incorporated-place","","3918000","","delegation policy names 'incorporated-place' for building permits in this state","baseline:incorporated-place-administers-building","oh-franklin-columbus"
"place:3921000","Dayton city","39","incorporated-place","","3921000","","delegation policy names 'incorporated-place' for building permits in this state","baseline:incorporated-place-administers-building","oh-montgomery-dayton"
"place:3922694","Dublin city","39","incorporated-place","","3922694","","delegation policy names 'incorporated-place' for building permits in this state","baseline:incorporated-place-administers-building","oh-franklin-dublin"
"place:3925256","Elyria city","39","incorporated-place","","3925256","","delegation policy names 'incorporated-place' for building permits in this state","baseline:incorporated-place-administers-building","oh-lorain-elyria"
"place:3925970","Fairfield city","39","incorporated-place","","3925970","","delegation policy names 'incorporated-place' for building permits in this state","baseline:incorporated-place-administers-building","oh-butler-fairfield"
"place:3927048","Findlay city","39","incorporated-place","","3927048","","delegation policy names 'incorporated-place' for building permits in this state","baseline:incorporated-place-administers-building","oh-hancock-findlay"
"place:3932592","Grove City city","39","incorporated-place","","3932592","","delegation policy names 'incorporated-place' for building permits in this state","baseline:incorporated-place-administers-building","oh-franklin-grove-city"
"place:3933012","Hamilton city","39","incorporated-place","","3933012","","delegation policy names 'incorporated-place' for building permits in this state","baseline:incorporated-place-administers-building","oh-butler-hamilton"
"place:3935476","Hilliard city","39","incorporated-place","","3935476","","delegation policy names 'incorporated-place' for building permits in this state","baseline:incorporated-place-administers-building","oh-franklin-hilliard"
"place:3936610","Huber Heights city","39","incorporated-place","","3936610","","delegation policy names 'incorporated-place' for building permits in this state","baseline:incorporated-place-administers-building","oh-montgomery-huber-heights"
"place:3940040","Kettering city","39","incorporated-place","","3940040","","delegation policy names 'incorporated-place' for building permits in this state","baseline:incorporated-place-administers-building","oh-montgomery-kettering"
"place:3941664","Lakewood city","39","incorporated-place","","3941664","","delegation policy names 'incorporated-place' for building permits in this state","baseline:incorporated-place-administers-building","oh-cuyahoga-lakewood"
"place:3941720","Lancaster city","39","incorporated-place","","3941720","","delegation policy names 'incorporated-place' for building permits in this state","baseline:incorporated-place-administers-building","oh-fairfield-lancaster"
"place:3944856","Lorain city","39","incorporated-place","","3944856","","delegation policy names 'incorporated-place' for building permits in this state","baseline:incorporated-place-administers-building","oh-lorain-lorain"
"place:3947138","Mansfield city","39","incorporated-place","","3947138","","delegation policy names 'incorporated-place' for building permits in this state","baseline:incorporated-place-administers-building","oh-richland-mansfield"
"place:3947754","Marion city","39","incorporated-place","","3947754","","delegation policy names 'incorporated-place' for building permits in this state","baseline:incorporated-place-administers-building","oh-marion-marion"
"place:3949840","Middletown city","39","incorporated-place","","3949840","","delegation policy names 'incorporated-place' for building permits in this state","baseline:incorporated-place-administers-building","oh-butler-middletown"
"place:3954040","Newark city","39","incorporated-place","","3954040","","delegation policy names 'incorporated-place' for building permits in this state","baseline:incorporated-place-administers-building","oh-licking-newark"
"place:3961000","Parma city","39","incorporated-place","","3961000","","delegation policy names 'incorporated-place' for building permits in this state","baseline:incorporated-place-administers-building","oh-cuyahoga-parma"
"place:3966390","Reynoldsburg city","39","incorporated-place","","3966390","","delegation policy names 'incorporated-place' for building permits in this state","baseline:incorporated-place-administers-building","oh-franklin-reynoldsburg"
"place:3974118","Springfield city","39","incorporated-place","","3974118","","delegation policy names 'incorporated-place' for building permits in this state","baseline:incorporated-place-administers-building","oh-clark-springfield"
"place:3977000","Toledo city","39","incorporated-place","","3977000","","delegation policy names 'incorporated-place' for building permits in this state","baseline:incorporated-place-administers-building","oh-lucas-toledo"
"place:3983342","Westerville city","39","incorporated-place","","3983342","","delegation policy names 'incorporated-place' for building permits in this state","baseline:incorporated-place-administers-building","oh-franklin-westerville"
"place:3988000","Youngstown city","39","incorporated-place","","3988000","","delegation policy names 'incorporated-place' for building permits in this state","baseline:incorporated-place-administers-building","oh-mahoning-youngstown"
"place:3988084","Zanesville city","39","incorporated-place","","3988084","","delegation policy names 'incorporated-place' for building permits in this state","baseline:incorporated-place-administers-building","oh-muskingum-zanesville"
"place:4002600","Ardmore city","40","incorporated-place","","4002600","","delegation policy names 'incorporated-place' for building permits in this state","baseline:incorporated-place-administers-building","ok-carter-ardmore"
"place:4004450","Bartlesville city","40","incorporated-place","","4004450","","delegation policy names 'incorporated-place' for building permits in this state","baseline:incorporated-place-administers-building","ok-washington-bartlesville"
"place:4009050","Broken Arrow city","40","incorporated-place","","4009050","","delegation policy names 'incorporated-place' for building permits in this state","baseline:incorporated-place-administers-building","ok-tulsa-broken-arrow"
"place:4021900","Duncan city","40","incorporated-place","","4021900","","delegation policy names 'incorporated-place' for building permits in this state","baseline:incorporated-place-administers-building","ok-stephens-duncan"
"place:4023200","Edmond city","40","incorporated-place","","4023200","","delegation policy names 'incorporated-place' for building permits in this state","baseline:incorporated-place-administers-building","ok-oklahoma-edmond"
"place:4023950","Enid city","40","incorporated-place","","4023950","","delegation policy names 'incorporated-place' for building permits in this state","baseline:incorporated-place-administers-building","ok-garfield-enid"
"place:4041850","Lawton city","40","incorporated-place","","4041850","","delegation policy names 'incorporated-place' for building permits in this state","baseline:incorporated-place-administers-building","ok-comanche-lawton"
"place:4048350","Midwest City city","40","incorporated-place","","4048350","","delegation policy names 'incorporated-place' for building permits in this state","baseline:incorporated-place-administers-building","ok-oklahoma-midwest-city"
"place:4049200","Moore city","40","incorporated-place","","4049200","","delegation policy names 'incorporated-place' for building permits in this state","baseline:incorporated-place-administers-building","ok-cleveland-moore"
"place:4050050","Muskogee city","40","incorporated-place","","4050050","","delegation policy names 'incorporated-place' for building permits in this state","baseline:incorporated-place-administers-building","ok-muskogee-muskogee"
"place:4052500","Norman city","40","incorporated-place","","4052500","","delegation policy names 'incorporated-place' for building permits in this state","baseline:incorporated-place-administers-building","ok-cleveland-norman"
"place:4055000","Oklahoma City city","40","incorporated-place","","4055000","","delegation policy names 'incorporated-place' for building permits in this state","baseline:incorporated-place-administers-building","ok-oklahoma-oklahoma-city"
"place:4059850","Ponca City city","40","incorporated-place","","4059850","","delegation policy names 'incorporated-place' for building permits in this state","baseline:incorporated-place-administers-building","ok-kay-ponca-city"
"place:4066800","Shawnee city","40","incorporated-place","","4066800","","delegation policy names 'incorporated-place' for building permits in this state","baseline:incorporated-place-administers-building","ok-pottawatomie-shawnee"
"place:4070300","Stillwater city","40","incorporated-place","","4070300","","delegation policy names 'incorporated-place' for building permits in this state","baseline:incorporated-place-administers-building","ok-payne-stillwater"
"place:4075000","Tulsa city","40","incorporated-place","","4075000","","delegation policy names 'incorporated-place' for building permits in this state","baseline:incorporated-place-administers-building","ok-tulsa-tulsa"
"place:4103050","Ashland city","41","incorporated-place","","4103050","","delegation policy names 'incorporated-place' for building permits in this state","baseline:incorporated-place-administers-building","or-jackson-ashland"
"place:4105350","Beaverton city","41","incorporated-place","","4105350","","delegation policy names 'incorporated-place' for building permits in this state","baseline:incorporated-place-administers-building","or-washington-beaverton"
"place:4105800","Bend city","41","incorporated-place","","4105800","","delegation policy names 'incorporated-place' for building permits in this state","baseline:incorporated-place-administers-building","or-deschutes-bend"
"place:4115800","Corvallis city","41","incorporated-place","","4115800","","delegation policy names 'incorporated-place' for building permits in this state","baseline:incorporated-place-administers-building","or-benton-corvallis"
"place:4123850","Eugene city","41","incorporated-place","","4123850","","delegation policy names 'incorporated-place' for building permits in this state","baseline:incorporated-place-administers-building","or-lane-eugene"
"place:4130550","Grants Pass city","41","incorporated-place","","4130550","","delegation policy names 'incorporated-place' for building permits in this state","baseline:incorporated-place-administers-building","or-josephine-grants-pass"
"place:4131250","Gresham city","41","incorporated-place","","4131250","","delegation policy names 'incorporated-place' for building permits in this state","baseline:incorporated-place-administers-building","or-multnomah-gresham"
"place:4134100","Hillsboro city","41","incorporated-place","","4134100","","delegation policy names 'incorporated-place' for building permits in this state","baseline:incorporated-place-administers-building","or-washington-hillsboro"
"place:4140550","Lake Oswego city","41","incorporated-place","","4140550","","delegation policy names 'incorporated-place' for building permits in this state","baseline:incorporated-place-administers-building","or-clackamas-lake-oswego"
"place:4147000","Medford city","41","incorporated-place","","4147000","","delegation policy names 'incorporated-place' for building permits in this state","baseline:incorporated-place-administers-building","or-jackson-medford"
"place:4159000","Portland city","41","incorporated-place","","4159000","","delegation policy names 'incorporated-place' for building permits in this state","baseline:incorporated-place-administers-building","or-multnomah-portland"
"place:4161200","Redmond city","41","incorporated-place","","4161200","","delegation policy names 'incorporated-place' for building permits in this state","baseline:incorporated-place-administers-building","or-deschutes-redmond"
"place:4163650","Roseburg city","41","incorporated-place","","4163650","","delegation policy names 'incorporated-place' for building permits in this state","baseline:incorporated-place-administers-building","or-douglas-roseburg"
"place:4164900","Salem city","41","incorporated-place","","4164900","","delegation policy names 'incorporated-place' for building permits in this state","baseline:incorporated-place-administers-building","or-marion-salem"
"place:4169600","Springfield city","41","incorporated-place","","4169600","","delegation policy names 'incorporated-place' for building permits in this state","baseline:incorporated-place-administers-building","or-lane-springfield"
"place:4173650","Tigard city","41","incorporated-place","","4173650","","delegation policy names 'incorporated-place' for building permits in this state","baseline:incorporated-place-administers-building","or-washington-tigard"
"place:4202000","Allentown city","42","incorporated-place","","4202000","","delegation policy names 'incorporated-place' for building permits in this state","baseline:incorporated-place-administers-building","pa-lehigh-allentown"
"place:4206088","Bethlehem city","42","incorporated-place","","4206088","","delegation policy names 'incorporated-place' for building permits in this state","baseline:incorporated-place-administers-building","pa-northampton-bethlehem"
"place:4224000","Erie city","42","incorporated-place","","4224000","","delegation policy names 'incorporated-place' for building permits in this state","baseline:incorporated-place-administers-building","pa-erie-erie"
"place:4241216","Lancaster city","42","incorporated-place","","4241216","","delegation policy names 'incorporated-place' for building permits in this state","baseline:incorporated-place-administers-building","pa-lancaster-lancaster"
"place:4260000","Philadelphia city","42","incorporated-place","","4260000","","delegation policy names 'incorporated-place' for building permits in this state","baseline:incorporated-place-administers-building","pa-philadelphia-philadelphia"
"place:4261000","Pittsburgh city","42","incorporated-place","","4261000","","delegation policy names 'incorporated-place' for building permits in this state","baseline:incorporated-place-administers-building","pa-allegheny-pittsburgh"
"place:4263624","Reading city","42","incorporated-place","","4263624","","delegation policy names 'incorporated-place' for building permits in this state","baseline:incorporated-place-administers-building","pa-berks-reading"
"place:4269000","Scranton city","42","incorporated-place","","4269000","","delegation policy names 'incorporated-place' for building permits in this state","baseline:incorporated-place-administers-building","pa-lackawanna-scranton"
"place:4287048","York city","42","incorporated-place","","4287048","","delegation policy names 'incorporated-place' for building permits in this state","baseline:incorporated-place-administers-building","pa-york-york"
"place:4419180","Cranston city","44","incorporated-place","","4419180","","delegation policy names 'incorporated-place' for building permits in this state","baseline:incorporated-place-administers-building","ri-providence-cranston"
"place:4422960","East Providence city","44","incorporated-place","","4422960","","delegation policy names 'incorporated-place' for building permits in this state","baseline:incorporated-place-administers-building","ri-providence-east-providence"
"place:4454640","Pawtucket city","44","incorporated-place","","4454640","","delegation policy names 'incorporated-place' for building permits in this state","baseline:incorporated-place-administers-building","ri-providence-pawtucket"
"place:4459000","Providence city","44","incorporated-place","","4459000","","delegation policy names 'incorporated-place' for building permits in this state","baseline:incorporated-place-administers-building","ri-providence-providence"
"place:4474300","Warwick city","44","incorporated-place","","4474300","","delegation policy names 'incorporated-place' for building permits in this state","baseline:incorporated-place-administers-building","ri-kent-warwick"
"place:4480780","Woonsocket city","44","incorporated-place","","4480780","","delegation policy names 'incorporated-place' for building permits in this state","baseline:incorporated-place-administers-building","ri-providence-woonsocket"
"place:4500550","Aiken city","45","incorporated-place","","4500550","","delegation policy names 'incorporated-place' for building permits in this state","baseline:incorporated-place-administers-building","sc-aiken-aiken"
"place:4501360","Anderson city","45","incorporated-place","","4501360","","delegation policy names 'incorporated-place' for building permits in this state","baseline:incorporated-place-administers-building","sc-anderson-anderson"
"place:4513330","Charleston city","45","incorporated-place","","4513330","","delegation policy names 'incorporated-place' for building permits in this state","baseline:incorporated-place-administers-building","sc-charleston-charleston"
"place:4516000","Columbia city","45","incorporated-place","","4516000","","delegation policy names 'incorporated-place' for building permits in this state","baseline:incorporated-place-administers-building","sc-richland-columbia"
"place:4525810","Florence city","45","incorporated-place","","4525810","","delegation policy names 'incorporated-place' for building permits in this state","baseline:incorporated-place-administers-building","sc-florence-florence"
"place:4529815","Goose Creek city","45","incorporated-place","","4529815","","delegation policy names 'incorporated-place' for building permits in this state","baseline:incorporated-place-administers-building","sc-berkeley-goose-creek"
"place:4530850","Greenville city","45","incorporated-place","","4530850","","delegation policy names 'incorporated-place' for building permits in this state","baseline:incorporated-place-administers-building","sc-greenville-greenville"
"place:4549075","Myrtle Beach city","45","incorporated-place","","4549075","","delegation policy names 'incorporated-place' for building permits in this state","baseline:incorporated-place-administers-building","sc-horry-myrtle-beach"
"place:4550875","North Charleston city","45","incorporated-place","","4550875","","delegation policy names 'incorporated-place' for building permits in this state","baseline:incorporated-place-administers-building","sc-charleston-north-charleston"
"place:4561405","Rock Hill city","45","incorporated-place","","4561405","","delegation policy names 'incorporated-place' for building permits in this state","baseline:incorporated-place-administers-building","sc-york-rock-hill"
"place:4568290","Spartanburg city","45","incorporated-place","","4568290","","delegation policy names 'incorporated-place' for building permits in this state","baseline:incorporated-place-administers-building","sc-spartanburg-spartanburg"
"place:4600100","Aberdeen city","46","incorporated-place","","4600100","","delegation policy names 'incorporated-place' for building permits in this state","baseline:incorporated-place-administers-building","sd-brown-aberdeen"
"place:4607580","Brookings city","46","incorporated-place","","4607580","","delegation policy names 'incorporated-place' for building permits in this state","baseline:incorporated-place-administers-building","sd-brookings-brookings"
"place:4631060","Huron city","46","incorporated-place","","4631060","","delegation policy names 'incorporated-place' for building permits in this state","baseline:incorporated-place-administers-building","sd-beadle-huron"
"place:4643100","Mitchell city","46","incorporated-place","","4643100","","delegation policy names 'incorporated-place' for building permits in this state","baseline:incorporated-place-administers-building","sd-davison-mitchell"
"place:4649600","Pierre city","46","incorporated-place","","4649600","","delegation policy names 'incorporated-place' for building permits in this state","baseline:incorporated-place-administers-building","sd-hughes-pierre"
"place:4652980","Rapid City city","46","incorporated-place","","4652980","","delegation policy names 'incorporated-place' for building permits in this state","baseline:incorporated-place-administers-building","sd-pennington-rapid-city"
"place:4659020","Sioux Falls city","46","incorporated-place","","4659020","","delegation policy names 'incorporated-place' for building permits in this state","baseline:incorporated-place-administers-building","sd-minnehaha-sioux-falls"
"place:4666700","Vermillion city","46","incorporated-place","","4666700","","delegation policy names 'incorporated-place' for building permits in this state","baseline:incorporated-place-administers-building","sd-clay-vermillion"
"place:4669300","Watertown city","46","incorporated-place","","4669300","","delegation policy names 'incorporated-place' for building permits in this state","baseline:incorporated-place-administers-building","sd-codington-watertown"
"place:4673060","Yankton city","46","incorporated-place","","4673060","","delegation policy names 'incorporated-place' for building permits in this state","baseline:incorporated-place-administers-building","sd-yankton-yankton"
"place:4703440","Bartlett city","47","incorporated-place","","4703440","","delegation policy names 'incorporated-place' for building permits in this state","baseline:incorporated-place-administers-building","tn-shelby-bartlett"
"place:4708280","Brentwood city","47","incorporated-place","","4708280","","delegation policy names 'incorporated-place' for building permits in this state","baseline:incorporated-place-administers-building","tn-williamson-brentwood"
"place:4714000","Chattanooga city","47","incorporated-place","","4714000","","delegation policy names 'incorporated-place' for building permits in this state","baseline:incorporated-place-administers-building","tn-hamilton-chattanooga"
"place:4715160","Clarksville city","47","incorporated-place","","4715160","","delegation policy names 'incorporated-place' for building permits in this state","baseline:incorporated-place-administers-building","tn-montgomery-clarksville"
"place:4716540","Columbia city","47","incorporated-place","","4716540","","delegation policy names 'incorporated-place' for building permits in this state","baseline:incorporated-place-administers-building","tn-maury-columbia"
"place:4716920","Cookeville city","47","incorporated-place","","4716920","","delegation policy names 'incorporated-place' for building permits in this state","baseline:incorporated-place-administers-building","tn-putnam-cookeville"
"place:4727740","Franklin city","47","incorporated-place","","4727740","","delegation policy names 'incorporated-place' for building permits in this state","baseline:incorporated-place-administers-building","tn-williamson-franklin"
"place:4728540","Gallatin city","47","incorporated-place","","4728540","","delegation policy names 'incorporated-place' for building permits in this state","baseline:incorporated-place-administers-building","tn-sumner-gallatin"
"place:4733280","Hendersonville city","47","incorporated-place","","4733280","","delegation policy names 'incorporated-place' for building permits in this state","baseline:incorporated-place-administers-building","tn-sumner-hendersonville"
"place:4737640","Jackson city","47","incorporated-place","","4737640","","delegation policy names 'incorporated-place' for building permits in this state","baseline:incorporated-place-administers-building","tn-madison-jackson"
"place:4738320","Johnson City city","47","incorporated-place","","4738320","","delegation policy names 'incorporated-place' for building permits in this state","baseline:incorporated-place-administers-building","tn-washington-johnson-city"
"place:4740000","Knoxville city","47","incorporated-place","","4740000","","delegation policy names 'incorporated-place' for building permits in this state","baseline:incorporated-place-administers-building","tn-knox-knoxville"
"place:4741200","La Vergne city","47","incorporated-place","","4741200","","delegation policy names 'incorporated-place' for building permits in this state","baseline:incorporated-place-administers-building","tn-rutherford-la-vergne"
"place:4741520","Lebanon city","47","incorporated-place","","4741520","","delegation policy names 'incorporated-place' for building permits in this state","baseline:incorporated-place-administers-building","tn-wilson-lebanon"
"place:4748000","Memphis city","47","incorporated-place","","4748000","","delegation policy names 'incorporated-place' for building permits in this state","baseline:incorporated-place-administers-building","tn-shelby-memphis"
"place:4751560","Murfreesboro city","47","incorporated-place","","4751560","","delegation policy names 'incorporated-place' for building permits in this state","baseline:incorporated-place-administers-building","tn-rutherford-murfreesboro"
"place:4801000","Abilene city","48","incorporated-place","","4801000","","delegation policy names 'incorporated-place' for building permits in this state","baseline:incorporated-place-administers-building","tx-taylor-abilene"
"place:4801924","Allen city","48","incorporated-place","","4801924","","delegation policy names 'incorporated-place' for building permits in this state","baseline:incorporated-place-administers-building","tx-collin-allen"
"place:4804000","Arlington city","48","incorporated-place","","4804000","","delegation policy names 'incorporated-place' for building permits in this state","baseline:incorporated-place-administers-building","tx-tarrant-arlington"
"place:4805000","Austin city","48","incorporated-place","","4805000","","delegation policy names 'incorporated-place' for building permits in this state","baseline:incorporated-place-administers-building","tx-travis-austin"
"place:4806128","Baytown city","48","incorporated-place","","4806128","","delegation policy names 'incorporated-place' for building permits in this state","baseline:incorporated-place-administers-building","tx-harris-baytown"
"place:4807000","Beaumont city","48","incorporated-place","","4807000","","delegation policy names 'incorporated-place' for building permits in this state","baseline:incorporated-place-administers-building","tx-jefferson-beaumont"
"place:4807132","Bedford city","48","incorporated-place","","4807132","","delegation policy names 'incorporated-place' for building permits in this state","baseline:incorporated-place-administers-building","tx-tarrant-bedford"
"place:4808236","Big Spring city","48","incorporated-place","","4808236","","delegation policy names 'incorporated-place' for building permits in this state","baseline:incorporated-place-administers-building","tx-howard-big-spring"
"place:4810768","Brownsville city","48","incorporated-place","","4810768","","delegation policy names 'incorporated-place' for building permits in this state","baseline:incorporated-place-administers-building","tx-cameron-brownsville"
"place:4810912","Bryan city","48","incorporated-place","","4810912","","delegation policy names 'incorporated-place' for building permits in this state","baseline:incorporated-place-administers-building","tx-brazos-bryan"
"place:4811428","Burleson city","48","incorporated-place","","4811428","","delegation policy names 'incorporated-place' for building permits in this state","baseline:incorporated-place-administers-building","tx-johnson-burleson"
"place:4813024","Carrollton city","48","incorporated-place","","4813024","","delegation policy names 'incorporated-place' for building permits in this state","baseline:incorporated-place-administers-building","tx-dallas-carrollton"
"place:4813492","Cedar Hill city","48","incorporated-place","","4813492","","delegation policy names 'incorporated-place' for building permits in this state","baseline:incorporated-place-administers-building","tx-dallas-cedar-hill"
"place:4813552","Cedar Park city","48","incorporated-place","","4813552","","delegation policy names 'incorporated-place' for building permits in this state","baseline:incorporated-place-administers-building","tx-williamson-cedar-park"
"place:4815364","Cleburne city","48","incorporated-place","","4815364","","delegation policy names 'incorporated-place' for building permits in this state","baseline:incorporated-place-administers-building","tx-johnson-cleburne"
"place:4815976","College Station city","48","incorporated-place","","4815976","","delegation policy names 'incorporated-place' for building permits in this state","baseline:incorporated-place-administers-building","tx-brazos-college-station"
"place:4816432","Conroe city","48","incorporated-place","","4816432","","delegation policy names 'incorporated-place' for building permits in this state","baseline:incorporated-place-administers-building","tx-montgomery-conroe"
"place:4817000","Corpus Christi city","48","incorporated-place","","4817000","","delegation policy names 'incorporated-place' for building permits in this state","baseline:incorporated-place-administers-building","tx-nueces-corpus-christi"
"place:4819000","Dallas city","48","incorporated-place","","4819000","","delegation policy names 'incorporated-place' for building permits in this state","baseline:incorporated-place-administers-building","tx-dallas-dallas"
"place:4819900","Denison city","48","incorporated-place","","4819900","","delegation policy names 'incorporated-place' for building permits in this state","baseline:incorporated-place-administers-building","tx-grayson-denison"
"place:4819972","Denton city","48","incorporated-place","","4819972","","delegation policy names 'incorporated-place' for building permits in this state","baseline:incorporated-place-administers-building","tx-denton-denton"
"place:4820092","DeSoto city","48","incorporated-place","","4820092","","delegation policy names 'incorporated-place' for building permits in this state","baseline:incorporated-place-administers-building","tx-dallas-desoto"
"place:4822660","Edinburg city","48","incorporated-place","","4822660","","delegation policy names 'incorporated-place' for building permits in this state","baseline:incorporated-place-administers-building","tx-hidalgo-edinburg"
"place:4824000","El Paso city","48","incorporated-place","","4824000","","delegation policy names 'incorporated-place' for building permits in this state","baseline:incorporated-place-administers-building","tx-el-paso-el-paso"
"place:4824768","Euless city","48","incorporated-place","","4824768","","delegation policy names 'incorporated-place' for building permits in this state","baseline:incorporated-place-administers-building","tx-tarrant-euless"
"place:4826604","Forney city","48","incorporated-place","","4826604","","delegation policy names 'incorporated-place' for building permits in this state","baseline:incorporated-place-administers-building","tx-kaufman-forney"
"place:4827000","Fort Worth city","48","incorporated-place","","4827000","","delegation policy names 'incorporated-place' for building permits in this state","baseline:incorporated-place-administers-building","tx-tarrant-fort-worth"
"place:4827684","Frisco city","48","incorporated-place","","4827684","","delegation policy names 'incorporated-place' for building permits in this state","baseline:incorporated-place-administers-building","tx-collin-frisco"
"place:4828068","Galveston city","48","incorporated-place","","4828068","","delegation policy names 'incorporated-place' for building permits in this state","baseline:incorporated-place-administers-building","tx-galveston-galveston"
"place:4829000","Garland city","48","incorporated-place","","4829000","","delegation policy names 'incorporated-place' for building permits in this state","baseline:incorporated-place-administers-building","tx-dallas-garland"
"place:4829336","Georgetown city","48","incorporated-place","","4829336","","delegation policy names 'incorporated-place' for building permits in this state","baseline:incorporated-place-administers-building","tx-williamson-georgetown"
"place:4830464","Grand Prairie city","48","incorporated-place","","4830464","","delegation policy names 'incorporated-place' for building permits in this state","baseline:incorporated-place-administers-building","tx-dallas-grand-prairie"
"place:4830644","Grapevine city","48","incorporated-place","","4830644","","delegation policy names 'incorporated-place' for building permits in this state","baseline:incorporated-place-administers-building","tx-tarrant-grapevine"
"place:4832372","Harlingen city","48","incorporated-place","","4832372","","delegation policy names 'incorporated-place' for building permits in this state","baseline:incorporated-place-administers-building","tx-cameron-harlingen"
"place:4835000","Houston city","48","incorporated-place","","4835000","","delegation policy names 'incorporated-place' for building permits in this state","baseline:incorporated-place-administers-building","tx-harris-houston"
"place:4835576","Hurst city","48","incorporated-place","","4835576","","delegation policy names 'incorporated-place' for building permits in this state","baseline:incorporated-place-administers-building","tx-tarrant-hurst"
"place:4835624","Hutto city","48","incorporated-place","","4835624","","delegation policy names 'incorporated-place' for building permits in this state","baseline:incorporated-place-administers-building","tx-williamson-hutto"
"place:4837000","Irving city","48","incorporated-place","","4837000","","delegation policy names 'incorporated-place' for building permits in this state","baseline:incorporated-place-administers-building","tx-dallas-irving"
"place:4838476","Katy city","48","incorporated-place","","4838476","","delegation policy names 'incorporated-place' for building permits in this state","baseline:incorporated-place-administers-building","tx-fort-bend-katy"
"place:4838632","Keller city","48","incorporated-place","","4838632","","delegation policy names 'incorporated-place' for building permits in this state","baseline:incorporated-place-administers-building","tx-tarrant-keller"
"place:4839148","Killeen city","48","incorporated-place","","4839148","","delegation policy names 'incorporated-place' for building permits in this state","baseline:incorporated-place-administers-building","tx-bell-killeen"
"place:4841464","Laredo city","48","incorporated-place","","4841464","","delegation policy names 'incorporated-place' for building permits in this state","baseline:incorporated-place-administers-building","tx-webb-laredo"
"place:4841980","League City city","48","incorporated-place","","4841980","","delegation policy names 'incorporated-place' for building permits in this state","baseline:incorporated-place-administers-building","tx-galveston-league-city"
"place:4842016","Leander city","48","incorporated-place","","4842016","","delegation policy names 'incorporated-place' for building permits in this state","baseline:incorporated-place-administers-building","tx-williamson-leander"
"place:4842508","Lewisville city","48","incorporated-place","","4842508","","delegation policy names 'incorporated-place' for building permits in this state","baseline:incorporated-place-administers-building","tx-denton-lewisville"
"place:4843888","Longview city","48","incorporated-place","","4843888","","delegation policy names 'incorporated-place' for building permits in this state","baseline:incorporated-place-administers-building","tx-gregg-longview"
"place:4845000","Lubbock city","48","incorporated-place","","4845000","","delegation policy names 'incorporated-place' for building permits in this state","baseline:incorporated-place-administers-building","tx-lubbock-lubbock"
"place:4845384","McAllen city","48","incorporated-place","","4845384","","delegation policy names 'incorporated-place' for building permits in this state","baseline:incorporated-place-administers-building","tx-hidalgo-mcallen"
"place:4845744","McKinney city","48","incorporated-place","","4845744","","delegation policy names 'incorporated-place' for building permits in this state","baseline:incorporated-place-administers-building","tx-collin-mckinney"
"place:4846452","Mansfield city","48","incorporated-place","","4846452","","delegation policy names 'incorporated-place' for building permits in this state","baseline:incorporated-place-administers-building","tx-tarrant-mansfield"
"place:4847892","Mesquite city","48","incorporated-place","","4847892","","delegation policy names 'incorporated-place' for building permits in this state","baseline:incorporated-place-administers-building","tx-dallas-mesquite"
"place:4848072","Midland city","48","incorporated-place","","4848072","","delegation policy names 'incorporated-place' for building permits in this state","baseline:incorporated-place-administers-building","tx-midland-midland"
"place:4848768","Mission city","48","incorporated-place","","4848768","","delegation policy names 'incorporated-place' for building permits in this state","baseline:incorporated-place-administers-building","tx-hidalgo-mission"
"place:4848804","Missouri City city","48","incorporated-place","","4848804","","delegation policy names 'incorporated-place' for building permits in this state","baseline:incorporated-place-administers-building","tx-fort-bend-missouri-city"
"place:4850100","Murphy city","48","incorporated-place","","4850100","","delegation policy names 'incorporated-place' for building permits in this state","baseline:incorporated-place-administers-building","tx-collin-murphy"
"place:4850820","New Braunfels city","48","incorporated-place","","4850820","","delegation policy names 'incorporated-place' for building permits in this state","baseline:incorporated-place-administers-building","tx-comal-new-braunfels"
"place:4852356","North Richland Hills city","48","incorporated-place","","4852356","","delegation policy names 'incorporated-place' for building permits in this state","baseline:incorporated-place-administers-building","tx-tarrant-north-richland-hills"
"place:4853388","Odessa city","48","incorporated-place","","4853388","","delegation policy names 'incorporated-place' for building permits in this state","baseline:incorporated-place-administers-building","tx-ector-odessa"
"place:4856000","Pasadena city","48","incorporated-place","","4856000","","delegation policy names 'incorporated-place' for building permits in this state","baseline:incorporated-place-administers-building","tx-harris-pasadena"
"place:4856348","Pearland city","48","incorporated-place","","4856348","","delegation policy names 'incorporated-place' for building permits in this state","baseline:incorporated-place-administers-building","tx-brazoria-pearland"
"place:4857176","Pflugerville city","48","incorporated-place","","4857176","","delegation policy names 'incorporated-place' for building permits in this state","baseline:incorporated-place-administers-building","tx-travis-pflugerville"
"place:4857200","Pharr city","48","incorporated-place","","4857200","","delegation policy names 'incorporated-place' for building permits in this state","baseline:incorporated-place-administers-building","tx-hidalgo-pharr"
"place:4858016","Plano city","48","incorporated-place","","4858016","","delegation policy names 'incorporated-place' for building permits in this state","baseline:incorporated-place-administers-building","tx-collin-plano"
"place:4858820","Port Arthur city","48","incorporated-place","","4858820","","delegation policy names 'incorporated-place' for building permits in this state","baseline:incorporated-place-administers-building","tx-jefferson-port-arthur"
"place:4861796","Richardson city","48","incorporated-place","","4861796","","delegation policy names 'incorporated-place' for building permits in this state","baseline:incorporated-place-administers-building","tx-dallas-richardson"
"place:4862828","Rockwall city","48","incorporated-place","","4862828","","delegation policy names 'incorporated-place' for building permits in this state","baseline:incorporated-place-administers-building","tx-rockwall-rockwall"
"place:4863500","Round Rock city","48","incorporated-place","","4863500","","delegation policy names 'incorporated-place' for building permits in this state","baseline:incorporated-place-administers-building","tx-travis-round-rock"
"place:4863572","Rowlett city","48","incorporated-place","","4863572","","delegation policy names 'incorporated-place' for building permits in this state","baseline:incorporated-place-administers-building","tx-dallas-rowlett"
"place:4864064","Sachse city","48","incorporated-place","","4864064","","delegation policy names 'incorporated-place' for building permits in this state","baseline:incorporated-place-administers-building","tx-dallas-sachse"
"place:4864472","San Angelo city","48","incorporated-place","","4864472","","delegation policy names 'incorporated-place' for building permits in this state","baseline:incorporated-place-administers-building","tx-tom-green-san-angelo"
"place:4865000","San Antonio city","48","incorporated-place","","4865000","","delegation policy names 'incorporated-place' for building permits in this state","baseline:incorporated-place-administers-building","tx-bexar-san-antonio"
"place:4865600","San Marcos city","48","incorporated-place","","4865600","","delegation policy names 'incorporated-place' for building permits in this state","baseline:incorporated-place-administers-building","tx-hays-san-marcos"
"place:4867496","Sherman city","48","incorporated-place","","4867496","","delegation policy names 'incorporated-place' for building permits in this state","baseline:incorporated-place-administers-building","tx-grayson-sherman"
"place:4869032","Southlake city","48","incorporated-place","","4869032","","delegation policy names 'incorporated-place' for building permits in this state","baseline:incorporated-place-administers-building","tx-tarrant-southlake"
"place:4870808","Sugar Land city","48","incorporated-place","","4870808","","delegation policy names 'incorporated-place' for building permits in this state","baseline:incorporated-place-administers-building","tx-fort-bend-sugar-land"
"place:4871948","Taylor city","48","incorporated-place","","4871948","","delegation policy names 'incorporated-place' for building permits in this state","baseline:incorporated-place-administers-building","tx-williamson-taylor"
"place:4872176","Temple city","48","incorporated-place","","4872176","","delegation policy names 'incorporated-place' for building permits in this state","baseline:incorporated-place-administers-building","tx-bell-temple"
"place:4872392","Texas City city","48","incorporated-place","","4872392","","delegation policy names 'incorporated-place' for building permits in this state","baseline:incorporated-place-administers-building","tx-galveston-texas-city"
"place:4874144","Tyler city","48","incorporated-place","","4874144","","delegation policy names 'incorporated-place' for building permits in this state","baseline:incorporated-place-administers-building","tx-smith-tyler"
"place:4876000","Waco city","48","incorporated-place","","4876000","","delegation policy names 'incorporated-place' for building permits in this state","baseline:incorporated-place-administers-building","tx-mclennan-waco"
"place:4876816","Waxahachie city","48","incorporated-place","","4876816","","delegation policy names 'incorporated-place' for building permits in this state","baseline:incorporated-place-administers-building","tx-ellis-waxahachie"
"place:4879000","Wichita Falls city","48","incorporated-place","","4879000","","delegation policy names 'incorporated-place' for building permits in this state","baseline:incorporated-place-administers-building","tx-wichita-wichita-falls"
"place:4880356","Wylie city","48","incorporated-place","","4880356","","delegation policy names 'incorporated-place' for building permits in this state","baseline:incorporated-place-administers-building","tx-collin-wylie"
"place:4907690","Bountiful city","49","incorporated-place","","4907690","","delegation policy names 'incorporated-place' for building permits in this state","baseline:incorporated-place-administers-building","ut-davis-bountiful"
"place:4911320","Cedar City city","49","incorporated-place","","4911320","","delegation policy names 'incorporated-place' for building permits in this state","baseline:incorporated-place-administers-building","ut-iron-cedar-city"
"place:4934970","Herriman city","49","incorporated-place","","4934970","","delegation policy names 'incorporated-place' for building permits in this state","baseline:incorporated-place-administers-building","ut-salt-lake-herriman"
"place:4943660","Layton city","49","incorporated-place","","4943660","","delegation policy names 'incorporated-place' for building permits in this state","baseline:incorporated-place-administers-building","ut-davis-layton"
"place:4944320","Lehi city","49","incorporated-place","","4944320","","delegation policy names 'incorporated-place' for building permits in this state","baseline:incorporated-place-administers-building","ut-utah-lehi"
"place:4945860","Logan city","49","incorporated-place","","4945860","","delegation policy names 'incorporated-place' for building permits in this state","baseline:incorporated-place-administers-building","ut-cache-logan"
"place:4953230","Murray city","49","incorporated-place","","4953230","","delegation policy names 'incorporated-place' for building permits in this state","baseline:incorporated-place-administers-building","ut-salt-lake-murray"
"place:4957300","Orem city","49","incorporated-place","","4957300","","delegation policy names 'incorporated-place' for building permits in this state","baseline:incorporated-place-administers-building","ut-utah-orem"
"place:4960930","Pleasant Grove city","49","incorporated-place","","4960930","","delegation policy names 'incorporated-place' for building permits in this state","baseline:incorporated-place-administers-building","ut-utah-pleasant-grove"
"place:4962030","Price city","49","incorporated-place","","4962030","","delegation policy names 'incorporated-place' for building permits in this state","baseline:incorporated-place-administers-building","ut-carbon-price"
"place:4962470","Provo city","49","incorporated-place","","4962470","","delegation policy names 'incorporated-place' for building permits in this state","baseline:incorporated-place-administers-building","ut-utah-provo"
"place:4965330","St. George city","49","incorporated-place","","4965330","","delegation policy names 'incorporated-place' for building permits in this state","baseline:incorporated-place-administers-building","ut-washington-st-george"
"place:4967000","Salt Lake City city","49","incorporated-place","","4967000","","delegation policy names 'incorporated-place' for building permits in this state","baseline:incorporated-place-administers-building","ut-salt-lake-salt-lake-city"
"place:4967440","Sandy city","49","incorporated-place","","4967440","","delegation policy names 'incorporated-place' for building permits in this state","baseline:incorporated-place-administers-building","ut-salt-lake-sandy"
"place:4970850","South Jordan city","49","incorporated-place","","4970850","","delegation policy names 'incorporated-place' for building permits in this state","baseline:incorporated-place-administers-building","ut-salt-lake-south-jordan"
"place:4982950","West Jordan city","49","incorporated-place","","4982950","","delegation policy names 'incorporated-place' for building permits in this state","baseline:incorporated-place-administers-building","ut-salt-lake-west-jordan"
"place:4983470","West Valley City city","49","incorporated-place","","4983470","","delegation policy names 'incorporated-place' for building permits in this state","baseline:incorporated-place-administers-building","ut-salt-lake-west-valley-city"
"place:5003175","Barre city","50","incorporated-place","","5003175","","delegation policy names 'incorporated-place' for building permits in this state","baseline:incorporated-place-administers-building","vt-washington-barre"
"place:5010675","Burlington city","50","incorporated-place","","5010675","","delegation policy names 'incorporated-place' for building permits in this state","baseline:incorporated-place-administers-building","vt-chittenden-burlington"
"place:5046000","Montpelier city","50","incorporated-place","","5046000","","delegation policy names 'incorporated-place' for building permits in this state","baseline:incorporated-place-administers-building","vt-washington-montpelier"
"place:5061225","Rutland city","50","incorporated-place","","5061225","","delegation policy names 'incorporated-place' for building permits in this state","baseline:incorporated-place-administers-building","vt-rutland-rutland"
"place:5061675","St. Albans city","50","incorporated-place","","5061675","","delegation policy names 'incorporated-place' for building permits in this state","baseline:incorporated-place-administers-building","vt-franklin-st-albans"
"place:5066175","South Burlington city","50","incorporated-place","","5066175","","delegation policy names 'incorporated-place' for building permits in this state","baseline:incorporated-place-administers-building","vt-chittenden-south-burlington"
"place:5101000","Alexandria city","51","independent-city","","5101000","","delegation policy names 'independent-city' for building permits in this state","baseline:incorporated-place-administers-building","va-alexandria-city-alexandria"
"place:5109816","Bristol city","51","independent-city","","5109816","","delegation policy names 'independent-city' for building permits in this state","baseline:incorporated-place-administers-building","va-bristol-city-bristol"
"place:5111032","Buena Vista city","51","independent-city","","5111032","","delegation policy names 'independent-city' for building permits in this state","baseline:incorporated-place-administers-building","va-buena-vista-city-buena-vista"
"place:5114968","Charlottesville city","51","independent-city","","5114968","","delegation policy names 'independent-city' for building permits in this state","baseline:incorporated-place-administers-building","va-charlottesville-city-charlottesville"
"place:5116000","Chesapeake city","51","independent-city","","5116000","","delegation policy names 'independent-city' for building permits in this state","baseline:incorporated-place-administers-building","va-chesapeake-city-chesapeake"
"place:5118448","Colonial Heights city","51","independent-city","","5118448","","delegation policy names 'independent-city' for building permits in this state","baseline:incorporated-place-administers-building","va-colonial-heights-city-colonial-heights"
"place:5119728","Covington city","51","independent-city","","5119728","","delegation policy names 'independent-city' for building permits in this state","baseline:incorporated-place-administers-building","va-covington-city-covington"
"place:5121344","Danville city","51","independent-city","","5121344","","delegation policy names 'independent-city' for building permits in this state","baseline:incorporated-place-administers-building","va-danville-city-danville"
"place:5125808","Emporia city","51","independent-city","","5125808","","delegation policy names 'independent-city' for building permits in this state","baseline:incorporated-place-administers-building","va-emporia-city-emporia"
"place:5126496","Fairfax city","51","independent-city","","5126496","","delegation policy names 'independent-city' for building permits in this state","baseline:incorporated-place-administers-building","va-fairfax-city-fairfax"
"place:5127200","Falls Church city","51","independent-city","","5127200","","delegation policy names 'independent-city' for building permits in this state","baseline:incorporated-place-administers-building","va-falls-church-city-falls-church"
"place:5129600","Franklin city","51","independent-city","","5129600","","delegation policy names 'independent-city' for building permits in this state","baseline:incorporated-place-administers-building","va-franklin-city-franklin"
"place:5129744","Fredericksburg city","51","independent-city","","5129744","","delegation policy names 'independent-city' for building permits in this state","baseline:incorporated-place-administers-building","va-fredericksburg-city-fredericksburg"
"place:5130208","Galax city","51","independent-city","","5130208","","delegation policy names 'independent-city' for building permits in this state","baseline:incorporated-place-administers-building","va-galax-city-galax"
"place:5135000","Hampton city","51","independent-city","","5135000","","delegation policy names 'independent-city' for building permits in this state","baseline:incorporated-place-administers-building","va-hampton-city-hampton"
"place:5135624","Harrisonburg city","51","independent-city","","5135624","","delegation policy names 'independent-city' for building permits in this state","baseline:incorporated-place-administers-building","va-harrisonburg-city-harrisonburg"
"place:5138424","Hopewell city","51","independent-city","","5138424","","delegation policy names 'independent-city' for building permits in this state","baseline:incorporated-place-administers-building","va-hopewell-city-hopewell"
"place:5145512","Lexington city","51","independent-city","","5145512","","delegation policy names 'independent-city' for building permits in this state","baseline:incorporated-place-administers-building","va-lexington-city-lexington"
"place:5147672","Lynchburg city","51","independent-city","","5147672","","delegation policy names 'independent-city' for building permits in this state","baseline:incorporated-place-administers-building","va-lynchburg-city-lynchburg"
"place:5148952","Manassas city","51","independent-city","","5148952","","delegation policy names 'independent-city' for building permits in this state","baseline:incorporated-place-administers-building","va-manassas-city-manassas"
"place:5148968","Manassas Park city","51","independent-city","","5148968","","delegation policy names 'independent-city' for building permits in this state","baseline:incorporated-place-administers-building","va-manassas-park-city-manassas-park"
"place:5149784","Martinsville city","51","independent-city","","5149784","","delegation policy names 'independent-city' for building permits in this state","baseline:incorporated-place-administers-building","va-martinsville-city-martinsville"
"place:5156000","Newport News city","51","independent-city","","5156000","","delegation policy names 'independent-city' for building permits in this state","baseline:incorporated-place-administers-building","va-newport-news-city-newport-news"
"place:5157000","Norfolk city","51","independent-city","","5157000","","delegation policy names 'independent-city' for building permits in this state","baseline:incorporated-place-administers-building","va-norfolk-city-norfolk"
"place:5157688","Norton city","51","independent-city","","5157688","","delegation policy names 'independent-city' for building permits in this state","baseline:incorporated-place-administers-building","va-norton-city-norton"
"place:5161832","Petersburg city","51","independent-city","","5161832","","delegation policy names 'independent-city' for building permits in this state","baseline:incorporated-place-administers-building","va-petersburg-city-petersburg"
"place:5163768","Poquoson city","51","independent-city","","5163768","","delegation policy names 'independent-city' for building permits in this state","baseline:incorporated-place-administers-building","va-poquoson-city-poquoson"
"place:5164000","Portsmouth city","51","independent-city","","5164000","","delegation policy names 'independent-city' for building permits in this state","baseline:incorporated-place-administers-building","va-portsmouth-city-portsmouth"
"place:5165392","Radford city","51","independent-city","","5165392","","delegation policy names 'independent-city' for building permits in this state","baseline:incorporated-place-administers-building","va-radford-city-radford"
"place:5167000","Richmond city","51","independent-city","","5167000","","delegation policy names 'independent-city' for building permits in this state","baseline:incorporated-place-administers-building","va-richmond-richmond"
"place:5168000","Roanoke city","51","independent-city","","5168000","","delegation policy names 'independent-city' for building permits in this state","baseline:incorporated-place-administers-building","va-roanoke-city-roanoke"
"place:5170000","Salem city","51","independent-city","","5170000","","delegation policy names 'independent-city' for building permits in this state","baseline:incorporated-place-administers-building","va-salem-city-salem"
"place:5175216","Staunton city","51","independent-city","","5175216","","delegation policy names 'independent-city' for building permits in this state","baseline:incorporated-place-administers-building","va-staunton-city-staunton"
"place:5176432","Suffolk city","51","independent-city","","5176432","","delegation policy names 'independent-city' for building permits in this state","baseline:incorporated-place-administers-building","va-suffolk-city-suffolk"
"place:5182000","Virginia Beach city","51","independent-city","","5182000","","delegation policy names 'independent-city' for building permits in this state","baseline:incorporated-place-administers-building","va-virginia-beach-city"
"place:5183680","Waynesboro city","51","independent-city","","5183680","","delegation policy names 'independent-city' for building permits in this state","baseline:incorporated-place-administers-building","va-waynesboro-city-waynesboro"
"place:5186160","Williamsburg city","51","independent-city","","5186160","","delegation policy names 'independent-city' for building permits in this state","baseline:incorporated-place-administers-building","va-williamsburg-city-williamsburg"
"place:5186720","Winchester city","51","independent-city","","5186720","","delegation policy names 'independent-city' for building permits in this state","baseline:incorporated-place-administers-building","va-winchester-city-winchester"
"place:5305210","Bellevue city","53","incorporated-place","","5305210","","delegation policy names 'incorporated-place' for building permits in this state","baseline:incorporated-place-administers-building","wa-king-bellevue"
"place:5305280","Bellingham city","53","incorporated-place","","5305280","","delegation policy names 'incorporated-place' for building permits in this state","baseline:incorporated-place-administers-building","wa-whatcom-bellingham"
"place:5307695","Bremerton city","53","incorporated-place","","5307695","","delegation policy names 'incorporated-place' for building permits in this state","baseline:incorporated-place-administers-building","wa-kitsap-bremerton"
"place:5322640","Everett city","53","incorporated-place","","5322640","","delegation policy names 'incorporated-place' for building permits in this state","baseline:incorporated-place-administers-building","wa-snohomish-everett"
"place:5323515","Federal Way city","53","incorporated-place","","5323515","","delegation policy names 'incorporated-place' for building permits in this state","baseline:incorporated-place-administers-building","wa-king-federal-way"
"place:5335275","Kennewick city","53","incorporated-place","","5335275","","delegation policy names 'incorporated-place' for building permits in this state","baseline:incorporated-place-administers-building","wa-benton-kennewick"
"place:5335415","Kent city","53","incorporated-place","","5335415","","delegation policy names 'incorporated-place' for building permits in this state","baseline:incorporated-place-administers-building","wa-king-kent"
"place:5335940","Kirkland city","53","incorporated-place","","5335940","","delegation policy names 'incorporated-place' for building permits in this state","baseline:incorporated-place-administers-building","wa-king-kirkland"
"place:5336745","Lacey city","53","incorporated-place","","5336745","","delegation policy names 'incorporated-place' for building permits in this state","baseline:incorporated-place-administers-building","wa-thurston-lacey"
"place:5343955","Marysville city","53","incorporated-place","","5343955","","delegation policy names 'incorporated-place' for building permits in this state","baseline:incorporated-place-administers-building","wa-snohomish-marysville"
"place:5351300","Olympia city","53","incorporated-place","","5351300","","delegation policy names 'incorporated-place' for building permits in this state","baseline:incorporated-place-administers-building","wa-thurston-olympia"
"place:5356625","Pullman city","53","incorporated-place","","5356625","","delegation policy names 'incorporated-place' for building permits in this state","baseline:incorporated-place-administers-building","wa-whitman-pullman"
"place:5356695","Puyallup city","53","incorporated-place","","5356695","","delegation policy names 'incorporated-place' for building permits in this state","baseline:incorporated-place-administers-building","wa-pierce-puyallup"
"place:5357535","Redmond city","53","incorporated-place","","5357535","","delegation policy names 'incorporated-place' for building permits in this state","baseline:incorporated-place-administers-building","wa-king-redmond"
"place:5357745","Renton city","53","incorporated-place","","5357745","","delegation policy names 'incorporated-place' for building permits in this state","baseline:incorporated-place-administers-building","wa-king-renton"
"place:5363000","Seattle city","53","incorporated-place","","5363000","","delegation policy names 'incorporated-place' for building permits in this state","baseline:incorporated-place-administers-building","wa-king-seattle"
"place:5367000","Spokane city","53","incorporated-place","","5367000","","delegation policy names 'incorporated-place' for building permits in this state","baseline:incorporated-place-administers-building","wa-spokane-spokane"
"place:5370000","Tacoma city","53","incorporated-place","","5370000","","delegation policy names 'incorporated-place' for building permits in this state","baseline:incorporated-place-administers-building","wa-pierce-tacoma"
"place:5374060","Vancouver city","53","incorporated-place","","5374060","","delegation policy names 'incorporated-place' for building permits in this state","baseline:incorporated-place-administers-building","wa-clark-vancouver"
"place:5380010","Yakima city","53","incorporated-place","","5380010","","delegation policy names 'incorporated-place' for building permits in this state","baseline:incorporated-place-administers-building","wa-yakima-yakima"
"place:5405332","Beckley city","54","incorporated-place","","5405332","","delegation policy names 'incorporated-place' for building permits in this state","baseline:incorporated-place-administers-building","wv-raleigh-beckley"
"place:5414600","Charleston city","54","incorporated-place","","5414600","","delegation policy names 'incorporated-place' for building permits in this state","baseline:incorporated-place-administers-building","wv-kanawha-charleston"
"place:5415628","Clarksburg city","54","incorporated-place","","5415628","","delegation policy names 'incorporated-place' for building permits in this state","baseline:incorporated-place-administers-building","wv-harrison-clarksburg"
"place:5426452","Fairmont city","54","incorporated-place","","5426452","","delegation policy names 'incorporated-place' for building permits in this state","baseline:incorporated-place-administers-building","wv-marion-fairmont"
"place:5439460","Huntington city","54","incorporated-place","","5439460","","delegation policy names 'incorporated-place' for building permits in this state","baseline:incorporated-place-administers-building","wv-cabell-huntington"
"place:5452060","Martinsburg city","54","incorporated-place","","5452060","","delegation policy names 'incorporated-place' for building permits in this state","baseline:incorporated-place-administers-building","wv-berkeley-martinsburg"
"place:5455756","Morgantown city","54","incorporated-place","","5455756","","delegation policy names 'incorporated-place' for building permits in this state","baseline:incorporated-place-administers-building","wv-monongalia-morgantown"
"place:5462140","Parkersburg city","54","incorporated-place","","5462140","","delegation policy names 'incorporated-place' for building permits in this state","baseline:incorporated-place-administers-building","wv-wood-parkersburg"
"place:5485156","Weirton city","54","incorporated-place","","5485156","","delegation policy names 'incorporated-place' for building permits in this state","baseline:incorporated-place-administers-building","wv-hancock-weirton"
"place:5486452","Wheeling city","54","incorporated-place","","5486452","","delegation policy names 'incorporated-place' for building permits in this state","baseline:incorporated-place-administers-building","wv-ohio-wheeling"
"place:5502375","Appleton city","55","incorporated-place","","5502375","","delegation policy names 'incorporated-place' for building permits in this state","baseline:incorporated-place-administers-building","wi-outagamie-appleton"
"place:5522300","Eau Claire city","55","incorporated-place","","5522300","","delegation policy names 'incorporated-place' for building permits in this state","baseline:incorporated-place-administers-building","wi-eau-claire-eau-claire"
"place:5531000","Green Bay city","55","incorporated-place","","5531000","","delegation policy names 'incorporated-place' for building permits in this state","baseline:incorporated-place-administers-building","wi-brown-green-bay"
"place:5537825","Janesville city","55","incorporated-place","","5537825","","delegation policy names 'incorporated-place' for building permits in this state","baseline:incorporated-place-administers-building","wi-rock-janesville"
"place:5539225","Kenosha city","55","incorporated-place","","5539225","","delegation policy names 'incorporated-place' for building permits in this state","baseline:incorporated-place-administers-building","wi-kenosha-kenosha"
"place:5540775","La Crosse city","55","incorporated-place","","5540775","","delegation policy names 'incorporated-place' for building permits in this state","baseline:incorporated-place-administers-building","wi-la-crosse-la-crosse"
"place:5548000","Madison city","55","incorporated-place","","5548000","","delegation policy names 'incorporated-place' for building permits in this state","baseline:incorporated-place-administers-building","wi-dane-madison"
"place:5553000","Milwaukee city","55","incorporated-place","","5553000","","delegation policy names 'incorporated-place' for building permits in this state","baseline:incorporated-place-administers-building","wi-milwaukee-milwaukee"
"place:5560500","Oshkosh city","55","incorporated-place","","5560500","","delegation policy names 'incorporated-place' for building permits in this state","baseline:incorporated-place-administers-building","wi-winnebago-oshkosh"
"place:5566000","Racine city","55","incorporated-place","","5566000","","delegation policy names 'incorporated-place' for building permits in this state","baseline:incorporated-place-administers-building","wi-racine-racine"
"place:5572975","Sheboygan city","55","incorporated-place","","5572975","","delegation policy names 'incorporated-place' for building permits in this state","baseline:incorporated-place-administers-building","wi-sheboygan-sheboygan"
"place:5577200","Stevens Point city","55","incorporated-place","","5577200","","delegation policy names 'incorporated-place' for building permits in this state","baseline:incorporated-place-administers-building","wi-portage-stevens-point"
"place:5584250","Waukesha city","55","incorporated-place","","5584250","","delegation policy names 'incorporated-place' for building permits in this state","baseline:incorporated-place-administers-building","wi-waukesha-waukesha"
"place:5584475","Wausau city","55","incorporated-place","","5584475","","delegation policy names 'incorporated-place' for building permits in this state","baseline:incorporated-place-administers-building","wi-marathon-wausau"
"place:5585300","West Allis city","55","incorporated-place","","5585300","","delegation policy names 'incorporated-place' for building permits in this state","baseline:incorporated-place-administers-building","wi-milwaukee-west-allis"
"place:5613150","Casper city","56","incorporated-place","","5613150","","delegation policy names 'incorporated-place' for building permits in this state","baseline:incorporated-place-administers-building","wy-natrona-casper"
"place:5613900","Cheyenne city","56","incorporated-place","","5613900","","delegation policy names 'incorporated-place' for building permits in this state","baseline:incorporated-place-administers-building","wy-laramie-cheyenne"
"place:5615760","Cody city","56","incorporated-place","","5615760","","delegation policy names 'incorporated-place' for building permits in this state","baseline:incorporated-place-administers-building","wy-park-cody"
"place:5625620","Evanston city","56","incorporated-place","","5625620","","delegation policy names 'incorporated-place' for building permits in this state","baseline:incorporated-place-administers-building","wy-uinta-evanston"
"place:5631855","Gillette city","56","incorporated-place","","5631855","","delegation policy names 'incorporated-place' for building permits in this state","baseline:incorporated-place-administers-building","wy-campbell-gillette"
"place:5633740","Green River city","56","incorporated-place","","5633740","","delegation policy names 'incorporated-place' for building permits in this state","baseline:incorporated-place-administers-building","wy-sweetwater-green-river"
"place:5645050","Laramie city","56","incorporated-place","","5645050","","delegation policy names 'incorporated-place' for building permits in this state","baseline:incorporated-place-administers-building","wy-albany-laramie"
"place:5662450","Powell city","56","incorporated-place","","5662450","","delegation policy names 'incorporated-place' for building permits in this state","baseline:incorporated-place-administers-building","wy-park-powell"
"place:5666220","Riverton city","56","incorporated-place","","5666220","","delegation policy names 'incorporated-place' for building permits in this state","baseline:incorporated-place-administers-building","wy-fremont-riverton"
"place:5667235","Rock Springs city","56","incorporated-place","","5667235","","delegation policy names 'incorporated-place' for building permits in this state","baseline:incorporated-place-administers-building","wy-sweetwater-rock-springs"
"place:5669845","Sheridan city","56","incorporated-place","","5669845","","delegation policy names 'incorporated-place' for building permits in this state","baseline:incorporated-place-administers-building","wy-sheridan-sheridan"
